kld_kde,kld_kde_floor,mad_kde,kld_gaussian,mad_gaussian,data,seed,nobs
Inf,0.1185132048962093,0.07004087111912896,0.02837141365320061,0.04753158963872044,gaussian,1,25
Inf,0.14070462893354513,0.07808273139060373,0.09094925808381545,0.055979597158265074,ptm,1,25
Inf,0.41635947325966244,0.055702988662503186,0.2513736711019551,0.0526325144595142,skewnorm,1,25
0.11389562526319684,0.11389562526319684,0.04069136769415213,0.22542758162613102,0.07168743397830377,mixture,1,25
0.44585555170092833,0.44585555170092833,0.061736397200150915,0.7024373169838696,0.06598834448660001,u-shaped,1,25
0.1191787532733378,0.1191787532733378,0.029563193665907254,0.18136998847451594,0.039028143096840814,unif,1,25
Inf,0.07775618681414413,0.044263502413744986,0.07060275296651411,0.03891776583308131,gaussian,1,50
Inf,0.07384376512536657,0.06898581992054191,0.07500657666176293,0.06409914685513879,ptm,1,50
Inf,0.050237069739992805,0.01439885951040036,0.09705957668732701,0.029196885283500694,skewnorm,1,50
0.05363107492843829,0.05363107492843829,0.024125233159158172,0.21955794160263353,0.06474792378833025,mixture,1,50
0.4185848209316532,0.4185848209316532,0.04039133664448357,0.6890491474427798,0.06336350346966126,u-shaped,1,50
0.12898437433644616,0.12898437433644616,0.0354901217181698,0.1856802033244935,0.0486866043481641,unif,1,50
0.014325914224686941,0.014325914224686941,0.03190050435670183,0.03442443016687057,0.03295943651708983,gaussian,1,100
Inf,0.05411305834068758,0.05273860124365576,0.06821482524548637,0.05325214908625552,ptm,1,100
Inf,0.06602713867728932,0.016567985961708435,0.090151519103025185,0.028075736764892743,skewnorm,1,100
0.039247546553548736,0.039247546553548736,0.03012586506369006,0.22082883606457288,0.06924295731837124,mixture,1,100
0.3830883658101793,0.3830883658101793,0.040515175632554315,0.6893253791234702,0.06338254406248658,u-shaped,1,100
0.08194437242103875,0.08194437242103875,0.02254087048467495,0.18310329458266347,0.04741857185062451,unif,1,100
3.549368045533901e-4,3.549368045533901e-4,0.006900866103287974,-1.2255619409727182e-4,0.006169733033964949,gaussian,1,500
Inf,0.03439780857460905,0.010555668969803261,0.058478934832076876,0.03059637139250434,ptm,1,500
1.1239562752445813e-4,1.1239562752445813e-4,0.0165264404192934,0.06421962022917074,0.046583736581284924,skewnorm,1,500
0.014220143496960536,0.014220143496960536,0.023083199485883953,0.21366085666208517,0.06158641603321963,mixture,1,500
0.24540296470850667,0.24540296470850667,0.012381149693250203,0.6739238920070607,0.05555569486820599,u-shaped,1,500
0.04055763622964976,0.04055763622964976,0.011758710992852169,0.1753880025892192,0.03649872681988512,unif,1,500
0.08571352563181263,0.08571352563181263,0.08919013658821087,0.05140078723487312,0.0880504051964726,gaussian,2,25
Inf,0.11156027587416277,0.05137392769942106,0.11106889410378334,0.05881445862268996,ptm,2,25
Inf,0.11584215658731672,0.051557047014021536,0.0702308844857953,0.045468750074252086,skewnorm,2,25
Inf,0.07586406320632055,0.04623922224497333,0.2582786381598319,0.07801897979773002,mixture,2,25
0.48947445231186515,0.48947445231186515,0.049408117340353754,0.6348816672121526,0.057232679301882375,u-shaped,2,25
0.1285072449515487,0.1285072449515487,0.014231702900529256,0.203454746226432,0.03227365270522967,unif,2,25
0.04901223498786384,0.04901223498786384,0.03134757994225744,0.0146745192029737,0.024986193429592872,gaussian,2,50
Inf,0.10993336760026147,0.01722612523495154,0.11304105411642311,0.04187045321412984,ptm,2,50
0.07852226972778184,0.07852226972778184,0.059257079765008415,0.08666564455850886,0.07172148291736466,skewnorm,2,50
Inf,0.052543383098336956,0.029549394401258137,0.24217678140652935,0.06957783802069302,mixture,2,50
0.39542221196049876,0.39542221196049876,0.03530707660064643,0.6406919638464802,0.05307305232259736,u-shaped,2,50
0.09468164999473475,0.09468164999473475,0.02308768119012577,0.20528012940050416,0.027613375317580874,unif,2,50
0.07159218492140043,0.07159218492140043,0.047405116972687726,0.022322216134752465,0.024041394763688266,gaussian,2,100
Inf,0.1111195573066875,0.028074334038103207,0.11219473193416585,0.04164832538157098,ptm,2,100
Inf,0.05779860618177933,0.05224598409913978,0.0819056270932195,0.06612214559198422,skewnorm,2,100
Inf,0.1135150101294499,0.03968108937861601,0.24752129638443657,0.07163329333791937,mixture,2,100
0.33201968358076606,0.33201968358076606,0.03410763273485743,0.6379489550674359,0.05109231434244075,u-shaped,2,100
0.10294202951167733,0.10294202951167733,0.021115819825015817,0.20340226164428235,0.0303673908395281,unif,2,100
0.013157932808140387,0.013157932808140387,0.021028010912613474,0.0010390944233968065,0.017341227545416123,gaussian,2,500
Inf,0.03833399365998947,0.011446462961697991,0.1088756929680342,0.05070116898115583,ptm,2,500
Inf,0.029254863938053665,0.022774562171924535,0.06952456671423748,0.04522922178600311,skewnorm,2,500
Inf,0.02050832846369832,0.01129885693377101,0.23511598689082874,0.06282499627544817,mixture,2,500
0.22094323647095981,0.22094323647095981,0.026902971161783598,0.6302423591794972,0.056376647695323974,u-shaped,2,500
0.06234141376364453,0.06234141376364453,0.016139699140596025,0.20345669235396277,0.029134442097962326,unif,2,500
Inf,0.17347790908209146,0.09669695794067229,0.12536126913673237,0.09177246214791743,gaussian,3,25
Inf,0.4320836798055446,0.051817850879249366,0.2245939217255327,0.06851598859676572,ptm,3,25
Inf,0.20908103715755974,0.05710329552299795,0.17450402611342877,0.05245322970822566,skewnorm,3,25
0.13567069412969024,0.13567069412969024,0.04143049714503935,0.26193065682288563,0.055219993474899504,mixture,3,25
0.4576241996138278,0.4576241996138278,0.10377613790258987,0.6681744550375835,0.09477136799821537,u-shaped,3,25
0.1256331498929828,0.1256331498929828,0.05712838220194078,0.216592452109298,0.059762022146565216,unif,3,25
0.020552135464164106,0.020552135464164106,0.019789779623358976,0.011368165245317693,0.024630155662638886,gaussian,3,50
Inf,0.21176144220514836,0.04815682619099259,0.1883769824758875,0.08335258142860764,ptm,3,50
Inf,0.20202377940421473,0.02674855556434025,0.19341065642913002,0.03952170049797538,skewnorm,3,50
0.09959061523418582,0.09959061523418582,0.033859886114619354,0.24957729373297102,0.06624480476608839,mixture,3,50
0.330996349152099,0.330996349152099,0.06340694269235711,0.6235887156492355,0.06585475144727342,u-shaped,3,50
0.10393926996531383,0.10393926996531383,0.053913969266565206,0.21936471091502302,0.06073285585084219,unif,3,50
Inf,0.039848599516404994,0.01230708903583423,0.022094763213879313,0.024848081045571194,gaussian,3,100
Inf,0.20332856159163515,0.020663833773626558,0.17801822713461812,0.05869022700325303,ptm,3,100
0.040622292614527496,0.040622292614527496,0.02969954386778108,0.07624552201397518,0.04053287482110055,skewnorm,3,100
0.0734376643652752,0.0734376643652752,0.027046254027890664,0.2503896292897527,0.055985938715819854,mixture,3,100
0.2892476829401844,0.2892476829401844,0.017705681415343053,0.6080758381746267,0.05393913085836519,u-shaped,3,100
0.07023893512726825,0.07023893512726825,0.017882596959728218,0.18288569921923375,0.03816618199726385,unif,3,100
0.012792300075480656,0.012792300075480656,0.013563330159087963,0.0044353688759640715,0.0146201052324008,gaussian,3,500
Inf,0.15812846987755758,0.005018392890164947,0.18131969995113134,0.047232703943880176,ptm,3,500
-7.873303043005772e-4,-7.873303043005772e-4,0.008813663029767294,0.06781316953060725,0.03530643947722716,skewnorm,3,500
0.002130059802380333,0.002130059802380333,0.004833058338940048,0.24678198263316692,0.05947776567878458,mixture,3,500
0.23853986722681658,0.23853986722681658,0.016100008747709286,0.6060711448027711,0.059397958656838244,u-shaped,3,500
0.040823816004283885,0.040823816004283885,0.007616133868600498,0.17975900688485072,0.0363898922154216,unif,3,500
Inf,0.2940506171457745,0.14705748811893227,0.2537971923610689,0.15279512662657,gaussian,4,25
Inf,0.1987665979612244,0.027631968015270836,0.13871247855665855,0.06338979922229207,ptm,4,25
0.020162733472836075,0.020162733472836075,0.023121036868655565,0.06736838889036244,0.04609272646025548,skewnorm,4,25
Inf,0.06587484027477278,0.04671546796995708,0.2560949461172871,0.07162803141460988,mixture,4,25
0.5372693923039014,0.5372693923039014,0.05013174747798884,0.6233174174900143,0.07468891545954695,u-shaped,4,25
0.23151942367476824,0.23151942367476824,0.07574267246441037,0.23001340145093785,0.07285911589865508,unif,4,25
0.035582668476318816,0.035582668476318816,0.06922058906946102,0.03746135094659785,0.06911419941419863,gaussian,4,50
Inf,0.20703554020989764,0.028157908460941013,0.12876156601064628,0.06265287167442515,ptm,4,50
0.005524969345841674,0.005524969345841674,0.003853368263925504,0.06731153754609301,0.03790730663118342,skewnorm,4,50
0.08131889094492427,0.08131889094492427,0.060995156281591384,0.256823755334367,0.06768752755030154,mixture,4,50
0.3623820543868999,0.3623820543868999,0.02975793089513581,0.6054354072922903,0.06446352517530421,u-shaped,4,50
0.16490725090607167,0.16490725090607167,0.07818415022164478,0.23174268163213121,0.07362652676835851,unif,4,50
0.01587632259901727,0.01587632259901727,0.0214565178808941,0.011608860233573014,0.029441462786091662,gaussian,4,100
Inf,0.17463852061588225,0.05863155432658784,0.15649747234624933,0.09409864613216137,ptm,4,100
0.018346517812007905,0.018346517812007905,0.011991402185714296,0.06676643068058778,0.04147226826565936,skewnorm,4,100
0.04739860755242771,0.04739860755242771,0.051153800716852944,0.2499142483476984,0.06630690873548092,mixture,4,100
0.29772657518794504,0.29772657518794504,0.019824986208738554,0.6033393283238262,0.06212882579544995,u-shaped,4,100
0.10302106230626877,0.10302106230626877,0.04825542219423952,0.20242701203980223,0.04608727110398232,unif,4,100
0.002812404202028808,0.002812404202028808,0.00939924089056721,8.253003453417523e-4,0.008935054826671566,gaussian,4,500
Inf,0.03453424881480372,0.011865704344268965,0.12583320376699356,0.056839375485883095,ptm,4,500
0.007135225802886395,0.007135225802886395,0.008624203322475231,0.0649122067267014,0.03115575934138617,skewnorm,4,500
0.006322674005424511,0.006322674005424511,0.013281138948347577,0.23895607516681852,0.059446924692327166,mixture,4,500
0.21102699312413664,0.21102699312413664,0.0089859000084135,0.6028572598148572,0.05830764716329992,u-shaped,4,500
0.04936013501401208,0.04936013501401208,0.01024471379914675,0.18056763711657658,0.032130654549647614,unif,4,500
0.03243583070688744,0.03243583070688744,0.024927931580994444,0.00310350747288904,0.009125851740183098,gaussian,5,25
Inf,0.07774385334234957,0.05352329028866125,0.17017132822099748,0.0625630065942598,ptm,5,25
0.07643639074095436,0.07643639074095436,0.09350317784147853,0.1666541441071582,0.113872865121719,skewnorm,5,25
0.12895856741410094,0.12895856741410094,0.0468565800952619,0.257975858759126,0.07142539141692632,mixture,5,25
0.4327081206364036,0.4327081206364036,0.04162560135657209,0.6273654949272989,0.05194698785109101,u-shaped,5,25
0.09343451626739861,0.09343451626739861,0.021091852302253775,0.18930889042329055,0.03486766719592967,unif,5,25
0.07741789379719966,0.07741789379719966,0.034035744966370865,0.0022048754834197728,0.019388818517699365,gaussian,5,50
0.04734526894970015,0.04734526894970015,0.018814343706475493,0.0831453084803479,0.04087239316936552,ptm,5,50
0.04283830728576851,0.04283830728576851,0.03406934361792018,0.10895127144766405,0.056479847446114964,skewnorm,5,50
0.0712445434718357,0.0712445434718357,0.03021601170061033,0.25216603337403587,0.0585080650344284,mixture,5,50
0.3690567326139536,0.3690567326139536,0.04645781488432859,0.6340483040935356,0.06537727407896152,u-shaped,5,50
0.11982560828724298,0.11982560828724298,0.013673551993888616,0.18884598387709908,0.03405416296536852,unif,5,50
0.025595515678708384,0.025595515678708384,0.014169118924344977,0.001968836648353354,0.011347255483400143,gaussian,5,100
Inf,0.046629038612294414,0.015386981800853123,0.0853322339227233,0.03882331651167748,ptm,5,100
0.034320429498096154,0.034320429498096154,0.0400334536065801,0.10759657363685214,0.06305289180163698,skewnorm,5,100
0.032648352382215695,0.032648352382215695,0.01660645068742539,0.24784313131654861,0.06008630684068007,mixture,5,100
0.33025309347045667,0.33025309347045667,0.02639891650943031,0.6224874692302041,0.06205920180617617,u-shaped,5,100
0.08748867325445096,0.08748867325445096,0.02022803671921309,0.19127401905944252,0.03093160547183958,unif,5,100
0.004187406492252835,0.004187406492252835,0.007488822420008892,3.488707826775728e-4,0.001591467037770843,gaussian,5,500
Inf,0.01695152673289661,0.008767669677690807,0.0771842879524524,0.031545586831622424,ptm,5,500
0.008248696822222843,0.008248696822222843,0.027935489425050978,0.10489351326204417,0.057171026311329,skewnorm,5,500
0.011882245262423296,0.011882245262423296,0.012987074742361842,0.2490511386943392,0.05979400496561598,mixture,5,500
0.23328063944470426,0.23328063944470426,0.01051629369729253,0.6185417280642315,0.0594290600358854,u-shaped,5,500
0.05348066345386476,0.05348066345386476,0.011148645867547716,0.18866767030715842,0.03176492021811399,unif,5,500
Inf,0.1325227542236851,0.037124456558793706,0.018743451314353926,0.042994789450395435,gaussian,6,25
Inf,0.8305161757889662,0.03991054022593737,0.55904376472719,0.03696627599573525,ptm,6,25
0.11997297580294769,0.11997297580294769,0.038448287825924625,0.11352323455495461,0.029420702009608876,skewnorm,6,25
Inf,0.13114231153466752,0.044867332492772874,0.27458824475158045,0.07777176712563022,mixture,6,25
0.3922099090482429,0.3922099090482429,0.01736851534826005,0.6061651419076024,0.054562129185688035,u-shaped,6,25
0.14491713094494876,0.14491713094494876,0.06480394735927597,0.2113178062010935,0.061049935436544155,unif,6,25
Inf,0.07207439951106284,0.024802543311232977,0.005305758095664707,0.02389061695525607,gaussian,6,50
Inf,0.4125816058823902,0.03575581735536592,0.437906685065503,0.036014706554963624,ptm,6,50
0.05626279827175911,0.05626279827175911,0.03331948927245627,0.08841012702649043,0.02567590791178711,skewnorm,6,50
Inf,0.08186973127908034,0.02896193781539769,0.24224826689199727,0.06370278287623597,mixture,6,50
0.4039655486894221,0.4039655486894221,0.04546735080318272,0.6179390461079624,0.06731813286650602,u-shaped,6,50
0.13496480479888068,0.13496480479888068,0.0660821810784414,0.2145338775564901,0.06231876610908817,unif,6,50
Inf,0.03970419181481447,0.030971565676377693,7.949587353453722e-4,0.005716485819446817,gaussian,6,100
Inf,0.2522153067492773,0.019122605693090378,0.3876102969068263,0.02904396456836383,ptm,6,100
0.044104004789973575,0.044104004789973575,0.027716624579150296,0.08694026562435991,0.0253749555181423,skewnorm,6,100
Inf,0.043529535556331475,0.01704106974816649,0.2377212188684146,0.0601535913160542,mixture,6,100
0.3279152033820206,0.3279152033820206,0.04019068038673012,0.616672395412559,0.06779443990764195,u-shaped,6,100
0.07864937583132443,0.07864937583132443,0.029925100288093937,0.19068447119907253,0.03503282268978452,unif,6,100
Inf,0.013215040966671473,0.015424644574422735,0.0013946776507020415,0.01309239094477964,gaussian,6,500
Inf,0.04410297649007601,0.009450013919761108,0.2479396468437041,0.05810741173979727,ptm,6,500
0.016654197273150116,0.016654197273150116,0.009831055834587448,0.08470036296526175,0.03237909454942824,skewnorm,6,500
Inf,0.025003138032336725,0.016411822137489002,0.2395064200421623,0.05826587921046169,mixture,6,500
0.21763950162454676,0.21763950162454676,0.02544294631946434,0.6083040910442243,0.0619352460487383,u-shaped,6,500
0.05095768804481529,0.05095768804481529,0.016386703932798754,0.18496492911943296,0.03432841084414857,unif,6,500
0.13144335908668053,0.13144335908668053,0.09582271011648505,0.1024400321387899,0.11642853318130846,gaussian,7,25
Inf,0.21280759323951812,0.08037296871717528,0.1921688804199936,0.05004744239365672,ptm,7,25
Inf,0.11877991890046753,0.042574429512590696,0.10439062590401244,0.06205170563469185,skewnorm,7,25
0.11020266445408287,0.11020266445408287,0.055455440993277434,0.24401968057986237,0.060800926594803205,mixture,7,25
0.4342400045994952,0.4342400045994952,0.10873744928270435,0.6755547759234619,0.09364836427887968,u-shaped,7,25
0.22224041225651764,0.22224041225651764,0.06532735088895258,0.20511062926454574,0.0232425963489426,unif,7,25
0.039272790580656296,0.039272790580656296,0.05073655946718654,0.02811740135087872,0.06656560149626647,gaussian,7,50
Inf,0.15427190843245248,0.03952116551625242,0.19100610857353417,0.02003723672767155,ptm,7,50
Inf,0.05951430264980397,0.01997269964280983,0.11050458539278286,0.041262360679359525,skewnorm,7,50
Inf,0.07003415069933591,0.041249194974063375,0.23770169914659173,0.05669390955988498,mixture,7,50
0.3652696663604334,0.3652696663604334,0.07554952043344713,0.6427061549486767,0.07237322646528654,u-shaped,7,50
0.1272584554178206,0.1272584554178206,0.03139825740286211,0.18125245645437774,0.026994894984861514,unif,7,50
0.011516486730250155,0.011516486730250155,0.03068288448947451,0.012687571307279166,0.039923845895142085,gaussian,7,100
Inf,0.11173424550745424,0.030002356973678028,0.1847849870746467,0.016802040212388337,ptm,7,100
Inf,0.04415880748702356,0.024338129924140625,0.09991610981552285,0.047915176332108525,skewnorm,7,100
Inf,0.06361489332486346,0.04656799665595443,0.2375573945923313,0.057013205137996216,mixture,7,100
0.302697270076926,0.302697270076926,0.05319606798656542,0.6265959115735945,0.06551148784992174,u-shaped,7,100
0.09593394210234671,0.09593394210234671,0.011689429083118397,0.16982310546869864,0.037423973280996774,unif,7,100
0.004632406622202253,0.004632406622202253,0.014033701902454735,0.0010584434563518307,0.012698138200954712,gaussian,7,500
Inf,0.0743432838706889,0.012502918716081748,0.16306241336199329,0.042764773878297545,ptm,7,500
0.019863970002438617,0.019863970002438617,0.014417945124711057,0.09241885807480112,0.029457586535949216,skewnorm,7,500
Inf,0.028826431694384064,0.013844847722785268,0.22829296584010364,0.05709199085833373,mixture,7,500
0.21684089037530085,0.21684089037530085,0.0189120081973414,0.610867881252365,0.06015534558696826,u-shaped,7,500
0.042318297367058035,0.042318297367058035,0.008812809721070094,0.17000667379272072,0.03808224633046034,unif,7,500
Inf,0.11985527055644339,0.026671373985150137,0.0019616680879187554,0.015288889711478206,gaussian,8,25
Inf,0.0764710082821552,0.03563418752969499,0.04931742410543393,0.023433696871555845,ptm,8,25
Inf,0.3070206154587732,0.054258945948770586,0.09033253973404186,0.0400258742917047,skewnorm,8,25
0.06548527909184067,0.06548527909184067,0.0464025064271789,0.24728215619139873,0.055960344236785114,mixture,8,25
0.46611975378688897,0.46611975378688897,0.0314332561696294,0.665421782044853,0.054011008181514705,u-shaped,8,25
0.15924672779256308,0.15924672779256308,0.03683639037067019,0.20650167715447562,0.053982561761156074,unif,8,25
0.012922924564336389,0.012922924564336389,0.01814511273417331,0.0022292037299694277,0.016726806585730256,gaussian,8,50
Inf,0.07232907374742857,0.034846330097140124,0.047845980821568844,0.044376956368617666,ptm,8,50
0.08966019105260592,0.08966019105260592,0.044154565640780664,0.09902420035358458,0.05996427713578574,skewnorm,8,50
Inf,0.10539390734569519,0.02849841467228086,0.24168437757246164,0.0580350808746964,mixture,8,50
0.3752273188782202,0.3752273188782202,0.01416586259028031,0.6644379474755973,0.057900484787715506,u-shaped,8,50
0.12224389556938665,0.12224389556938665,0.01603036792228446,0.18521177695836108,0.03670146750146606,unif,8,50
0.018327663339471913,0.018327663339471913,0.025793892480597172,0.008151130145662207,0.02573334754702301,gaussian,8,100
Inf,0.07197821535275645,0.02504433421249129,0.04729604607695504,0.023143681962701203,ptm,8,100
0.041420132778967673,0.041420132778967673,0.03723146736118028,0.09008187734368822,0.06031908519154662,skewnorm,8,100
Inf,0.05796686389433645,0.018116403606068043,0.24100398620885186,0.060162008728029175,mixture,8,100
0.3446844187023888,0.3446844187023888,0.02274650772784403,0.6680807072020686,0.05515392682157255,u-shaped,8,100
0.09397449367777695,0.09397449367777695,0.012542635656914667,0.18472043278066622,0.03627302402331256,unif,8,100
0.00911374061268941,0.00911374061268941,0.018855606232422106,0.0027903404375357868,0.018664833340300842,gaussian,8,500
0.01340096990653771,0.01340096990653771,0.008234585318316296,0.038551584517420114,0.02495531162141596,ptm,8,500
0.008332747846082622,0.008332747846082622,0.005969196030071308,0.07802205085915559,0.039053673217295304,skewnorm,8,500
0.014631295737731512,0.014631295737731512,0.009717664253783793,0.24060508589392954,0.05889986242533635,mixture,8,500
0.23855478707717095,0.23855478707717095,0.018107621479688602,0.6666717113779332,0.05816558223874473,u-shaped,8,500
0.046264377704774214,0.046264377704774214,0.006226188956770531,0.1843545877381798,0.03258340967611711,unif,8,500
0.119372792674813,0.119372792674813,0.03493054392351328,7.551348089781701e-4,0.013583803888266004,gaussian,9,25
0.15851335530898464,0.15851335530898464,0.07877854097533984,0.2133939262716785,0.08602419162773045,ptm,9,25
Inf,0.12569896709129413,0.050527427681851124,0.11134149292618797,0.04280002758295301,skewnorm,9,25
0.18311211805564842,0.18311211805564842,0.1235429428115136,0.3500936805387131,0.1278969241664022,mixture,9,25
0.5226809123689616,0.5226809123689616,0.046753485157366693,0.6114162089442938,0.07281556385440616,u-shaped,9,25
0.2503055960996065,0.2503055960996065,0.10037833736862833,0.2294220931775852,0.08840413878902169,unif,9,25
0.052449291439721796,0.052449291439721796,0.04180920590647707,0.004163656314987155,0.026912466756246572,gaussian,9,50
Inf,0.09326170567327627,0.020137513686087766,0.2019955831695714,0.05842380730186357,ptm,9,50
0.05856830299485108,0.05856830299485108,0.034485561781367594,0.0879641491503764,0.02324336514523462,skewnorm,9,50
Inf,0.07236175915564609,0.03452710062964387,0.24790820230693827,0.06796296747409268,mixture,9,50
0.38617302985710444,0.38617302985710444,0.04507197462522073,0.6102452277415619,0.06980736621408948,u-shaped,9,50
0.14339689262194408,0.14339689262194408,0.03298438156385903,0.1795613800987931,0.02446726818708829,unif,9,50
0.025530303419075442,0.025530303419075442,0.028483608249512068,0.0016040797729866007,0.015900194789620518,gaussian,9,100
0.027491036457966203,0.027491036457966203,0.014654288876946801,0.19609774727007442,0.05797262090058066,ptm,9,100
0.04473691104682759,0.04473691104682759,0.018961771906497785,0.08406037685990293,0.024860247918128613,skewnorm,9,100
Inf,0.05342900943827198,0.020637260536577832,0.24296815129121266,0.0631419598972796,mixture,9,100
0.28243831778732914,0.28243831778732914,0.026943988772576425,0.5980146201298399,0.062401468364678615,u-shaped,9,100
0.09933738177720618,0.09933738177720618,0.028635610075297895,0.17339571342409968,0.028959854694106,unif,9,100
0.0033529401449266874,0.0033529401449266874,0.004582301216363035,-1.0078818852849002e-4,0.006543527742657684,gaussian,9,500
0.0022002162715009936,0.0022002162715009936,0.0043424397462423206,0.19598900496855937,0.05883339806647859,ptm,9,500
Inf,0.055350874859796326,0.008113034217575144,0.0822251773438244,0.037142909448164875,skewnorm,9,500
0.007402558266946655,0.007402558266946655,0.007082692162061403,0.2423023433717566,0.05953185207439878,mixture,9,500
0.20904096389515892,0.20904096389515892,0.01359942274029087,0.5932489000905499,0.05949140057057202,u-shaped,9,500
0.051540215403320655,0.051540215403320655,0.006035104112241215,0.16875107270206227,0.034628957156567,unif,9,500
Inf,0.06544540510713495,0.07615586428507713,0.07226680784750336,0.09157129746359953,gaussian,10,25
Inf,0.17108352570266014,0.05105305780870853,0.14695232405732953,0.05199130636099139,ptm,10,25
Inf,0.49810345584829285,0.040747352241298114,0.16281570023966943,0.04003354950808657,skewnorm,10,25
Inf,0.06627756539724822,0.043778703483423685,0.2346484102026318,0.06945475615218358,mixture,10,25
0.47607354015584624,0.47607354015584624,0.07931695471274684,0.6771528295271848,0.07937176264718705,u-shaped,10,25
0.1844659249042794,0.1844659249042794,0.055442562609680876,0.3045516948066699,0.07892291146680225,unif,10,25
Inf,0.12334929409254125,0.09116634919739003,0.11634974640669725,0.10096028637180847,gaussian,10,50
Inf,0.28126650636784156,0.01905256165987887,0.14068933141227005,0.03570711088928537,ptm,10,50
Inf,0.4406272385053157,0.04169724610048481,0.16360622164971597,0.05646652934797662,skewnorm,10,50
0.037730897378990304,0.037730897378990304,0.028033086159709186,0.22908237959346195,0.06860563526726558,mixture,10,50
0.37228678944708216,0.37228678944708216,0.08673372335506944,0.6791131794550673,0.08027291573957651,u-shaped,10,50
0.12708360742788202,0.12708360742788202,0.03966203906876647,0.21274193742799527,0.05255914529535604,unif,10,50
0.015227596350362653,0.015227596350362653,0.036260216312952606,0.02010041431581472,0.03950798710493771,gaussian,10,100
Inf,0.16366776929671725,0.018510265759709255,0.15515476864794706,0.020705979034485632,ptm,10,100
Inf,0.1459962444463688,0.03280384697037393,0.15823056437105623,0.051432947307265574,skewnorm,10,100
0.04639573368407413,0.04639573368407413,0.052880662297490014,0.24115060176153338,0.06614787802721214,mixture,10,100
0.2979404734352548,0.2979404734352548,0.022066128556624917,0.6302774221614432,0.054528533269016424,u-shaped,10,100
0.13600708939796666,0.13600708939796666,0.052341539015230906,0.22924159349588832,0.06007534206768529,unif,10,100
Inf,0.01427464405902386,0.01417178222481235,-5.585882768460422e-5,0.0035598868527513938,gaussian,10,500
Inf,0.02376248539438238,0.011546890203598222,0.14655183234608382,0.025913007121308753,ptm,10,500
0.018510406676895425,0.018510406676895425,0.011136250162054252,0.08924840307194028,0.03639120070260665,skewnorm,10,500
0.018161538792524468,0.018161538792524468,0.012720219891324191,0.2258169090839914,0.05680525033280584,mixture,10,500
0.20262017680488423,0.20262017680488423,0.010966556236679931,0.6271954178840881,0.05572006408178546,u-shaped,10,500
0.054695948101293475,0.054695948101293475,0.005832850984957438,0.18815057370724592,0.035827367405073356,unif,10,500
Inf,0.16348459663135906,0.09891327939313997,0.1545822297250379,0.09916863345973301,gaussian,11,25
Inf,0.10686247611080885,0.04733017922604442,0.12265243915909259,0.03589408446516224,ptm,11,25
0.051466888488856055,0.051466888488856055,0.021368890654593863,0.10754910496695902,0.03407018931110977,skewnorm,11,25
0.19146654447493056,0.19146654447493056,0.11791671313301258,0.34944933272811723,0.11879086788688263,mixture,11,25
0.49847416394122207,0.49847416394122207,0.12371848756886139,0.7515016901066369,0.11866184769400538,u-shaped,11,25
0.19698680654590414,0.19698680654590414,0.09812228846565663,0.2240397981699923,0.09079799807042097,unif,11,25
Inf,0.07946607855156763,0.08455180186777975,0.09108388365598259,0.08761744174541612,gaussian,11,50
Inf,0.06949048841302427,0.025948020740186338,0.10587378363663812,0.046861888700638225,ptm,11,50
0.06444757347461315,0.06444757347461315,0.032091175426542794,0.12740413164970218,0.04651763637172197,skewnorm,11,50
0.16012513085442567,0.16012513085442567,0.10273140060835705,0.32494186263688385,0.10410841213743122,mixture,11,50
0.3673337892653744,0.3673337892653744,0.09381343501356623,0.654341027287172,0.08939451944417483,u-shaped,11,50
0.16964453766928728,0.16964453766928728,0.09985330597885421,0.23922941194818811,0.09567571903547505,unif,11,50
Inf,0.031316824033345854,0.04187505415446561,0.017819561135877078,0.03732910962078627,gaussian,11,100
Inf,0.04831495709619648,0.013223405933509189,0.10271138832274805,0.03395389607127234,ptm,11,100
0.05093643532452335,0.05093643532452335,0.021521309573418593,0.10022420728499352,0.039919956575251145,skewnorm,11,100
0.08083369891581847,0.08083369891581847,0.06924409452993359,0.28892669543440036,0.07681179865646175,mixture,11,100
0.2944169455915024,0.2944169455915024,0.0487067587146917,0.6079829804465907,0.06471890216896344,u-shaped,11,100
0.13182133437680452,0.13182133437680452,0.0826427165747331,0.23419696056200956,0.0796376373679126,unif,11,100
0.007256607556279667,0.007256607556279667,0.006586525863908907,7.660428477161764e-5,0.001847256486788671,gaussian,11,500
Inf,0.016960365347858383,0.008274593916783764,0.10598576849261147,0.03588301929296438,ptm,11,500
0.016027294923708357,0.016027294923708357,0.013048467976674314,0.09940321499699326,0.042039826014874125,skewnorm,11,500
0.009821367704545458,0.009821367704545458,0.010981863997531106,0.2565504801487098,0.05676544563147378,mixture,11,500
0.19904515555658633,0.19904515555658633,0.009433635443350508,0.5909463664304528,0.05950888969632341,u-shaped,11,500
0.05569260961065318,0.05569260961065318,0.016593147446344148,0.17427569398929935,0.04020564805751696,unif,11,500
0.034663956984504446,0.034663956984504446,0.06403579194711419,0.025242912981755062,0.05425185935951594,gaussian,12,25
0.11286451614314295,0.11286451614314295,0.08980257332644469,0.16007312551221242,0.10119339647622715,ptm,12,25
Inf,0.17666243310850588,0.07787367296225718,0.18903973868310256,0.060052604521025885,skewnorm,12,25
0.17241708731125954,0.17241708731125954,0.07712041985081404,0.2763760604926526,0.09057171914588807,mixture,12,25
0.5124209859048597,0.5124209859048597,0.046612472737127535,0.630606384578776,0.06898538547515848,u-shaped,12,25
0.17830243619911101,0.17830243619911101,0.10994853505161557,0.2398776000814389,0.10616695401808149,unif,12,25
0.026468620396964463,0.026468620396964463,0.049580992802361876,0.04108052853415402,0.044572889576417495,gaussian,12,50
0.07920897916709292,0.07920897916709292,0.050029925961360015,0.12157380903853782,0.06308907376435234,ptm,12,50
Inf,0.33543563498723844,0.08827912813918533,0.27021885563848264,0.07543660316355226,skewnorm,12,50
0.06984538375970127,0.06984538375970127,0.03468325806280645,0.23231731326087512,0.06796368158619867,mixture,12,50
0.4270638663194618,0.4270638663194618,0.025878890017189772,0.6239856091682988,0.06428029612843864,u-shaped,12,50
0.109266041650365,0.109266041650365,0.04091269761380155,0.1729491698091956,0.041166771155467644,unif,12,50
0.015570246937881385,0.015570246937881385,0.016981864432792815,0.026675704497102447,0.0238110175404529,gaussian,12,100
0.02166909898100601,0.02166909898100601,0.030971621050790526,0.11285465969860571,0.049401576122026995,ptm,12,100
Inf,0.1946298387469272,0.017437244757077933,0.08927972540406617,0.029789513406190616,skewnorm,12,100
0.016730639045478425,0.016730639045478425,0.02527113853691199,0.2276934054280778,0.05878427076258857,mixture,12,100
0.36253917269423913,0.36253917269423913,0.021598353417161965,0.6224417168326437,0.06143898755989482,u-shaped,12,100
0.085197016040675,0.085197016040675,0.022245034620719032,0.1670972715336402,0.04274378630841537,unif,12,100
9.680967661986478e-4,9.680967661986478e-4,0.006100239417662548,0.0039816294084421945,0.009620380020629213,gaussian,12,500
0.013894874105551283,0.013894874105551283,0.019318882067158608,0.1112873386582632,0.01942518892666251,ptm,12,500
0.009597191767369267,0.009597191767369267,0.011743414093259281,0.06308362894530338,0.030916675935625686,skewnorm,12,500
0.008899640271575748,0.008899640271575748,0.009905541675335102,0.22531168529946807,0.056779105109320785,mixture,12,500
0.23795110426163124,0.23795110426163124,0.02218297676249468,0.6236753774839546,0.06159664705866831,u-shaped,12,500
0.048932753605999316,0.048932753605999316,0.006805726381891528,0.1643779749038178,0.03676106841119661,unif,12,500
0.04914108706638644,0.04914108706638644,0.06943686754996822,0.03078474404249604,0.06604835030914404,gaussian,13,25
Inf,0.1898860085995227,0.06716580295584523,0.051753645822100784,0.05693787871332499,ptm,13,25
Inf,0.21470402672531766,0.03812423289869357,0.28665075994557665,0.05169422118290207,skewnorm,13,25
Inf,0.13657193664184847,0.07319566440771272,0.2728872217529263,0.07803102270339969,mixture,13,25
0.432444858055393,0.432444858055393,0.030378559471177166,0.5684330788694202,0.05671418147369949,u-shaped,13,25
0.1473174389593855,0.1473174389593855,0.035747486409009016,0.2003313547258249,0.034409236290912526,unif,13,25
0.018239535458068754,0.018239535458068754,0.019677096017061142,-1.5547876757294318e-4,0.007803645676257776,gaussian,13,50
Inf,0.13927464176851762,0.04464923532712703,0.06440199081900773,0.04445864424215314,ptm,13,50
Inf,0.2385992043159399,0.016872383672198323,0.15558792743730215,0.03631535729492153,skewnorm,13,50
Inf,0.05667795263486485,0.031148509392806268,0.2405273332605864,0.06750457304616962,mixture,13,50
0.36468147707737064,0.36468147707737064,0.01752623727268667,0.5661928823032052,0.05697021745985069,u-shaped,13,50
0.11629480779434699,0.11629480779434699,0.02640231711263578,0.1991180057661823,0.03541333226880497,unif,13,50
0.017153031112921262,0.017153031112921262,0.021474908837412585,0.002314437740097489,0.018118008909247543,gaussian,13,100
Inf,0.04689804410714961,0.03537609532829126,0.04915104580737796,0.045954512519927423,ptm,13,100
0.02925249441290968,0.02925249441290968,0.01003333779552441,0.09603519030085986,0.03124812133115961,skewnorm,13,100
0.04771925797004011,0.04771925797004011,0.02462122748649001,0.23239655210191265,0.06482837667270985,mixture,13,100
0.3088581790704833,0.3088581790704833,0.022480182197663016,0.5654954366417476,0.06148158495956534,u-shaped,13,100
0.10762210286642852,0.10762210286642852,0.01639916804821861,0.1985509342977817,0.035685848815906064,unif,13,100
0.00835128387801414,0.00835128387801414,0.010653086930763424,0.003394735484448259,0.006622711194457892,gaussian,13,500
Inf,0.015169719409727727,0.012262170472233748,0.0353942541772498,0.024082542194365387,ptm,13,500
0.006097643179330211,0.006097643179330211,0.007535247121521433,0.09472749285797798,0.03938271399644688,skewnorm,13,500
Inf,0.026098084123249037,0.005465495520110343,0.23251469860129784,0.060275770382287444,mixture,13,500
0.1944187615936869,0.1944187615936869,0.01262551957931132,0.5669946399671246,0.05866918996740055,u-shaped,13,500
0.04503544546450279,0.04503544546450279,0.010957423532901548,0.19754225390696767,0.031092852237039656,unif,13,500
Inf,0.1738506038125873,0.13856963386555685,0.21307392970122646,0.1503051917330793,gaussian,14,25
Inf,0.24384956322222873,0.060435729260873934,0.18632393015972998,0.06705305200918998,ptm,14,25
Inf,0.08232422208740116,0.025337486865607075,0.08262317537913164,0.028590456583237906,skewnorm,14,25
0.06901373121239518,0.06901373121239518,0.0320470517506973,0.20879395440668697,0.05703237048622096,mixture,14,25
0.5905217201735635,0.5905217201735635,0.12420247632077937,0.8165854052774458,0.1061745319800899,u-shaped,14,25
0.28636276631657037,0.28636276631657037,0.10808445530698269,0.41652113860505713,0.11009404064376638,unif,14,25
Inf,0.041149614290357704,0.0582309048592999,0.03895254264244546,0.05941902800878633,gaussian,14,50
Inf,0.15912656760882393,0.036755923263551246,0.10129153574652865,0.051882897438870354,ptm,14,50
Inf,0.09690579685189986,0.06631256729542667,0.11499816363132774,0.041653667134235906,skewnorm,14,50
Inf,0.11495963457533746,0.0517146410221224,0.2244195308278362,0.06662890942805523,mixture,14,50
0.47125231134173545,0.47125231134173545,0.027128568345896057,0.7048757543792963,0.061543620697344266,u-shaped,14,50
0.1862672156710522,0.1862672156710522,0.06765697699103654,0.2714051723139491,0.07061264602595307,unif,14,50
Inf,0.015273719279410021,0.00886078953801302,0.016115212742981336,0.01942574961303857,gaussian,14,100
0.018891464839764754,0.018891464839764754,0.022730712669552264,0.08807073452038694,0.036092276767513753,ptm,14,100
Inf,0.06560758432128011,0.03056144182416052,0.10065795761435374,0.024563852945614275,skewnorm,14,100
Inf,0.1111312902637504,0.031501808256708765,0.2193948545796884,0.0692429429133019,mixture,14,100
0.3760004804095634,0.3760004804095634,0.025328578060127508,0.6998823834683583,0.062070772683282836,u-shaped,14,100
0.1163475636567354,0.1163475636567354,0.027509910101492913,0.21254298449111417,0.04521027388711202,unif,14,100
0.009021869868857932,0.009021869868857932,0.02333957009851992,2.9469993343514124e-4,0.011577916700770031,gaussian,14,500
0.012219363100009472,0.012219363100009472,0.012788497020188838,0.09212047242816734,0.03197397045240273,ptm,14,500
Inf,0.030684963557714048,0.025442490943708054,0.07770323109325988,0.048360924013239596,skewnorm,14,500
Inf,0.027033555170623464,0.006796396236590312,0.20311301975206825,0.061515701198171395,mixture,14,500
0.24057369396228645,0.24057369396228645,0.013539813835565108,0.6972287612645371,0.05554567368721705,u-shaped,14,500
0.05016376947344879,0.05016376947344879,0.006256294845460019,0.19808236992285308,0.03404134525633365,unif,14,500
Inf,0.11486334770729065,0.0410429545112913,0.03174930300063856,0.04609992301621127,gaussian,15,25
Inf,0.11850100669826581,0.06991560695984657,0.12028727799062242,0.07830396880225869,ptm,15,25
Inf,0.04709299804153731,0.0198924568712051,0.09482180487370555,0.0267174425132092,skewnorm,15,25
Inf,0.14756291384467757,0.08301284512252201,0.3273180274536081,0.07891274015630677,mixture,15,25
0.499722717891994,0.499722717891994,0.08425827866893226,0.6646320704555277,0.08724523632672737,u-shaped,15,25
0.15412554886011298,0.15412554886011298,0.09533951447867223,0.2215117455315419,0.08741258075263386,unif,15,25
Inf,0.06079410320015193,0.07171015415378008,0.05613488078507207,0.07684243216481279,gaussian,15,50
Inf,0.06112448813263678,0.022014236790645177,0.0701545758624694,0.028618298119958384,ptm,15,50
Inf,0.176023613339814,0.03792048216617215,0.1268230532218878,0.02920153269315113,skewnorm,15,50
0.008602880371111562,0.008602880371111562,0.013467370588956255,0.25294032150934564,0.05748288033387029,mixture,15,50
0.37362795730649406,0.37362795730649406,0.05332483026189905,0.618360492874146,0.06583803079404738,u-shaped,15,50
0.11827884696888301,0.11827884696888301,0.03638939317382696,0.1832202734365912,0.04051457148801843,unif,15,50
0.01592943545531729,0.01592943545531729,0.024229246949145775,0.005778584085992179,0.0286804569205377,gaussian,15,100
Inf,0.05887825385832,0.03368232327276607,0.0637514073647583,0.031980975675106826,ptm,15,100
0.03060344904820313,0.03060344904820313,0.021797913572241708,0.08381955007680877,0.040903476502260935,skewnorm,15,100
0.027485533593034277,0.027485533593034277,0.04127571936286734,0.2653696782671937,0.06451165064259336,mixture,15,100
0.337129310064315,0.337129310064315,0.021883715809739038,0.6019086398987943,0.06097528074235497,u-shaped,15,100
0.09552178300847837,0.09552178300847837,0.07511331653241285,0.20101438595577045,0.06689493346182976,unif,15,100
0.004634610205373891,0.004634610205373891,0.015141738544716236,2.2941967606042077e-5,0.005413543374249513,gaussian,15,500
Inf,0.021730539597703637,0.009124440898997218,0.041784841656356,0.016754910889628438,ptm,15,500
0.011965115418211878,0.011965115418211878,0.011504189602825107,0.0834991468778143,0.04567770256442125,skewnorm,15,500
0.009100984881351429,0.009100984881351429,0.025925184297027424,0.255429401245031,0.05714529889296976,mixture,15,500
0.20657694859294332,0.20657694859294332,0.01756011584109914,0.6028462942709907,0.05719885051159001,u-shaped,15,500
0.043720193152927564,0.043720193152927564,0.02244099864098894,0.18092960206729677,0.03514147616406236,unif,15,500
0.048828715089654556,0.048828715089654556,0.05189790822179468,0.008721622699861029,0.03754018130909667,gaussian,16,25
Inf,0.10427200522276935,0.04331686931803812,0.11937725563057815,0.05418460990767697,ptm,16,25
Inf,0.09670505595997152,0.04068829266581573,0.14401970866320585,0.0636956783062041,skewnorm,16,25
0.07336263937892795,0.07336263937892795,0.025678276993188497,0.25853740562502847,0.04968592506805817,mixture,16,25
0.4170719902243604,0.4170719902243604,0.07204659770146639,0.6536482543222577,0.06610691218153819,u-shaped,16,25
0.08825722819358425,0.08825722819358425,0.00692074249339482,0.1739323405348323,0.03842728460497065,unif,16,25
0.01963633563011525,0.01963633563011525,0.04505141887879205,0.02855290067475202,0.04608104968231685,gaussian,16,50
Inf,0.10398449569189941,0.030006416511402793,0.12237958228724072,0.034531290262368224,ptm,16,50
Inf,0.11349779359508577,0.06972788428152889,0.10266725373386618,0.08485991464807557,skewnorm,16,50
Inf,0.05930581371288995,0.02633823082908578,0.24762887670430042,0.05434482277512674,mixture,16,50
0.36353770878725,0.36353770878725,0.03857634644950953,0.634742512455207,0.06130037057367389,u-shaped,16,50
0.08467279148526617,0.08467279148526617,0.035613709305458006,0.17722961247877136,0.03829791399386648,unif,16,50
0.01229692450596212,0.01229692450596212,0.025677715729814237,0.0016654087910898177,0.01673287461903134,gaussian,16,100
Inf,0.11680709362676923,0.015627164361478763,0.1374855127233457,0.022839244645653407,ptm,16,100
Inf,0.02562220002642294,0.02154803083461714,0.08105568244081883,0.05351026854667343,skewnorm,16,100
Inf,0.05406227520455075,0.03710390414782217,0.2492176366280914,0.05426965442379168,mixture,16,100
0.31329378864728646,0.31329378864728646,0.03164921843179535,0.6318830876728784,0.056938058718544425,u-shaped,16,100
0.07429312506919852,0.07429312506919852,0.03491841616218002,0.17799673344764966,0.04380288752682328,unif,16,100
0.0093210299905846,0.0093210299905846,0.013244871148752356,0.0025757542078227304,0.01420407481907662,gaussian,16,500
Inf,0.03397010539976568,0.01633408729521614,0.11426379132966416,0.0377405221402024,ptm,16,500
Inf,0.02182435904572606,0.013325486587690871,0.07433869512237748,0.04080340127522236,skewnorm,16,500
Inf,0.02002226938234192,0.0097586225238722,0.24603794536807186,0.059073061620029454,mixture,16,500
0.24051954536486767,0.24051954536486767,0.018768235725349927,0.6283064757921568,0.05894535355954299,u-shaped,16,500
0.0442598250231249,0.0442598250231249,0.007710366493881797,0.17385257097494725,0.03547744645801914,unif,16,500
Inf,0.09657595837796042,0.10455176733772624,0.15418801238576185,0.11417157155324005,gaussian,17,25
Inf,0.5473803970620249,0.05741169221785893,0.030092216390527667,0.010694450630560277,ptm,17,25
0.06512842986243493,0.06512842986243493,0.027024435318011478,0.0922402180470139,0.04223798540148483,skewnorm,17,25
0.08039029315105523,0.08039029315105523,0.06321504201718194,0.26788221741333823,0.05433180646495049,mixture,17,25
0.45776271660736606,0.45776271660736606,0.11514484147847243,0.7162372579441095,0.10886055043644763,u-shaped,17,25
0.17557306542165171,0.17557306542165171,0.08300572326253125,0.2481124482302905,0.07675598204826681,unif,17,25
Inf,0.05058789321323775,0.025954455252397236,0.0017367878965882332,0.02140313419753464,gaussian,17,50
Inf,0.18595667548149689,0.029786351375616332,0.06328437988949248,0.05098770771555395,ptm,17,50
0.027282179044308977,0.027282179044308977,0.017776079268306568,0.08136054375672305,0.03514355961245876,skewnorm,17,50
0.06480965156088087,0.06480965156088087,0.04466943453209696,0.2601720895923538,0.056310632315902207,mixture,17,50
0.3322955640889729,0.3322955640889729,0.030378587510093334,0.6088942727015365,0.0607887942192173,u-shaped,17,50
0.1257880566537847,0.1257880566537847,0.0559537630825722,0.22559444135548215,0.0533115867045179,unif,17,50
0.021752323223544052,0.021752323223544052,0.009366008711974206,0.0039963887045033515,0.009620651959487836,gaussian,17,100
Inf,0.20592741519798752,0.009400445012039117,0.018848532767108597,0.027946574077250198,ptm,17,100
0.07965831631216037,0.07965831631216037,0.07110953442365639,0.11282471644962706,0.0872019867342763,skewnorm,17,100
0.08641298294244774,0.08641298294244774,0.036174870915465916,0.2602567992433728,0.05051088606386024,mixture,17,100
0.3089313647091087,0.3089313647091087,0.029191932712153017,0.6083863663260948,0.061412125044801466,u-shaped,17,100
0.08180833275644672,0.08180833275644672,0.012066114816811578,0.1966604997146812,0.03667737544374331,unif,17,100
0.015183050050154199,0.015183050050154199,0.013978926133935728,0.004789458085625299,0.011508092650966965,gaussian,17,500
Inf,0.01667059711239487,0.009679379282358578,0.012203265495638344,0.019624048843185013,ptm,17,500
0.01291901426484289,0.01291901426484289,0.010646411728277827,0.08580661690060494,0.045490649365229015,skewnorm,17,500
0.020298772778402124,0.020298772778402124,0.012059561208743826,0.25246068645512626,0.05921904460270987,mixture,17,500
0.2103507359402762,0.2103507359402762,0.006682510092452462,0.6064989952322133,0.0589987035355779,u-shaped,17,500
0.05746845558743655,0.05746845558743655,0.008389022562175174,0.19428591371501444,0.033073722132608216,unif,17,500
0.10282823056500835,0.10282823056500835,0.059352814223294206,0.02427024391325581,0.025753288077493913,gaussian,18,25
Inf,0.2285619687235023,0.07834178247664256,0.22312519468274217,0.0663126390051862,ptm,18,25
0.08042911901140705,0.08042911901140705,0.06316143920941966,0.10468440673338626,0.07941696583921387,skewnorm,18,25
0.12409110383461652,0.12409110383461652,0.044819797953461346,0.26669081663539357,0.0696161567368321,mixture,18,25
0.45549785404310184,0.45549785404310184,0.06455326179995602,0.6623493292782233,0.05342993773494805,u-shaped,18,25
0.16469732327286588,0.16469732327286588,0.06670538050676642,0.2220761939473369,0.05126619295273837,unif,18,25
0.051608162812062514,0.051608162812062514,0.0429987716600823,0.013665610859355554,0.018027435085528096,gaussian,18,50
Inf,0.26002884369314827,0.06981283709486517,0.17392540305679507,0.04181653391930426,ptm,18,50
Inf,0.060444298702761926,0.030505543760898125,0.08710634830694647,0.026694414813140156,skewnorm,18,50
0.08218464818640737,0.08218464818640737,0.059004536245723264,0.27737090277473947,0.07167324529407905,mixture,18,50
0.36916151040892703,0.36916151040892703,0.03978750146627821,0.6441007179701541,0.04777759174860086,u-shaped,18,50
0.1093954106601583,0.1093954106601583,0.057500282835065065,0.20512805242491475,0.053365992248471085,unif,18,50
0.02116554321007861,0.02116554321007861,0.03739578889785852,0.01072015193551321,0.03581557982092799,gaussian,18,100
Inf,0.35709817350267725,0.04246979153783538,0.15359726292867393,0.05093507897626805,ptm,18,100
0.011990706105859967,0.011990706105859967,0.00972164900787658,0.07811974150302471,0.03894948939016291,skewnorm,18,100
0.026075757090865386,0.026075757090865386,0.01667180356207121,0.2574483944666884,0.06402077739218688,mixture,18,100
0.3305208391675968,0.3305208391675968,0.01765135489011842,0.6365412468174109,0.055962087851294126,u-shaped,18,100
0.08937386384815328,0.08937386384815328,0.02054978568462035,0.1886499368985742,0.034059304463366934,unif,18,100
0.014066566214068118,0.014066566214068118,0.01959300708508719,0.00589305380791171,0.016682431845816078,gaussian,18,500
Inf,0.024350929738508,0.016913029139137063,0.15376127859904437,0.04830327984695459,ptm,18,500
0.011257473481827937,0.011257473481827937,0.006002862387735649,0.08127931175021441,0.03965173538139202,skewnorm,18,500
0.007658119620733481,0.007658119620733481,0.011247528894072678,0.2575196771659812,0.06273400579902137,mixture,18,500
0.22697456003613928,0.22697456003613928,0.012782244416071729,0.6343137918162378,0.05539351138509994,u-shaped,18,500
0.05636054092270483,0.05636054092270483,0.011575409067485018,0.18729962742226341,0.0359642401593933,unif,18,500
Inf,0.1064922277474208,0.024225097243864208,0.07338663530701614,0.04581794514852218,gaussian,19,25
Inf,0.11348673150890874,0.02891981782453409,0.16921608983576208,0.031002890826993236,ptm,19,25
Inf,0.12986978057611148,0.043107625718339634,0.11752567432153418,0.05060404925609096,skewnorm,19,25
Inf,0.07042812817810117,0.02563887956198102,0.25881651952679646,0.05732345451997483,mixture,19,25
0.406330499004291,0.406330499004291,0.02618666316869363,0.6040517675839501,0.061165887533356555,u-shaped,19,25
0.13201489819974516,0.13201489819974516,0.07040386462275783,0.21985280652167727,0.06702636669459947,unif,19,25
0.024924820241555026,0.024924820241555026,0.029642969165542522,0.009541753945431932,0.03393732664551793,gaussian,19,50
Inf,0.08882759384471925,0.025256936144045214,0.15873227458766925,0.06740808359665991,ptm,19,50
Inf,0.060399590786180096,0.05789504675020237,0.10838894893643557,0.07912090337948613,skewnorm,19,50
Inf,0.055882013694938365,0.045512528263627006,0.26697222034491885,0.06519332807419682,mixture,19,50
0.37070635807653174,0.37070635807653174,0.021929459686128375,0.6027284979029451,0.0591904998899024,u-shaped,19,50
0.10019936595427713,0.10019936595427713,0.04005895015131541,0.20457927185911112,0.05560361826441221,unif,19,50
0.01760912844086534,0.01760912844086534,0.018517137760212198,0.0016961063572674612,0.00505839171906029,gaussian,19,100
Inf,0.09013330433233191,0.008669378078643885,0.1547597521373069,0.043356976149637814,ptm,19,100
Inf,0.07162290238363611,0.07172764824958211,0.11856698717632974,0.08973224207455625,skewnorm,19,100
Inf,0.05741862185162442,0.035665830144894266,0.2650170385683413,0.0650234928979535,mixture,19,100
0.3183456978105099,0.3183456978105099,0.03915192015922658,0.6149222490751179,0.060850493366875355,u-shaped,19,100
0.08317042312671002,0.08317042312671002,0.04623601976374554,0.1922576469599112,0.04664378004425245,unif,19,100
0.007597872676854407,0.007597872676854407,0.012731894906012866,6.316084704794371e-4,0.004307603401261133,gaussian,19,500
Inf,0.03367034137532451,0.013434319792829896,0.15175211026893223,0.03681675012806548,ptm,19,500
0.010944685616502099,0.010944685616502099,0.013672796957842695,0.08641015532066557,0.04286616384094291,skewnorm,19,500
0.017198305997751778,0.017198305997751778,0.015946308865154718,0.25701962577906456,0.05497686421140348,mixture,19,500
0.20943299336942053,0.20943299336942053,0.007102379562633424,0.6024822783074658,0.05734650691180741,u-shaped,19,500
0.044844192689358166,0.044844192689358166,0.017448814849439657,0.1828231002289057,0.034731399259769286,unif,19,500
0.04232286803084782,0.04232286803084782,0.025751818924614908,0.0031686425576783602,0.03185997593360122,gaussian,20,25
Inf,0.5244921844580793,0.0290511624041164,0.7567894448214558,0.05107096578700292,ptm,20,25
0.04558226982421294,0.04558226982421294,0.03479446010676866,0.07872515343120691,0.061408863268706655,skewnorm,20,25
0.11233095824944253,0.11233095824944253,0.07913603377409231,0.2817359320951205,0.08499493863204959,mixture,20,25
0.4963222195675163,0.4963222195675163,0.10912468270922296,0.7452235733895048,0.10371002243014117,u-shaped,20,25
0.18292808193196786,0.18292808193196786,0.06302302493920664,0.22117075213202958,0.05592894139452275,unif,20,25
0.027792246485937783,0.027792246485937783,0.04007839472297507,0.00920444527232156,0.04409776579147236,gaussian,20,50
Inf,0.5166643335996122,0.02530508206555935,0.44732811255833577,0.04625532328082602,ptm,20,50
0.020407386199753345,0.020407386199753345,0.01642192982459205,0.05798614764515529,0.03798463959968497,skewnorm,20,50
0.09603583681300165,0.09603583681300165,0.04782957645965713,0.26141341430279136,0.062337988233324065,mixture,20,50
0.40540117067984854,0.40540117067984854,0.062074315296583124,0.6514778644301428,0.07239441830737656,u-shaped,20,50
0.16263006904808086,0.16263006904808086,0.025549476525455153,0.20027477696652649,0.03642628397662811,unif,20,50
0.01539982598214571,0.01539982598214571,0.0085439250853371,1.8150934950041542e-4,0.0019947414553068183,gaussian,20,100
Inf,0.10106920528421713,0.011548949235457085,0.31404849478681507,0.06289885555200764,ptm,20,100
Inf,0.03220096686523886,0.0200841140786972,0.06499852694443976,0.04253101704866835,skewnorm,20,100
0.05158909885093218,0.05158909885093218,0.056666208126777744,0.2637471356610806,0.06733532896366595,mixture,20,100
0.3245663988843919,0.3245663988843919,0.05147577479716117,0.6398703405966062,0.06551756917353921,u-shaped,20,100
0.09819815877761315,0.09819815877761315,0.03422572379205109,0.2039927167144122,0.035536460233012,unif,20,100
0.0031567838860154913,0.0031567838860154913,0.009768036765153403,-7.477639024235898e-5,6.335686410779011e-4,gaussian,20,500
Inf,0.022369098643611522,0.008258245140318284,0.31070304702250373,0.06973975423079748,ptm,20,500
Inf,0.019979820515107174,0.0156994942642146,0.058601574765027975,0.041161976207929496,skewnorm,20,500
0.012480734651141192,0.012480734651141192,0.008136026877040205,0.24229639935048217,0.057665234725854046,mixture,20,500
0.21068186801819333,0.21068186801819333,0.012632277776106345,0.6256456418050136,0.0575562067310736,u-shaped,20,500
0.04701237706330785,0.04701237706330785,0.014826170222301354,0.19661958504576316,0.02945913643771568,unif,20,500
0.044469633952725005,0.044469633952725005,0.03737221828914287,0.005169426466778888,0.013415528805777325,gaussian,21,25
Inf,0.1890552248285509,0.07795065089717144,0.12422809800776935,0.1029397635399624,ptm,21,25
0.140399103553074,0.140399103553074,0.0737682100919969,0.1449615632439475,0.08683809794865523,skewnorm,21,25
0.07579415806598669,0.07579415806598669,0.057487806666620817,0.2719322286194294,0.05858703454772249,mixture,21,25
0.36554636378753885,0.36554636378753885,0.026628193428573872,0.576523030099567,0.05936604752398936,u-shaped,21,25
0.1548604839270139,0.1548604839270139,0.04825653154853793,0.1942724066522865,0.02363622026950313,unif,21,25
0.03525087662989271,0.03525087662989271,0.04114390531829254,0.0072684744900735464,0.03454114697418003,gaussian,21,50
0.09911521729736152,0.09911521729736152,0.07161955801453987,0.2241370603884231,0.10553238920222105,ptm,21,50
0.09583964342999916,0.09583964342999916,0.04370707692955326,0.10310355087676068,0.03640227379416015,skewnorm,21,50
Inf,0.09666774132336901,0.09062674169665456,0.29687756782876473,0.0762642179296086,mixture,21,50
0.33333617958670275,0.33333617958670275,0.020015033946449594,0.5737843301221727,0.05987656844559882,u-shaped,21,50
0.11324906630531283,0.11324906630531283,0.0526212368843941,0.18439583867606774,0.043195514592845735,unif,21,50
0.01915322738371703,0.01915322738371703,0.028219314929436003,4.707836846385509e-4,0.02043189238751716,gaussian,21,100
0.03263716107204817,0.03263716107204817,0.018391566876289473,0.09630686197398491,0.0537885638093618,ptm,21,100
Inf,0.06719654681433442,0.04248254619968971,0.10192116662653264,0.02425762106797956,skewnorm,21,100
0.10236868535910905,0.10236868535910905,0.09855441372923918,0.29249503940557287,0.07290225248722947,mixture,21,100
0.29691828014537597,0.29691828014537597,0.02901103476305998,0.5770197101044803,0.06591716819635486,u-shaped,21,100
0.10401677687520346,0.10401677687520346,0.05971740675459143,0.1890911721076278,0.05234285700287377,unif,21,100
0.007003025268783858,0.007003025268783858,0.024269955016337517,-3.5930582442957965e-4,0.019576628486758188,gaussian,21,500
0.01708644821833404,0.01708644821833404,0.013275437656337059,0.04972604629843261,0.029947399778512625,ptm,21,500
0.0061456755925240495,0.0061456755925240495,0.004164381398053253,0.09102295981997077,0.036973897988560205,skewnorm,21,500
0.015156228675085322,0.015156228675085322,0.025888752424030496,0.2656470162961518,0.05664812583516513,mixture,21,500
0.20850261765630362,0.20850261765630362,0.02099806467462823,0.5754675901862426,0.06356229560757194,u-shaped,21,500
0.046496925398317124,0.046496925398317124,0.011775275711908688,0.17669633488374253,0.03282849493631352,unif,21,500
Inf,0.06463887412231965,0.02071371526023913,0.005677784448642121,0.026785590797867423,gaussian,22,25
Inf,0.2606614483896073,0.04738848240911426,0.17538085890057137,0.04216723552859009,ptm,22,25
Inf,0.21611963408605936,0.04020355288941283,0.28472368120210273,0.059253331468070804,skewnorm,22,25
Inf,0.16881339563807862,0.04906563736106246,0.27185821956375156,0.06537141293841427,mixture,22,25
0.40189805856788036,0.40189805856788036,0.0768394653876891,0.6657004138629953,0.07365680058075136,u-shaped,22,25
0.1670259097282664,0.1670259097282664,0.04641442427472147,0.2223723425623879,0.06949454642072853,unif,22,25
0.03402108348966335,0.03402108348966335,0.019179206291129933,0.008707968300494322,0.03354541772056304,gaussian,22,50
Inf,0.08922227695912448,0.01572582888358628,0.11045410432058184,0.0190849843673373,ptm,22,50
Inf,0.10121011130048271,0.026092849845292983,0.130859303643818,0.045716324555029886,skewnorm,22,50
Inf,0.11897002815658289,0.058527257155209886,0.27905231175186773,0.06546646906004397,mixture,22,50
0.34445092322065196,0.34445092322065196,0.02380805141155281,0.6384490103658662,0.0512594226844506,u-shaped,22,50
0.12922333161998084,0.12922333161998084,0.043733970522757536,0.16325822266772982,0.04220199852466533,unif,22,50
Inf,0.054729530857945,0.014224534724402006,0.005274773370339236,0.023572112929579187,gaussian,22,100
0.051084718738924374,0.051084718738924374,0.038640564469341644,0.10764464057568696,0.051275692025715164,ptm,22,100
Inf,0.02385922376111364,0.01363715521791629,0.06548897114966541,0.029435798701177615,skewnorm,22,100
Inf,0.0602520213157718,0.03365342338364452,0.2677633229473979,0.06177130421895317,mixture,22,100
0.33732818850762275,0.33732818850762275,0.03253131132673299,0.639708187993055,0.05765386022895363,u-shaped,22,100
0.08861124146836959,0.08861124146836959,0.032329560318184423,0.16169169430425487,0.040099356128107694,unif,22,100
0.0020995853078924196,0.0020995853078924196,0.013087663145687357,7.498258372381331e-4,0.009541050773168892,gaussian,22,500
0.017171136913500813,0.017171136913500813,0.016792977115127655,0.11076668199348294,0.03357299323866767,ptm,22,500
0.007444066509876796,0.007444066509876796,0.020297643659204296,0.07295022563771489,0.050739380222160804,skewnorm,22,500
0.021891575520125404,0.021891575520125404,0.028744050291086166,0.2690197279496359,0.06164852290056715,mixture,22,500
0.23659990435877726,0.23659990435877726,0.014344546100056237,0.635440937164047,0.0579393596138136,u-shaped,22,500
0.05237585606084079,0.05237585606084079,0.03209438124966124,0.16184776143281562,0.04078025112473878,unif,22,500
0.05683248683990724,0.05683248683990724,0.046995482287873036,0.041766039764691676,0.05463381874213021,gaussian,23,25
Inf,0.115772726822904,0.03236017139983128,0.10796259569198409,0.02271960125068593,ptm,23,25
Inf,0.746551177906703,0.04414265833595595,0.5722730372895315,0.07183046972763135,skewnorm,23,25
Inf,0.17094618712716633,0.0531648377791871,0.265292598444434,0.06939526229640068,mixture,23,25
0.4307105986043592,0.4307105986043592,0.0325169363972509,0.6040718937652491,0.06252554797234457,u-shaped,23,25
0.18329639658736616,0.18329639658736616,0.09171884631551708,0.25862107261180434,0.09072995502479275,unif,23,25
0.02566336469667884,0.02566336469667884,0.014475838537907432,0.019106302482420335,0.024340904559713744,gaussian,23,50
Inf,0.16357776143252004,0.02915695105049605,0.12229387911460277,0.025459994712541446,ptm,23,50
Inf,0.07403831309333164,0.02657286012503794,0.16590534626654332,0.044362699566355836,skewnorm,23,50
Inf,0.1785074541887175,0.03877078276738509,0.2551261344520708,0.06460206292956566,mixture,23,50
0.3672124676944783,0.3672124676944783,0.03714680905405931,0.6043343579933769,0.060535262651898174,u-shaped,23,50
0.11915749994786465,0.11915749994786465,0.06164415701128136,0.21747118017818515,0.057886915449705076,unif,23,50
0.010855148809994185,0.010855148809994185,0.025623604449492132,0.006692029238905224,0.022197947332439145,gaussian,23,100
Inf,0.040515109482770324,0.016279687628484685,0.07984570320353176,0.03776683649847595,ptm,23,100
0.026496541984519287,0.026496541984519287,0.01673948261079855,0.1077289605691627,0.03701104055869775,skewnorm,23,100
Inf,0.049984917198679084,0.013115472484703827,0.24968533670468623,0.0591548172152898,mixture,23,100
0.3292114203083651,0.3292114203083651,0.03744562965342986,0.6065243640331744,0.06612619339376802,u-shaped,23,100
0.07687371661773615,0.07687371661773615,0.03429581983070685,0.19924758380682167,0.0379239482239706,unif,23,100
0.004725488011603836,0.004725488011603836,0.013880705093047067,9.92403902124948e-4,0.00979229019238234,gaussian,23,500
Inf,0.018264880603566923,0.015530188614407327,0.15626648748749977,0.0666095404971905,ptm,23,500
0.008265411680915734,0.008265411680915734,0.008555016407312677,0.09220899745748161,0.04201782025376949,skewnorm,23,500
0.010319869398654587,0.010319869398654587,0.004955381225589823,0.24996207135852652,0.05847289383593231,mixture,23,500
0.20119584837841362,0.20119584837841362,0.012418468842545962,0.6025825187343017,0.05954030309167351,u-shaped,23,500
0.04056666341379307,0.04056666341379307,0.007233326365251625,0.19483046109706512,0.03438238400828456,unif,23,500
Inf,0.33750548444970996,0.055150684865191764,0.09396277467115305,0.05885871277129381,gaussian,24,25
0.06694538387839243,0.06694538387839243,0.01584684010412919,0.17973444892068524,0.04862321269730065,ptm,24,25
Inf,0.39095359082153913,0.11004635155281106,0.2221484586683136,0.06851108431361445,skewnorm,24,25
0.2285538409272759,0.2285538409272759,0.06267800304359082,0.28702840637109805,0.06710697983935893,mixture,24,25
0.42194241124911147,0.42194241124911147,0.06771625811938711,0.6742012260064304,0.07526854988926637,u-shaped,24,25
0.11002298416968756,0.11002298416968756,0.03698541593440977,0.1921408767744388,0.049869759294789824,unif,24,25
Inf,0.1588553206727761,0.04866446583961409,0.01886625378838661,0.057022232477388364,gaussian,24,50
Inf,0.06946516927646122,0.031149580369665066,0.17844588674610684,0.0595393926007759,ptm,24,50
Inf,0.1432670470515298,0.0772634941067927,0.13556523975454973,0.0413107572975563,skewnorm,24,50
0.10782666481026425,0.10782666481026425,0.07947169267581249,0.28517469983139754,0.08464746924863244,mixture,24,50
0.3923881909902179,0.3923881909902179,0.030606319892382827,0.644313365184351,0.0657371278992694,u-shaped,24,50
0.1265482019714178,0.1265482019714178,0.06682142477011631,0.21423507936359001,0.06403857979487154,unif,24,50
Inf,0.052890159038565206,0.026800109203850498,0.008753046989029328,0.03594436309498814,gaussian,24,100
Inf,0.03756875509306146,0.01920357763707336,0.174973829155515,0.05511295956518652,ptm,24,100
Inf,0.0675486042222922,0.043081011050295555,0.09951661923316164,0.028338944733830283,skewnorm,24,100
0.044528611679013536,0.044528611679013536,0.06343986221777632,0.26407618841320646,0.0698938753826926,mixture,24,100
0.36211361462980735,0.36211361462980735,0.03544551632154043,0.6481685517120966,0.06533639969026181,u-shaped,24,100
0.11853574481251805,0.11853574481251805,0.04428689955129874,0.1925337840047918,0.049715786483765415,unif,24,100
0.007626319713619978,0.007626319713619978,0.01219900152727507,7.409097073210473e-4,0.015352046979963839,gaussian,24,500
0.009485878321470393,0.009485878321470393,0.007181645061653661,0.1741769682924352,0.04758462693481032,ptm,24,500
0.006941621169519145,0.006941621169519145,0.008295781943423711,0.08701370683103826,0.03686337988412401,skewnorm,24,500
0.01622480107182566,0.01622480107182566,0.010859712256278513,0.24260758961315337,0.055126732823950156,mixture,24,500
0.23349901445190804,0.23349901445190804,0.016848624456060536,0.6416320952277318,0.05964555562043397,u-shaped,24,500
0.06525586450443142,0.06525586450443142,0.0062608049239628516,0.178738612864269,0.03730523475861946,unif,24,500
0.07049427491158873,0.07049427491158873,0.056098388781458806,0.015128178128871912,0.03635922252926356,gaussian,25,25
Inf,0.33545164059006816,0.0860845415139445,0.22139808776016506,0.08392911574712333,ptm,25,25
Inf,0.12345939163649877,0.03155093923311238,0.12137515575386143,0.03994177960178287,skewnorm,25,25
0.10602555272557758,0.10602555272557758,0.07295322576286242,0.27563574131068896,0.08010550201419395,mixture,25,25
0.4161179255623878,0.4161179255623878,0.0625189517484896,0.6601079144334737,0.06335032345824175,u-shaped,25,25
0.18944292333069293,0.18944292333069293,0.05520253707195662,0.21450977994584816,0.04993334007345225,unif,25,25
0.04148103467613788,0.04148103467613788,0.06345620942069889,0.022326989976694946,0.06064043914627413,gaussian,25,50
Inf,0.126112740561578,0.03981527722020139,0.08170103525169026,0.02344461946229273,ptm,25,50
Inf,0.33211412744469804,0.047549391588740296,0.08809290049276515,0.026044291840455522,skewnorm,25,50
0.07886608726362808,0.07886608726362808,0.03668324229954447,0.23551254046541195,0.060389553039663334,mixture,25,50
0.4122090270908807,0.4122090270908807,0.08020928561615966,0.6752876152405292,0.07342487224892404,u-shaped,25,50
0.13175161513643663,0.13175161513643663,0.04485163161222679,0.20894245384933835,0.04579996947982169,unif,25,50
Inf,0.07370655797966534,0.061377586196162875,0.014978990796506891,0.05108167412778736,gaussian,25,100
Inf,0.09951363608323985,0.02137169274588384,0.07784494618924688,0.02157237944092029,ptm,25,100
Inf,0.08739887215230988,0.023776720346482424,0.1006840156631597,0.02501363613550042,skewnorm,25,100
Inf,0.09217424783256738,0.03321562280413024,0.23755827655079456,0.06353514069155779,mixture,25,100
0.32056198838238587,0.32056198838238587,0.03623804171727174,0.6453558017163189,0.05866873650284078,u-shaped,25,100
0.08932154412569784,0.08932154412569784,0.0491665320501876,0.21671811771661498,0.051508452052422576,unif,25,100
0.005985956241288898,0.005985956241288898,0.015038164775086077,9.27342067415866e-4,0.00640050318317354,gaussian,25,500
Inf,0.018187694887587678,0.013337392706108897,0.05490134124958758,0.02880484756831214,ptm,25,500
Inf,0.029085156849858594,0.00944412941777462,0.08510754108000455,0.02991212184279828,skewnorm,25,500
0.033686408526622844,0.033686408526622844,0.009724231604079312,0.2332220092158191,0.06555519841097532,mixture,25,500
0.2424429927941564,0.2424429927941564,0.014793047966363698,0.6374162568182243,0.05948459726279055,u-shaped,25,500
0.04538140378913052,0.04538140378913052,0.007096840406115349,0.19328522543332533,0.0339367511115871,unif,25,500
0.06410167396709217,0.06410167396709217,0.06511965760554286,0.039843089568333316,0.06496942811642253,gaussian,26,25
0.17250848112805747,0.17250848112805747,0.07605692056848351,0.42839818687553155,0.0774771353743537,ptm,26,25
0.18444976392197895,0.18444976392197895,0.08980223475221233,0.14786485708128586,0.09482150976802288,skewnorm,26,25
0.13876035806101406,0.13876035806101406,0.046280989182112264,0.2733152575956639,0.072847715974882,mixture,26,25
0.41526133285476446,0.41526133285476446,0.0563262912876026,0.6093581235038945,0.07129118261865929,u-shaped,26,25
0.1595040031888283,0.1595040031888283,0.029073620484073647,0.2047745889421622,0.05282123233642455,unif,26,25
0.04588151639404851,0.04588151639404851,0.03887586247473027,0.013309158725977276,0.022798041018893694,gaussian,26,50
0.07463241540408697,0.07463241540408697,0.03068955568059103,0.3560371881820976,0.06300554427150126,ptm,26,50
0.06747795143391691,0.06747795143391691,0.03870313628915599,0.08420366470132647,0.03476536724526007,skewnorm,26,50
0.15703084281152332,0.15703084281152332,0.051685595278303145,0.2934671972738775,0.07809143535743812,mixture,26,50
0.3388268222217962,0.3388268222217962,0.058690200578463275,0.6092040331051994,0.06854012302976845,u-shaped,26,50
0.16553827182555822,0.16553827182555822,0.0634371566425236,0.2146869136640795,0.06035162681936249,unif,26,50
0.020642844559398597,0.020642844559398597,0.031785062116180395,0.004481219370249512,0.025350939400845186,gaussian,26,100
0.040544841218593544,0.040544841218593544,0.019350829529810848,0.34898519109126974,0.059221033346601386,ptm,26,100
0.04129525410471694,0.04129525410471694,0.04320772400078816,0.08182971915403156,0.027150959395822072,skewnorm,26,100
0.06526838060829158,0.06526838060829158,0.03375759600087887,0.2801669498184995,0.07365664983177024,mixture,26,100
0.30580769893385407,0.30580769893385407,0.03357493352826384,0.5996532262417588,0.06624009989905535,u-shaped,26,100
0.11207390831731275,0.11207390831731275,0.04022874213628327,0.19250615966809911,0.03940133616840122,unif,26,100
0.005229028271948003,0.005229028271948003,0.0037989514938432966,2.2822044354186058e-4,0.0028339529500010312,gaussian,26,500
0.012689649059511268,0.012689649059511268,0.014074331000774539,0.34793228952471955,0.0587333145117971,ptm,26,500
0.01365767278732589,0.01365767278732589,0.014705671430213648,0.07402723445027011,0.04153014429771236,skewnorm,26,500
0.022679773747896648,0.022679773747896648,0.015218260446510524,0.2562821948737633,0.060099486956223636,mixture,26,500
0.21130404635111044,0.21130404635111044,0.009778912144049705,0.5943695518815516,0.05882682050968409,u-shaped,26,500
0.051896312035453286,0.051896312035453286,0.00915161249533603,0.18491275615447691,0.031058252721554797,unif,26,500
Inf,0.15799689095473715,0.06784459085508515,0.03833776708705533,0.05336228695139583,gaussian,27,25
Inf,0.07362453136455908,0.021399523488836423,0.053520391926613974,0.02502247027709637,ptm,27,25
0.14661600044004747,0.14661600044004747,0.10960131257172191,0.1797092561549455,0.13219869684706362,skewnorm,27,25
0.1095739020164526,0.1095739020164526,0.051180037127832444,0.2575805476913655,0.04848424495316119,mixture,27,25
0.530753677653412,0.530753677653412,0.04179224759427303,0.6146609451993174,0.05244095413567636,u-shaped,27,25
0.1633339774227836,0.1633339774227836,0.056107124341851014,0.22352120314016072,0.0201932867629393,unif,27,25
0.06881402235226614,0.06881402235226614,0.052900826124882366,0.025061247459368427,0.03674950913426898,gaussian,27,50
Inf,0.07585428281729704,0.03520594760996771,0.05995465580868942,0.025401910290164753,ptm,27,50
Inf,0.04842871716909746,0.06180379428910558,0.1039505541388957,0.08925455276499751,skewnorm,27,50
0.08985562907973699,0.08985562907973699,0.043402590567971196,0.2464412012783373,0.06293595091816397,mixture,27,50
0.37766697637929547,0.37766697637929547,0.0211465715055055,0.6125620680919014,0.05443950754203938,u-shaped,27,50
0.13055787622862994,0.13055787622862994,0.0718579462430873,0.23197178363070814,0.0647741678912126,unif,27,50
0.030996418068602892,0.030996418068602892,0.02808102494508371,0.006865041247803095,0.01323162347529405,gaussian,27,100
0.023562592987327564,0.023562592987327564,0.022023900479340688,0.061373401383455865,0.032975055934030356,ptm,27,100
Inf,0.029020037123414045,0.026923191964108147,0.08871034074883713,0.06336759535915859,skewnorm,27,100
Inf,0.0593843342900244,0.026346746049733378,0.24002200746549968,0.06119730531969402,mixture,27,100
0.34861850586474025,0.34861850586474025,0.02003029854158699,0.6130833973162018,0.05864889174953527,u-shaped,27,100
0.0844704724284247,0.0844704724284247,0.02572332894780187,0.20247340956528365,0.03148924970483635,unif,27,100
0.018446832155865667,0.018446832155865667,0.018531272831243274,0.003432900555178697,0.008973123287471551,gaussian,27,500
Inf,0.020262129994723065,0.010542374909208655,0.052302263490532845,0.028788079183922666,ptm,27,500
0.010182054784402095,0.010182054784402095,0.017519664476742122,0.07912427869382496,0.04923573504495291,skewnorm,27,500
0.013185220403864384,0.013185220403864384,0.015085935696493056,0.2374519060213599,0.057265617442207484,mixture,27,500
0.20357264166956002,0.20357264166956002,0.01366887716571696,0.6114137879357275,0.05708763661333397,u-shaped,27,500
0.04936476641615728,0.04936476641615728,0.01926415782972805,0.199165654478045,0.03384196496751232,unif,27,500
Inf,0.07901010270677908,0.04246973289310649,0.013371256885481292,0.04465744347075255,gaussian,28,25
0.033232105078613815,0.033232105078613815,0.029074393650470067,0.15177553965730348,0.06395104166595075,ptm,28,25
Inf,0.08030518568644798,0.03893711255891583,0.07985123826549415,0.023605764955398928,skewnorm,28,25
Inf,0.15853128139582676,0.05725959874306901,0.24281150988772177,0.05214828520643781,mixture,28,25
0.4288790689804362,0.4288790689804362,0.0353678459909892,0.5890083590474582,0.060878892471159615,u-shaped,28,25
0.19451713249005484,0.19451713249005484,0.03229597398659212,0.18748667936409,0.030856404690924148,unif,28,25
Inf,0.06139449850452575,0.032926523436777,0.0070169350597635545,0.02783652277999667,gaussian,28,50
Inf,0.06077258042110588,0.03741956096661232,0.17495849354759788,0.04539307872327155,ptm,28,50
Inf,0.06491568735683775,0.030326970769271655,0.07709649210000247,0.03550328128099975,skewnorm,28,50
0.08054501489408195,0.08054501489408195,0.05356497792199745,0.250237292839808,0.0570702965350886,mixture,28,50
0.35696026061465147,0.35696026061465147,0.018865285327614847,0.5865415813032425,0.056275080082751935,u-shaped,28,50
0.14200626724618043,0.14200626724618043,0.023063399551771283,0.17730725995996724,0.03564409524171666,unif,28,50
Inf,0.038104377172501674,0.014383189827053196,7.51967012202642e-4,0.0070309093010228986,gaussian,28,100
Inf,0.05752290618476661,0.060646386801816964,0.17050884617039433,0.04536880657189434,ptm,28,100
Inf,0.05692362686798893,0.03241783453567032,0.08573603787807514,0.047452783613352166,skewnorm,28,100
0.036946299501128495,0.036946299501128495,0.04327951304588976,0.24256201248810536,0.056405034891710816,mixture,28,100
0.3099868172301939,0.3099868172301939,0.028547908478547872,0.5881879278914822,0.057512648453274695,u-shaped,28,100
0.11395176982720412,0.11395176982720412,0.023779301097784065,0.17745179118447657,0.03844874895938798,unif,28,100
0.01387460305996467,0.01387460305996467,0.030364508955600937,0.006339380834499118,0.033185375213055666,gaussian,28,500
Inf,0.01744559324823783,0.007848094844175077,0.14909520664385176,0.05412540635819944,ptm,28,500
0.007993145093647128,0.007993145093647128,0.005105574806457934,0.07123936954523777,0.03382495911437989,skewnorm,28,500
0.009703033794666088,0.009703033794666088,0.008846208450625,0.23217743970030755,0.06037631935485905,mixture,28,500
0.19467540468786562,0.19467540468786562,0.00947454475828955,0.5861556932799981,0.05717505601068455,u-shaped,28,500
0.057019599669547075,0.057019599669547075,0.006261636509520757,0.1796080836892964,0.03302848414257626,unif,28,500
Inf,0.0921348422968309,0.04782688663855375,0.023765875341184562,0.05050663235733909,gaussian,29,25
Inf,0.11489995654275373,0.0459880200063962,0.1782556235696092,0.05339899043366397,ptm,29,25
Inf,0.3015454340753572,0.062308971031316225,0.16280187236952096,0.043636619445680806,skewnorm,29,25
Inf,0.11951967063924969,0.02627134458681564,0.23612888117510458,0.06560272442781585,mixture,29,25
0.6411141802779683,0.6411141802779683,0.050776104277845256,0.7500210287994551,0.07439024999235425,u-shaped,29,25
0.15030557356960234,0.15030557356960234,0.023606035495030583,0.21718074776211002,0.02876446249837087,unif,29,25
0.05991056765191537,0.05991056765191537,0.01776947073237465,-0.0011728602138548,0.007233890574590234,gaussian,29,50
Inf,0.10096919746953373,0.036000708996748426,0.21269079582114594,0.024352480553551197,ptm,29,50
Inf,0.2729331838760159,0.028217845770725482,0.1404846184379607,0.030874689827988723,skewnorm,29,50
Inf,0.0743323225829757,0.021790124284114504,0.23185154590750198,0.0627382117667989,mixture,29,50
0.5433681942720565,0.5433681942720565,0.04343507248824236,0.7399907535380709,0.07073981815022433,u-shaped,29,50
0.11856610115293194,0.11856610115293194,0.023873299672008297,0.21571432674059224,0.026336443885350964,unif,29,50
0.025060104449472684,0.025060104449472684,0.0345510510294744,0.002685141293230923,0.03260627225882286,gaussian,29,100
Inf,0.06916947778065083,0.034477494569049694,0.17197591956316566,0.04322355262097593,ptm,29,100
0.03453111663080446,0.03453111663080446,0.026355923316040104,0.09119466377346694,0.03684662417778146,skewnorm,29,100
0.032077255114588046,0.032077255114588046,0.039429032736762855,0.2370689846137057,0.0571328176837241,mixture,29,100
0.3932539028658884,0.3932539028658884,0.0372637559504123,0.7306095898158977,0.06317113768762975,u-shaped,29,100
0.1314121082976549,0.1314121082976549,0.028633639288261244,0.22044139107707744,0.03918707139828007,unif,29,100
0.0071604246013254975,0.0071604246013254975,0.018355666312260425,-9.800686297836674e-4,0.01541670953495452,gaussian,29,500
Inf,0.03371003678961957,0.01898389717650413,0.17269387422770055,0.04470417777962601,ptm,29,500
0.014870388328462965,0.014870388328462965,0.015643937996386054,0.09094083731077876,0.0466987379801497,skewnorm,29,500
0.006674657596587554,0.006674657596587554,0.02181959312670862,0.23092837762507967,0.05580267717554437,mixture,29,500
0.25816064052443793,0.25816064052443793,0.029595443668770333,0.7280032882923363,0.060245430605286886,u-shaped,29,500
0.05755249532411987,0.05755249532411987,0.012650472215929142,0.21478207611857092,0.0317645617779052,unif,29,500
0.05133745380412849,0.05133745380412849,0.0689877595254765,0.028675581165999182,0.06470195409900525,gaussian,30,25
0.09035473422950718,0.09035473422950718,0.05456836791082207,0.0443626118674749,0.03620401754693778,ptm,30,25
Inf,0.10133093632339962,0.047670401651249535,0.0924624740817667,0.05370329919587485,skewnorm,30,25
0.11536955521345957,0.11536955521345957,0.12188576830029836,0.32022321465667536,0.12498953294363464,mixture,30,25
0.39486282887757057,0.39486282887757057,0.08952058417979024,0.5968024098646482,0.07393464443720392,u-shaped,30,25
0.1638804305504453,0.1638804305504453,0.07923013252166447,0.2311335755148637,0.06916143924042444,unif,30,25
0.06277046011824247,0.06277046011824247,0.06937535770522975,0.03228251683848137,0.06519695713960952,gaussian,30,50
0.03544296212010828,0.03544296212010828,0.025618812474029095,0.01846362605584926,0.022397795506240173,ptm,30,50
0.04378981886655024,0.04378981886655024,0.04241104124266969,0.08114391076846282,0.057114381935367525,skewnorm,30,50
0.09604607191227543,0.09604607191227543,0.10098739937758543,0.2912197576032221,0.1058494906680369,mixture,30,50
0.3517520362205873,0.3517520362205873,0.0836722150141567,0.5908361404951571,0.07030108453740144,u-shaped,30,50
0.1440172799366477,0.1440172799366477,0.05983583531565851,0.2360282069037414,0.05951539009750349,unif,30,50
0.019693329053032463,0.019693329053032463,0.0332231720224923,0.004417084770491207,0.02082376360110849,gaussian,30,100
0.05449790596536555,0.05449790596536555,0.011452177177882472,0.05712837491628087,0.04490002458601817,ptm,30,100
0.039954675086955736,0.039954675086955736,0.05246391330996549,0.08784485646625322,0.07079779358670468,skewnorm,30,100
0.05670866939637479,0.05670866939637479,0.07518240829843577,0.2636458564468476,0.08289009261701105,mixture,30,100
0.29683699560088334,0.29683699560088334,0.045872557047579546,0.5675032747974998,0.059057990435518876,u-shaped,30,100
0.10205661605402971,0.10205661605402971,0.06438717559546152,0.2201011110784511,0.05734009558614974,unif,30,100
0.014707711601159796,0.014707711601159796,0.029699868206195246,0.007293254685111566,0.02467721576380573,gaussian,30,500
0.012822907632421896,0.012822907632421896,0.011574019958292313,0.020612433598704058,0.023856186646781408,ptm,30,500
0.01830244622186255,0.01830244622186255,0.03634926902446632,0.07980276911319907,0.0587417642355355,skewnorm,30,500
0.011785547163269175,0.011785547163269175,0.020029099662886317,0.23518598096767623,0.0613023877625592,mixture,30,500
0.18561215452947719,0.18561215452947719,0.029688707173797936,0.5641912826946791,0.0560627077020409,u-shaped,30,500
0.05626739317531576,0.05626739317531576,0.029120511547111625,0.2060405258850813,0.03348590644799472,unif,30,500
0.009130925828165451,0.009130925828165451,0.027820523792775945,0.024207102870450015,0.028776871299153708,gaussian,31,25
Inf,0.5350165566028114,0.06002229572573385,0.1912978518027466,0.05708863400835864,ptm,31,25
Inf,0.13929944687611745,0.05470492033824826,0.11126033393863805,0.029337421392822388,skewnorm,31,25
0.1348106352784999,0.1348106352784999,0.09969919620501609,0.33252115152582074,0.09871954654643661,mixture,31,25
0.43416880135440034,0.43416880135440034,0.03788646396080625,0.6276255151271598,0.06299235954102937,u-shaped,31,25
0.13543993654764144,0.13543993654764144,0.03756624697181679,0.19568103557283853,0.03891108440128745,unif,31,25
0.01972685949706429,0.01972685949706429,0.055851268820906526,0.024748507491548753,0.055944443932567194,gaussian,31,50
Inf,0.10749589959301457,0.052420785887809504,0.19984413899131853,0.0855171004587416,ptm,31,50
Inf,0.1130650025188069,0.05246875532781749,0.11062683703675306,0.025557945956630853,skewnorm,31,50
0.0537186112302131,0.0537186112302131,0.061408150252496047,0.28460200542864034,0.07154556962597215,mixture,31,50
0.3793539047001496,0.3793539047001496,0.057909559819933454,0.6449345108090526,0.07055986358052523,u-shaped,31,50
0.10720471659144266,0.10720471659144266,0.05073137877610144,0.20947783105379394,0.05183677475263474,unif,31,50
Inf,0.016937616430296103,0.011712110241567094,0.005047736932138154,0.010507451917580709,gaussian,31,100
Inf,0.04107465859046761,0.025341776242844744,0.19384095042246727,0.07410527770648,ptm,31,100
Inf,0.08391291131220228,0.03909214996951811,0.10574533865534808,0.023400091676079343,skewnorm,31,100
0.047852648035349284,0.047852648035349284,0.05080994659936631,0.27671228897077976,0.0644366033895138,mixture,31,100
0.35169509113715075,0.35169509113715075,0.04136443687460169,0.6364225485417356,0.06965661825962334,u-shaped,31,100
0.10416535640858471,0.10416535640858471,0.044782308584410305,0.20889103524916314,0.05131819437375419,unif,31,100
0.007159402157712425,0.007159402157712425,0.011949141305538537,2.8909473590162316e-4,0.005469669802876071,gaussian,31,500
Inf,0.02650917584969248,0.011596749860510258,0.18807502280379823,0.0656351526735681,ptm,31,500
Inf,0.01942380240500176,0.023207143637023288,0.09674929747371408,0.05584347851223093,skewnorm,31,500
0.013941840636227384,0.013941840636227384,0.007972297729084211,0.26289116498338866,0.05800435640135814,mixture,31,500
0.22014273797805903,0.22014273797805903,0.013229436968665022,0.6259420936298471,0.059238397094334226,u-shaped,31,500
0.057472637809127675,0.057472637809127675,0.009142998204981406,0.18682730875521264,0.03472822315114543,unif,31,500
Inf,0.5231544967783954,0.09036859681797843,0.47410581453210543,0.09929298314323184,gaussian,32,25
0.10406741074519371,0.10406741074519371,0.09465846027194849,0.12460536732554492,0.09857362299256857,ptm,32,25
Inf,0.5776173152727787,0.07060218066630587,0.22480125642540977,0.06135981974160399,skewnorm,32,25
0.23673259115307832,0.23673259115307832,0.06807607769548746,0.3113603481230704,0.07929515953913985,mixture,32,25
0.5116555353307997,0.5116555353307997,0.09494244969516591,0.7321597770680741,0.09373460710398065,u-shaped,32,25
0.22850534108670323,0.22850534108670323,0.11025136274907947,0.3820894007766599,0.10976183815485478,unif,32,25
Inf,0.08022277958828469,0.03293182041792874,0.0575807648336574,0.03604453683466475,gaussian,32,50
0.05916473591955757,0.05916473591955757,0.07860954736108845,0.11496803522933607,0.07892304058272641,ptm,32,50
Inf,0.3219740960719933,0.04687159708024025,0.31853208058254573,0.05820336370726881,skewnorm,32,50
0.15200419944758392,0.15200419944758392,0.06699609862149351,0.3126498506972885,0.07937305468704438,mixture,32,50
0.3614263774928548,0.3614263774928548,0.029737811364356968,0.6360114451382262,0.065905085414947,u-shaped,32,50
0.19905957214585887,0.19905957214585887,0.10420954960317243,0.3110436336160718,0.10267912450664557,unif,32,50
Inf,0.04832332416963456,0.010699472176894693,0.025425788452884776,0.027983227888789246,gaussian,32,100
0.04187705558099335,0.04187705558099335,0.05181639961435778,0.09454958584517031,0.057927046549444534,ptm,32,100
Inf,0.06093380778247307,0.03735763452381258,0.11043348925427476,0.02875476270280047,skewnorm,32,100
0.05188640242597518,0.05188640242597518,0.028171061159988752,0.24673176932077268,0.06318746189460438,mixture,32,100
0.3176662761414612,0.3176662761414612,0.022466028891102777,0.6349901629182958,0.06453892805840039,u-shaped,32,100
0.09618145104530441,0.09618145104530441,0.024205486089139173,0.18572073166370104,0.034242161368938276,unif,32,100
9.955201284930792e-4,9.955201284930792e-4,0.003742947806594433,0.002105011373294824,0.007299793447037677,gaussian,32,500
0.013173833394631868,0.013173833394631868,0.012533145375740799,0.07354146738563239,0.03515118214220227,ptm,32,500
Inf,0.030201082491751356,0.015430108689908751,0.07542629712376489,0.031838592849028576,skewnorm,32,500
0.004965954653278419,0.004965954653278419,0.014321748192974916,0.23393263637544703,0.056038179538776434,mixture,32,500
0.22803911292876375,0.22803911292876375,0.01341962954277723,0.6342469143906807,0.06286970516471464,u-shaped,32,500
0.06937142199450362,0.06937142199450362,0.010052228126120341,0.17989403441450302,0.0346010521608488,unif,32,500
Inf,0.1734027508365625,0.0685999425510727,0.08041124401856939,0.0483849839210278,gaussian,33,25
Inf,0.0854702064239709,0.05066722349654224,0.1106930007658147,0.03245957102653152,ptm,33,25
0.054559150941657614,0.054559150941657614,0.028143435053370826,0.08541981700333305,0.034454233113804786,skewnorm,33,25
0.1124847310798599,0.1124847310798599,0.05323930448291704,0.284197877503667,0.08699813364346887,mixture,33,25
0.567069481428304,0.567069481428304,0.06081249603304967,0.66644901231534,0.07907702759622676,u-shaped,33,25
0.12758293961509953,0.12758293961509953,0.022788807427083068,0.17679628962794788,0.036590056842295673,unif,33,25
0.059935305284227844,0.059935305284227844,0.051320462756433566,0.041783346969395445,0.052638681628011094,gaussian,33,50
Inf,0.07616915887966003,0.06908877437284207,0.1256046628808301,0.0483829682837339,ptm,33,50
0.04304166846476981,0.04304166846476981,0.018276127418118446,0.09983263959020561,0.049477524852373764,skewnorm,33,50
Inf,0.07874775027277765,0.031915605823013414,0.2608763652776555,0.07403551000079577,mixture,33,50
0.43987451143844497,0.43987451143844497,0.03820988826289533,0.638926586617229,0.06810496357102692,u-shaped,33,50
0.11475214035864786,0.11475214035864786,0.019026233298841785,0.18643093642992936,0.04510535497437954,unif,33,50
0.012781382131754317,0.012781382131754317,0.011959689236608584,5.269274310354512e-4,0.016834032845339013,gaussian,33,100
Inf,0.040557351484791206,0.033587970222960804,0.10432076202837935,0.029870704489974174,ptm,33,100
0.03704066691422401,0.03704066691422401,0.023560998442759187,0.10110110517700142,0.055139542153895056,skewnorm,33,100
Inf,0.06282090984319333,0.026248756238412073,0.2553679760793881,0.06965146610198765,mixture,33,100
0.36620129507659127,0.36620129507659127,0.024538730070483385,0.6357524344367937,0.06346967170522741,u-shaped,33,100
0.09696698461391587,0.09696698461391587,0.014176952708038813,0.17851546681416466,0.03657674745165997,unif,33,100
0.004914419539512376,0.004914419539512376,0.0042637630309410954,2.5232502745735195e-4,0.0015609814811110628,gaussian,33,500
Inf,0.02426247969817767,0.010874272462425973,0.09981078811896528,0.035642713865067135,ptm,33,500
0.00872451197835922,0.00872451197835922,0.012401045211688848,0.08141460506935821,0.0315459847670223,skewnorm,33,500
0.01727745224345196,0.01727745224345196,0.01190476427163831,0.25126201264743,0.060296461000863784,mixture,33,500
0.25607474660522384,0.25607474660522384,0.009789661690161768,0.6334653162727258,0.05920182463906676,u-shaped,33,500
0.055398104940002454,0.055398104940002454,0.0067701393627930375,0.17716030254778262,0.03477670231668002,unif,33,500
Inf,0.03304935444359226,0.024770296312516458,8.786214216872695e-5,0.009186288754591031,gaussian,34,25
0.1225269569383175,0.1225269569383175,0.03852778914079367,0.16378749065624243,0.05197397028472715,ptm,34,25
Inf,0.19604672152731217,0.036783675666581875,0.12447359229435492,0.029701340471285576,skewnorm,34,25
0.1352003934549077,0.1352003934549077,0.0993512567799319,0.29886552477113,0.10290635991006908,mixture,34,25
0.3862123667801497,0.3862123667801497,0.03412525451711942,0.5941753574624729,0.05939867559980527,u-shaped,34,25
0.09676657047738164,0.09676657047738164,0.018180660874400123,0.17046267628459605,0.0373036441598604,unif,34,25
0.013114453894383421,0.013114453894383421,0.02289347754403361,-0.0013966084084491956,0.01945953648970467,gaussian,34,50
0.029972267573472846,0.029972267573472846,0.01444327190091796,0.15865742688162549,0.04545414690556154,ptm,34,50
Inf,0.10965100307742111,0.021813630174455534,0.11753535111536163,0.033341055601867314,skewnorm,34,50
0.08285895751385967,0.08285895751385967,0.035845709282281965,0.24941303954241711,0.06315994632600871,mixture,34,50
0.33496870538561535,0.33496870538561535,0.029345455467584464,0.5953365646608391,0.06148565799014967,u-shaped,34,50
0.14102444075894385,0.14102444075894385,0.03298061872673644,0.17563285685957702,0.033517679540481266,unif,34,50
0.013887315636662756,0.013887315636662756,0.017877585346499487,-9.189944731753564e-4,0.0027119540809857723,gaussian,34,100
0.03616168222195987,0.03616168222195987,0.025918779669700846,0.16155210850953577,0.05063891964561422,ptm,34,100
Inf,0.03667369949027648,0.009696491452660098,0.08823576889442551,0.03837962363758161,skewnorm,34,100
0.0443881958427338,0.0443881958427338,0.02787945301280848,0.24967563914543228,0.05598945452138677,mixture,34,100
0.33264916460999594,0.33264916460999594,0.028994928704740817,0.600236966285059,0.06620015647440454,u-shaped,34,100
0.08892740936022414,0.08892740936022414,0.018545154687076834,0.17226885691506494,0.03210327786821102,unif,34,100
0.00421501894323724,0.00421501894323724,0.009133956328868148,6.815433507206403e-4,0.0017523787303582027,gaussian,34,500
0.011311088636203236,0.011311088636203236,0.02160680188834462,0.161396418073718,0.05237791772465602,ptm,34,500
0.02023043757018674,0.02023043757018674,0.007608924751944794,0.0901984887367312,0.036155440428480595,skewnorm,34,500
0.011437770166191385,0.011437770166191385,0.010712223937804055,0.24887884849122782,0.05622008034175189,mixture,34,500
0.18848166608961395,0.18848166608961395,0.010493282691909288,0.5936657822359364,0.05861895378445473,u-shaped,34,500
0.04790265387728435,0.04790265387728435,0.02667608211077369,0.1741705290958626,0.03537325946819633,unif,34,500
0.05821605658863845,0.05821605658863845,0.09329577737153211,0.042276029472229935,0.0965707773674545,gaussian,35,25
Inf,0.14540069829744875,0.030948853177078402,0.2236103897358813,0.08951027983699207,ptm,35,25
0.06958353766954867,0.06958353766954867,0.06564329392111894,0.1094635321712874,0.08996090293213131,skewnorm,35,25
Inf,0.13293690334987707,0.07878599679793909,0.2590288023821865,0.0604586092446788,mixture,35,25
0.4899958107732581,0.4899958107732581,0.09006147701530276,0.6947620210819707,0.07781879069882243,u-shaped,35,25
0.1983777136636245,0.1983777136636245,0.07560412720060376,0.20879348985267843,0.07501031347710564,unif,35,25
0.04962914188975071,0.04962914188975071,0.09932811012278299,0.04830851894120867,0.10390186907648027,gaussian,35,50
Inf,0.10859676953007466,0.04147801180600613,0.18997095163885236,0.08423873656095764,ptm,35,50
0.04740304113885776,0.04740304113885776,0.03644298919537102,0.07307965660529818,0.02744973324965033,skewnorm,35,50
0.05748901916612463,0.05748901916612463,0.03967306736208154,0.24162732697304,0.05198824831807947,mixture,35,50
0.40922960007883713,0.40922960007883713,0.07338576270153377,0.6801404456132604,0.06637497289654073,u-shaped,35,50
0.12739966664003838,0.12739966664003838,0.060636218884827724,0.19069279491890934,0.0595043600840011,unif,35,50
0.012788620186371955,0.012788620186371955,0.049417345755462555,0.006667651123362999,0.053752341742712074,gaussian,35,100
Inf,0.09085777061702839,0.0161030306968872,0.13623101354748976,0.054347376100246134,ptm,35,100
0.009934446760076932,0.009934446760076932,0.016345249956416556,0.06806295958685292,0.048121361396704664,skewnorm,35,100
Inf,0.04984203958061858,0.051492032245662595,0.24846319840112335,0.06367859630716571,mixture,35,100
0.36990608737694824,0.36990608737694824,0.061867406325379626,0.6745740865696864,0.06623854246341444,u-shaped,35,100
0.11654706607181772,0.11654706607181772,0.05416673341593358,0.19329271583823115,0.06039603990941605,unif,35,100
0.014426902252881015,0.014426902252881015,0.02098445069021225,-0.001726759558100762,0.026724584526846108,gaussian,35,500
Inf,0.04773914308159739,0.01359858527272406,0.13502050915569344,0.05465693059402629,ptm,35,500
0.0065088478131714094,0.0065088478131714094,0.014667180626206281,0.06860998272643018,0.041240963496340495,skewnorm,35,500
0.012363334552916345,0.012363334552916345,0.031144332153036258,0.24029899185449213,0.06059903157577924,mixture,35,500
0.2639417151669961,0.2639417151669961,0.019785790882788333,0.6610685373596793,0.05718605725043909,u-shaped,35,500
0.03952399027837089,0.03952399027837089,0.029856940684590966,0.17519049738028486,0.04179051120452879,unif,35,500
0.014455251158528854,0.014455251158528854,0.020835390789870824,0.01709938108727704,0.024769651198556505,gaussian,36,25
0.04702153743471924,0.04702153743471924,0.06666686795332605,0.04907250697796955,0.0715962176860377,ptm,36,25
Inf,0.10394561604718308,0.020514883103344424,0.16362503651912289,0.031443233877697326,skewnorm,36,25
0.0629354500335093,0.0629354500335093,0.06427806518443091,0.257759908090745,0.0729158277284508,mixture,36,25
0.43389283335935874,0.43389283335935874,0.0471319902981661,0.6536009993263158,0.060721086350261376,u-shaped,36,25
0.1781702374423793,0.1781702374423793,0.06615649429890882,0.20999767030715655,0.06873719903238039,unif,36,25
0.01749955340326144,0.01749955340326144,0.03785018698334291,0.01758688225728879,0.04107944521408977,gaussian,36,50
Inf,0.08194238031074576,0.01359993334265131,0.01984503639039671,0.0237155327738139,ptm,36,50
Inf,0.13495022971810816,0.0505138520068858,0.23841281322559504,0.03885005646912462,skewnorm,36,50
0.02431674281691618,0.02431674281691618,0.015991048178290196,0.23525903852545366,0.056381410717819026,mixture,36,50
0.4157775137628194,0.4157775137628194,0.025311934370381525,0.6454728594291124,0.05934560428703963,u-shaped,36,50
0.12626198714468095,0.12626198714468095,0.022821391032370273,0.17271174633103717,0.04570222380180374,unif,36,50
Inf,0.024313906678992452,0.017839054419553083,0.02240461176681755,0.022900086782371334,gaussian,36,100
Inf,0.047760948353812824,0.022536590154192505,0.01642388087351361,0.016989691807414088,ptm,36,100
Inf,0.05081946233911293,0.02969661785104907,0.14896124282740986,0.028183884313603334,skewnorm,36,100
0.041268637053321115,0.041268637053321115,0.016823964856818443,0.23896960457786184,0.06530993762000034,mixture,36,100
0.36857017264277203,0.36857017264277203,0.025978554294457522,0.6474094513876536,0.06314051142698238,u-shaped,36,100
0.10005508815222344,0.10005508815222344,0.012308820173804537,0.16685915734733064,0.032215863743060694,unif,36,100
0.008483701844516783,0.008483701844516783,0.005589753659419924,0.0014963435139961874,0.00697879900053514,gaussian,36,500
0.00846624384653717,0.00846624384653717,0.012091263265830456,0.01577908860932485,0.021962119288171003,ptm,36,500
0.01752084003075921,0.01752084003075921,0.028143465357922493,0.10557863698198043,0.024473242604360162,skewnorm,36,500
0.01785527974246494,0.01785527974246494,0.015921174832886055,0.23826093950282046,0.06331222042673987,mixture,36,500
0.24054815414843772,0.24054815414843772,0.010372472395571855,0.644973893715178,0.05789849559587281,u-shaped,36,500
0.052837280062113835,0.052837280062113835,0.020800764554201163,0.16744178569993298,0.03861998272079873,unif,36,500
0.05092206453580243,0.05092206453580243,0.028672383364402573,0.011364236057838867,0.023989799785495432,gaussian,37,25
0.19416486305126454,0.19416486305126454,0.10665672510523347,0.19016345584904823,0.09196103560634401,ptm,37,25
Inf,0.26090939187586015,0.06504465526996475,0.0859450192253121,0.025412702858574995,skewnorm,37,25
0.13062207406042775,0.13062207406042775,0.053101885094173344,0.24709721349151986,0.05365043592357075,mixture,37,25
0.4956783558334831,0.4956783558334831,0.060393942053231967,0.6179902818223788,0.06854326448571434,u-shaped,37,25
0.12652738797977006,0.12652738797977006,0.04322273747133508,0.20232091773560482,0.044673955843745575,unif,37,25
0.034303551577036955,0.034303551577036955,0.015818993737021003,0.008440313768605844,0.03216274528105702,gaussian,37,50
0.15401295008965388,0.15401295008965388,0.11075565278810368,0.1268221239643782,0.09411184050758573,ptm,37,50
Inf,0.12568169749440367,0.033255950310259574,0.07720955150062751,0.02945865819852914,skewnorm,37,50
0.13625843469280002,0.13625843469280002,0.044279736256778154,0.24204687053406235,0.04983909411313795,mixture,37,50
0.36690590901059145,0.36690590901059145,0.03128567445671206,0.5991192165688602,0.057327204034635086,u-shaped,37,50
0.1061798986782465,0.1061798986782465,0.02982151471168675,0.18791848181669008,0.026684970888947657,unif,37,50
0.01333414379473429,0.01333414379473429,0.020970907693389232,0.005607626829792676,0.025065556981231165,gaussian,37,100
0.06033070310871492,0.06033070310871492,0.045002627440881376,0.06744264492830244,0.04629157193619261,ptm,37,100
Inf,0.09638499997445232,0.04677472404181027,0.08186616780141294,0.027755516041534877,skewnorm,37,100
0.02955398424998899,0.02955398424998899,0.018227143775131606,0.22584425713478817,0.05832507819083397,mixture,37,100
0.2806052679427133,0.2806052679427133,0.022024177316345414,0.5962911521548578,0.05377676375021471,u-shaped,37,100
0.09148263873892507,0.09148263873892507,0.01650198891147407,0.18339234466292129,0.031733338448354506,unif,37,100
0.008864849032150755,0.008864849032150755,0.013769308784865512,3.3802205386141934e-4,0.005088823178136509,gaussian,37,500
Inf,0.04070162343230214,0.013190484231849538,0.03771639693177508,0.012331533026160421,ptm,37,500
0.00829029761126798,0.00829029761126798,0.011788156299690355,0.0756873965436268,0.03248443838790663,skewnorm,37,500
0.007426469348467248,0.007426469348467248,0.016202096099970257,0.22583507685915657,0.05747801604638691,mixture,37,500
0.19948031969164795,0.19948031969164795,0.014271504280647811,0.595510634935911,0.055766039239741355,u-shaped,37,500
0.049216960398132815,0.049216960398132815,0.02119923450508793,0.18304093971884633,0.03371085341333855,unif,37,500
Inf,0.8634475353223882,0.049668233377179224,0.02915044377617558,0.04220620212469401,gaussian,38,25
Inf,0.5535756843202989,0.0864776487335646,0.385800113119366,0.08856130470585925,ptm,38,25
0.10644438754341132,0.10644438754341132,0.05916398226874755,0.09858249073530334,0.0417585562153689,skewnorm,38,25
0.09070959676263646,0.09070959676263646,0.052051182183238745,0.25398479551184994,0.07708835818095151,mixture,38,25
0.5279525728191468,0.5279525728191468,0.062287058182448576,0.566475622496472,0.07688250785609466,u-shaped,38,25
0.14859932459585556,0.14859932459585556,0.08851338264197049,0.2079931903428132,0.08543155792069583,unif,38,25
0.010165485746452705,0.010165485746452705,0.012972847473431299,-7.739749335516896e-4,0.013315474403127962,gaussian,38,50
Inf,0.0939286394500112,0.031687526183876845,0.05477754166196801,0.021969132535511617,ptm,38,50
0.08314192242354763,0.08314192242354763,0.061774096615451475,0.09539862190169175,0.031019034620515296,skewnorm,38,50
0.03546237947238566,0.03546237947238566,0.027547635646971776,0.23828039213760807,0.06956196274886918,mixture,38,50
0.3419300466918531,0.3419300466918531,0.04434680584779323,0.5499028522749421,0.07052861092635487,u-shaped,38,50
0.10227289419413091,0.10227289419413091,0.03658661294747083,0.16017406626199868,0.04468625315291664,unif,38,50
Inf,0.08944323665969695,0.020636586986506868,-0.002518681882914786,0.0111399066797726,gaussian,38,100
Inf,0.1226415800996111,0.020190015185824053,0.0629825500451641,0.017743254010714016,ptm,38,100
0.06550097255554943,0.06550097255554943,0.0330934969862581,0.08215590548509871,0.023557832260025446,skewnorm,38,100
0.02328940642158044,0.02328940642158044,0.020315081027158448,0.23765064742948272,0.06416959894817743,mixture,38,100
0.3262914284429328,0.3262914284429328,0.033924896838987945,0.5471872744767455,0.0664018171931394,u-shaped,38,100
0.0737506209558261,0.0737506209558261,0.015170992193395901,0.15571364223328674,0.03308869683497818,unif,38,100
0.015014007531707176,0.015014007531707176,0.014385961510368436,-0.0023691806441582513,0.010472920015547437,gaussian,38,500
Inf,0.03725929894919248,0.009208394439272303,0.041845067688044406,0.008504006119826,ptm,38,500
0.011005376547998982,0.011005376547998982,0.01923789370735587,0.07613576699940658,0.02741864424813467,skewnorm,38,500
0.011147813251960813,0.011147813251960813,0.018510037850450387,0.23919572122250185,0.0595786277866111,mixture,38,500
0.1883175804023594,0.1883175804023594,0.017989083601950402,0.5464405352591658,0.06324226047020723,u-shaped,38,500
0.036330004626307054,0.036330004626307054,0.011499037078810023,0.15484765404570158,0.03530851980846259,unif,38,500
Inf,0.15974901763836474,0.050718149036610295,0.21004708602693306,0.06799831778364657,gaussian,39,25
Inf,0.12321706123461378,0.022423317186246437,0.41991480673446707,0.12241535375050215,ptm,39,25
Inf,0.05674873292079623,0.027972050618764926,0.08352256100319984,0.04228196578917098,skewnorm,39,25
0.20947424478672202,0.20947424478672202,0.07421427889578575,0.29476249607176064,0.07484226923928208,mixture,39,25
0.4571584056168416,0.4571584056168416,0.06858222373782036,0.6483295872861633,0.08196284400480285,u-shaped,39,25
0.11270865996419092,0.11270865996419092,0.034819805619795446,0.2082645190676896,0.05509165469214214,unif,39,25
0.05385078533677559,0.05385078533677559,0.04088712603799143,0.008878554467198228,0.03132805040039745,gaussian,39,50
Inf,0.171617796863146,0.025264890863704134,0.2747338168003328,0.08276355641335117,ptm,39,50
Inf,0.062119596424706415,0.05116488095908253,0.09963155505115397,0.06759458153411747,skewnorm,39,50
0.11766414297790953,0.11766414297790953,0.07846935190829071,0.29417296002315774,0.08857950946658348,mixture,39,50
0.3364510862719452,0.3364510862719452,0.022610432133379627,0.6070536526037332,0.05474695947867049,u-shaped,39,50
0.12297539821244576,0.12297539821244576,0.05476327155375277,0.23595216102965888,0.06737756182149568,unif,39,50
0.031608946566003375,0.031608946566003375,0.018590223076253565,8.695698042249819e-4,0.014832810662797541,gaussian,39,100
Inf,0.11803965997419424,0.03203841572092721,0.22741880085882205,0.06567935046177704,ptm,39,100
Inf,0.052279349034841785,0.02995601531794179,0.08428527009512755,0.052419952303602274,skewnorm,39,100
0.032300480750713303,0.032300480750713303,0.04783531227904213,0.2653627616292726,0.06308045425064675,mixture,39,100
0.2969901610838195,0.2969901610838195,0.024759228311801218,0.6084714616885483,0.05632169884638569,u-shaped,39,100
0.0836232573456889,0.0836232573456889,0.0438709308733988,0.19813287864375692,0.04699262343247212,unif,39,100
0.016665915003994086,0.016665915003994086,0.010046952208992686,0.002826924699493705,0.010378153041016316,gaussian,39,500
Inf,0.026941760613008264,0.006034101001328195,0.20381419736582146,0.06328772300050614,ptm,39,500
Inf,0.03021597792570701,0.02782063642274955,0.08807369646799654,0.05180274093878367,skewnorm,39,500
0.012092656993708704,0.012092656993708704,0.012091932199528657,0.25304915411046236,0.06015620129872297,mixture,39,500
0.20613591160944392,0.20613591160944392,0.012766086117120498,0.6066683048297408,0.05615263022173409,u-shaped,39,500
0.045695597901714326,0.045695597901714326,0.01592711717107821,0.18858806384773344,0.035279299493214976,unif,39,500
Inf,0.06744587334342947,0.04726788755838504,0.0039052384703138184,0.020354990504240313,gaussian,40,25
Inf,0.14224058738368725,0.054785335240598615,0.1281877363484285,0.026692469219481544,ptm,40,25
Inf,0.22554781989619294,0.0923675512647849,0.1071279233827539,0.10017342388948054,skewnorm,40,25
0.06701212673723779,0.06701212673723779,0.04873000688240948,0.26587763213146726,0.061577767410374906,mixture,40,25
0.5344324940871831,0.5344324940871831,0.06343876580077505,0.6768821381465895,0.04674110159265976,u-shaped,40,25
0.12136674681369732,0.12136674681369732,0.04346955191031438,0.19104757113891027,0.0415478454329645,unif,40,25
0.048464333961479374,0.048464333961479374,0.04325004415733673,0.003619568240937022,0.011589317951578536,gaussian,40,50
Inf,0.130321584555165,0.04976798100402005,0.14115913040166647,0.029964730742608456,ptm,40,50
Inf,0.0868609575169401,0.06273426172122748,0.085868795704194,0.0740933312771045,skewnorm,40,50
0.06526735596225175,0.06526735596225175,0.03841317247551772,0.26482148533847805,0.055830676441048284,mixture,40,50
0.3937854032255424,0.3937854032255424,0.06434172628866958,0.6647603680690236,0.0561791721055082,u-shaped,40,50
0.08707270032728173,0.08707270032728173,0.032148310636697056,0.18590085767814693,0.03745748641878353,unif,40,50
0.021329416446321123,0.021329416446321123,0.0346344868316934,0.0025302176604051806,0.018540383679698423,gaussian,40,100
Inf,0.11480658445082494,0.015096012100983621,0.1462112088998394,0.012388560777155265,ptm,40,100
Inf,0.0548119828596765,0.027499855604916322,0.07660127464491077,0.04111758839712885,skewnorm,40,100
0.034587088528129625,0.034587088528129625,0.018106930083551173,0.24782046650450118,0.0537828376790147,mixture,40,100
0.31164381393820934,0.31164381393820934,0.02736954512413436,0.6513599130337973,0.052933695617177784,u-shaped,40,100
0.07082231183728653,0.07082231183728653,0.016387530607647794,0.1785233968263817,0.03245302135540884,unif,40,100
0.006735818751200932,0.006735818751200932,0.016787680324423893,0.0010058390550945339,0.011182084410389839,gaussian,40,500
0.017937804014577216,0.017937804014577216,0.011530235024350471,0.1296672572419677,0.045701381680405516,ptm,40,500
Inf,0.03522858563157976,0.013883847023825873,0.08564708334388624,0.03537868977417627,skewnorm,40,500
0.008762927317726998,0.008762927317726998,0.00745710039515613,0.2475687297622711,0.057239235355983124,mixture,40,500
0.22418719096836642,0.22418719096836642,0.011258190753648742,0.6499650514050829,0.05800105090117231,u-shaped,40,500
0.04299254811587117,0.04299254811587117,0.008310194546093531,0.17918520221042106,0.03369699888063016,unif,40,500
Inf,0.0990125582922399,0.09265438970309314,0.06599594167281587,0.09710580130451513,gaussian,41,25
Inf,0.10157014265525773,0.05295084043739152,0.09902554777622344,0.029775745216308155,ptm,41,25
Inf,0.2477709811258101,0.040047067028400433,0.19866774362797107,0.05489575581853047,skewnorm,41,25
0.14234191219985082,0.14234191219985082,0.05500113979402007,0.2540187859554223,0.060861010646058075,mixture,41,25
0.42028473687647594,0.42028473687647594,0.02909761720771953,0.6169336633068035,0.05308484984140575,u-shaped,41,25
0.21380831629658295,0.21380831629658295,0.08961941124738558,0.2204951884016423,0.07950609720161708,unif,41,25
0.03292866093943936,0.03292866093943936,0.044769973335923634,0.01581852183659006,0.04529394295494025,gaussian,41,50
Inf,0.0728276918523757,0.04757094532093787,0.09066289738582567,0.017397499149785122,ptm,41,50
Inf,0.10391498262424714,0.039800621961989434,0.10351399746835244,0.04912877798165703,skewnorm,41,50
0.09121595742774757,0.09121595742774757,0.06772078081741338,0.26380686908583595,0.06946657375297104,mixture,41,50
0.39255641315759243,0.39255641315759243,0.05533841793622853,0.6252743552827775,0.06438218546849737,u-shaped,41,50
0.14094435315075063,0.14094435315075063,0.09550807727169439,0.227478760738888,0.09049040227165998,unif,41,50
0.038027859936560486,0.038027859936560486,0.05134491746935351,0.020561448310390543,0.05228269740718824,gaussian,41,100
0.08623677279920039,0.08623677279920039,0.05597236194461167,0.2047704562337163,0.07994267649384951,ptm,41,100
0.030226512406517806,0.030226512406517806,0.0197563151961239,0.09132020270174722,0.02644155590429905,skewnorm,41,100
0.060968364700936153,0.060968364700936153,0.023018408404236315,0.2517231967551588,0.05282419421751642,mixture,41,100
0.3492809177251981,0.3492809177251981,0.052434006629765634,0.6271211228906219,0.06881961907281574,u-shaped,41,100
0.07488108434335757,0.07488108434335757,0.027556279023169122,0.1779603837220185,0.03204023271443392,unif,41,100
0.012259747728537017,0.012259747728537017,0.009697522316577552,6.981886583986968e-4,0.0071473486045820584,gaussian,41,500
0.013359041971858467,0.013359041971858467,0.0168470971265651,0.09098068855665632,0.02618159580278611,ptm,41,500
0.023887851447314694,0.023887851447314694,0.011648075168045738,0.08651528352352583,0.03432443938883445,skewnorm,41,500
0.015207527377891116,0.015207527377891116,0.011742700855892843,0.2409333100618347,0.05967073427090452,mixture,41,500
0.2115594810953299,0.2115594810953299,0.00888360936614111,0.6145667371885111,0.05971760150415099,u-shaped,41,500
0.039636507961924264,0.039636507961924264,0.01994454218073586,0.1746780032176266,0.036151752453857204,unif,41,500
0.1638134626486121,0.1638134626486121,0.07554303835307899,0.07116179662743555,0.05665735060839234,gaussian,42,25
Inf,0.1331450603365633,0.031286635222557535,0.09385178094328828,0.03828320849539479,ptm,42,25
0.11257985883241327,0.11257985883241327,0.05700126578114911,0.1362415267054211,0.07186609006736802,skewnorm,42,25
0.1090932955131251,0.1090932955131251,0.05409335702409744,0.2541602242904695,0.05422517669602148,mixture,42,25
0.47733151903762133,0.47733151903762133,0.042312811981986526,0.6113691375686516,0.06436638986485019,u-shaped,42,25
0.18589327356523014,0.18589327356523014,0.10597221573871642,0.27073350757723846,0.10088321859652834,unif,42,25
0.04818868874937383,0.04818868874937383,0.029902848171326574,0.01800997474529364,0.02362131325053422,gaussian,42,50
Inf,0.11889731657668001,0.04222876750077727,0.07843168717164377,0.027641490784599786,ptm,42,50
0.056723151623010976,0.056723151623010976,0.03906571402820689,0.09995762892661841,0.06407628191015223,skewnorm,42,50
0.049238851559630696,0.049238851559630696,0.033994786916368404,0.23881074496912635,0.055641797837436835,mixture,42,50
0.3878127024976537,0.3878127024976537,0.020060535188677613,0.6071291919176738,0.06054592637626378,u-shaped,42,50
0.17132379291474584,0.17132379291474584,0.09715444258496221,0.2534836141440746,0.08921918811875772,unif,42,50
0.02463044336290957,0.02463044336290957,0.02741210116144455,0.0023043312195459346,0.010076929892027577,gaussian,42,100
Inf,0.09327647991193644,0.011852292472965766,0.0725622634458466,0.0262708404862831,ptm,42,100
0.03593761116355463,0.03593761116355463,0.028392001761579622,0.08106610196282499,0.025753332670327443,skewnorm,42,100
0.014660853811816437,0.014660853811816437,0.013034452089754959,0.2323262040801265,0.05560771027847468,mixture,42,100
0.3170325470124851,0.3170325470124851,0.012080517746032419,0.6076870676518422,0.05806443159143605,u-shaped,42,100
0.1280463389128773,0.1280463389128773,0.030388231269113365,0.19394159446158968,0.033263657318429105,unif,42,100
0.0032039728714015597,0.0032039728714015597,0.009492552169582596,0.0010249181343258565,0.00888990095198705,gaussian,42,500
Inf,0.04713508942136524,0.007303564330688172,0.07351474882189428,0.03004770508554282,ptm,42,500
0.010128481014162761,0.010128481014162761,0.007188901250444524,0.07643885206688118,0.035242245982604566,skewnorm,42,500
0.004686069224562348,0.004686069224562348,0.02131548138515882,0.2336558594842997,0.05983803146575099,mixture,42,500
0.22134116824420905,0.22134116824420905,0.020601468178029422,0.6106432292955917,0.06176922294042915,u-shaped,42,500
0.03850957979861795,0.03850957979861795,0.012754654448007517,0.1855312290252772,0.031906773911576806,unif,42,500
0.021466861540033872,0.021466861540033872,0.023899738680252417,4.6710156945428796e-4,0.00861117927209788,gaussian,43,25
Inf,0.17020909885713423,0.06600781615516066,0.12694268935974945,0.0463445041753183,ptm,43,25
Inf,0.1472011548798752,0.019798398125782605,0.11194316537198046,0.04303158036976523,skewnorm,43,25
0.09612769848489579,0.09612769848489579,0.07625809825269986,0.2757947318252518,0.0811942461200346,mixture,43,25
0.4408986320260927,0.4408986320260927,0.03822039334620455,0.6492595902235679,0.06412117820246437,u-shaped,43,25
0.1812334978394468,0.1812334978394468,0.06643822660330757,0.21510453195517065,0.06015262955893934,unif,43,25
Inf,0.026140221777475874,0.010616875623680262,0.0035006035825681367,0.016235698374402058,gaussian,43,50
Inf,0.13120561287192486,0.03860308927991049,0.11882369197520797,0.02852318938090008,ptm,43,50
Inf,0.1857217295315643,0.014783749800856245,0.1274332760873287,0.033343144566533804,skewnorm,43,50
0.0812210216370695,0.0812210216370695,0.09288053866202367,0.2909842667269722,0.0957910183586702,mixture,43,50
0.39534827667034894,0.39534827667034894,0.036171206492212726,0.65227798249863,0.06687455275377058,u-shaped,43,50
0.128917703281532,0.128917703281532,0.06287598650594839,0.21183129088081176,0.056029359728246936,unif,43,50
Inf,0.021355509766521206,0.013236154060773279,0.002465177818281038,0.017528670465822516,gaussian,43,100
Inf,0.10272519695343388,0.0327254700133475,0.11634416192067962,0.025279437140235478,ptm,43,100
0.015669766175207923,0.015669766175207923,0.0149802289800466,0.09619701420340315,0.04322508983748008,skewnorm,43,100
0.05694502072181544,0.05694502072181544,0.047183588299050276,0.2535742123599512,0.055912822722145615,mixture,43,100
0.3267699801869912,0.3267699801869912,0.02252168550560218,0.6505577381109253,0.06348944527121628,u-shaped,43,100
0.08581779653548996,0.08581779653548996,0.03558725533271468,0.19871063199847175,0.03942510483979588,unif,43,100
0.001424715355447083,0.001424715355447083,0.0072866881986770275,3.5907986221026385e-4,0.0023516420741555365,gaussian,43,500
Inf,0.04963221925194373,0.01111205985951189,0.11183179013052962,0.025309708345773705,ptm,43,500
0.009850583619833651,0.009850583619833651,0.010438340535583531,0.08901531422723943,0.0407556523176193,skewnorm,43,500
0.01737766553126721,0.01737766553126721,0.013130718125188385,0.24341369215817843,0.053945534660138204,mixture,43,500
0.21924008449329782,0.21924008449329782,0.008959187646377176,0.645967936913463,0.059552171517233396,u-shaped,43,500
0.0530084339669225,0.0530084339669225,0.008680128556650863,0.19387026825511175,0.03141859879270699,unif,43,500
0.06705058165831622,0.06705058165831622,0.06450409349254034,0.020911652462297935,0.04193660393001149,gaussian,44,25
Inf,0.1642605277365964,0.011203232230362932,0.11954306033056944,0.032508239906409095,ptm,44,25
0.08839080058973676,0.08839080058973676,0.0450916516425687,0.14900898444006133,0.06379107705752281,skewnorm,44,25
0.22343959252030887,0.22343959252030887,0.15514437074151866,0.4385621606433833,0.15917573830650122,mixture,44,25
0.4239584645129532,0.4239584645129532,0.08159086308201384,0.6584956658965574,0.07144295177915498,u-shaped,44,25
0.32032221776942993,0.32032221776942993,0.16911527503324905,0.4722314934507383,0.1651431104097129,unif,44,25
0.05606574888257397,0.05606574888257397,0.02453536490253673,0.010466291910418214,0.014561584377530285,gaussian,44,50
Inf,0.08199720769139868,0.04688332404152096,0.10394503875806482,0.06784767803630798,ptm,44,50
0.06651706082607017,0.06651706082607017,0.04465812954846805,0.16874536534006956,0.091840871620792,skewnorm,44,50
0.1344361941602907,0.1344361941602907,0.10334119649065471,0.30661431910134174,0.10882448763366104,mixture,44,50
0.38153490612453345,0.38153490612453345,0.037791647225324985,0.6364461317870785,0.05767985394726095,u-shaped,44,50
0.16365648819164152,0.16365648819164152,0.09132458906607627,0.23344880899235065,0.08611019921806923,unif,44,50
0.040647914909268765,0.040647914909268765,0.03814445763356348,0.025153032888471837,0.03752325311456367,gaussian,44,100
Inf,0.09087919266870699,0.010705412218100957,0.06049893791432958,0.027869502230574845,ptm,44,100
0.025269239491679862,0.025269239491679862,0.022213132632512844,0.11348499247867419,0.06500680687382752,skewnorm,44,100
0.04881562215729308,0.04881562215729308,0.04201591780928149,0.24334168082685986,0.0666686397976322,mixture,44,100
0.32302155782278397,0.32302155782278397,0.029262876629704532,0.6346707657287649,0.05565658619570399,u-shaped,44,100
0.11478446985221874,0.11478446985221874,0.03951683007801392,0.1793432972781311,0.045393383350159064,unif,44,100
0.011603939440844997,0.011603939440844997,0.010318288962150332,0.0027437673205822706,0.012900811343083449,gaussian,44,500
0.005038579467612173,0.005038579467612173,0.00945965356513871,0.049702300866687706,0.02861040245516064,ptm,44,500
0.011419511687097877,0.011419511687097877,0.007770807554890802,0.09263588624613368,0.03302687878941143,skewnorm,44,500
0.01931090019154727,0.01931090019154727,0.03143687385113098,0.23980228320400498,0.061217374554737594,mixture,44,500
0.23243450091956422,0.23243450091956422,0.011489751896918102,0.6329266331889399,0.058688656840854544,u-shaped,44,500
0.06074095328187752,0.06074095328187752,0.02091335284484911,0.17504967516851952,0.035649151342576395,unif,44,500
Inf,0.23082277223609998,0.05757382983479529,0.011678151341491472,0.018376351121653815,gaussian,45,25
Inf,0.25591717252403473,0.030588275734187483,0.10923668728430766,0.03979374761990483,ptm,45,25
0.1098442484787488,0.1098442484787488,0.065185800977456,0.17147732070940283,0.09602665563445259,skewnorm,45,25
0.16636972137155182,0.16636972137155182,0.07048376190180654,0.3082550152623614,0.08098815564838216,mixture,45,25
0.5399724844076996,0.5399724844076996,0.08241831379607412,0.6829828390104191,0.0866795538877171,u-shaped,45,25
0.20927636452875661,0.20927636452875661,0.08949189276730439,0.23860745342571096,0.08392869255674633,unif,45,25
Inf,0.08922434310366627,0.021597926565088757,0.008722035353884943,0.03206432101345277,gaussian,45,50
Inf,0.2982763381054365,0.01622441446205605,0.13242655449387394,0.030226481435479357,ptm,45,50
0.0616909938086133,0.0616909938086133,0.034386997733185216,0.10794017827547134,0.0569352957517243,skewnorm,45,50
0.10226768662987112,0.10226768662987112,0.0680073937962105,0.30151688776671337,0.07827248688098272,mixture,45,50
0.4811908321274025,0.4811908321274025,0.04512655129135296,0.6326234556188314,0.07357327988844818,u-shaped,45,50
0.15913002354893804,0.15913002354893804,0.0612499709200953,0.19243082871587736,0.06170198790048435,unif,45,50
0.03431820917497757,0.03431820917497757,0.022414673749515168,0.015928779396943597,0.02664438658858062,gaussian,45,100
Inf,0.2611947276055288,0.025879321945145313,0.11654470873295338,0.020813827274031676,ptm,45,100
0.05410262934560478,0.05410262934560478,0.03415916033151859,0.08734533857621181,0.0501085538435969,skewnorm,45,100
0.027273063954590903,0.027273063954590903,0.02221539412529525,0.27469224561729055,0.06742465446326368,mixture,45,100
0.3183041648982667,0.3183041648982667,0.024760593838304278,0.6167784702374578,0.06128972595296066,u-shaped,45,100
0.11723970983306384,0.11723970983306384,0.020057157443180477,0.1718532604771224,0.042071658008498894,unif,45,100
0.011960098120161267,0.011960098120161267,0.01801437866305805,0.002407660779427983,0.014853513630668325,gaussian,45,500
Inf,0.09772529804207483,0.007366785330015951,0.09971850934441573,0.05998293867334168,ptm,45,500
0.01689985917843509,0.01689985917843509,0.016567122132615113,0.08168563616475444,0.04336212048356524,skewnorm,45,500
0.01288183706368544,0.01288183706368544,0.012158364109134354,0.2672957460829041,0.05909046634503363,mixture,45,500
0.221380385244098,0.221380385244098,0.009706416239468609,0.6159714462015944,0.057737900385037476,u-shaped,45,500
0.05051561662656531,0.05051561662656531,0.02296520754142172,0.16787307958257522,0.03734812508574212,unif,45,500
0.020858503948367517,0.020858503948367517,0.033935763918069746,0.0101625331170309,0.042733762316118334,gaussian,46,25
Inf,0.11294614188883174,0.0159476767887397,0.0672276786561274,0.038485782127328276,ptm,46,25
0.045576530161469245,0.045576530161469245,0.03539512831108749,0.0959729915694301,0.05328345006948522,skewnorm,46,25
0.04887026694643883,0.04887026694643883,0.03003776820719202,0.25725583808246827,0.06691960919718105,mixture,46,25
0.4434900363023181,0.4434900363023181,0.026698758020910995,0.6284856311306866,0.05741185782672046,u-shaped,46,25
0.11693478405932828,0.11693478405932828,0.031979403936039624,0.18604348396977205,0.024660407851870934,unif,46,25
0.030192056805423233,0.030192056805423233,0.018532893850909813,0.004354333009821823,0.013649385759553339,gaussian,46,50
Inf,0.37692694518990766,0.014455902714662922,0.07067764056935562,0.04175873489006118,ptm,46,50
Inf,0.0547871766872865,0.015119786542432555,0.12378807045688475,0.040838212981778886,skewnorm,46,50
0.040449149531929005,0.040449149531929005,0.0238714345970482,0.2496473335219654,0.058143397508114356,mixture,46,50
0.4238683299220472,0.4238683299220472,0.028269731395657652,0.6284273493796405,0.05605389682330682,u-shaped,46,50
0.10996618217085485,0.10996618217085485,0.025768078952625558,0.18079666595781468,0.03623807597461793,unif,46,50
Inf,0.07036538660393155,0.014425902474083808,5.697344500485277e-4,0.006691787650369832,gaussian,46,100
Inf,0.21139633286159729,0.008705073557828706,0.05630004032990744,0.03434277918844053,ptm,46,100
0.03394794690557894,0.03394794690557894,0.04540958249567976,0.0913130657889317,0.06713846153183221,skewnorm,46,100
0.061065172910621864,0.061065172910621864,0.030097757747700873,0.25308553415263435,0.06666061379891335,mixture,46,100
0.39407593248258904,0.39407593248258904,0.02368159089508193,0.6269694008883716,0.06046311039622797,u-shaped,46,100
0.09966747760592153,0.09966747760592153,0.03151847622022786,0.1833865553602082,0.035487752278920766,unif,46,100
0.01309005785819451,0.01309005785819451,0.006261723865544004,9.009777458664066e-4,0.005800415334849499,gaussian,46,500
0.026163973624855313,0.026163973624855313,0.019868349355654815,0.03272044710797032,0.02213096330229139,ptm,46,500
0.01128202514416666,0.01128202514416666,0.019738881535645417,0.08304222717800969,0.05082073148099084,skewnorm,46,500
0.010197106472861326,0.010197106472861326,0.024469640508979158,0.2518499498458956,0.059453446942965546,mixture,46,500
0.28256884862795917,0.28256884862795917,0.015793755040251847,0.6279414600787906,0.05879050409080641,u-shaped,46,500
0.04574118181174655,0.04574118181174655,0.010422942011001081,0.17835805539900598,0.0331623708769159,unif,46,500
Inf,0.06859400549977719,0.04409629972673988,0.023885380290549405,0.04378259841818383,gaussian,47,25
Inf,0.38405123590225204,0.05751724313706534,0.09777934950239754,0.04851314424293758,ptm,47,25
Inf,0.04870588167009208,0.043988227843732096,0.06667951355151902,0.02475525603751381,skewnorm,47,25
0.07811222363886813,0.07811222363886813,0.026263703677293054,0.2426261332145453,0.05557122297286905,mixture,47,25
0.5092884532192831,0.5092884532192831,0.062131856418194506,0.6460326965826094,0.0741085948791174,u-shaped,47,25
0.12024836461064656,0.12024836461064656,0.02676055128635539,0.189106134845588,0.0411295591263075,unif,47,25
Inf,0.02938623299352684,0.031809152132993665,0.016006524910808267,0.040968909571527184,gaussian,47,50
Inf,0.07418774981821859,0.025326820107365425,0.09373995775250477,0.03987029893220594,ptm,47,50
Inf,0.0522684009806402,0.03468330405299889,0.062499918509885996,0.045350045354798516,skewnorm,47,50
0.022867312661899376,0.022867312661899376,0.04757926591706452,0.24394820572662904,0.06466811788848237,mixture,47,50
0.3580287724487562,0.3580287724487562,0.021373370295962,0.6243171164849379,0.05750033113012979,u-shaped,47,50
0.1125621814972704,0.1125621814972704,0.01813261998487463,0.18606411911071274,0.03701809908041295,unif,47,50
0.01296325823314542,0.01296325823314542,0.022593633342848987,0.004602581234802788,0.014657818655787727,gaussian,47,100
Inf,0.05622360284806611,0.01221957791138402,0.09375895093388706,0.030440726262125576,ptm,47,100
Inf,0.04417789059820733,0.03072116181678663,0.06360150253982579,0.04285420098036836,skewnorm,47,100
0.042047138872077026,0.042047138872077026,0.05389000384365563,0.2533606143195093,0.06521410791909801,mixture,47,100
0.3065027549711152,0.3065027549711152,0.02872391264953596,0.6285393458418594,0.059192376477597675,u-shaped,47,100
0.1042980044199036,0.1042980044199036,0.026932079092032647,0.19405762562951664,0.0396596284839754,unif,47,100
0.016465414011533733,0.016465414011533733,0.025830809251999903,0.007465613472514972,0.021618407361759587,gaussian,47,500
0.020800582876220466,0.020800582876220466,0.01028705390171061,0.07605201192370321,0.022751446036959364,ptm,47,500
Inf,0.031235455740695448,0.021301254670757254,0.06903442154184404,0.04028385728138343,skewnorm,47,500
0.0036113939175537366,0.0036113939175537366,0.010646508643932117,0.23909717469678726,0.06477825757100356,mixture,47,500
0.19957541795580547,0.19957541795580547,0.022382929335614886,0.6293217781265739,0.0569899345488936,u-shaped,47,500
0.0479383851752863,0.0479383851752863,0.024400952952611934,0.1857633911115183,0.03600488303078588,unif,47,500
0.2243195310302385,0.2243195310302385,0.08338605202254343,0.0563664297712633,0.052794706836499165,gaussian,48,25
Inf,0.1038161281162906,0.03581957230559578,0.09417649256254765,0.04363966796703144,ptm,48,25
Inf,0.7023655434303469,0.04856613997485268,0.1710330194393382,0.03663979827583082,skewnorm,48,25
Inf,0.11035545360938241,0.04750224892130534,0.2588118801143345,0.049534300230475156,mixture,48,25
0.44689396750532895,0.44689396750532895,0.09615451354700391,0.6542970005319294,0.08610868719678201,u-shaped,48,25
0.20410799586904774,0.20410799586904774,0.026469016299878235,0.17166767682307785,0.030925681777751436,unif,48,25
0.04814379068997919,0.04814379068997919,0.03117551874827012,0.011897215300492092,0.013842497425962719,gaussian,48,50
0.054586321001389514,0.054586321001389514,0.046844858222727166,0.13871388079840108,0.075563154543854,ptm,48,50
Inf,0.6919176115938515,0.056617697920679215,0.25589062680907376,0.05268409663415849,skewnorm,48,50
Inf,0.0386869108377994,0.022224853132187822,0.24541646857498658,0.05563431800363043,mixture,48,50
0.3535904023688077,0.3535904023688077,0.036361874697240955,0.6034504550230468,0.06229635400372648,u-shaped,48,50
0.15710411904426677,0.15710411904426677,0.018784782456329273,0.16901570349977305,0.034965026923275466,unif,48,50
0.007654848766452358,0.007654848766452358,0.005744378299224178,-0.0012366636461259783,0.005978149274186358,gaussian,48,100
0.05544215460069603,0.05544215460069603,0.04326311206357558,0.10219107912110717,0.05822462013136179,ptm,48,100
Inf,0.11479959565041016,0.03664337231640698,0.10580081448565817,0.026680519632270958,skewnorm,48,100
Inf,0.051194931989107094,0.018351292886681685,0.24653809443155647,0.060431248873392726,mixture,48,100
0.3075958341321041,0.3075958341321041,0.023629593826251384,0.5984905080605728,0.06046020295053125,u-shaped,48,100
0.1170768538721701,0.1170768538721701,0.01555758622796433,0.16883045285125275,0.03620542230696949,unif,48,100
0.003687047597341731,0.003687047597341731,0.009231982255995967,-1.6237915996210618e-5,0.010742493989304611,gaussian,48,500
Inf,0.03940006083063991,0.010910691723649751,0.09430474281418072,0.041850741423553446,ptm,48,500
Inf,0.02521531491785287,0.022202573890311914,0.08838342323671781,0.026064362183053347,skewnorm,48,500
Inf,0.034632910657915336,0.01276180658445928,0.24623738889927055,0.06108510070167581,mixture,48,500
0.20127361977001348,0.20127361977001348,0.00892296708974944,0.5962945900132007,0.057195952394907254,u-shaped,48,500
0.05214125585367628,0.05214125585367628,0.006994958767076922,0.16874729192746843,0.037359132371285055,unif,48,500
0.06851051178421289,0.06851051178421289,0.048022279826068374,0.01794902018475097,0.03047230198432244,gaussian,49,25
Inf,1.2513835890403286,0.0988050188774431,2.3132111283220445,0.05818326862696277,ptm,49,25
0.1398001336852963,0.1398001336852963,0.07676725236874939,0.13834271031833423,0.09173781179255294,skewnorm,49,25
0.20430285838762802,0.20430285838762802,0.06235050124998791,0.3099398079120093,0.09705407057596656,mixture,49,25
0.4402658247888156,0.4402658247888156,0.039031544519858116,0.6519040731950764,0.05122805444646068,u-shaped,49,25
0.1925693471037298,0.1925693471037298,0.07267774081071136,0.22911244522362226,0.07043705951005404,unif,49,25
0.04951727302679684,0.04951727302679684,0.035641725387667286,0.020640196315709004,0.029902120602501053,gaussian,49,50
Inf,0.4922602990083252,0.049284201357363625,0.7635499459974651,0.0840304553877443,ptm,49,50
0.10577360704109869,0.10577360704109869,0.061459724354706126,0.092145902035739,0.060518612370584875,skewnorm,49,50
Inf,0.11782146593658732,0.034892880714250674,0.2437049593405223,0.06910746611282907,mixture,49,50
0.39834054112512496,0.39834054112512496,0.03461381680505285,0.6383028478956975,0.05876205893258067,u-shaped,49,50
0.12044240492687708,0.12044240492687708,0.014375040867339605,0.17907954321142175,0.03239276184059508,unif,49,50
0.020200841266756097,0.020200841266756097,0.03183099854896047,0.002458251370435303,0.0256209190437485,gaussian,49,100
Inf,0.4465011629294,0.030752080965856327,0.7003602958528736,0.09394562016281896,ptm,49,100
Inf,0.11139341915198084,0.05965363975414756,0.0768895058271908,0.04334503342489439,skewnorm,49,100
0.056817458224625327,0.056817458224625327,0.02142440569794234,0.23840862914376681,0.06225939701966283,mixture,49,100
0.35765633239715194,0.35765633239715194,0.02104654509688266,0.6368425736152015,0.06065046904969044,u-shaped,49,100
0.10166371823502096,0.10166371823502096,0.01057430076633801,0.17947164916835384,0.030150342974216354,unif,49,100
0.005976582495758161,0.005976582495758161,0.011311245031322756,-0.0011347904059197944,0.005493430532269172,gaussian,49,500
Inf,0.08157691311179101,0.006213276338681117,0.6447338150234148,0.11681095347019872,ptm,49,500
0.0018841300948652675,0.0018841300948652675,0.017491172238376956,0.06225712738251779,0.04497134080366847,skewnorm,49,500
0.015288703809790569,0.015288703809790569,0.016041123247850446,0.2379808469272283,0.05643858594030576,mixture,49,500
0.23647764808316718,0.23647764808316718,0.01166940910345032,0.6360688459021444,0.057904836199162875,u-shaped,49,500
0.04927392406730515,0.04927392406730515,0.007101816137650838,0.17870493217500255,0.03444859808894883,unif,49,500
Inf,0.17647970603048332,0.06766712514197228,0.08433325439867971,0.06879233837804472,gaussian,50,25
Inf,0.041843143238125026,0.05904679794994106,0.0448300108135748,0.0544435535769997,ptm,50,25
Inf,0.15083819557070494,0.08385013283654043,0.12711211885781856,0.06877312090869776,skewnorm,50,25
Inf,0.1905844595174064,0.07575307681753154,0.2630441141522019,0.0713730923906083,mixture,50,25
0.4023565532414791,0.4023565532414791,0.03409777612396645,0.6056510608683479,0.06554077481893274,u-shaped,50,25
0.150699700151547,0.150699700151547,0.07155139980625952,0.2364225181653609,0.06941761303854398,unif,50,25
0.04873962192556414,0.04873962192556414,0.03679284373382622,0.01080761664912215,0.037463364437365254,gaussian,50,50
Inf,0.034790458046465404,0.05080060198593403,0.03359128039894018,0.041526748367090034,ptm,50,50
Inf,0.17177184381880972,0.04381373948323432,0.08016818994323087,0.025163522922599574,skewnorm,50,50
Inf,0.057919478544170615,0.037140147371297144,0.24824753326634422,0.06042659250709586,mixture,50,50
0.40220222314400544,0.40220222314400544,0.03521297733760601,0.6084479323081003,0.06940188321167573,u-shaped,50,50
0.13758803466801128,0.13758803466801128,0.050165893180165205,0.23900755923586492,0.06124910539488049,unif,50,50
0.01040145402832957,0.01040145402832957,0.028676469472824664,0.007568459370262186,0.03231530061258547,gaussian,50,100
Inf,0.033859276335959934,0.04009719231090387,0.026700671652530917,0.03596771387116887,ptm,50,100
0.049524737239806424,0.049524737239806424,0.022715397873200874,0.07253289717558183,0.030666933020208946,skewnorm,50,100
0.016101322958245047,0.016101322958245047,0.019220275159634946,0.25231738778735763,0.06358376973531628,mixture,50,100
0.32102336320888786,0.32102336320888786,0.021215862913386074,0.6037329795829658,0.06003100109756495,u-shaped,50,100
0.10690494317928552,0.10690494317928552,0.025864685365282913,0.20653914593020037,0.041510314449069004,unif,50,100
0.009871604349651451,0.009871604349651451,0.014992043514118453,9.447224047203912e-4,0.00598443725211998,gaussian,50,500
Inf,0.02815239592693049,0.014746145539364992,0.02508257384295658,0.012577573018297861,ptm,50,500
0.01236138297469742,0.01236138297469742,0.010629244220898374,0.0769678327978574,0.04086646591798373,skewnorm,50,500
Inf,0.03381574406024222,0.009902412806227294,0.24835056246210666,0.06393683660607964,mixture,50,500
0.21961031859806066,0.21961031859806066,0.008517964653241197,0.604070825144795,0.05788667248601921,u-shaped,50,500
0.06003369922598188,0.06003369922598188,0.015624415723389523,0.20238890165933573,0.03509658775214147,unif,50,500
0.11954199810419462,0.11954199810419462,0.07384345217254992,0.02063861084341247,0.05305339522076019,gaussian,51,25
Inf,0.3226141889564981,0.05149187297875729,0.2162237066081766,0.04672111934826849,ptm,51,25
Inf,0.08855464037895472,0.05056093682072366,0.13366413508516956,0.07077359351465361,skewnorm,51,25
Inf,0.039692231919952026,0.043900204423269445,0.265503843905956,0.06217804882209704,mixture,51,25
0.4448053085011088,0.4448053085011088,0.038541235652404165,0.661217728699899,0.05167359377251595,u-shaped,51,25
0.1670145266423603,0.1670145266423603,0.0628970626659378,0.19705996448183,0.040379845077391535,unif,51,25
0.027719881317400087,0.027719881317400087,0.030787228985039265,0.003159790202191099,0.016126757508816564,gaussian,51,50
Inf,0.410081833730109,0.028213089584648913,0.10338051314436865,0.05067359608923476,ptm,51,50
Inf,0.08292788597409564,0.05091077838695656,0.08948831436041899,0.06963828820813422,skewnorm,51,50
0.03621121726725823,0.03621121726725823,0.04384239750880553,0.2628708409321809,0.060703988550500104,mixture,51,50
0.3902651789285586,0.3902651789285586,0.04411688120054286,0.661998005881354,0.05849485811533345,u-shaped,51,50
0.11794243682246525,0.11794243682246525,0.062050529117773104,0.19240792994239242,0.05073460261621563,unif,51,50
0.0630192863085045,0.0630192863085045,0.05066269136581465,0.009971833686660762,0.036633915418347686,gaussian,51,100
Inf,0.217564772480527,0.01988253111125735,0.08284641397943009,0.02684453864440246,ptm,51,100
Inf,0.07137627753405737,0.02752096033173295,0.08769586375077384,0.05052719387113922,skewnorm,51,100
0.020665243115308183,0.020665243115308183,0.022264385897682287,0.2544043527737788,0.05637125206174653,mixture,51,100
0.37664496304098577,0.37664496304098577,0.060675845140273424,0.6756983687453536,0.06838688207004127,u-shaped,51,100
0.08461781512269624,0.08461781512269624,0.027252468899538772,0.17479578430285725,0.03143120925032644,unif,51,100
0.009653117058252036,0.009653117058252036,0.006568310403075297,0.0042446604110117445,0.007591812453263965,gaussian,51,500
0.014228317970636027,0.014228317970636027,0.012287680001122335,0.05804116190485277,0.025840863117763083,ptm,51,500
0.002986843975633645,0.002986843975633645,0.018984841385021142,0.07538420472926159,0.050724189925098785,skewnorm,51,500
0.027893818655178815,0.027893818655178815,0.022919875183833326,0.25514117936428943,0.059607881781613505,mixture,51,500
0.2578381115400386,0.2578381115400386,0.010750270181552902,0.6467787414171253,0.0587068155257735,u-shaped,51,500
0.05183118910260715,0.05183118910260715,0.018393364817780644,0.17253645578148122,0.033881995205541436,unif,51,500
0.04920970881495836,0.04920970881495836,0.039883248231863455,0.004404627570352963,0.014232957658555477,gaussian,52,25
Inf,0.12079691055812804,0.06616799101001883,0.08590228160947196,0.07449669598299721,ptm,52,25
Inf,0.19148109003772582,0.06042180994312069,0.08702048694294752,0.029583998393973302,skewnorm,52,25
0.07470323585579547,0.07470323585579547,0.05855222583889275,0.273891539092732,0.06500433046213962,mixture,52,25
0.38147232842135526,0.38147232842135526,0.04114484662812114,0.5763514535293992,0.056137844557612164,u-shaped,52,25
0.15547755912969963,0.15547755912969963,0.0425624367214869,0.20303149301106468,0.024824515396039543,unif,52,25
0.008225894615108113,0.008225894615108113,0.01729823711650508,0.015067522763078602,0.025632632393219987,gaussian,52,50
Inf,0.13564642570613986,0.03818142032441513,0.07082942486432747,0.05145699254463916,ptm,52,50
Inf,0.06984599347505184,0.03020890179301765,0.08444101664560166,0.025454817070762675,skewnorm,52,50
0.06349413337606827,0.06349413337606827,0.025507058221983552,0.260976490816008,0.05439985654054389,mixture,52,50
0.33287013001487187,0.33287013001487187,0.04435608816518155,0.5764849603126143,0.06485159582059886,u-shaped,52,50
0.12535019967157401,0.12535019967157401,0.03804823663887087,0.19400753756864067,0.026614431236653562,unif,52,50
0.008333901826036856,0.008333901826036856,0.006060829512028235,0.01348909859315628,0.02085541600641003,gaussian,52,100
Inf,0.15341408647554508,0.04473742453468662,0.07882382007943696,0.053559321095828276,ptm,52,100
Inf,0.05599657254750678,0.026592197652359335,0.08123483724010544,0.025615233912826222,skewnorm,52,100
0.041650756257983965,0.041650756257983965,0.018866055842529532,0.2593192992307388,0.055258042239097124,mixture,52,100
0.2855270739967146,0.2855270739967146,0.01738273077179979,0.5695121823739918,0.05703755175304756,u-shaped,52,100
0.11317559629771103,0.11317559629771103,0.03380891242015355,0.19085020909169603,0.03731405929696206,unif,52,100
Inf,0.023144127388389786,0.01958020939594795,8.520671519473193e-4,0.010938059032408855,gaussian,52,500
Inf,0.03899436732447813,0.01432071361224573,0.06411732018462261,0.018663999347855245,ptm,52,500
0.01488031369897536,0.01488031369897536,0.01842557386746548,0.06663468024969735,0.03975508348650799,skewnorm,52,500
0.007798820670736055,0.007798820670736055,0.006822689437325351,0.25686093340678207,0.060348447169606925,mixture,52,500
0.18226628120558916,0.18226628120558916,0.010643337985068264,0.5702803112296485,0.0551912415115665,u-shaped,52,500
0.054131767657473934,0.054131767657473934,0.005833767478707797,0.18315759424055003,0.03570760734078914,unif,52,500
0.039149202732659594,0.039149202732659594,0.028442657501462805,0.002622262969924368,0.013726147380254525,gaussian,53,25
Inf,0.1431352303449054,0.052847857052404613,0.14922794109521548,0.07492431622614674,ptm,53,25
Inf,0.5770676073045569,0.07094801584108804,0.1479216746467216,0.0539706948027233,skewnorm,53,25
0.05408479389297236,0.05408479389297236,0.023848976481747504,0.24956363685125613,0.05627169903641481,mixture,53,25
0.5470470445952555,0.5470470445952555,0.05408427457816121,0.6960908497348878,0.07050160978275624,u-shaped,53,25
0.0996273016668442,0.0996273016668442,0.020904965937268004,0.1628490728510273,0.04189544793077276,unif,53,25
Inf,0.10198890761675208,0.04545391759240082,0.051520133740110136,0.051496426485361464,gaussian,53,50
Inf,0.08085573548352355,0.02250039324333793,0.09301709594539295,0.05167448428805845,ptm,53,50
Inf,0.07387841358374786,0.020234459490798176,0.07450948537623613,0.03539121330830606,skewnorm,53,50
0.06350517120458923,0.06350517120458923,0.02097904413160151,0.25211588408724334,0.05269083949555083,mixture,53,50
0.40320983458147586,0.40320983458147586,0.017118294861007084,0.6795097985794765,0.05573640234726055,u-shaped,53,50
0.08531763870818612,0.08531763870818612,0.02152790573222992,0.16017772333662722,0.0385450845503949,unif,53,50
0.02334990829919476,0.02334990829919476,0.021415972919152544,0.005088844034376708,0.021954866502726055,gaussian,53,100
Inf,0.06344102291155178,0.02750675422146893,0.07991175208193242,0.025525327216338222,ptm,53,100
Inf,0.05384379008766608,0.02166344405925289,0.07639464477608393,0.042806898433517225,skewnorm,53,100
0.036247960133402465,0.036247960133402465,0.03898694472871933,0.25543575922475026,0.054554625035081954,mixture,53,100
0.34097057471256476,0.34097057471256476,0.03035672654829674,0.6802489156494019,0.05850797681196818,u-shaped,53,100
0.10770847844810412,0.10770847844810412,0.030069897697542362,0.17241803885731824,0.050615897523135,unif,53,100
0.006956902925235275,0.006956902925235275,0.018595491996548634,0.0028185662056842767,0.01601769334506309,gaussian,53,500
0.012513263187476453,0.012513263187476453,0.014996938196307564,0.07868162425469266,0.035655179410927405,ptm,53,500
0.005092057681278677,0.005092057681278677,0.01430340538733586,0.07395335854991279,0.043120235589537176,skewnorm,53,500
0.023888715753272866,0.023888715753272866,0.019442037345823386,0.25448011415179494,0.06183491119543917,mixture,53,500
0.24657163597189316,0.24657163597189316,0.03458669445577973,0.6819363745410126,0.05954914533984942,u-shaped,53,500
0.04363624570104674,0.04363624570104674,0.01213517624416575,0.15981739867828096,0.035908456788633726,unif,53,500
0.09485609828759486,0.09485609828759486,0.06789850410480035,0.028066510448904944,0.046779531277143814,gaussian,54,25
Inf,0.15824680487639847,0.0349181044303372,0.04691104973162938,0.03699191382938925,ptm,54,25
Inf,0.2192595197745648,0.04847412772483509,0.1023944059787323,0.047076607902514604,skewnorm,54,25
Inf,0.3012770056981408,0.024613851372598777,0.2856179090983221,0.07371875556107224,mixture,54,25
0.42277450215894374,0.42277450215894374,0.03933718641093741,0.6104112853152444,0.05281925477278049,u-shaped,54,25
0.20138571082973242,0.20138571082973242,0.07444147554157604,0.2258045255730752,0.051272527822685016,unif,54,25
0.03740043550568184,0.03740043550568184,0.030721055132702804,0.003502857866388882,0.01160387409161785,gaussian,54,50
0.041388391459927155,0.041388391459927155,0.023497201326156698,0.039901214486165834,0.03693407830645361,ptm,54,50
Inf,0.14816106644948204,0.03995686959760063,0.09471554817272075,0.04881166524062597,skewnorm,54,50
0.028687183477805297,0.028687183477805297,0.017190688369026087,0.26826608133878965,0.065759730444703,mixture,54,50
0.399249608958239,0.399249608958239,0.02277424566158928,0.6021066452468335,0.061025445774948485,u-shaped,54,50
0.1436483882945752,0.1436483882945752,0.04724867129899531,0.20097792750269503,0.022230573885869253,unif,54,50
Inf,0.03415024895738528,0.009199335423885638,0.0010075628829182453,0.016756303683133487,gaussian,54,100
0.029123718768904256,0.029123718768904256,0.02920848680098316,0.033317798121419155,0.04194852896174489,ptm,54,100
0.07569341055612605,0.07569341055612605,0.047879869965455825,0.116636650627811,0.07199278068910432,skewnorm,54,100
0.005926753224252071,0.005926753224252071,0.0224175538690573,0.2653050533061145,0.0619504872726762,mixture,54,100
0.3451764781672398,0.3451764781672398,0.019790832911658188,0.6021494775437948,0.06148672694402224,u-shaped,54,100
0.10523317161592693,0.10523317161592693,0.04021743136134772,0.1966182222796503,0.02715667491801637,unif,54,100
0.006911733715448853,0.006911733715448853,0.009354961685312345,3.646482792833748e-4,0.005898785776347595,gaussian,54,500
0.0052155547346739665,0.0052155547346739665,0.019792124021616578,0.021650028947171922,0.027416984410473702,ptm,54,500
0.026149810786075568,0.026149810786075568,0.017040286270952748,0.08487912707903283,0.045128297050947404,skewnorm,54,500
0.003218840347073168,0.003218840347073168,0.010116770368772673,0.26388283314052213,0.05706734168688901,mixture,54,500
0.2093817796815542,0.2093817796815542,0.01537290360910049,0.6034885994766136,0.06036685215512808,u-shaped,54,500
0.06259437427611544,0.06259437427611544,0.012530962544453782,0.18788928424532397,0.03394128440556347,unif,54,500
0.036330266553786565,0.036330266553786565,0.03248911561346427,0.004654127470970353,0.016225792279723546,gaussian,55,25
Inf,0.22486202143854966,0.09743850024873786,0.24128093896432845,0.11732879990734904,ptm,55,25
0.0690663540132715,0.0690663540132715,0.03390032518460952,0.09369344508736974,0.037999662560386296,skewnorm,55,25
Inf,0.16847040512571446,0.048299325644128206,0.24620631086007524,0.06535311001662875,mixture,55,25
0.4919234527578316,0.4919234527578316,0.06106905231978724,0.6235826855888337,0.07515804640674051,u-shaped,55,25
0.19070247512683772,0.19070247512683772,0.0782378160007677,0.22839978978088904,0.07714196031667128,unif,55,25
0.012469679367748097,0.012469679367748097,0.022399578211741294,0.001049162161388404,0.014695799162367343,gaussian,55,50
Inf,0.0787624176084339,0.05610317109273376,0.198500186305169,0.09130407813033502,ptm,55,50
Inf,0.05157308308483778,0.024916804710825323,0.08742607096118776,0.041848833148222866,skewnorm,55,50
Inf,0.1653769697341511,0.03953311987265371,0.2619801505614254,0.07465917353011417,mixture,55,50
0.429805134534273,0.429805134534273,0.04061863120122698,0.6103629918057452,0.06818935384094826,u-shaped,55,50
0.11472677537118403,0.11472677537118403,0.030216619696509434,0.19028386237398062,0.02922998777498512,unif,55,50
0.010156344496310104,0.010156344496310104,0.007721690376694765,0.001971050609371258,0.010358788313362953,gaussian,55,100
Inf,0.06728970383680238,0.02529449572781205,0.21238586777501614,0.06355426018512336,ptm,55,100
Inf,0.056103371367087006,0.022560904437185218,0.08825421635793317,0.03125178564405576,skewnorm,55,100
Inf,0.0768217181150048,0.029731222602773354,0.25166222849497694,0.073250186933062,mixture,55,100
0.34933488824565756,0.34933488824565756,0.047068768243529686,0.6148831280851578,0.07088077684531739,u-shaped,55,100
0.10145059400731855,0.10145059400731855,0.04246675306928956,0.19716602079723425,0.03901273396032774,unif,55,100
0.005495251287120265,0.005495251287120265,0.004678001582606463,1.3514778598595965e-4,0.0035049642275711396,gaussian,55,500
Inf,0.03104506770606495,0.01121671413860574,0.18824097343158205,0.06601181850438319,ptm,55,500
0.003443967239156736,0.003443967239156736,0.010664547543124634,0.08817957136389404,0.043781021553879564,skewnorm,55,500
0.009645404940227016,0.009645404940227016,0.00465180886198253,0.23750307569660845,0.059961377478454266,mixture,55,500
0.21446086609501827,0.21446086609501827,0.01229483051281652,0.6088945002762975,0.060811583838083876,u-shaped,55,500
0.04935782857317431,0.04935782857317431,0.010459066447365394,0.1854776056963274,0.03050908143830212,unif,55,500
Inf,0.2825174700891593,0.07555788687394895,0.19340915450574322,0.08019905125205853,gaussian,56,25
Inf,0.3410409773753358,0.06965176287076534,0.24048187600699536,0.046298067338487056,ptm,56,25
Inf,0.1369830254587569,0.050534543322864584,0.17488672760185486,0.040791963035397845,skewnorm,56,25
0.17139623337664428,0.17139623337664428,0.044041147131633165,0.2512147740751986,0.06125161929999266,mixture,56,25
0.36642172260395345,0.36642172260395345,0.04466211928447839,0.584000638681673,0.06494001635685585,u-shaped,56,25
0.12310556466432934,0.12310556466432934,0.028085473672717964,0.21052978596760674,0.06487131394318664,unif,56,25
Inf,0.01843870613164641,0.02030773362373238,0.043675237131561226,0.03630323897741535,gaussian,56,50
Inf,0.3864316233335881,0.04095487067695713,0.25591067053591454,0.03492077560484727,ptm,56,50
Inf,0.1631917817775893,0.0575277085199209,0.11215720083724515,0.03909524463162501,skewnorm,56,50
0.09199907420765056,0.09199907420765056,0.055594332969782265,0.2668303327810289,0.06666446868300682,mixture,56,50
0.34246420724155846,0.34246420724155846,0.027538296706649066,0.5767755056867885,0.06417997895824035,u-shaped,56,50
0.07789471056574965,0.07789471056574965,0.04413140175211395,0.19811214898049423,0.057493888021964173,unif,56,50
Inf,0.019919270984480875,0.012038090923353157,0.0036520537225718445,0.01746811655360836,gaussian,56,100
Inf,0.22930793052597384,0.03866406058954086,0.23776742276410243,0.06281094859010589,ptm,56,100
Inf,0.1548112746673678,0.046489462171292656,0.11017668500027158,0.02746718991935519,skewnorm,56,100
0.07938002207402466,0.07938002207402466,0.02373190397922829,0.2488504178373113,0.05462372084339171,mixture,56,100
0.32334014088543767,0.32334014088543767,0.027194796635695618,0.5766833584928303,0.06418084322031652,u-shaped,56,100
0.06266284119941401,0.06266284119941401,0.022458917828489584,0.18002664761670056,0.04871859954152697,unif,56,100
Inf,0.017594624439305647,0.012531566077043092,0.0023171227943261227,0.01556237061806483,gaussian,56,500
Inf,0.02256109135564402,0.0173491708890175,0.234692991277788,0.06425508259201969,ptm,56,500
Inf,0.03516364941387389,0.013218729540252787,0.09781777077289966,0.038709113851268025,skewnorm,56,500
0.011849488080141678,0.011849488080141678,0.014472200127616606,0.2482190402574999,0.06291429159845863,mixture,56,500
0.2079885654669,0.2079885654669,0.011503806617618741,0.5752961284153655,0.058353596568328454,u-shaped,56,500
0.029200490435890125,0.029200490435890125,0.012655490968547305,0.1729917504010859,0.03841740601831448,unif,56,500
0.2219733466424749,0.2219733466424749,0.0923985863364494,0.1039808014621862,0.055330769392880806,gaussian,57,25
Inf,0.24700656848249625,0.08959663276049544,0.3101096523110201,0.091588822916457,ptm,57,25
Inf,0.09294021245739542,0.04858044493508837,0.11269574185789702,0.06735689446232773,skewnorm,57,25
Inf,0.06544623341774618,0.026240467980720206,0.23385729011846013,0.0641600007461199,mixture,57,25
0.4349538933611585,0.4349538933611585,0.04476212449306177,0.6507260686403907,0.04603699579268818,u-shaped,57,25
0.18959941532466731,0.18959941532466731,0.030054164752881387,0.2105484283694712,0.023967895339258794,unif,57,25
0.1289727838536387,0.1289727838536387,0.06278314344155986,0.0564359251992113,0.0384867204318223,gaussian,57,50
Inf,0.15283294611963394,0.05524093290998158,0.15517202001137512,0.048674753017374735,ptm,57,50
Inf,0.0498262715498299,0.029364092957387688,0.08056142324016853,0.04788610235270882,skewnorm,57,50
Inf,0.045865260683150735,0.028965984517258153,0.23958086384979038,0.06633948499475655,mixture,57,50
0.3629500542829796,0.3629500542829796,0.03682944509520638,0.6433895271699115,0.05575443748235595,u-shaped,57,50
0.1453260791066675,0.1453260791066675,0.03146554821641533,0.21386048699003915,0.022765274520572996,unif,57,50
0.05431138972920346,0.05431138972920346,0.038516843411543066,0.01821538524406995,0.020430492602116393,gaussian,57,100
Inf,0.1044216597957131,0.03280528228492368,0.10574511052067662,0.02882207793961342,ptm,57,100
Inf,0.0483462189831899,0.02791690594941826,0.08028782657523104,0.04324754945468063,skewnorm,57,100
0.05998723174082012,0.05998723174082012,0.03844891082862551,0.2582918818175946,0.07600935620686379,mixture,57,100
0.3229732150546065,0.3229732150546065,0.027524864141833433,0.6403589011759765,0.06295584283920168,u-shaped,57,100
0.11830495988192272,0.11830495988192272,0.028866293453362703,0.2111528765671786,0.024433519177482065,unif,57,100
0.014401799614038474,0.014401799614038474,0.016074576979872197,0.005074334173781993,0.010115011953292159,gaussian,57,500
Inf,0.10892384653690164,0.011202424062675758,0.09932963850447152,0.023566534125998004,ptm,57,500
0.025552044123857847,0.025552044123857847,0.020619680814392107,0.07956645471485464,0.04361054814406076,skewnorm,57,500
0.027924483852637995,0.027924483852637995,0.02428534690670143,0.23507935158599866,0.06340106042665765,mixture,57,500
0.21351094084326244,0.21351094084326244,0.0066584529745030195,0.6381144663815641,0.05724681743542515,u-shaped,57,500
0.05757281621686479,0.05757281621686479,0.033051379924244874,0.2082128111752921,0.03407169265156925,unif,57,500
0.018828074391759504,0.018828074391759504,0.028278550912507826,0.0037788327450370223,0.017649556549990224,gaussian,58,25
Inf,0.16864646148192436,0.10537433390622651,0.16793132040597156,0.09809079196031396,ptm,58,25
0.10928600852491091,0.10928600852491091,0.054056942775267826,0.11139827635533073,0.049077931636645464,skewnorm,58,25
0.0528537872580523,0.0528537872580523,0.024433369791145042,0.25644899750124994,0.05890959558815325,mixture,58,25
0.41905329265135505,0.41905329265135505,0.06637613565900616,0.6354621037904323,0.06455361729649033,u-shaped,58,25
0.09299199734131028,0.09299199734131028,0.026782426551765853,0.15060004137005364,0.04429790039248715,unif,58,25
0.03968497558538021,0.03968497558538021,0.07331750415154242,0.05029083664325281,0.0785184416417038,gaussian,58,50
0.05456765258367094,0.05456765258367094,0.027736627932647535,0.10693357701093996,0.036175175772558466,ptm,58,50
0.05713234371936882,0.05713234371936882,0.02805867695451143,0.07225671433535746,0.03488140697117896,skewnorm,58,50
0.05933651026950443,0.05933651026950443,0.040914803087444974,0.26388595651683994,0.05637986229834577,mixture,58,50
0.37538259107467775,0.37538259107467775,0.04932382986753311,0.6266723539151978,0.0688262992120546,u-shaped,58,50
0.09089226610037629,0.09089226610037629,0.04777616560104133,0.1576589804704482,0.04931366454687363,unif,58,50
0.006646131749114287,0.006646131749114287,0.015618156042491019,0.0021441400582216117,0.012795921389765116,gaussian,58,100
0.022665647060885762,0.022665647060885762,0.009029768022919759,0.10238852028827876,0.03264080341593211,ptm,58,100
0.0374887586576983,0.0374887586576983,0.016803519912394062,0.07875620697524598,0.02685285112612797,skewnorm,58,100
0.046018879626332436,0.046018879626332436,0.05127777009682456,0.27152174925447714,0.06275302012281117,mixture,58,100
0.3129939986803052,0.3129939986803052,0.02977079540904682,0.6145911426421423,0.06168752322281388,u-shaped,58,100
0.08987592800011515,0.08987592800011515,0.06044428447557114,0.1676176465669701,0.05872888406758798,unif,58,100
0.0023714175991558,0.0023714175991558,0.0015884637314176587,0.0012888580660944209,0.008520249956409981,gaussian,58,500
0.00914927776141621,0.00914927776141621,0.022778894547329665,0.10400425242682217,0.029259509914245054,ptm,58,500
0.015557422472709867,0.015557422472709867,0.015269653645626286,0.0716435701628003,0.036105266768258454,skewnorm,58,500
0.005438277577808751,0.005438277577808751,0.01533117240005379,0.2571178495618773,0.05904365079997723,mixture,58,500
0.22584213437125375,0.22584213437125375,0.010667157183153446,0.610646698185665,0.05901442882962245,u-shaped,58,500
0.05263535827194463,0.05263535827194463,0.02053334529020341,0.14913339808824694,0.04255581488112968,unif,58,500
0.04082278452006861,0.04082278452006861,0.03128770872177171,0.0048911034577421054,0.019702101679627878,gaussian,59,25
0.044687746027567164,0.044687746027567164,0.019515362237148885,0.05149797834730552,0.031891248110781506,ptm,59,25
Inf,0.07833564418325047,0.02863782389432297,0.09528155947288412,0.059644530232836834,skewnorm,59,25
Inf,0.1037847207456963,0.08050201068253988,0.32328570639107357,0.08159064039196659,mixture,59,25
0.4268741384775956,0.4268741384775956,0.020735959703666585,0.6143880050585069,0.06010537832731461,u-shaped,59,25
0.14071427198054517,0.14071427198054517,0.0563991652974445,0.19660367014611685,0.04965639250512401,unif,59,25
0.004615443436825428,0.004615443436825428,0.014151823137300172,0.001927734847035024,0.010025801504833641,gaussian,59,50
0.051761246562767,0.051761246562767,0.03333603626923367,0.05514559167589048,0.04172513061297974,ptm,59,50
Inf,0.1507156972053697,0.02660051278032396,0.09060920410979688,0.048211431130075706,skewnorm,59,50
0.0853806038124934,0.0853806038124934,0.06646195185332308,0.2918641951240735,0.07578952094893124,mixture,59,50
0.3975490706906495,0.3975490706906495,0.028182158244036533,0.6144267861396898,0.06318839797727993,u-shaped,59,50
0.10842027839931738,0.10842027839931738,0.022096993169843607,0.18493393311368878,0.042915904589850666,unif,59,50
0.01088551157314102,0.01088551157314102,0.0303163252692718,0.008225700782093821,0.0324503696420286,gaussian,59,100
0.03921706905576173,0.03921706905576173,0.030130522425099022,0.04547870919604136,0.0391992559275008,ptm,59,100
Inf,0.08931840217968562,0.0105110355673414,0.0945716775714044,0.04280665854433922,skewnorm,59,100
0.041774699331707875,0.041774699331707875,0.027541166141975732,0.2593918229493263,0.05411003431356541,mixture,59,100
0.35705164155275415,0.35705164155275415,0.028378563967695315,0.6168579531892395,0.059109218065106155,u-shaped,59,100
0.12694744036711908,0.12694744036711908,0.013057957834692612,0.1808102357216227,0.038841069797942114,unif,59,100
0.003428511695146401,0.003428511695146401,0.011525234533037186,0.0011477102088917961,0.008670807181908602,gaussian,59,500
0.013242682157277379,0.013242682157277379,0.013471097433095125,0.03968594765087335,0.02550435885516132,ptm,59,500
0.006473929782731504,0.006473929782731504,0.005683560369055443,0.08971390171715203,0.03539200094227196,skewnorm,59,500
0.01695495101920727,0.01695495101920727,0.015689698259424782,0.25488560968104973,0.061601030669164954,mixture,59,500
0.2499077866556679,0.2499077866556679,0.030151679250330885,0.6173090018153609,0.06177505077629509,u-shaped,59,500
0.04865055361611891,0.04865055361611891,0.013650446361418734,0.18034898902992202,0.03525212098386818,unif,59,500
Inf,0.23732316854614707,0.03298942619747068,0.0573198897922503,0.032116778940072505,gaussian,60,25
Inf,0.19307995805372413,0.06530664432946309,0.0941819788177952,0.06780651347979441,ptm,60,25
Inf,0.0704931465768761,0.024043908627170662,0.08746949610122798,0.05419923858951884,skewnorm,60,25
0.07800706062900613,0.07800706062900613,0.06980984151757916,0.2798065457855549,0.08610176676574366,mixture,60,25
0.4774561135935782,0.4774561135935782,0.058962081666178355,0.6403688492875328,0.0715163038310825,u-shaped,60,25
0.1508868580799876,0.1508868580799876,0.018319534062754075,0.1862229445223026,0.046940573524787504,unif,60,25
Inf,0.03827989630883881,0.04734475117114686,0.0095021829385779,0.04379975453088159,gaussian,60,50
Inf,0.13384374437359794,0.03049559589538615,0.03400360664228072,0.026505112397935685,ptm,60,50
Inf,0.06755704876841903,0.04984108402637419,0.08098367429736134,0.032273178267226026,skewnorm,60,50
0.03561369090116588,0.03561369090116588,0.042621178173203066,0.24691224960884606,0.06266713558660567,mixture,60,50
0.45417565900232437,0.45417565900232437,0.07899953122120781,0.6501450929889009,0.0739896559753151,u-shaped,60,50
0.13360916984675567,0.13360916984675567,0.02938252647587951,0.19567795576847472,0.052424467403950355,unif,60,50
Inf,0.028779595985741348,0.039727919229389175,0.013454028184356362,0.04138372219292147,gaussian,60,100
0.03432687215378552,0.03432687215378552,0.0151847664799281,0.04474672202229481,0.04068390644014802,ptm,60,100
Inf,0.028432738740789252,0.03153452676118762,0.07381721547883097,0.026735699623656222,skewnorm,60,100
0.015454251165534737,0.015454251165534737,0.012932064814891992,0.23049614152382852,0.05770656503048291,mixture,60,100
0.36977607518010824,0.36977607518010824,0.054847418236085146,0.6360538465866532,0.0684823023901741,u-shaped,60,100
0.1291511598214728,0.1291511598214728,0.027352448726809687,0.17879630579806163,0.0386058111953286,unif,60,100
0.004426437431468955,0.004426437431468955,0.01585624184002528,-1.755338324831923e-4,0.012754142097029613,gaussian,60,500
0.002402055149148779,0.002402055149148779,0.0202557998845431,0.03138710546344355,0.033239025125612345,ptm,60,500
Inf,0.014273154005252434,0.00799020238714991,0.06933354571033136,0.04011200607949013,skewnorm,60,500
0.019032868130368637,0.019032868130368637,0.017524334044169608,0.22734620912472803,0.05724842195989641,mixture,60,500
0.24939458653961133,0.24939458653961133,0.030791385881541306,0.6265054734867929,0.06372548760255191,u-shaped,60,500
0.0487203938759023,0.0487203938759023,0.01263103172292641,0.17596904413179248,0.033161878756314524,unif,60,500
0.0228482087162833,0.0228482087162833,0.03421784476664876,0.00709036331886089,0.03705681293203955,gaussian,61,25
Inf,0.2213164566315681,0.04145382806900513,0.10976951073636065,0.06917799996680388,ptm,61,25
Inf,0.07892947341546318,0.01744868518955259,0.1320108000891885,0.04707178260868862,skewnorm,61,25
0.18874185068599167,0.18874185068599167,0.13988970509138993,0.352345774382004,0.1419001544122127,mixture,61,25
0.42673395609893133,0.42673395609893133,0.03544869990333797,0.6034512306969576,0.04819572842747724,u-shaped,61,25
0.2130796041127418,0.2130796041127418,0.12037799645800912,0.28410098438466647,0.11439008019368391,unif,61,25
0.017665654136380195,0.017665654136380195,0.02097758961861029,0.0010556277908558443,0.006645794016935125,gaussian,61,50
Inf,0.08107226915843564,0.028470998744664255,0.08620869471816266,0.052184485009447855,ptm,61,50
Inf,0.04219011626630039,0.01600896853285102,0.094569166187685,0.04596395938705533,skewnorm,61,50
Inf,0.04961222620889317,0.042282449252521496,0.22872176967861077,0.058744451145052355,mixture,61,50
0.3574012124349195,0.3574012124349195,0.021990634153697137,0.5964599833267806,0.05340321098893429,u-shaped,61,50
0.13862993129907,0.13862993129907,0.042343939588924046,0.19592184957603376,0.03772335614430751,unif,61,50
0.018417987244452438,0.018417987244452438,0.029308814787127064,0.003276632271830373,0.028473093874850953,gaussian,61,100
Inf,0.06638503331103607,0.0267533791406965,0.08866056293179934,0.05272164406147494,ptm,61,100
Inf,0.015736635586975866,0.014977766394044266,0.07708129772781158,0.04348366668052738,skewnorm,61,100
Inf,0.02837621272077551,0.01619190035894716,0.22818221632904664,0.06080790938776576,mixture,61,100
0.3172165711544396,0.3172165711544396,0.026938148071092502,0.5963834450595226,0.05877952592991121,u-shaped,61,100
0.0884105301835277,0.0884105301835277,0.01494841641590128,0.1876549327395433,0.03181243955686207,unif,61,100
0.005776743658518986,0.005776743658518986,0.010726638637784966,-5.615392531707214e-5,0.008965967704731802,gaussian,61,500
0.012558754638891261,0.012558754638891261,0.024352135860106008,0.07782793343052742,0.04626928197381283,ptm,61,500
Inf,0.020257158534353874,0.009157678911731892,0.07315571271005393,0.031138789372118773,skewnorm,61,500
Inf,0.017161535679882094,0.00956334629920384,0.22474244649506486,0.05619364280498374,mixture,61,500
0.211950038032072,0.211950038032072,0.010567684323387639,0.5924265891720653,0.05972754107142387,u-shaped,61,500
0.053076077069251264,0.053076077069251264,0.007455293938961212,0.18768641005461195,0.03326388713516294,unif,61,500
Inf,0.09182332691688361,0.04481098473803077,0.0033203492092630507,0.028444351078287983,gaussian,62,25
0.07543118846028941,0.07543118846028941,0.061822449944389415,0.1733630083195396,0.0946078792883853,ptm,62,25
Inf,0.1568800954508686,0.09415888819996628,0.11034917013734534,0.0977278568581033,skewnorm,62,25
0.05472486293968502,0.05472486293968502,0.040024121067472135,0.2786727060588665,0.0767400504675076,mixture,62,25
0.5591278186740221,0.5591278186740221,0.047501360993436624,0.6309039820712945,0.04700527111118278,u-shaped,62,25
0.14482008841356697,0.14482008841356697,0.021076170219212088,0.1604952803561956,0.0268259889209799,unif,62,25
0.04177483515568145,0.04177483515568145,0.042914162251686545,0.0017287620890332667,0.022383577406528167,gaussian,62,50
0.06831604736962177,0.06831604736962177,0.05940209403874516,0.16004555663870315,0.08502114996351774,ptm,62,50
Inf,0.042294908728696685,0.030132466981731137,0.08088112331743197,0.05176768574090113,skewnorm,62,50
Inf,0.2265926093868205,0.0553347868291484,0.3162709620363195,0.08943317348149175,mixture,62,50
0.3607937249522768,0.3607937249522768,0.02517962549236557,0.6201329622718723,0.053116373402967924,u-shaped,62,50
0.09436837040731046,0.09436837040731046,0.016059256570809206,0.15215060520969578,0.03110481112691849,unif,62,50
0.026910300753719595,0.026910300753719595,0.02483818275164712,0.004472821575422568,0.0315984440688047,gaussian,62,100
Inf,0.01872432014768559,0.018147998986220784,0.12302520018289638,0.05079599510837694,ptm,62,100
0.03223244682657889,0.03223244682657889,0.03577172411749326,0.08437983445094085,0.060312340060696724,skewnorm,62,100
Inf,0.062010029179963046,0.029751942090564563,0.2607683513740145,0.07137643910917778,mixture,62,100
0.3134589352763951,0.3134589352763951,0.02040018998979979,0.6205708502351278,0.054065510119115825,u-shaped,62,100
0.05965711076526643,0.05965711076526643,0.02219628141780121,0.1493884892863804,0.036604747145767245,unif,62,100
0.003427229579746614,0.003427229579746614,0.01597869953945885,0.0027977837381239516,0.01860955165963618,gaussian,62,500
Inf,0.008607596314555745,0.013909410468778855,0.12124664048614006,0.048940199398827454,ptm,62,500
0.005954079643955203,0.005954079643955203,0.02246966939099152,0.0784295200545739,0.04945810781453707,skewnorm,62,500
0.004307513117935254,0.004307513117935254,0.003992715148103816,0.2502974868531882,0.05864254957790383,mixture,62,500
0.2138971961216513,0.2138971961216513,0.007744402104424671,0.6166851772747358,0.05837611383902029,u-shaped,62,500
0.04267800490277831,0.04267800490277831,0.009461228219836545,0.1484290034569644,0.0390911722744032,unif,62,500
Inf,0.06822696112183245,0.02750693757153089,0.00462653589892409,0.013389190361694437,gaussian,63,25
0.10164284222148648,0.10164284222148648,0.03561972260031668,0.06171854709134265,0.03289263614122522,ptm,63,25
0.06941522402607068,0.06941522402607068,0.0055666442627284145,0.09735966208032244,0.05144644766499483,skewnorm,63,25
0.08385930635186305,0.08385930635186305,0.02809626186026206,0.28619886540986805,0.0681897207707034,mixture,63,25
0.46925676047924625,0.46925676047924625,0.0766827375766927,0.6609635085445567,0.07319622605204115,u-shaped,63,25
0.1969343077446382,0.1969343077446382,0.05337887706149613,0.20417478024092384,0.044801363209891455,unif,63,25
0.056303763812402374,0.056303763812402374,0.047519665751445256,0.001382927732050565,0.018020609645448812,gaussian,63,50
0.0815013557353955,0.0815013557353955,0.050381965092703845,0.07577117863071293,0.048028321480256715,ptm,63,50
0.061988082030819965,0.061988082030819965,0.01688828696723234,0.07776520141070337,0.030119110821122532,skewnorm,63,50
Inf,0.08222014183573946,0.03192841099157411,0.28140464260652925,0.06692788547466703,mixture,63,50
0.3860629129605006,0.3860629129605006,0.056324936331170763,0.6423853320143398,0.0641794363619413,u-shaped,63,50
0.11028780828270977,0.11028780828270977,0.021967989519584806,0.19574791376417056,0.03713700742701322,unif,63,50
0.02089826466787924,0.02089826466787924,0.01836984536949569,0.0011880449869048895,0.008732173661106847,gaussian,63,100
0.05433366185637105,0.05433366185637105,0.04188168765548969,0.07275538116260268,0.043809086392077756,ptm,63,100
0.03743483927762387,0.03743483927762387,0.018136850193061677,0.0798278277637352,0.03219353373895209,skewnorm,63,100
Inf,0.0451528075061682,0.02283204840860189,0.28195544370113557,0.06666852136010397,mixture,63,100
0.318642997918916,0.318642997918916,0.03877155469190526,0.6322404236054548,0.0612583582128467,u-shaped,63,100
0.09115904380475276,0.09115904380475276,0.02045413413696757,0.19702454215693477,0.03533995728560835,unif,63,100
0.008782894111737046,0.008782894111737046,0.011888299188548179,0.0039051213552646173,0.015491510441012084,gaussian,63,500
0.002529133944372667,0.002529133944372667,0.0069221843483780535,0.05700506320370807,0.031296727807091855,ptm,63,500
0.012483537706855294,0.012483537706855294,0.012481552499323088,0.08516727756047218,0.049627970498295856,skewnorm,63,500
0.008245580999429734,0.008245580999429734,0.008396499403332867,0.27471131381599184,0.06188883070322107,mixture,63,500
0.19511949519045335,0.19511949519045335,0.0069015123900721086,0.6232052298495753,0.05790229629257283,u-shaped,63,500
0.05403849864405121,0.05403849864405121,0.009271312082467365,0.19460117093013934,0.03430842662286533,unif,63,500
0.06694403483036075,0.06694403483036075,0.041165932144618396,0.015689199724137078,0.031053591703501,gaussian,64,25
Inf,0.15567959084174654,0.07525592061076382,0.1418974993181826,0.08645892360719279,ptm,64,25
Inf,0.043930042129732554,0.015141717667421685,0.09180462396344602,0.029942437547358907,skewnorm,64,25
0.08118999422208302,0.08118999422208302,0.05123851306618582,0.25600612670605405,0.05811295039685398,mixture,64,25
0.3959135041254743,0.3959135041254743,0.02778941974028174,0.602280274204065,0.06269289260296226,u-shaped,64,25
0.1813464756021789,0.1813464756021789,0.06775442845862142,0.22480276984317338,0.04460932998032031,unif,64,25
0.029908425382115245,0.029908425382115245,0.021973678881249747,0.002975564725344587,0.006495840378963201,gaussian,64,50
Inf,0.09167355371640486,0.04688650775903108,0.10211027155679785,0.054442813247555566,ptm,64,50
Inf,0.05139108821383095,0.02013206156210087,0.07654950261864217,0.028637632826473823,skewnorm,64,50
0.08126802003111681,0.08126802003111681,0.07277010422848607,0.27989606791537963,0.07297703013770307,mixture,64,50
0.40264838069839726,0.40264838069839726,0.049755669913679426,0.622697963138554,0.07671130059151726,u-shaped,64,50
0.15762555391756464,0.15762555391756464,0.07431200588814169,0.22195052179781302,0.06605285748547787,unif,64,50
Inf,0.03437959144363039,0.01970654525257444,0.0010348400051267204,0.020317519773377576,gaussian,64,100
Inf,0.06436172151084261,0.04367213738836864,0.09080816374636601,0.059201525527295615,ptm,64,100
Inf,0.03537915314137413,0.01914123181391716,0.07623278334906328,0.040330945957163744,skewnorm,64,100
0.06713968599271027,0.06713968599271027,0.05710991280673073,0.2848460250108389,0.0753372519434565,mixture,64,100
0.31582858292778865,0.31582858292778865,0.0315257598152714,0.6031806788191836,0.06694106097381641,u-shaped,64,100
0.11633206564235528,0.11633206564235528,0.06459570340478966,0.21914898696260018,0.061006080779648156,unif,64,100
0.01035015545701589,0.01035015545701589,0.01772204123898164,0.0013958763576587389,0.005948401110368575,gaussian,64,500
Inf,0.020741403127965314,0.01764906358699776,0.05740485491472239,0.038879859432073643,ptm,64,500
0.01672408360182564,0.01672408360182564,0.013713810618839401,0.07646522249316177,0.04014088884433088,skewnorm,64,500
0.016626445912564954,0.016626445912564954,0.016381058503305124,0.24792294917266783,0.06072186835376726,mixture,64,500
0.19268650929010045,0.19268650929010045,0.012323667641095623,0.6003129958278609,0.05769813174232797,u-shaped,64,500
0.055644100278303466,0.055644100278303466,0.018271043441806013,0.19592795056155302,0.035429694240619,unif,64,500
0.11157324298951325,0.11157324298951325,0.08212731725616107,0.0609358765637953,0.08898987025350233,gaussian,65,25
Inf,0.184470958858649,0.05744628812656289,0.15079301508625867,0.05540182322373851,ptm,65,25
0.059435368347327724,0.059435368347327724,0.04601710324627667,0.08514954647967793,0.06324255291562311,skewnorm,65,25
0.07068914238097275,0.07068914238097275,0.030044294219039994,0.22930378773421525,0.06511577999633705,mixture,65,25
0.49063177843455164,0.49063177843455164,0.03300297157751886,0.6542737010873909,0.056373614260502664,u-shaped,65,25
0.1023798192439165,0.1023798192439165,0.0293347982814251,0.19549442664081326,0.03493723661599377,unif,65,25
0.10651824071197527,0.10651824071197527,0.06710021478287673,0.04915695187499697,0.057088797648879176,gaussian,65,50
Inf,0.1268214680398502,0.03569898725677132,0.15581941589587237,0.07238302533722968,ptm,65,50
0.04271667637619204,0.04271667637619204,0.033118256894850755,0.0727845208225363,0.0499796208532076,skewnorm,65,50
0.04616630841282541,0.04616630841282541,0.021323107168845997,0.22709186212408894,0.05411047720439762,mixture,65,50
0.35677028416545037,0.35677028416545037,0.0263258994702508,0.6573889869141645,0.05021782358729161,u-shaped,65,50
0.11103760293799433,0.11103760293799433,0.047574050665230336,0.2034910695003414,0.04896018299631393,unif,65,50
0.04892689693003258,0.04892689693003258,0.04229039493505008,0.019065280529646313,0.02598675732281919,gaussian,65,100
Inf,0.10997733059824241,0.027193278962572443,0.13875968776936667,0.04025330490690737,ptm,65,100
0.02759780226580076,0.02759780226580076,0.011064630852809683,0.08380453012986767,0.04782062688861834,skewnorm,65,100
0.040757703533655265,0.040757703533655265,0.022828975280583884,0.2265133631437917,0.05514494592467582,mixture,65,100
0.3057881010086431,0.3057881010086431,0.023484409771574163,0.6541525049745895,0.05482929930626079,u-shaped,65,100
0.09167664142458544,0.09167664142458544,0.028625909269599688,0.1944589456646976,0.026516995736931986,unif,65,100
0.0091145390447136,0.0091145390447136,0.01681852450380084,0.0032398575378553515,0.009998125297591321,gaussian,65,500
Inf,0.0924437679779328,0.029567409561626425,0.16670142449703965,0.025633542432125442,ptm,65,500
0.011631138535711962,0.011631138535711962,0.018655599034281562,0.07059184670597733,0.0461272655095349,skewnorm,65,500
Inf,0.04286476416773768,0.01133275606820362,0.22545471342269993,0.05949479461299091,mixture,65,500
0.19678292612622167,0.19678292612622167,0.00839584227122706,0.653902195058284,0.055500789351852674,u-shaped,65,500
0.061685102643699245,0.061685102643699245,0.014261831633783648,0.1906540556572897,0.03086782372063669,unif,65,500
Inf,0.2974914924314581,0.05782723704036466,0.013589685493286988,0.027249431799123248,gaussian,66,25
Inf,0.337165393039428,0.06861587494157854,0.17441757411013054,0.07369811142983276,ptm,66,25
0.040152971033289665,0.040152971033289665,0.051313651053512516,0.09041269240742536,0.028692834881461533,skewnorm,66,25
0.13425548292868905,0.13425548292868905,0.042459757043282295,0.28095387226173985,0.07470073226304366,mixture,66,25
0.5158199637877904,0.5158199637877904,0.0409522414724593,0.5787332330368119,0.06808594922018703,u-shaped,66,25
0.14951334844781491,0.14951334844781491,0.05036652851339477,0.1381034193395777,0.04804075008920943,unif,66,25
Inf,0.06364450686477499,0.044593457648307216,-2.581047389220329e-4,0.0213587666142347,gaussian,66,50
Inf,0.2521493787062613,0.036402250529687534,0.19101605378718858,0.025057423548420242,ptm,66,50
0.01042977722775538,0.01042977722775538,0.027655068911223137,0.08246628806623552,0.026724918142107038,skewnorm,66,50
0.03968236931142258,0.03968236931142258,0.0398433988575304,0.27649137967945386,0.06824319806567168,mixture,66,50
0.3900057134738907,0.3900057134738907,0.031840264427581644,0.5746572344638218,0.06277913509376443,u-shaped,66,50
0.13140612966012724,0.13140612966012724,0.04174073386731816,0.13774018231464913,0.039185079223435434,unif,66,50
0.01662423706308255,0.01662423706308255,0.011923039267923907,0.0015659422053554046,0.011990707192264303,gaussian,66,100
Inf,0.08840309159734268,0.01400604152748931,0.16344705286514474,0.03403603537917843,ptm,66,100
0.011985635647424062,0.011985635647424062,0.0408118357480721,0.08692687512935005,0.02397337513781165,skewnorm,66,100
0.03274797636364699,0.03274797636364699,0.058819568584673916,0.2862039914418458,0.06918836386663596,mixture,66,100
0.32014048570567755,0.32014048570567755,0.02085517906159292,0.574281875245841,0.061487761930112246,u-shaped,66,100
0.10452598212799515,0.10452598212799515,0.041702909387438654,0.14368761203184657,0.04706469615655423,unif,66,100
0.008235712905171026,0.008235712905171026,0.025653552911532543,0.00578097966997016,0.02428122664645766,gaussian,66,500
Inf,0.04356168537309954,0.010874246240039822,0.17117635163666298,0.038514618049398874,ptm,66,500
0.004123881198542432,0.004123881198542432,0.020385369533892608,0.08200835247404704,0.028091460498819117,skewnorm,66,500
0.010235139177427894,0.010235139177427894,0.003951580746511804,0.2625904946020068,0.059372844146042436,mixture,66,500
0.20342161837068962,0.20342161837068962,0.018757645746803955,0.5772004529597702,0.062175951157342604,u-shaped,66,500
0.05479733214644303,0.05479733214644303,0.015230433733852064,0.13406341222729837,0.04304088356384204,unif,66,500
0.02992030056416478,0.02992030056416478,0.03400745361937735,0.002410486464124104,0.016863126802167692,gaussian,67,25
0.04531802273804003,0.04531802273804003,0.02638373318614151,0.040097192251422845,0.02748482109216153,ptm,67,25
Inf,0.09960443867975792,0.05653139170172296,0.0972820063567613,0.06564720551962205,skewnorm,67,25
Inf,0.1843156009908068,0.051871534904758244,0.2490132874327629,0.07410329207268819,mixture,67,25
0.3999330117602072,0.3999330117602072,0.025320179882569745,0.6250044087602292,0.05516044427966748,u-shaped,67,25
0.12863501469588182,0.12863501469588182,0.01644496226589977,0.15159371813284858,0.03332271713566197,unif,67,25
0.034648135905934345,0.034648135905934345,0.04701150858893426,0.01272810273127046,0.04498105122030158,gaussian,67,50
Inf,0.04742240036609236,0.02201710822290511,0.038591866893058574,0.017311181479597437,ptm,67,50
Inf,0.07856129975998204,0.051344005908397355,0.0974070911357513,0.06560563284799824,skewnorm,67,50
Inf,0.0800597214704566,0.03604771420930182,0.2422471127750594,0.07007088869023338,mixture,67,50
0.3629734626122748,0.3629734626122748,0.032632909707059544,0.6358377250727907,0.05903211714865708,u-shaped,67,50
0.1096145288889205,0.1096145288889205,0.027129090671918314,0.1543181013053662,0.04098634890725397,unif,67,50
0.01794443746446726,0.01794443746446726,0.025564021500590534,0.002875990728549046,0.022082227335509668,gaussian,67,100
Inf,0.05267224160180848,0.017552899859434493,0.03653810163132256,0.01970588227457414,ptm,67,100
0.04185270724463656,0.04185270724463656,0.03149683537931469,0.09541545304409817,0.052095596770146274,skewnorm,67,100
Inf,0.06320078327438675,0.021825428966870154,0.2414126949683424,0.0688004421272676,mixture,67,100
0.3095234249891419,0.3095234249891419,0.014072801569855584,0.6276673151127429,0.056053646613675207,u-shaped,67,100
0.10523786845392387,0.10523786845392387,0.04565431030201611,0.16375376713703282,0.04849703655123562,unif,67,100
0.005064194540768844,0.005064194540768844,0.008250219976526207,-9.055016396259919e-5,0.0027374352650292575,gaussian,67,500
Inf,0.10796038653780071,0.008425082796586606,0.03790627400698298,0.01660181620957457,ptm,67,500
0.011742717113710138,0.011742717113710138,0.009374535456678204,0.08652880244626315,0.03939225598483797,skewnorm,67,500
0.011856202099259317,0.011856202099259317,0.011227912290382338,0.24009579042447998,0.06091898146208566,mixture,67,500
0.22189939738567632,0.22189939738567632,0.013439818717596233,0.6280297456308767,0.05946164155693026,u-shaped,67,500
0.04257669470959502,0.04257669470959502,0.009562139681288119,0.14837557454462275,0.03958189338001034,unif,67,500
Inf,0.06843713221807769,0.03542096575096856,0.001411366172050259,0.019801676610626803,gaussian,68,25
Inf,0.3631391238148249,0.013476612743242978,0.32219838694510833,0.08460151780434631,ptm,68,25
Inf,0.10004828738577165,0.05690810637145712,0.08747345677707494,0.07262284350693193,skewnorm,68,25
0.07653941877736552,0.07653941877736552,0.024373554659298104,0.26322769288385406,0.06939690511756942,mixture,68,25
0.4361550109859868,0.4361550109859868,0.025965258598607776,0.6519940064178902,0.05644550072843139,u-shaped,68,25
0.11950690254740307,0.11950690254740307,0.04761879144084603,0.22907980021538835,0.06754567159523425,unif,68,25
Inf,0.14287810977009896,0.02704972532639221,0.009140224744755392,0.017303237690092624,gaussian,68,50
0.05166241542571408,0.05166241542571408,0.016216451909456604,0.32108701328046985,0.08629601902303176,ptm,68,50
Inf,0.07103123894489248,0.028009249667779505,0.06660921179951095,0.047628508338667185,skewnorm,68,50
0.05557171246553845,0.05557171246553845,0.018900382621118355,0.25599118664908443,0.06141947492075716,mixture,68,50
0.4076556115113337,0.4076556115113337,0.039944708461694234,0.6626580671509885,0.0687220154351445,u-shaped,68,50
0.11455589217964479,0.11455589217964479,0.03431055239002197,0.1935196221554039,0.0522343003925699,unif,68,50
0.015334503045459443,0.015334503045459443,0.01503221250475062,0.004664275858293562,0.017549253479545866,gaussian,68,100
0.0562253257325217,0.0562253257325217,0.05671801222225069,0.3431381498521717,0.0678021363838641,ptm,68,100
Inf,0.05864864790312733,0.03500817579603056,0.06825506968215753,0.059079749236733994,skewnorm,68,100
0.044625886178293765,0.044625886178293765,0.01756139826975165,0.2554381986971359,0.06055538922264511,mixture,68,100
0.34578032356419147,0.34578032356419147,0.027349067280497366,0.6568572238026311,0.06510667239250906,u-shaped,68,100
0.10668018392607079,0.10668018392607079,0.02240865689801224,0.18248431751830008,0.04468356537673375,unif,68,100
0.003839120287495726,0.003839120287495726,0.007702288848189795,9.139247283407463e-4,0.0067696421801863955,gaussian,68,500
0.020613728758238144,0.020613728758238144,0.0213179924307469,0.3241347276666026,0.0773505872850159,ptm,68,500
Inf,0.03885771267292794,0.009194836432744524,0.06618628223936779,0.039605599150860975,skewnorm,68,500
0.014097036898642846,0.014097036898642846,0.014276009820518937,0.25713170622818454,0.06416088749751028,mixture,68,500
0.2339433563428692,0.2339433563428692,0.01587683009502596,0.6542167637937274,0.06169183231136414,u-shaped,68,500
0.049415028163985394,0.049415028163985394,0.009568643085190422,0.17686886560497345,0.032434140181594136,unif,68,500
0.05477089968137832,0.05477089968137832,0.07127347402662508,0.014608986994013359,0.054803990247406835,gaussian,69,25
Inf,0.4718339611138348,0.01978129067649413,0.44989892666460973,0.06782379303838,ptm,69,25
Inf,0.137995581539363,0.035115978434803824,0.09261631425534061,0.04874488591642561,skewnorm,69,25
0.2516792137694731,0.2516792137694731,0.05171527500018458,0.23307414454371533,0.057014184723171255,mixture,69,25
0.43156671733015345,0.43156671733015345,0.07103547255372672,0.6393422679079752,0.0684787203530496,u-shaped,69,25
0.10092158820603661,0.10092158820603661,0.04586445864243208,0.17254644327717295,0.04203527536467937,unif,69,25
0.016650577556743918,0.016650577556743918,0.02838355617347025,4.6265213314385984e-4,0.020491842465573586,gaussian,69,50
Inf,0.264880761798961,0.025955897733248096,0.4362337829652862,0.11303165215682291,ptm,69,50
Inf,0.06756300724078824,0.028146279649423758,0.0711857167539329,0.028311773684321685,skewnorm,69,50
0.1579110509000707,0.1579110509000707,0.07666551620450701,0.2583801668345746,0.07405923396975393,mixture,69,50
0.3816556355009858,0.3816556355009858,0.03467528095061206,0.6165641514362112,0.06505070492320078,u-shaped,69,50
0.10600361178172443,0.10600361178172443,0.053267087993351704,0.17755254887863434,0.053025122807215955,unif,69,50
0.008757865551064349,0.008757865551064349,0.032767867229662975,0.007524727420750425,0.030325482815288157,gaussian,69,100
Inf,0.1522067356829456,0.027293536452052423,0.40817277045869466,0.0857032306670316,ptm,69,100
Inf,0.05552642112434462,0.022775075749014898,0.08855047169240392,0.04739940232975783,skewnorm,69,100
0.06272136480171239,0.06272136480171239,0.029722429252504262,0.23719245686356497,0.05270121920003922,mixture,69,100
0.30708839965891294,0.30708839965891294,0.04248897430031193,0.6212575645029002,0.06711379206764967,u-shaped,69,100
0.08854270460740725,0.08854270460740725,0.012747569497853021,0.15984362523683876,0.042993321305951473,unif,69,100
0.00944319421987278,0.00944319421987278,0.014654328190357616,-2.3607226885296418e-4,0.009427890533875041,gaussian,69,500
Inf,0.08459509625101672,0.008853938482890747,0.40746178367468444,0.08287896758200972,ptm,69,500
Inf,0.021088694229487396,0.009896347394267598,0.06896945477877249,0.038757569660294,skewnorm,69,500
0.011317309293829467,0.011317309293829467,0.007453655778818407,0.23193765729144059,0.05842615971440736,mixture,69,500
0.22553680481015298,0.22553680481015298,0.023264757713641566,0.610253984461523,0.06186004997538188,u-shaped,69,500
0.05582509599945928,0.05582509599945928,0.01619076641716894,0.16025883506050315,0.04043534758735202,unif,69,500
Inf,0.09441294165881871,0.03013992064092615,0.03475132412975106,0.034001617781579195,gaussian,70,25
Inf,0.220706153824121,0.12445506129590245,0.4404901217664188,0.15076099028079082,ptm,70,25
Inf,0.1714059187543231,0.11009177272148378,0.2054422980580016,0.10079916869133584,skewnorm,70,25
0.15740231591157783,0.15740231591157783,0.06928920759824765,0.28822860012120943,0.0657986014913147,mixture,70,25
0.47216411791261165,0.47216411791261165,0.03551048128306874,0.5777731344292181,0.06658549098824543,u-shaped,70,25
0.1076207697626858,0.1076207697626858,0.018393974242539243,0.15901281111775417,0.030676878744580246,unif,70,25
Inf,0.08908410078359397,0.04151593934872038,0.046649257967997265,0.04689190127657014,gaussian,70,50
Inf,0.14558864059794924,0.08822126212522206,0.39340328158982213,0.12216127296348062,ptm,70,50
Inf,0.0693748979368197,0.01675266846283019,0.0861486424078411,0.029165595914307417,skewnorm,70,50
0.051767691840418295,0.051767691840418295,0.027616717487043974,0.2564032570130122,0.05476025808115456,mixture,70,50
0.37526346309641084,0.37526346309641084,0.04464508956226528,0.5873536706014783,0.06831928020592419,u-shaped,70,50
0.10674578749844837,0.10674578749844837,0.026812095050296463,0.16202730692402856,0.03630314314863099,unif,70,50
0.01716006132629727,0.01716006132629727,0.032360156217742325,0.005886988092062679,0.03193537334584318,gaussian,70,100
Inf,0.09815935127847632,0.04421527442268183,0.37823617589947756,0.10632733267141099,ptm,70,100
Inf,0.02953461499154404,0.04051394423765766,0.09188384366433049,0.02482674950618346,skewnorm,70,100
0.025105028039678005,0.025105028039678005,0.012228297811921121,0.25195584127536325,0.062401938310291456,mixture,70,100
0.315646304897687,0.315646304897687,0.037049830680799804,0.5825066025001776,0.06621383147710927,u-shaped,70,100
0.09741486067698839,0.09741486067698839,0.016071657751322473,0.15811834470814826,0.04119169667744862,unif,70,100
0.006396873802264247,0.006396873802264247,0.015098040437613829,0.002129068653981095,0.016933961211611902,gaussian,70,500
Inf,0.03112830999266205,0.020036902257327953,0.41321070034327034,0.11319712852919046,ptm,70,500
0.007455905312324999,0.007455905312324999,0.02597344133743968,0.09028735327015676,0.02570902712681424,skewnorm,70,500
0.012674265985320728,0.012674265985320728,0.01370176756118615,0.2544171959955182,0.05813963674592175,mixture,70,500
0.21915645664263975,0.21915645664263975,0.02041009046856999,0.5752848096038623,0.06300575631180165,u-shaped,70,500
0.05293911809130247,0.05293911809130247,0.012440295898971545,0.1556525682228438,0.03859627378665174,unif,70,500
Inf,0.10782280764060832,0.08277924896849435,0.11098671827715446,0.08997528476763844,gaussian,71,25
0.10497480076406819,0.10497480076406819,0.04810480286119609,0.194079341715464,0.06793432586401052,ptm,71,25
Inf,0.18310496479233657,0.079143684333521,0.13215838939985447,0.05290160767154976,skewnorm,71,25
0.1863008113395105,0.1863008113395105,0.04406979974353933,0.2506054257470347,0.07324460930062861,mixture,71,25
0.5191253045017871,0.5191253045017871,0.05767618216795895,0.6513452479676275,0.08601750312188232,u-shaped,71,25
0.1024198077889342,0.1024198077889342,0.030185512617820227,0.1532793310573112,0.038731016220743514,unif,71,25
Inf,0.09468958329051137,0.054578589830640054,0.037771686515754854,0.05850879506176241,gaussian,71,50
Inf,0.09004870600349267,0.026902516196831434,0.19856595472970817,0.052084402214251604,ptm,71,50
Inf,0.10753668823014464,0.03891218888466921,0.09449223180047324,0.02381187693076116,skewnorm,71,50
0.08090550283575192,0.08090550283575192,0.03341377927531498,0.253020567984249,0.07410969334830853,mixture,71,50
0.4821099371651036,0.4821099371651036,0.04608032264005474,0.6181987314553415,0.07227384327719891,u-shaped,71,50
0.09040441540934846,0.09040441540934846,0.016104534245460482,0.1518616822908183,0.03746380862129421,unif,71,50
Inf,0.05819512835701508,0.020901784769112447,0.0024783292741521194,0.008943470488242703,gaussian,71,100
Inf,0.06748348126200815,0.018070690933150026,0.18866332475082945,0.06495569716149277,ptm,71,100
Inf,0.07272065235357426,0.02203917407299375,0.10710381220612171,0.028708963218983,skewnorm,71,100
0.052377571246975195,0.052377571246975195,0.027454978215721525,0.25020274382741214,0.06829159705961015,mixture,71,100
0.3781781903549644,0.3781781903549644,0.03894192573651628,0.6136103846426456,0.06512901707685868,u-shaped,71,100
0.08771728050460885,0.08771728050460885,0.028748096649743468,0.15605846195454418,0.0382619129809457,unif,71,100
Inf,0.018602176127266553,0.01699637068958396,0.0011294062900029337,0.019877408315946383,gaussian,71,500
0.01626716038440236,0.01626716038440236,0.009200762944461243,0.19712163642291625,0.07850866245784553,ptm,71,500
0.009728137294982316,0.009728137294982316,0.014610597687099939,0.08877447630025055,0.03713388255940569,skewnorm,71,500
0.016936888276014375,0.016936888276014375,0.0177027176811827,0.24987786616451158,0.05785607313963434,mixture,71,500
0.21581085518100607,0.21581085518100607,0.013025239144529025,0.6054748192106223,0.061815469695025466,u-shaped,71,500
0.04102983091293972,0.04102983091293972,0.008391005633806726,0.1499283361667404,0.03588266347280915,unif,71,500
Inf,0.06551772872557163,0.04513900097564026,0.024894798547981843,0.05336618404803315,gaussian,72,25
Inf,0.47142717554973423,0.07281087071638223,0.16784010030297541,0.06900304443275242,ptm,72,25
Inf,0.11341527398003234,0.04992922352788485,0.09042866685020054,0.04411811097553384,skewnorm,72,25
0.20095058791881365,0.20095058791881365,0.10847162318980695,0.3249829010138964,0.08760473742681014,mixture,72,25
0.44454911782230755,0.44454911782230755,0.04770228220218865,0.6561714404122251,0.06109761341807165,u-shaped,72,25
0.1864968973286487,0.1864968973286487,0.12348332645821632,0.36215335043365576,0.11865306005677011,unif,72,25
0.02236315404593916,0.02236315404593916,0.027044278721452222,0.001026079295112291,0.019065961342172304,gaussian,72,50
Inf,0.14219518058339115,0.04097305565447503,0.13873523926578085,0.04673372774002378,ptm,72,50
Inf,0.10324551008805877,0.026034743921983468,0.0953321105749232,0.027151686936485255,skewnorm,72,50
0.14584508007620067,0.14584508007620067,0.08891504584543569,0.29140761389185355,0.0732288052970715,mixture,72,50
0.3869755161898034,0.3869755161898034,0.02167283427283035,0.6434627430156508,0.05377806912911809,u-shaped,72,50
0.17951607595678912,0.17951607595678912,0.13587211426332066,0.29292054997165284,0.12628525214787129,unif,72,50
0.012435842168839547,0.012435842168839547,0.019138482007078322,1.663190202448936e-4,0.0018788393987002265,gaussian,72,100
Inf,0.1378265410485738,0.037365963866921724,0.14263014581505837,0.062099146090355675,ptm,72,100
Inf,0.04988229853872854,0.017875496368537462,0.09108237045574766,0.038149324757983834,skewnorm,72,100
0.03733669476307953,0.03733669476307953,0.045452375390633334,0.26127577141283853,0.0650813817227577,mixture,72,100
0.31976985446051387,0.31976985446051387,0.03322157992859919,0.6494340615110364,0.05549178899639536,u-shaped,72,100
0.10464267061681196,0.10464267061681196,0.06661733151747061,0.20682852916067038,0.0606795683096384,unif,72,100
0.015500478204884037,0.015500478204884037,0.021876756274010006,0.00175187016785644,0.017061786637677483,gaussian,72,500
0.011663911506821627,0.011663911506821627,0.019908190796085367,0.1691554346142709,0.07461538307062142,ptm,72,500
0.0073619832737638995,0.0073619832737638995,0.008382895535264447,0.08812190283308224,0.03974590376274689,skewnorm,72,500
0.024187971746498078,0.024187971746498078,0.019719817508471783,0.253033386191069,0.06604423972659701,mixture,72,500
0.23676531864035139,0.23676531864035139,0.010852274284320637,0.641912606227537,0.05556649005927694,u-shaped,72,500
0.04626621272026734,0.04626621272026734,0.016721404050295943,0.19093785035508765,0.03573454268656413,unif,72,500
0.05650934558564766,0.05650934558564766,0.06678352143574126,0.0550551442029536,0.08048740702361674,gaussian,73,25
0.12808211288749857,0.12808211288749857,0.03375446631505434,0.16984391450122735,0.052253415536119716,ptm,73,25
0.10906832237374335,0.10906832237374335,0.12582746840333456,0.18151213670989372,0.1426006862835982,skewnorm,73,25
0.1431981706237025,0.1431981706237025,0.10621667645193075,0.28789901700088555,0.07725022674096792,mixture,73,25
0.39539739697815557,0.39539739697815557,0.08181688884021909,0.6720368922388597,0.07706396079522508,u-shaped,73,25
0.18564857506226118,0.18564857506226118,0.08064848647793667,0.2422340960902474,0.07130543543239196,unif,73,25
0.09634613510120181,0.09634613510120181,0.09728151487557829,0.09263301737784657,0.11098442845619286,gaussian,73,50
0.09163397186128572,0.09163397186128572,0.033971906278483475,0.17151421100328193,0.06059252508207433,ptm,73,50
0.0805155856601813,0.0805155856601813,0.1127759516588348,0.13039150213768633,0.12863311135014588,skewnorm,73,50
0.04476398313079042,0.04476398313079042,0.04433558153403757,0.24983606451880924,0.06292921926437878,mixture,73,50
0.34943187033827694,0.34943187033827694,0.06883354537955297,0.6547531364047032,0.06663222157333777,u-shaped,73,50
0.11154588284722132,0.11154588284722132,0.04552853742265852,0.2130532835089961,0.043725706363220984,unif,73,50
0.06388467311578655,0.06388467311578655,0.047531884187003846,0.021308631351501822,0.026932183643535754,gaussian,73,100
0.048591814719397,0.048591814719397,0.032510783614103325,0.17434356982492158,0.06346194380917168,ptm,73,100
0.026731127182814358,0.026731127182814358,0.02896852695436754,0.06627521224265216,0.05283977073191413,skewnorm,73,100
0.04881246837369021,0.04881246837369021,0.0632220795612419,0.26863556830009583,0.07113157255141067,mixture,73,100
0.29600421954359224,0.29600421954359224,0.027638112296158892,0.6329781133716453,0.053276905880908915,u-shaped,73,100
0.13264341313191996,0.13264341313191996,0.08300140046496086,0.24631468163663386,0.0768751271729158,unif,73,100
0.004909300696839637,0.004909300696839637,0.010777069612940053,1.1016057286284427e-4,0.004780249982046337,gaussian,73,500
0.027567343172183425,0.027567343172183425,0.0156809714768547,0.1700948702540927,0.05549228961661181,ptm,73,500
0.004614950718165291,0.004614950718165291,0.015777486430103845,0.06214658094388583,0.046011730279522295,skewnorm,73,500
0.016553319793847616,0.016553319793847616,0.013886063063378912,0.24273977208032954,0.05565062798576549,mixture,73,500
0.20275030746285883,0.20275030746285883,0.012556662753677766,0.6285755013927199,0.05573627813962787,u-shaped,73,500
0.04475219837099575,0.04475219837099575,0.012194334799973186,0.1933485597593716,0.03166313536580879,unif,73,500
Inf,0.05527238437486391,0.031220052570915858,0.012265527508640971,0.03788851639557687,gaussian,74,25
0.14594376570582757,0.14594376570582757,0.06958747418468987,0.10890544498269229,0.07170491865925464,ptm,74,25
Inf,0.279491500891728,0.039192083382887426,0.1653431385828363,0.035939109147517835,skewnorm,74,25
0.10717535377299556,0.10717535377299556,0.037131643914786176,0.2404094285167815,0.06012596641283208,mixture,74,25
0.40164024735759857,0.40164024735759857,0.03462502374694356,0.6535879648087458,0.05582626247046575,u-shaped,74,25
0.12784266133738573,0.12784266133738573,0.03660966893116308,0.20305820691314103,0.023320191727231928,unif,74,25
Inf,0.124369162789443,0.0469245791083282,0.03273536565135835,0.050804672877057276,gaussian,74,50
0.07663310594409575,0.07663310594409575,0.057640292589394404,0.061486843867609206,0.05953539895411434,ptm,74,50
Inf,0.1584663046799851,0.01909471086318436,0.11273214687758035,0.03371103850216546,skewnorm,74,50
0.07900528543843785,0.07900528543843785,0.039146333374074103,0.2548395029236537,0.07071722284187204,mixture,74,50
0.34693969356748033,0.34693969356748033,0.035755895792471654,0.6591552595326748,0.054492307310804435,u-shaped,74,50
0.12226239646300673,0.12226239646300673,0.02047342172358232,0.1984099482048881,0.03108217139479896,unif,74,50
Inf,0.037338284195510156,0.03201660877574797,0.020177305230846047,0.032956464286970175,gaussian,74,100
Inf,0.05924237132341284,0.01699716377401129,0.043625312273234476,0.03909235122607274,ptm,74,100
Inf,0.07698265495185753,0.01464625015219413,0.07662652777015962,0.02955619427111412,skewnorm,74,100
Inf,0.11071559290039955,0.04135973607907303,0.26567361852721905,0.0768783328904932,mixture,74,100
0.2923941658036402,0.2923941658036402,0.013689454270475547,0.6519501348039619,0.054197787329823076,u-shaped,74,100
0.09495841267082034,0.09495841267082034,0.02252299516678681,0.197236113879725,0.02953371903157217,unif,74,100
Inf,0.012528409769104,0.01675689309483654,0.005007561512548941,0.017384933346379097,gaussian,74,500
0.01609546414093976,0.01609546414093976,0.01673667992656125,0.03924120176593669,0.02571136824012073,ptm,74,500
Inf,0.029212858981110163,0.01474863160942543,0.07262268314745433,0.041180367690239604,skewnorm,74,500
0.03118229866760192,0.03118229866760192,0.01832731958767162,0.23852804039008588,0.06255252256023563,mixture,74,500
0.20984357756645355,0.20984357756645355,0.0164739602275605,0.6543498363557108,0.05848382943525555,u-shaped,74,500
0.05963154926942474,0.05963154926942474,0.008067763882884762,0.19610314031022275,0.03242788018156922,unif,74,500
Inf,0.0410034892717877,0.028524458164887703,2.795566821768621e-4,0.0027438248306167995,gaussian,75,25
0.1222882766167809,0.1222882766167809,0.10981359704831195,0.29577692653724685,0.13363892729882473,ptm,75,25
Inf,0.08868348529211578,0.02410460747876421,0.08696691980206464,0.034113894249409256,skewnorm,75,25
0.09811743994400701,0.09811743994400701,0.03215998053496006,0.24102469108813787,0.052329567867685445,mixture,75,25
0.43666367379343574,0.43666367379343574,0.031081006824663915,0.6225051946785443,0.04910346319901473,u-shaped,75,25
0.1302502841612237,0.1302502841612237,0.03938178115895941,0.1821789612978028,0.04208762950495428,unif,75,25
Inf,0.03885312068860942,0.013593209661263487,0.020088205213719654,0.02117225918178618,gaussian,75,50
0.11458671733565864,0.11458671733565864,0.11935731993531795,0.29253968648032397,0.13828781868765846,ptm,75,50
Inf,0.035398794905725076,0.04939646834641745,0.08029351723942169,0.024691394195369674,skewnorm,75,50
0.051017280179249204,0.051017280179249204,0.02083019129781692,0.23456826006698722,0.05765505597078829,mixture,75,50
0.40277038479842664,0.40277038479842664,0.02906558457125291,0.6139515712252956,0.060981540263313386,u-shaped,75,50
0.11561936270257088,0.11561936270257088,0.013866386752446752,0.16998496949920108,0.03169968903544384,unif,75,50
Inf,0.0748360688223553,0.01568804250599601,0.01872301229406956,0.020483548537011297,gaussian,75,100
0.08216619439758616,0.08216619439758616,0.08693724794220464,0.26977384535828297,0.11523343654688364,ptm,75,100
Inf,0.02845869613713988,0.0347142018553617,0.0793218508406312,0.024554737929297514,skewnorm,75,100
0.03601548375982339,0.03601548375982339,0.021790187673447228,0.2344044687421846,0.05639040901767798,mixture,75,100
0.3535902640688822,0.3535902640688822,0.024247658549395704,0.6140287101179509,0.06160174618552005,u-shaped,75,100
0.09987028009081739,0.09987028009081739,0.01933173735245294,0.17072974870412438,0.03953980597289634,unif,75,100
0.006750900705801398,0.006750900705801398,0.005120497101049483,0.0018187337369342746,0.0062474104699812485,gaussian,75,500
0.023272347822918888,0.023272347822918888,0.022287775070060526,0.23990834093099006,0.06852963040889452,ptm,75,500
0.004312606042315101,0.004312606042315101,0.011349939111542785,0.0714126359192017,0.03625145142374398,skewnorm,75,500
0.015058311783649506,0.015058311783649506,0.018974411090902775,0.23506023252186203,0.055774097093113775,mixture,75,500
0.22306595819909222,0.22306595819909222,0.013721452547714274,0.6165264183832647,0.06075529097293004,u-shaped,75,500
0.05878737992637609,0.05878737992637609,0.014573080371538637,0.16968218468346966,0.039896279382057503,unif,75,500
Inf,0.14880912543199046,0.06311118670110315,0.16335648833027056,0.06185954697199621,gaussian,76,25
Inf,0.1006380155596643,0.03668356707784373,0.10242999142812902,0.06287188166840454,ptm,76,25
Inf,0.3627694809771611,0.06285759364098631,0.20222694467541177,0.052893856351525305,skewnorm,76,25
0.1758622871131988,0.1758622871131988,0.06123499317244611,0.29182108963928277,0.04934077362905982,mixture,76,25
0.5925728662256733,0.5925728662256733,0.07631528823729301,0.7512151575760682,0.10112443046860985,u-shaped,76,25
0.1240014932594162,0.1240014932594162,0.043056222549750056,0.1846115694015307,0.06556551425886269,unif,76,25
Inf,0.18176477601599209,0.04151147534960768,0.07176994009428336,0.039356269198678025,gaussian,76,50
Inf,0.10888619960761904,0.014587641274335842,0.0861186604010999,0.040849718819151254,ptm,76,50
Inf,0.14068323868012908,0.05639202357834338,0.14508997867511045,0.040919801005780396,skewnorm,76,50
0.07808462223555697,0.07808462223555697,0.03188427682670508,0.25692360299884653,0.05475723159105051,mixture,76,50
0.4297783282621792,0.4297783282621792,0.05487201373500229,0.6533887815016872,0.0778375073788375,u-shaped,76,50
0.10483305250068646,0.10483305250068646,0.03624195715754666,0.16722726892585135,0.05611788020776321,unif,76,50
Inf,0.059534780025821,0.03008657350209081,0.05106558029102401,0.0364669542509954,gaussian,76,100
Inf,0.10159784068881343,0.035555311740211204,0.09094829612992666,0.056769769147641376,ptm,76,100
0.0378797552080742,0.0378797552080742,0.018963715123507287,0.09071548418482901,0.027247908165209295,skewnorm,76,100
0.061593904579143675,0.061593904579143675,0.02249671248712594,0.25258548055522645,0.05678766984430393,mixture,76,100
0.34757794992363206,0.34757794992363206,0.03476150586278896,0.6352881397774077,0.06745383305810401,u-shaped,76,100
0.07014959495834476,0.07014959495834476,0.0371794587204294,0.15909703672361256,0.04817634770842688,unif,76,100
0.004084267425159855,0.004084267425159855,0.014523504088837392,0.002974956125127147,0.01352058218433933,gaussian,76,500
Inf,0.029668421693498218,0.0056235679567538605,0.09121919792081819,0.024732622220600138,ptm,76,500
0.00967558619339345,0.00967558619339345,0.006657620511188382,0.08731997538474805,0.03983570647768576,skewnorm,76,500
0.010607678948935943,0.010607678948935943,0.0077432991507700695,0.25122807194433117,0.06083791527104053,mixture,76,500
0.23667812610743866,0.23667812610743866,0.010617778945457783,0.6264180105139288,0.05754994058960955,u-shaped,76,500
0.052372297810705515,0.052372297810705515,0.010283574483372856,0.15420518228301788,0.03939153234227931,unif,76,500
0.09616786702989345,0.09616786702989345,0.0835970428391009,0.040704037311731424,0.06793691299328398,gaussian,77,25
0.06287891462256087,0.06287891462256087,0.04882798549134013,0.025046024163564024,0.03837293243033506,ptm,77,25
0.05736934002198057,0.05736934002198057,0.033551405437066494,0.10719606379555552,0.0518737835503353,skewnorm,77,25
Inf,0.1274410592754025,0.02252357906842248,0.2750984700594342,0.06728601915916009,mixture,77,25
0.3872970713052399,0.3872970713052399,0.05672804772599616,0.6098284446176422,0.06068609686256587,u-shaped,77,25
0.17455026984874844,0.17455026984874844,0.069167146648561,0.17976023790955292,0.05506475616066673,unif,77,25
0.03158203570747945,0.03158203570747945,0.03083153921872853,0.0030380516498296883,0.02288321154284824,gaussian,77,50
0.06421004047722803,0.06421004047722803,0.040993751055031905,0.01967699967343413,0.012608941777945432,ptm,77,50
0.0873029863223021,0.0873029863223021,0.03855509501761004,0.1255292768164483,0.058957934684649084,skewnorm,77,50
0.127471651586896,0.127471651586896,0.040973048101434754,0.278764490564052,0.07005657824328644,mixture,77,50
0.34375474266384104,0.34375474266384104,0.03328501254547302,0.5970418177920517,0.0592277594528335,u-shaped,77,50
0.10599840369272702,0.10599840369272702,0.036197055410838404,0.16891716072493007,0.03539921617973596,unif,77,50
0.05054413276489148,0.05054413276489148,0.017956935581748323,0.014688456255451763,0.016207235625438667,gaussian,77,100
0.018769517645842445,0.018769517645842445,0.018187178273556506,0.015522944460434384,0.0183464921434485,ptm,77,100
0.04242594330817628,0.04242594330817628,0.031255012004299046,0.08446127844741348,0.03252777782282576,skewnorm,77,100
0.04934486057439605,0.04934486057439605,0.017884669431030308,0.2696574374543203,0.05872025711266803,mixture,77,100
0.30858626828081415,0.30858626828081415,0.02537385439222296,0.5931126445874607,0.06204186812613562,u-shaped,77,100
0.09119503198288181,0.09119503198288181,0.01440779389338682,0.16378910211626,0.03261085841836527,unif,77,100
0.006051269260368549,0.006051269260368549,0.014584935644768296,-1.7340494106293688e-4,0.012511099533725943,gaussian,77,500
Inf,0.01724382445872089,0.003676036694621562,0.015186966773492313,0.007332719555951425,ptm,77,500
0.012233804880290444,0.012233804880290444,0.019790691971446884,0.07262349843870645,0.028037922696054193,skewnorm,77,500
0.01692969840112135,0.01692969840112135,0.014763348496702636,0.27123789987153596,0.06025725779884815,mixture,77,500
0.19923786532086568,0.19923786532086568,0.028702075476319887,0.5967095403347392,0.06079878101885094,u-shaped,77,500
0.06143854640702752,0.06143854640702752,0.012477717782070328,0.16595055992889465,0.03568676120168989,unif,77,500
0.12186659428375958,0.12186659428375958,0.11013713741158859,0.11807843280205195,0.12446569637177377,gaussian,78,25
0.13005745405919109,0.13005745405919109,0.049775386600349796,0.10808949725962225,0.03319468873699429,ptm,78,25
Inf,0.13257839281852113,0.033862781857172036,0.09288495468475386,0.055232678029568945,skewnorm,78,25
Inf,0.07361050846644472,0.032398385412538824,0.2729623978189824,0.07412718796430048,mixture,78,25
0.48250509213540743,0.48250509213540743,0.09137260869910523,0.663156552962952,0.08186499657874513,u-shaped,78,25
0.13102592636803514,0.13102592636803514,0.04109431585698183,0.23015544628852322,0.06276781778237864,unif,78,25
0.024388887655146227,0.024388887655146227,0.0374912932074219,0.019258028455649,0.04235087274762646,gaussian,78,50
0.09539555324012759,0.09539555324012759,0.044039660820810934,0.11161191786268804,0.03551946083032048,ptm,78,50
0.07443608476122074,0.07443608476122074,0.049704009566265465,0.10203438222055661,0.07177485769565438,skewnorm,78,50
Inf,0.07857540199522858,0.03900892629407001,0.27891585162093574,0.07510118276477222,mixture,78,50
0.37972808525299473,0.37972808525299473,0.07115794048688096,0.6450084985483763,0.07082987122119619,u-shaped,78,50
0.10925198756819879,0.10925198756819879,0.02825228829657565,0.1924318680926516,0.03821691850767521,unif,78,50
0.023090717090375266,0.023090717090375266,0.02566609158592642,0.006978266088701023,0.020991567811589337,gaussian,78,100
0.04565367047783341,0.04565367047783341,0.020349183374735146,0.10646211284245496,0.03309172909095813,ptm,78,100
0.030690789095291295,0.030690789095291295,0.041071211294597974,0.09801604094275836,0.06634092478636991,skewnorm,78,100
0.04155501457470984,0.04155501457470984,0.021362845050611246,0.26328333917184477,0.06363934226296104,mixture,78,100
0.33935492216266616,0.33935492216266616,0.03444198688749368,0.6234722471314255,0.05760123859140024,u-shaped,78,100
0.09531607534364628,0.09531607534364628,0.015141920590930289,0.18716421027766295,0.03933622265520133,unif,78,100
0.006936296791130538,0.006936296791130538,0.014400458419333639,8.971198268753816e-4,0.00474612984066531,gaussian,78,500
0.02363338848268972,0.02363338848268972,0.008985654045486529,0.10626468896632081,0.03625366073161201,ptm,78,500
0.00871676888168414,0.00871676888168414,0.011171244857001805,0.08150986235391272,0.03773670193009724,skewnorm,78,500
0.005905586432295011,0.005905586432295011,0.008966778603598591,0.2588425710720601,0.05933146220133381,mixture,78,500
0.23251463976732137,0.23251463976732137,0.013483642360653587,0.6183109215202888,0.05515581983663107,u-shaped,78,500
0.053631616917368466,0.053631616917368466,0.006614978966472444,0.18587193252655354,0.036391832611104624,unif,78,500
0.07412699164037215,0.07412699164037215,0.0680694363240475,0.038126740901879244,0.0675716616305373,gaussian,79,25
Inf,0.0754413797337849,0.03741753010154084,0.14700412581949499,0.05127464986173269,ptm,79,25
Inf,0.1305889198975029,0.09586604623935217,0.14124479780981913,0.10887748414737863,skewnorm,79,25
0.05117613883002094,0.05117613883002094,0.024605170625612523,0.24838255836936454,0.055284366451200724,mixture,79,25
0.4166929562979114,0.4166929562979114,0.05803779203205651,0.6331686339919264,0.05521497055424169,u-shaped,79,25
0.15478239921354028,0.15478239921354028,0.04108257619313366,0.22131380994128746,0.04385251135352087,unif,79,25
Inf,0.053052196351094705,0.03209152213549918,0.011270005241877226,0.032294840597516354,gaussian,79,50
Inf,0.10526273028119501,0.045840302913121106,0.1418096972047706,0.04822644973758658,ptm,79,50
0.08575922251041494,0.08575922251041494,0.09325986881025419,0.14663446262177035,0.11024378274574462,skewnorm,79,50
Inf,0.03355391247146016,0.027303568164881147,0.24320227497736494,0.06751273541825886,mixture,79,50
0.3242502417535193,0.3242502417535193,0.0342074300567869,0.6130906553539213,0.05390098936479275,u-shaped,79,50
0.11662362970951803,0.11662362970951803,0.01889676038565705,0.20729475770673364,0.030312772116127044,unif,79,50
0.05268257869644553,0.05268257869644553,0.034241159256444796,0.01677960879648722,0.022800109902385686,gaussian,79,100
Inf,0.06991075651105508,0.02420808864000615,0.13128030082885583,0.0446468461933598,ptm,79,100
0.07766149391640491,0.07766149391640491,0.08082996990755824,0.13684957955824778,0.09930324951606534,skewnorm,79,100
Inf,0.04606627117909663,0.021116707299816368,0.24237180285962204,0.06665237189368835,mixture,79,100
0.2556792849054343,0.2556792849054343,0.03513283762782436,0.6166319505147598,0.04854959257294589,u-shaped,79,100
0.08481267504976076,0.08481267504976076,0.016281666576392784,0.2069201705777403,0.031875477790610875,unif,79,100
0.015393278467982422,0.015393278467982422,0.02096497769022556,0.0020721270782872586,0.016489272160951276,gaussian,79,500
0.016349402261995844,0.016349402261995844,0.01317183419772757,0.1257210095027763,0.045452728893365775,ptm,79,500
0.019221032270085044,0.019221032270085044,0.01541257804100697,0.09087563082522954,0.04214906813033314,skewnorm,79,500
0.009213979323630415,0.009213979323630415,0.005428218600256304,0.2430414097193282,0.061315624005252305,mixture,79,500
0.18290883418619097,0.18290883418619097,0.012821009394006575,0.6095992925054196,0.05806246446700839,u-shaped,79,500
0.059853402548237046,0.059853402548237046,0.018395421901404686,0.20425638124022,0.02927936315196753,unif,79,500
Inf,0.32495817428640345,0.0477246038454825,0.18084391602318445,0.057630253878177634,gaussian,80,25
Inf,0.1841819619677624,0.07330712546711018,0.1949178715282299,0.06838702524479286,ptm,80,25
0.09058332747112025,0.09058332747112025,0.03942051794525508,0.12425986710036017,0.04009230877782339,skewnorm,80,25
0.0741930266997598,0.0741930266997598,0.04285715600048611,0.2595691255182495,0.055417534453755773,mixture,80,25
0.48971019386014886,0.48971019386014886,0.05358161783364259,0.61646238344603,0.07613996955794057,u-shaped,80,25
0.14999027868707232,0.14999027868707232,0.061396610500453995,0.20157288357340616,0.0685604394364879,unif,80,25
0.01722565901949325,0.01722565901949325,0.02428039368198009,0.002216168955271323,0.019379658495386504,gaussian,80,50
Inf,0.1724477978508881,0.06876609256093673,0.19206205980090227,0.07294958768151416,ptm,80,50
0.08368200401906849,0.08368200401906849,0.02797111949872102,0.1422245887009994,0.0539997347660213,skewnorm,80,50
0.07173502871907127,0.07173502871907127,0.07959638542357018,0.2941815258085586,0.08666878794811357,mixture,80,50
0.3759892860358335,0.3759892860358335,0.01903789111870097,0.593717685335183,0.057094352607207806,u-shaped,80,50
0.10745682629306287,0.10745682629306287,0.053432234346029873,0.19709102302402498,0.06504939291527698,unif,80,50
0.021113986482885958,0.021113986482885958,0.010557475959961418,0.005295340321632566,0.012353482073491975,gaussian,80,100
Inf,0.0901184438499294,0.043839375668533805,0.1835183918973419,0.07140265393632017,ptm,80,100
0.049960937273867675,0.049960937273867675,0.01563548454344982,0.10228587693468098,0.03724751330329026,skewnorm,80,100
0.033148393048984225,0.033148393048984225,0.034083585045096676,0.25696672528805475,0.05805838408583319,mixture,80,100
0.31042778051002806,0.31042778051002806,0.014766024652375176,0.594611003157116,0.0566474532920652,u-shaped,80,100
0.08217080711684316,0.08217080711684316,0.027864213592718595,0.16555302866472008,0.03801177741595645,unif,80,100
0.009189431934823798,0.009189431934823798,0.00969170145431208,1.2912658596336943e-4,0.0030870125704541844,gaussian,80,500
Inf,0.03019382533846355,0.009271630009406687,0.16007781246343186,0.057817977824451174,ptm,80,500
0.009744138859057075,0.009744138859057075,0.025922362511495465,0.09247555615315231,0.027378217671000796,skewnorm,80,500
0.00806898815518821,0.00806898815518821,0.009492671609825072,0.25019633657675167,0.06117039414270611,mixture,80,500
0.2095699748837998,0.2095699748837998,0.017167471020269186,0.5928427664314027,0.06136108974487986,u-shaped,80,500
0.04491460275303656,0.04491460275303656,0.00881265911768382,0.16155049920555903,0.03569511738490259,unif,80,500
0.02251226051331393,0.02251226051331393,0.043201908158437954,0.024303929370920473,0.041389317949736555,gaussian,81,25
Inf,0.5142051530099074,0.03005750011084048,0.35021919497831605,0.02040071627792285,ptm,81,25
Inf,0.10139677031464611,0.019558842140009365,0.08790568124824392,0.03276130006305561,skewnorm,81,25
0.14663764156920553,0.14663764156920553,0.07965090235972931,0.26869838122272405,0.08442577067386069,mixture,81,25
0.3997784141955695,0.3997784141955695,0.02177408397297539,0.5941964891534797,0.052094603577090934,u-shaped,81,25
0.12278937824045115,0.12278937824045115,0.08610609892779597,0.21324151833636554,0.0816467719247845,unif,81,25
Inf,0.04281688253963582,0.015797467066463927,0.004152723965513958,0.0265940342301727,gaussian,81,50
Inf,0.29797266386921106,0.04910025940492453,0.4099196251731583,0.034766942841002645,ptm,81,50
Inf,0.05621707462412624,0.0442363222024441,0.10754382888244957,0.026158647743903703,skewnorm,81,50
0.07939909033764228,0.07939909033764228,0.03979691267657212,0.2436723875648889,0.06922235644807034,mixture,81,50
0.3892284273554983,0.3892284273554983,0.02558660111719123,0.592011582928795,0.060552089852661896,u-shaped,81,50
0.09767584115966452,0.09767584115966452,0.04515448950312179,0.18009018245461828,0.048648291329825066,unif,81,50
0.02737273488268189,0.02737273488268189,0.045040538154438085,0.030622249918754948,0.04701388134586923,gaussian,81,100
Inf,0.09170519726725097,0.017028502560966104,0.20969325011387546,0.038026093728175586,ptm,81,100
Inf,0.0430543738468663,0.018884900771922862,0.1046150687341939,0.041144188334248814,skewnorm,81,100
0.023894171438199403,0.023894171438199403,0.02107722961146632,0.23970387839177007,0.06920085006723578,mixture,81,100
0.31558248943168427,0.31558248943168427,0.029614851585687964,0.5940890649841507,0.062340200184058905,u-shaped,81,100
0.08102540138916299,0.08102540138916299,0.018151782903407066,0.1706684978128239,0.0365846658643104,unif,81,100
0.0019632207240667405,0.0019632207240667405,0.005252453138432622,4.4664063890273014e-4,0.006732752057566863,gaussian,81,500
Inf,0.025989931071383844,0.008153290136357301,0.20323762725584835,0.04560814679086349,ptm,81,500
0.006169214544995479,0.006169214544995479,0.0061181667758081456,0.08850842849002756,0.03855492782614093,skewnorm,81,500
0.01303014511961805,0.01303014511961805,0.01620459184573264,0.24008952262054625,0.05960885574621972,mixture,81,500
0.20994030132480154,0.20994030132480154,0.011305561964245387,0.5902678792694758,0.05880711072549049,u-shaped,81,500
0.03765181306324506,0.03765181306324506,0.005942159969683939,0.1704217442458945,0.034734027116624315,unif,81,500
Inf,0.07655920781789581,0.03441456272096929,0.005589627818529735,0.01586546420542832,gaussian,82,25
0.031038082915873816,0.031038082915873816,0.024408987941031402,0.04344360244465051,0.010915969307241098,ptm,82,25
Inf,0.2573274887425171,0.07936315907661645,0.24332210540828356,0.07751022263259366,skewnorm,82,25
Inf,0.7652789917553683,0.14855928420267145,0.4498312040792494,0.14273896995153745,mixture,82,25
0.5374885014558826,0.5374885014558826,0.0800788596885568,0.7179952164030945,0.08505593923267782,u-shaped,82,25
0.3351578053298114,0.3351578053298114,0.14009390042552178,0.42645895870324074,0.13797368122163847,unif,82,25
0.04341810476281807,0.04341810476281807,0.03375577827254249,8.311036807916646e-4,0.006407034671396512,gaussian,82,50
0.05019619304738011,0.05019619304738011,0.0313950416142591,0.07606041786222713,0.0413551232224544,ptm,82,50
Inf,0.10252627584049005,0.057604190728033355,0.14099419739276908,0.046239948833382075,skewnorm,82,50
0.08781335630531079,0.08781335630531079,0.06895887592213319,0.25672277373528507,0.07493729118777047,mixture,82,50
0.48081940459631617,0.48081940459631617,0.059279217837204516,0.6850766771433378,0.07342436157771996,u-shaped,82,50
0.16970323299859202,0.16970323299859202,0.07318425295936919,0.24511009746325554,0.07124732765582752,unif,82,50
Inf,0.049516218814664684,0.028790786034927147,0.002097488981415641,0.012054118051010363,gaussian,82,100
Inf,0.06283002836474892,0.02726355055033377,0.05026914019812969,0.03846537830563457,ptm,82,100
Inf,0.05496420438085403,0.01290646397607729,0.09483330998000007,0.036125775396190454,skewnorm,82,100
0.027043766749120436,0.027043766749120436,0.01983888884273777,0.2319654852804472,0.05603132605678384,mixture,82,100
0.37407553882632955,0.37407553882632955,0.03567817519248797,0.6638392976600742,0.06534647600002871,u-shaped,82,100
0.10004108758341675,0.10004108758341675,0.022908961762576195,0.19153406964896835,0.03430945083486789,unif,82,100
0.005745588023048129,0.005745588023048129,0.010891483557130559,6.876413559593903e-5,0.0012955797916843726,gaussian,82,500
0.012538561567784741,0.012538561567784741,0.0157623764018094,0.029019257711770836,0.011740178332953587,ptm,82,500
Inf,0.03967451216368039,0.013587410104206258,0.08727525520013746,0.041129601159238485,skewnorm,82,500
0.01246764178631478,0.01246764178631478,0.014100884785893617,0.23115409019110422,0.05657897840075279,mixture,82,500
0.23372634981258153,0.23372634981258153,0.008458784791045908,0.6539744130050117,0.057703244961090784,u-shaped,82,500
0.053392577216592796,0.053392577216592796,0.016567082060773026,0.185425004509358,0.03573766797394429,unif,82,500
0.08039277258239926,0.08039277258239926,0.10456635166835006,0.052061704999490636,0.0962135554903717,gaussian,83,25
Inf,0.7865855229591598,0.10739597155174486,0.22669874163965367,0.08200624240845253,ptm,83,25
0.12990463609341774,0.12990463609341774,0.08648645452393318,0.16377113975520455,0.10794617387537189,skewnorm,83,25
0.10278204036529363,0.10278204036529363,0.06809728795832733,0.28098144521911744,0.05338272277714693,mixture,83,25
0.43581009688033834,0.43581009688033834,0.05712652205647558,0.6163676656463724,0.06589186353984806,u-shaped,83,25
0.15319577901332143,0.15319577901332143,0.05540734592077671,0.2107013531660447,0.043769162796698256,unif,83,25
0.030392912414234332,0.030392912414234332,0.05081788926176609,0.010475332840249367,0.03829531055395685,gaussian,83,50
0.07405367996841986,0.07405367996841986,0.04505908245410294,0.1864285139209192,0.07160068754641068,ptm,83,50
0.05410488596127391,0.05410488596127391,0.03855524467938772,0.09629647912389269,0.05562426434394041,skewnorm,83,50
0.037599883781821,0.037599883781821,0.031902376079485754,0.26504127722138515,0.06003861728083767,mixture,83,50
0.4448005461829274,0.4448005461829274,0.10612193306335643,0.6759488430523466,0.09939397414638784,u-shaped,83,50
0.0972551509353069,0.0972551509353069,0.034466297590510696,0.2033666163601303,0.03190348869202171,unif,83,50
0.025321302036969702,0.025321302036969702,0.047640836477503806,0.008125419335045075,0.03935284711523255,gaussian,83,100
0.03419474887982199,0.03419474887982199,0.014505221409846695,0.08965593671512972,0.04749123771053619,ptm,83,100
0.05292472618581398,0.05292472618581398,0.03454297215198219,0.09737695067739287,0.04465460332031362,skewnorm,83,100
0.03201316532717194,0.03201316532717194,0.016072088800635313,0.26337694809577267,0.055031974535606876,mixture,83,100
0.332624976092297,0.332624976092297,0.08181743956252437,0.6364566715155943,0.07827341794560733,u-shaped,83,100
0.08331451219969545,0.08331451219969545,0.022044831829217293,0.20218027237699396,0.02652374983049704,unif,83,100
0.008716348979572752,0.008716348979572752,0.021778190106953345,0.003075144739409068,0.016591233872327103,gaussian,83,500
Inf,0.015076218214031737,0.007362156283128444,0.04283931154863609,0.022074117833489837,ptm,83,500
0.014651868044370837,0.014651868044370837,0.015760188603433825,0.08790765814915355,0.02950741922108671,skewnorm,83,500
0.00531279213988111,0.00531279213988111,0.013684046978336644,0.26413332458328603,0.06194966176198197,mixture,83,500
0.22711045542448108,0.22711045542448108,0.017247298832182498,0.6053420065456033,0.0596507752673039,u-shaped,83,500
0.04511654203217088,0.04511654203217088,0.018297894910069,0.2008386847325903,0.032910847886381635,unif,83,500
Inf,0.3110988205921319,0.038046865606521235,0.012616958002248388,0.035713010030886505,gaussian,84,25
Inf,0.12443797366342334,0.054500683021187366,0.235635986081708,0.049262784727682626,ptm,84,25
Inf,2.7256433269142115,0.101185155227968,0.25245438516341506,0.07253099078530154,skewnorm,84,25
0.09368261402402628,0.09368261402402628,0.046715886837659586,0.25931721940645425,0.0587359401626142,mixture,84,25
0.3918704112055053,0.3918704112055053,0.032824805007381656,0.5895963223654322,0.05304066644110577,u-shaped,84,25
0.17393994857579692,0.17393994857579692,0.05267753130079112,0.1739981971605703,0.040104053044279865,unif,84,25
Inf,0.04197374187263435,0.03092706663016063,0.011255012975708847,0.02295269941892806,gaussian,84,50
Inf,0.06398657301063301,0.01205265116415845,0.21800093730682807,0.0768530853995625,ptm,84,50
Inf,0.23049281310546782,0.06413991736684099,0.2164966857055658,0.06926129716238083,skewnorm,84,50
0.029606943342834143,0.029606943342834143,0.029128047558889012,0.25434624577378184,0.05861907512491803,mixture,84,50
0.3511638379302402,0.3511638379302402,0.03669601035611698,0.5983206370168859,0.05904249991798007,u-shaped,84,50
0.1197207099562366,0.1197207099562366,0.02923086399458478,0.14884636736201637,0.027853362073063728,unif,84,50
Inf,0.18244645458875008,0.06844801446172769,0.056495647723900574,0.060786817906087844,gaussian,84,100
Inf,0.05282024992843046,0.02072405504742734,0.2228400375927901,0.08464500020820558,ptm,84,100
Inf,0.18574820223864466,0.03964629602716107,0.20651162977458293,0.04587529882746637,skewnorm,84,100
0.026536635892584863,0.026536635892584863,0.04499692732087465,0.26277462958702846,0.06998891003226294,mixture,84,100
0.32756417112772435,0.32756417112772435,0.05118509239437642,0.6089119935191153,0.06667423702141763,u-shaped,84,100
0.07617342986787252,0.07617342986787252,0.045956381314651726,0.1459212799487554,0.04596641226445256,unif,84,100
0.01178368875391145,0.01178368875391145,0.02310119508910437,0.00487158102958185,0.022469248170973687,gaussian,84,500
Inf,0.03756790426559241,0.021618188707907594,0.20950627301162128,0.07669103889356216,ptm,84,500
0.01263959045390261,0.01263959045390261,0.012420495642034223,0.07512325808639851,0.02998311081325669,skewnorm,84,500
0.009851300888298865,0.009851300888298865,0.025658501919476884,0.25307382751009744,0.06619208673387923,mixture,84,500
0.21089318581082514,0.21089318581082514,0.018426641584097223,0.5902834606525025,0.059432839822589165,u-shaped,84,500
0.0468235972372655,0.0468235972372655,0.03278683409353098,0.14378934581049604,0.04886996865539509,unif,84,500
Inf,0.31192970535168923,0.15740547244154562,0.18720991447147697,0.16544787064709054,gaussian,85,25
Inf,0.12617126183124072,0.055906580369274754,0.22218074199647994,0.0973363893788689,ptm,85,25
0.1063548982940239,0.1063548982940239,0.03979311543413502,0.08574902969716013,0.028253223564117216,skewnorm,85,25
Inf,0.16032335503145534,0.05345116650155182,0.2737592114906954,0.07882660166156501,mixture,85,25
0.42669177463084573,0.42669177463084573,0.07502063950969298,0.6373146071523977,0.0868010227520384,u-shaped,85,25
0.2511074367892305,0.2511074367892305,0.09344223759065119,0.23463546564528628,0.05858695171669459,unif,85,25
0.0650991553502807,0.0650991553502807,0.08122615742165233,0.04537110186671362,0.0873306453281258,gaussian,85,50
Inf,0.1625211402443019,0.02697544297724346,0.24408983322546046,0.05859459130550588,ptm,85,50
0.07789333075920313,0.07789333075920313,0.03003053630897917,0.07776959442143697,0.02896343030520593,skewnorm,85,50
Inf,0.13609378055262797,0.033983183980676034,0.26988149762978675,0.07248973340212968,mixture,85,50
0.3139482091794707,0.3139482091794707,0.07665256687597297,0.6149195344141983,0.0770841883208936,u-shaped,85,50
0.14184670226340837,0.14184670226340837,0.04750732403444498,0.19317932901860407,0.031864187866223775,unif,85,50
Inf,0.08205106557518475,0.09696322157839334,0.06568339461319377,0.10006121886156498,gaussian,85,100
Inf,0.11121249579254006,0.023659230086104023,0.2558243652308227,0.09563131520050594,ptm,85,100
Inf,0.054319920434301734,0.014627776783053987,0.0774055160277076,0.02977384041313346,skewnorm,85,100
Inf,0.03167728406977073,0.012152072714472358,0.2542543132345044,0.06234853580619234,mixture,85,100
0.3005682340971766,0.3005682340971766,0.07280631814216404,0.6173409985437065,0.0790809543799099,u-shaped,85,100
0.09909138419790986,0.09909138419790986,0.03265364703921077,0.18338405830181212,0.024110683157231094,unif,85,100
0.01438141093576374,0.01438141093576374,0.02557364938959606,0.0047408581922916675,0.027344131898008356,gaussian,85,500
0.017617299723755617,0.017617299723755617,0.007916129967966782,0.22886896672622917,0.08357422945761353,ptm,85,500
Inf,0.025552465809096758,0.018166483499464627,0.0790951136123133,0.027152116246476756,skewnorm,85,500
0.01285239361530464,0.01285239361530464,0.01070356515329376,0.2541322039307506,0.060730367929210126,mixture,85,500
0.18595363223475103,0.18595363223475103,0.021420574961236696,0.5828252910486493,0.05848467504426138,u-shaped,85,500
0.05619230927219023,0.05619230927219023,0.020888267010175744,0.1748738120693949,0.03616141857336309,unif,85,500
0.04760934019222221,0.04760934019222221,0.05188539311716335,0.08016141884092126,0.060052034468485865,gaussian,86,25
0.08000349116517377,0.08000349116517377,0.029844712558161127,0.10526196174380248,0.025692852730698754,ptm,86,25
Inf,0.2386469118132766,0.06837818860039596,0.13340908530183151,0.07453756916137631,skewnorm,86,25
0.07141204758653379,0.07141204758653379,0.035680684263436874,0.2646758421777234,0.05772367160741111,mixture,86,25
0.3739236865489606,0.3739236865489606,0.020623979608064967,0.5761289219319317,0.05794118950543282,u-shaped,86,25
0.1050631796077285,0.1050631796077285,0.04032092771975839,0.20575560531143722,0.0686899067131842,unif,86,25
0.08768007964738857,0.08768007964738857,0.07270749839647096,0.06224196021485298,0.07451970492660412,gaussian,86,50
0.06294956363817217,0.06294956363817217,0.02949252492226562,0.11284814827660707,0.03595012988005896,ptm,86,50
Inf,0.2530594029792868,0.06605664387082294,0.21381349211121164,0.08238918758202343,skewnorm,86,50
0.03802970854233141,0.03802970854233141,0.03715421499596169,0.2674418193772371,0.060188238370274705,mixture,86,50
0.34652048429237314,0.34652048429237314,0.058005816140557734,0.5953581224576716,0.06529037575335579,u-shaped,86,50
0.06153439160862904,0.06153439160862904,0.015081501662650003,0.16476217894737508,0.04760094788911278,unif,86,50
0.03428026517373751,0.03428026517373751,0.04076675343197433,0.018759085410500188,0.04157041414300269,gaussian,86,100
0.04941163181403172,0.04941163181403172,0.014695500436772509,0.1032076220547409,0.0317124665627296,ptm,86,100
0.055044154292990415,0.055044154292990415,0.03578553628815283,0.11848495635217618,0.05161303908849231,skewnorm,86,100
0.024914475523841705,0.024914475523841705,0.03163066174292442,0.27020324268656276,0.06092637180518082,mixture,86,100
0.3005231606357949,0.3005231606357949,0.022420412143992277,0.578926215072466,0.05518090575224381,u-shaped,86,100
0.07539995348547066,0.07539995348547066,0.04956262138636323,0.18192787640561559,0.052268419899867,unif,86,100
-2.7654764505911705e-4,-2.7654764505911705e-4,0.005908853387929851,5.287434513436434e-5,0.009833743240372988,gaussian,86,500
0.02036767784802332,0.02036767784802332,0.011483671985525043,0.10485438367993496,0.03719079555696448,ptm,86,500
0.005059321430589751,0.005059321430589751,0.025546522594785997,0.08982149088590936,0.025260762343385118,skewnorm,86,500
0.005905759844879367,0.005905759844879367,0.00435712465523328,0.2629739087700759,0.059719623216143325,mixture,86,500
0.21939375822938495,0.21939375822938495,0.009343109843488318,0.5742698630978954,0.06075771308937736,u-shaped,86,500
0.04711171880939722,0.04711171880939722,0.0047573913775037285,0.1597414526795322,0.03648643401462996,unif,86,500
Inf,0.15583485929661195,0.07764359603571258,0.0302154046626344,0.0686648553860559,gaussian,87,25
Inf,0.28256389864488335,0.051361586340528655,0.35810042583495366,0.09714761493743339,ptm,87,25
Inf,0.12741065520379768,0.033273959760922955,0.09304497457282533,0.05662228143837088,skewnorm,87,25
0.16274694700838035,0.16274694700838035,0.0784446392018468,0.29367861559938335,0.08783237207840525,mixture,87,25
0.4072764988118988,0.4072764988118988,0.0794108206588399,0.6717711880248173,0.07844462054398943,u-shaped,87,25
0.20590885257833935,0.20590885257833935,0.10964214321478566,0.25343058747073527,0.1041612486000054,unif,87,25
Inf,0.11983332680208908,0.06464280128415621,0.02255190711184885,0.05768575990620809,gaussian,87,50
Inf,0.364419921170867,0.04008688587866272,0.3776109543700308,0.05535911590136468,ptm,87,50
Inf,0.206113075830891,0.01237572127959378,0.1029762707864711,0.03491131703873566,skewnorm,87,50
0.05348235583506789,0.05348235583506789,0.03876548034692571,0.24104959199997927,0.06962494261758795,mixture,87,50
0.3440441379580345,0.3440441379580345,0.05787434413119297,0.6505499634860223,0.06702380018864618,u-shaped,87,50
0.16187621374840994,0.16187621374840994,0.0684657832187914,0.210373952530252,0.0669102666157154,unif,87,50
0.016948468458463838,0.016948468458463838,0.02136148911298826,0.003277974897933621,0.02263952506870136,gaussian,87,100
Inf,0.25253857685031805,0.01559361193343578,0.34065587883547255,0.06658194996015525,ptm,87,100
0.03282967860181956,0.03282967860181956,0.015465514780163956,0.07580280712271371,0.03440972798804652,skewnorm,87,100
0.030510420504456293,0.030510420504456293,0.012597133894010498,0.2354030754100298,0.06781871191139444,mixture,87,100
0.30057205182864355,0.30057205182864355,0.02338951534072842,0.6287622255770735,0.05929261249986269,u-shaped,87,100
0.10093478693465598,0.10093478693465598,0.014079676494838518,0.17399722391651243,0.03326189454671843,unif,87,100
0.00800266204788999,0.00800266204788999,0.011565367479591608,9.181629589105204e-4,0.01146692891722569,gaussian,87,500
Inf,0.07693434449811977,0.00559074810695281,0.35022467032168225,0.0645881553053304,ptm,87,500
Inf,0.0236652381330166,0.00844806515292724,0.07496468964168299,0.036745087845886454,skewnorm,87,500
0.0010968213643922314,0.0010968213643922314,0.004518944334459152,0.2283411848831228,0.05835864825397971,mixture,87,500
0.21187385435624326,0.21187385435624326,0.011822483061370556,0.6260964266465041,0.05765841723702025,u-shaped,87,500
0.05658145300616758,0.05658145300616758,0.005717463126018474,0.1724181546109786,0.03619170368432573,unif,87,500
0.024298483772103894,0.024298483772103894,0.024716014886195514,0.0011912318664289137,0.0040718135333895795,gaussian,88,25
Inf,0.03913571614700803,0.029571370060762384,0.23137519953164074,0.03853341003116878,ptm,88,25
Inf,0.050548655989733945,0.02294893265266375,0.0733166780115756,0.03395949560111344,skewnorm,88,25
Inf,0.1206197091966137,0.06889388087296777,0.343006577240545,0.08636728234894915,mixture,88,25
0.405278340959385,0.405278340959385,0.1020935818867513,0.6693225966399702,0.0872828222479884,u-shaped,88,25
0.187363738832156,0.187363738832156,0.08015521855321672,0.2102779619098534,0.06649263462085378,unif,88,25
0.02414733119387775,0.02414733119387775,0.023143133646099337,4.3608573058896233e-4,0.011523651708460316,gaussian,88,50
Inf,0.06731759063151624,0.020960772791528002,0.2163269791752778,0.05913493153327566,ptm,88,50
0.028166725023983156,0.028166725023983156,0.03621373526121522,0.08571488067939591,0.06353878298610412,skewnorm,88,50
0.10797542382686469,0.10797542382686469,0.04693526601967546,0.2628601741940072,0.05895795633744129,mixture,88,50
0.3587649391082808,0.3587649391082808,0.022056602781402528,0.5993775486724342,0.055007615485795934,u-shaped,88,50
0.13796981780212447,0.13796981780212447,0.06095058445634856,0.19888393604183127,0.05628076082782954,unif,88,50
0.012679194599466785,0.012679194599466785,0.010284306014743875,2.0196186908949382e-5,0.0029957095512499502,gaussian,88,100
0.018355910086224596,0.018355910086224596,0.008466624327336091,0.18373556267573055,0.060332680935786,ptm,88,100
0.031359695585091066,0.031359695585091066,0.03440607758203337,0.08407618784472715,0.060049206213681615,skewnorm,88,100
0.054942588021595386,0.054942588021595386,0.016037263855120852,0.25531192120487767,0.0567164513123875,mixture,88,100
0.3024806883931726,0.3024806883931726,0.01653797357800129,0.5979289062770106,0.05686132534474085,u-shaped,88,100
0.08558233616056267,0.08558233616056267,0.017122660859462152,0.17668446300149568,0.035294099289952446,unif,88,100
0.0021351797050162334,0.0021351797050162334,0.015188732293787602,0.001524934650139022,0.01434915614835892,gaussian,88,500
Inf,0.014541984877426885,0.009259829307306835,0.18483298814808113,0.052968408046007484,ptm,88,500
0.010724508861675535,0.010724508861675535,0.010452303539666455,0.0739240349532265,0.042668868069340435,skewnorm,88,500
Inf,0.01701934386404206,0.00882883934951562,0.25387553865047,0.0630306815592822,mixture,88,500
0.1877307368643635,0.1877307368643635,0.01141036794204493,0.5978915244775739,0.05680621319636645,u-shaped,88,500
0.04764937306839048,0.04764937306839048,0.006615713339734076,0.17621160286574453,0.03598613894493087,unif,88,500
0.05156076573572623,0.05156076573572623,0.04458359630455836,0.009155099209977266,0.022281709652328695,gaussian,89,25
Inf,0.15768323975108603,0.05059783179998151,0.1325238242001812,0.0798613426827868,ptm,89,25
Inf,0.09307697715052532,0.035293288947990935,0.07690342599449634,0.02494651154018362,skewnorm,89,25
0.061837696190411295,0.061837696190411295,0.06182860223553124,0.2652117405933162,0.07651536490526359,mixture,89,25
0.392672780419872,0.392672780419872,0.03659507194715994,0.6273957277372408,0.047563214282177364,u-shaped,89,25
0.1529438856159221,0.1529438856159221,0.04228717328297662,0.21199413871454148,0.03519805133362902,unif,89,25
0.05985777356456464,0.05985777356456464,0.05717750810581276,0.02055640877118248,0.057106575449043455,gaussian,89,50
Inf,0.15194900610890447,0.03243614903959201,0.11329754832470412,0.06703737667088898,ptm,89,50
0.058027946035274426,0.058027946035274426,0.021040736010922458,0.11987690658865535,0.04401690353668124,skewnorm,89,50
0.07466696095617957,0.07466696095617957,0.0467886318333565,0.25530078200686296,0.07427247519828543,mixture,89,50
0.3295430080025075,0.3295430080025075,0.02796287700005892,0.6207686364222824,0.052017285230633786,u-shaped,89,50
0.09066688969431413,0.09066688969431413,0.020111133010562016,0.19640553837163416,0.03172428657089752,unif,89,50
Inf,0.0639377093666145,0.04471842719112441,0.012108893005455977,0.04989879279221113,gaussian,89,100
Inf,0.1556176472845763,0.031508208999243253,0.10723569709989138,0.06781666796113092,ptm,89,100
Inf,0.10283161980545792,0.032436694679346775,0.10172090965158756,0.054917033788595374,skewnorm,89,100
0.058442895258299335,0.058442895258299335,0.024510715449099687,0.2463013656960517,0.06733859962236657,mixture,89,100
0.29118123814142605,0.29118123814142605,0.03278754582687285,0.6231566018094336,0.051408247679465134,u-shaped,89,100
0.08993208790092676,0.08993208790092676,0.030526667684918605,0.1999425390521708,0.026759122555793872,unif,89,100
0.0033584390669226176,0.0033584390669226176,0.012316579382808212,-2.1226381826669478e-5,0.003430273783375903,gaussian,89,500
Inf,0.06770697067818944,0.009635290636475852,0.10706200939830238,0.04013041814573075,ptm,89,500
0.009444598625893108,0.009444598625893108,0.028443608879046428,0.07553280954622689,0.05646903976457387,skewnorm,89,500
0.01612986515568783,0.01612986515568783,0.013754192668620512,0.24701321227166462,0.06123107482851684,mixture,89,500
0.22158260547815295,0.22158260547815295,0.012810417194262014,0.6164313325264636,0.055400243836862546,u-shaped,89,500
0.04608262954776818,0.04608262954776818,0.01332468655239339,0.19695747536961894,0.030314933457011403,unif,89,500
Inf,0.1439132849430767,0.035650483542038786,0.018604272660909336,0.0509248120781624,gaussian,90,25
Inf,1.5576653146836337,0.07809838841879618,2.0626451720529126,0.06426064654661233,ptm,90,25
0.09895171705131749,0.09895171705131749,0.026039212916166097,0.08877996327372502,0.03455972576306018,skewnorm,90,25
0.12339438066710116,0.12339438066710116,0.051879549540740914,0.27511350912297317,0.0760111787473022,mixture,90,25
0.3793017306211679,0.3793017306211679,0.04553675252817843,0.6249057180350728,0.0589000685719095,u-shaped,90,25
0.12190848760477252,0.12190848760477252,0.033843768207814276,0.1608375036561271,0.046233408854432036,unif,90,25
Inf,0.061690146843792495,0.026948529085130138,0.0013180914954016292,0.02888600513034348,gaussian,90,50
Inf,0.8620639357870183,0.031375435290161964,1.1642283913475922,0.019795962265407883,ptm,90,50
0.05807741375943556,0.05807741375943556,0.022459143069273747,0.080338724475819,0.028875686741605074,skewnorm,90,50
0.09933804638381155,0.09933804638381155,0.05795339746334188,0.27254177606794644,0.06802431591593461,mixture,90,50
0.3711887932933081,0.3711887932933081,0.03232369446579263,0.6207424730644513,0.06182549397109117,u-shaped,90,50
0.11484935732769011,0.11484935732769011,0.03269488286655132,0.15542785310132645,0.042461475078904395,unif,90,50
0.012825575687776007,0.012825575687776007,0.006563866827628697,2.366957747855467e-4,0.003621200251504174,gaussian,90,100
Inf,0.15687470899463724,0.008411186740644443,0.4385621956415647,0.10334293813480207,ptm,90,100
0.033607679985494056,0.033607679985494056,0.01563318317572802,0.08778639859738205,0.04573755919119918,skewnorm,90,100
0.0605319928671947,0.0605319928671947,0.02519928954578719,0.2521810105268756,0.05944744159998223,mixture,90,100
0.3037846954312747,0.3037846954312747,0.02004276141530568,0.6239400857602917,0.06025306671401701,u-shaped,90,100
0.08007691398747989,0.08007691398747989,0.021707106845079528,0.15358070097119123,0.04197294278564091,unif,90,100
0.016471232184881484,0.016471232184881484,0.017489040663727085,0.006227703597433292,0.020695576700017048,gaussian,90,500
Inf,0.04880162959668355,0.013205582363667888,0.4303927930558453,0.10137577646143867,ptm,90,500
0.011742129389748897,0.011742129389748897,0.03332978561643123,0.08397728820130775,0.024415634971032458,skewnorm,90,500
0.018866173936917165,0.018866173936917165,0.016759986925044667,0.25192016944507556,0.06008444221929454,mixture,90,500
0.22966338110927229,0.22966338110927229,0.02050246421560496,0.6264432128363976,0.0628934072995902,u-shaped,90,500
0.04291399370367087,0.04291399370367087,0.01686901567320018,0.15045737831474362,0.03917078774044145,unif,90,500
Inf,0.38400767401299557,0.06083326809915131,4.278660956296411e-4,0.0036017545131224868,gaussian,91,25
Inf,0.6657410610240533,0.0238198534367931,0.45790789048081226,0.02655529447896283,ptm,91,25
0.09799086621142859,0.09799086621142859,0.034980273270450064,0.12117027855219084,0.06069772437135229,skewnorm,91,25
0.1950191832182004,0.1950191832182004,0.07665284547669361,0.28032080096093687,0.0828772572055048,mixture,91,25
0.3854228356486141,0.3854228356486141,0.030530324277029574,0.6143939763759289,0.058417670585184704,u-shaped,91,25
0.20539551825835561,0.20539551825835561,0.041331660331957655,0.18759978465986604,0.04217312224173004,unif,91,25
0.1368123017015649,0.1368123017015649,0.03268344932741761,0.03312298727094254,0.032374152259001684,gaussian,91,50
Inf,0.2480503548935398,0.0246367504604886,0.4103192669773958,0.02157997867445186,ptm,91,50
0.05807857311316798,0.05807857311316798,0.037715919280948335,0.10612222227811047,0.07324637485778879,skewnorm,91,50
0.07674875274698983,0.07674875274698983,0.09890147831695345,0.30618056247653963,0.10347070846392471,mixture,91,50
0.3707556689900952,0.3707556689900952,0.030021301325425367,0.6154093625963931,0.06204124574637488,u-shaped,91,50
0.13651261798512934,0.13651261798512934,0.05355070988119993,0.19959439801810502,0.05303316208179706,unif,91,50
0.045672583123536344,0.045672583123536344,0.034976215773452536,0.019173186433492185,0.029853061914841918,gaussian,91,100
Inf,0.26922354054679754,0.017900974621931513,0.35420077308689857,0.01226908025890872,ptm,91,100
0.033205405842771964,0.033205405842771964,0.021391496529254848,0.07258122989352427,0.044471443228875675,skewnorm,91,100
0.04502506379223342,0.04502506379223342,0.05803562286552483,0.26620336721038873,0.06830671686632898,mixture,91,100
0.31841299671608647,0.31841299671608647,0.02105745219700755,0.6136269658870434,0.05763676971427793,u-shaped,91,100
0.13815775740791866,0.13815775740791866,0.041141200562637946,0.19073986047582822,0.04488037447745004,unif,91,100
0.006626700939794047,0.006626700939794047,0.018952892912322168,5.932492776458194e-4,0.018151235985867573,gaussian,91,500
Inf,0.12027261263476839,0.0067160248915406305,0.27386804094636774,0.010294379376680353,ptm,91,500
Inf,0.022933121406988926,0.013359507427057583,0.06615979042882277,0.04025953749900262,skewnorm,91,500
0.017455866014023262,0.017455866014023262,0.019540041312422738,0.2505488426043297,0.05553541220304684,mixture,91,500
0.22097391735557678,0.22097391735557678,0.011975865048708283,0.6135509796969741,0.05814707541950996,u-shaped,91,500
0.06290040118578105,0.06290040118578105,0.020699806338695826,0.18524417966336057,0.035626743749176785,unif,91,500
0.05121806746392159,0.05121806746392159,0.0579143759075519,0.009322857207124053,0.030292381715077213,gaussian,92,25
Inf,0.5174517207339606,0.10081786931247413,0.3754560594244859,0.09333799176405863,ptm,92,25
Inf,0.056391434658777474,0.02254114097446993,0.09379435319634996,0.04029354099982212,skewnorm,92,25
0.2775888778770665,0.2775888778770665,0.08743794119367355,0.2623776031178455,0.07986212749710515,mixture,92,25
0.5151458669141279,0.5151458669141279,0.10610397288581569,0.7107119370377003,0.08818405047401949,u-shaped,92,25
0.14962706663632905,0.14962706663632905,0.053846203978384355,0.2043954803707057,0.047264574835395305,unif,92,25
Inf,0.020666110562371994,0.015548761802466365,0.004710998758340752,0.00851619323145651,gaussian,92,50
Inf,0.5192417192729951,0.12114309267265252,0.4360924575150872,0.14057239331538451,ptm,92,50
Inf,0.061941014946138,0.015412080293482077,0.11823715424312896,0.03408198282416215,skewnorm,92,50
0.10397550103832627,0.10397550103832627,0.042331448046682596,0.23617020307484757,0.061068841995329755,mixture,92,50
0.42981807608033623,0.42981807608033623,0.029275145816962424,0.6588102699069915,0.059121122995092035,u-shaped,92,50
0.07907886763624707,0.07907886763624707,0.02107507201488051,0.18737212010852264,0.034555939178329255,unif,92,50
Inf,0.030784478172228256,0.014170015989441995,0.006901340054878961,0.012008564814237163,gaussian,92,100
Inf,0.1541819967856031,0.05592999550176628,0.30885019188892693,0.09732669312854061,ptm,92,100
Inf,0.03756544751415534,0.024486569694375133,0.09370526812329684,0.04517725179097295,skewnorm,92,100
0.04576470220097692,0.04576470220097692,0.023844972779452616,0.2349176307339186,0.05701243543928022,mixture,92,100
0.3639174659720552,0.3639174659720552,0.018229386438157903,0.6573923069451957,0.05689411077322306,u-shaped,92,100
0.06111529377644259,0.06111529377644259,0.02867987390608991,0.19481472864671587,0.04288072578160464,unif,92,100
0.006778963628407318,0.006778963628407318,0.010943861656486743,0.0016856418689491857,0.009966722222186345,gaussian,92,500
Inf,0.0527169590357809,0.01955739602984654,0.26609737887136153,0.06976976198770142,ptm,92,500
Inf,0.017931926886069375,0.018320129117691663,0.08432553655629835,0.04481798336539099,skewnorm,92,500
0.014956276746620445,0.014956276746620445,0.010620542867196731,0.23351563359405397,0.05942322642794966,mixture,92,500
0.22654994227631375,0.22654994227631375,0.017571570026935934,0.6574176025477287,0.05730957436227281,u-shaped,92,500
0.03685157856708676,0.03685157856708676,0.010094876503435747,0.18523154759047578,0.030841982900080514,unif,92,500
Inf,0.12956245808074227,0.07919195204307669,0.03489830690757964,0.07930255280093834,gaussian,93,25
Inf,0.5053620518544127,0.03446406199619757,0.24053717131093483,0.02338808234825701,ptm,93,25
0.05261979283745656,0.05261979283745656,0.04320098337135384,0.0870858473302851,0.06594244010228219,skewnorm,93,25
0.03926908427879368,0.03926908427879368,0.029771637287435624,0.2592604550324179,0.05834937807109592,mixture,93,25
0.3991548324126926,0.3991548324126926,0.07532635863878476,0.6392618849281351,0.07411505877146676,u-shaped,93,25
0.13782136598232084,0.13782136598232084,0.044571498666611774,0.19928101192737657,0.023892682101316023,unif,93,25
0.056248246860715105,0.056248246860715105,0.08683940667290141,0.058012947968990244,0.0963063750502967,gaussian,93,50
Inf,0.14273802146864212,0.021448245464355874,0.10505520053323769,0.020999614737180858,ptm,93,50
0.03102096168435187,0.03102096168435187,0.025347045047635297,0.07450037385381912,0.045553554268813704,skewnorm,93,50
0.04525643467884196,0.04525643467884196,0.03350801180713899,0.26122568365366927,0.06372158607757916,mixture,93,50
0.33279430728744036,0.33279430728744036,0.03869520001879834,0.617125072191165,0.05858357695043746,u-shaped,93,50
0.09952896316577252,0.09952896316577252,0.015562265047702934,0.1896956907229209,0.03588374957604364,unif,93,50
0.011318870737908816,0.011318870737908816,0.0432133362502909,0.011480392498887004,0.044873282096988897,gaussian,93,100
Inf,0.13582955777188216,0.02138818406986108,0.10806770300075107,0.018778442532227588,ptm,93,100
Inf,0.02932231724915523,0.0175626736649298,0.07039552280327963,0.03927974144884788,skewnorm,93,100
0.04036824954390634,0.04036824954390634,0.023990886043098195,0.2610033205069079,0.06910760869751563,mixture,93,100
0.34391336312476606,0.34391336312476606,0.059597415807793076,0.6272783134461649,0.06745115997402021,u-shaped,93,100
0.09344906369627308,0.09344906369627308,0.014424596325576073,0.18850375508873893,0.03793337735955123,unif,93,100
0.014817066190666616,0.014817066190666616,0.01228308520972937,-1.6227963778686777e-5,0.010788711636365802,gaussian,93,500
Inf,0.10570442039932693,0.01404590194308012,0.10815329790814752,0.01629280781662457,ptm,93,500
0.008586861674453982,0.008586861674453982,0.020160033822388915,0.07700723173371986,0.04981839031161918,skewnorm,93,500
0.010314216753707504,0.010314216753707504,0.012411913969001105,0.2564360686854309,0.06358973041405486,mixture,93,500
0.23131188608595638,0.23131188608595638,0.015250633915245521,0.6130629334694316,0.05652876370987023,u-shaped,93,500
0.0636957972824263,0.0636957972824263,0.0118810655745145,0.18810108795985778,0.03637667469907285,unif,93,500
0.042701200713291296,0.042701200713291296,0.03989615585358051,0.012222541397530798,0.0346205264034049,gaussian,94,25
Inf,0.1403609059412386,0.05244120084140567,0.24211369931081078,0.06823256378610991,ptm,94,25
Inf,0.14761081109258423,0.03295088621438649,0.11773102992806567,0.048547984833371693,skewnorm,94,25
Inf,0.1164014107968307,0.051979174140703396,0.2803930336239097,0.0828949754468737,mixture,94,25
0.47289782507589173,0.47289782507589173,0.05273620435464445,0.6582088756182085,0.05683266677863984,u-shaped,94,25
0.125990836356744,0.125990836356744,0.0309735471246172,0.17230487315873128,0.03312431541004557,unif,94,25
0.038814534049506,0.038814534049506,0.039820451295266,6.119873659274852e-4,0.027641853982638236,gaussian,94,50
Inf,0.11645368574496039,0.04888586377789242,0.28000687050812634,0.04635800034821961,ptm,94,50
0.046977047689091535,0.046977047689091535,0.02665465718712836,0.07617808844467278,0.04140443522614891,skewnorm,94,50
0.05859231475301007,0.05859231475301007,0.03672798954651301,0.2607661183331896,0.07563020651292097,mixture,94,50
0.4003764218210434,0.4003764218210434,0.0533337242527842,0.6446617461971736,0.06184171827263725,u-shaped,94,50
0.08469791277456061,0.08469791277456061,0.04979882606700303,0.17967090594708693,0.04883613742572679,unif,94,50
0.03498949686213971,0.03498949686213971,0.04806190753847163,0.0027889041859162356,0.03744041041273912,gaussian,94,100
Inf,0.1539360989826171,0.03041470206015891,0.2856316142064021,0.04748775993128387,ptm,94,100
0.014998034448583206,0.014998034448583206,0.02498213644090445,0.07918708954753205,0.025814491112017682,skewnorm,94,100
0.03987651562662402,0.03987651562662402,0.02906895552951061,0.2519195552505869,0.0698483318677982,mixture,94,100
0.3730264743328864,0.3730264743328864,0.03270261155629191,0.6384520051550836,0.062481308895409524,u-shaped,94,100
0.05951068767477231,0.05951068767477231,0.01162889010986,0.16021570108117475,0.031055287087875777,unif,94,100
0.004265478209345829,0.004265478209345829,0.007734282626938952,0.0033844949661002524,0.011670676699267605,gaussian,94,500
Inf,0.04160657833065852,0.013724859071000371,0.23382810948124663,0.0761332841138363,ptm,94,500
0.01244433963665246,0.01244433963665246,0.009253955197408936,0.07532114052811938,0.03166396120848514,skewnorm,94,500
0.009093146770830389,0.009093146770830389,0.02096235672277936,0.23878136210107795,0.05701102201517692,mixture,94,500
0.2428320308953736,0.2428320308953736,0.01235906489077,0.6379935914467043,0.06013815573078383,u-shaped,94,500
0.034679048922551955,0.034679048922551955,0.016783839163591475,0.1591699061735994,0.038284437578183145,unif,94,500
0.2097254224567556,0.2097254224567556,0.08383538943900995,0.08387002742145179,0.05212939952770688,gaussian,95,25
Inf,0.13117516830947795,0.04819585136720898,0.07215132356329829,0.04370664240893953,ptm,95,25
0.07549396582077367,0.07549396582077367,0.05078337436788189,0.10445272966993953,0.0737296292505877,skewnorm,95,25
0.2937714564491634,0.2937714564491634,0.07072978110324872,0.2615987473710434,0.06740240650129754,mixture,95,25
0.3974220587733286,0.3974220587733286,0.07327101055655252,0.6257272105435444,0.06279756956313716,u-shaped,95,25
0.17135562990702258,0.17135562990702258,0.0420702555900243,0.18967691451943264,0.030359014155172507,unif,95,25
0.08626000547134005,0.08626000547134005,0.0502941157055955,0.02938778112250283,0.028821591030593917,gaussian,95,50
Inf,0.11357724126054414,0.015703217332356828,0.07930595663525707,0.010375495620052418,ptm,95,50
0.08588799771204682,0.08588799771204682,0.05992348738469722,0.09173019105061225,0.06977943268624634,skewnorm,95,50
0.13709642344007086,0.13709642344007086,0.04771060227438164,0.24362767211387767,0.061332456824213344,mixture,95,50
0.3582112350973724,0.3582112350973724,0.03727518739366104,0.6062443141429869,0.05476299705789952,u-shaped,95,50
0.14761481211451583,0.14761481211451583,0.060323155765438063,0.19768332663524735,0.05197532971905555,unif,95,50
0.055588838401313005,0.055588838401313005,0.06271143875005752,0.020714121041960024,0.05193986552589547,gaussian,95,100
Inf,0.11689241316521526,0.013726447906484526,0.06876567744139468,0.00769450888699447,ptm,95,100
Inf,0.050174289695434734,0.039856861320860595,0.08042967624625585,0.05669413160376711,skewnorm,95,100
0.0582883370056426,0.0582883370056426,0.02669446248819768,0.23804235277134408,0.05985570497921059,mixture,95,100
0.2907320544513109,0.2907320544513109,0.041547684225484154,0.6084983298480968,0.05657124916413822,u-shaped,95,100
0.10918628100690131,0.10918628100690131,0.04699779001788896,0.1870890951497597,0.04361688488092953,unif,95,100
0.007279315696690477,0.007279315696690477,0.012499446801021842,0.0010536409327978372,0.009700163931689572,gaussian,95,500
Inf,0.029264463642165173,0.008092586417629144,0.055318010802354586,0.024948266952692418,ptm,95,500
Inf,0.01976183000536359,0.009021104611972239,0.07703263843545587,0.030886606607962924,skewnorm,95,500
0.015997751322640672,0.015997751322640672,0.011430656041347544,0.2395892407203041,0.057140827672706986,mixture,95,500
0.20625181393952777,0.20625181393952777,0.012166465501787023,0.5984179220696032,0.05722729788918772,u-shaped,95,500
0.045991891041610236,0.045991891041610236,0.007718624225396868,0.17969558746157538,0.03295805881198887,unif,95,500
0.05071719023798943,0.05071719023798943,0.0370573906485284,0.01900707636701571,0.03133459095071447,gaussian,96,25
Inf,0.04817102180159552,0.025025366571418888,0.032481122980867805,0.016498126305120524,ptm,96,25
0.15745082328321533,0.15745082328321533,0.0676641559886379,0.16867516445235367,0.06952800619982483,skewnorm,96,25
0.04874410790311152,0.04874410790311152,0.037694414852525567,0.2708738440998201,0.05554514148968843,mixture,96,25
0.46578538776539485,0.46578538776539485,0.02718660241429677,0.6594529479469422,0.056011261555475846,u-shaped,96,25
0.19867302826964128,0.19867302826964128,0.049209413622518294,0.22172593757530898,0.035019779714000665,unif,96,25
0.021635010228110072,0.021635010228110072,0.02240606764193434,2.656461359472688e-4,0.013559390614037355,gaussian,96,50
Inf,0.05768222704735512,0.018069218747284038,0.04633420607073301,0.021272857436808672,ptm,96,50
0.07148416826291065,0.07148416826291065,0.034891987737117575,0.11655148313498463,0.05746961701518363,skewnorm,96,50
0.02487375031121569,0.02487375031121569,0.014961954131947256,0.26251835797688333,0.06439481710198695,mixture,96,50
0.37993964873619007,0.37993964873619007,0.02285202902279186,0.6593459700922414,0.05546071186563693,u-shaped,96,50
0.1546362196121155,0.1546362196121155,0.015854274451508308,0.21200657498290668,0.02879418047432505,unif,96,50
0.022615612883514206,0.022615612883514206,0.0433164795432358,0.009336198804997468,0.03953071565378978,gaussian,96,100
Inf,0.08765832634027622,0.014731471966552905,0.0579205156713747,0.019553226783095987,ptm,96,100
Inf,0.06650544178240604,0.03938290421814151,0.1106565541437816,0.05676210307279022,skewnorm,96,100
0.03502209480625321,0.03502209480625321,0.03408330345007476,0.26918531018155645,0.06006812267766412,mixture,96,100
0.3265446967896013,0.3265446967896013,0.024095228718627213,0.6638101471352477,0.05481947550230732,u-shaped,96,100
0.10652089730002391,0.10652089730002391,0.015703129243669577,0.2130908859397869,0.03332036160592324,unif,96,100
0.008041150800897868,0.008041150800897868,0.01865041870392224,-0.0018064924871832894,0.006893225379606128,gaussian,96,500
Inf,0.02051966717040866,0.01614293421991916,0.03210499944392344,0.020337133150110577,ptm,96,500
0.019217250468616737,0.019217250468616737,0.018926294865142683,0.09725070411580146,0.047287949060568914,skewnorm,96,500
0.011549735646037198,0.011549735646037198,0.013955048224328642,0.2638186607039894,0.058960132682736414,mixture,96,500
0.23872498662781927,0.23872498662781927,0.012993763465092715,0.6608507986995172,0.05463971863096605,u-shaped,96,500
0.043693428950360214,0.043693428950360214,0.008720137854483452,0.21222535905040266,0.03157554354083734,unif,96,500
0.008201395965486233,0.008201395965486233,0.02453428470438307,0.0029074261966813134,0.015396544481847284,gaussian,97,25
0.02327580036857302,0.02327580036857302,0.01833657254275491,0.06364039099989269,0.043300492631647994,ptm,97,25
Inf,0.08233314294955452,0.026709705561748044,0.08774734804404535,0.04834123569298785,skewnorm,97,25
0.1574758538316955,0.1574758538316955,0.0646118958748242,0.2824407191829851,0.07693751835441227,mixture,97,25
0.4378167364710785,0.4378167364710785,0.033323304033183114,0.6284004357444231,0.06299291294021424,u-shaped,97,25
0.15444241294047856,0.15444241294047856,0.05673179162218668,0.2003929531410578,0.047582592733726156,unif,97,25
0.02626475236873865,0.02626475236873865,0.025975156497878994,3.979244319407318e-4,0.002834094996384501,gaussian,97,50
0.021519856655740754,0.021519856655740754,0.013043136862358798,0.061074387646864535,0.02807768579372067,ptm,97,50
Inf,0.06327835893534273,0.01933480766933767,0.07297569859632635,0.02647427107875224,skewnorm,97,50
0.094597750063689,0.094597750063689,0.042399935954500936,0.2658944644381955,0.07102043683793757,mixture,97,50
0.39385997392025246,0.39385997392025246,0.029922714535204772,0.6300713224370753,0.0652495560157575,u-shaped,97,50
0.12048121808243328,0.12048121808243328,0.0707847648666238,0.2171800684320816,0.06553220758363126,unif,97,50
0.007841500128063516,0.007841500128063516,0.022112072070323664,4.461408954361075e-4,0.015246078635695074,gaussian,97,100
0.01707842601921863,0.01707842601921863,0.019791254052471192,0.05567363950367854,0.04242217929944544,ptm,97,100
Inf,0.047734200325423935,0.025000598739323858,0.07239456516933133,0.042898820217781415,skewnorm,97,100
0.044389818641575575,0.044389818641575575,0.054845641972231234,0.2668846982235975,0.06752616577031961,mixture,97,100
0.32080819992001297,0.32080819992001297,0.03526887211997547,0.6306966389376047,0.06146669384392118,u-shaped,97,100
0.10826825422693134,0.10826825422693134,0.054100416541323575,0.2033927923335654,0.051214236070040296,unif,97,100
0.006638873004265973,0.006638873004265973,0.02088381922126113,8.863285332865865e-4,0.017690461064026445,gaussian,97,500
Inf,0.026096795509889834,0.01366812295705296,0.05031059037406188,0.03335036869113588,ptm,97,500
Inf,0.02461653928791632,0.014413721538301054,0.07136354623007604,0.03182990842878374,skewnorm,97,500
0.00965704076644152,0.00965704076644152,0.029679414442569996,0.2552495291826765,0.06270546059746991,mixture,97,500
0.2246854707427256,0.2246854707427256,0.016428254189334916,0.6273579372507192,0.057166749536206665,u-shaped,97,500
0.052534109664222534,0.052534109664222534,0.02489168000213351,0.19043860122427878,0.03682687853866255,unif,97,500
Inf,0.12112621053834807,0.05046506532522126,0.03939540381529008,0.06668762819320949,gaussian,98,25
Inf,0.08502064506008404,0.044087924969724974,0.0670603373491659,0.05005009341921102,ptm,98,25
Inf,0.30593244024210065,0.04796011813848293,0.1373729298055261,0.04289264586553175,skewnorm,98,25
0.08672636941961646,0.08672636941961646,0.07303824645907163,0.27346130061280766,0.08093236631648984,mixture,98,25
0.4532390420200456,0.4532390420200456,0.08991631385625033,0.6746062225919219,0.08478677757908361,u-shaped,98,25
0.21866848713874945,0.21866848713874945,0.0654782032720137,0.1981750172649207,0.05753514488184399,unif,98,25
Inf,0.11336197497211158,0.06117423113556344,0.04822846215977223,0.07917713541321486,gaussian,98,50
Inf,0.0635059391252691,0.02871588124590264,0.04121560583839867,0.017764547225009798,ptm,98,50
Inf,0.13966656971989824,0.03604935417295587,0.08467891016194662,0.02999454857271765,skewnorm,98,50
0.08436914793321362,0.08436914793321362,0.0449530444319624,0.24288474008522765,0.059075676232450865,mixture,98,50
0.36213923962971906,0.36213923962971906,0.027975490459239003,0.6224158777278301,0.05355668067944755,u-shaped,98,50
0.12217732366293033,0.12217732366293033,0.03504592531000834,0.1787473794755367,0.04337041139248672,unif,98,50
0.03721960746122682,0.03721960746122682,0.02429686471029487,0.008587756147400295,0.02719215297684098,gaussian,98,100
0.043368986642329785,0.043368986642329785,0.01920761056755751,0.04031171463910578,0.014393875713039963,ptm,98,100
Inf,0.05784465533320639,0.016608479315298356,0.0815366184267297,0.030419966748843875,skewnorm,98,100
0.06152035569382617,0.06152035569382617,0.058420067489074023,0.2549559043291809,0.06679647891131454,mixture,98,100
0.3070082113431122,0.3070082113431122,0.02465645988105783,0.6165889434419425,0.056639990651421224,u-shaped,98,100
0.11016929276344978,0.11016929276344978,0.04258032934575998,0.18334268299864423,0.04880636681763714,unif,98,100
0.011963791498765452,0.011963791498765452,0.005918987992220102,0.0017642404716353129,0.009474906518309708,gaussian,98,500
0.018146946502663762,0.018146946502663762,0.019287935109126117,0.03963734010742816,0.013816887963695885,ptm,98,500
Inf,0.03157475064632726,0.024342641461711854,0.08417639580917215,0.025585331914647277,skewnorm,98,500
0.013590737600765653,0.013590737600765653,0.01268538540745881,0.23529642300947798,0.05685913648085076,mixture,98,500
0.2318310574017092,0.2318310574017092,0.013357812456593662,0.6162070025618125,0.05901069620282101,u-shaped,98,500
0.05059194120592338,0.05059194120592338,0.016935264509943038,0.17569586950681068,0.036909702028190786,unif,98,500
Inf,0.21674621595797786,0.033046181734345086,0.026328541474033757,0.059814786530686094,gaussian,99,25
Inf,0.22437619908449666,0.0181984960458675,0.1375654395789769,0.04378651889388646,ptm,99,25
0.10249177946849838,0.10249177946849838,0.07385283681400609,0.11720342476737208,0.039159360216010776,skewnorm,99,25
Inf,0.3532376858414688,0.07146394088855271,0.3279997804872487,0.08430609675037624,mixture,99,25
0.4525988586423217,0.4525988586423217,0.023233126701030702,0.615076849449577,0.05374517766175275,u-shaped,99,25
0.13214931996738782,0.13214931996738782,0.029926086529168696,0.20507052628411754,0.04145120473247211,unif,99,25
Inf,0.097814554836522,0.052307976593638214,0.03534527206262366,0.07038691096020691,gaussian,99,50
Inf,0.06614368563196785,0.0298119200109674,0.10667541593298052,0.03623580068976657,ptm,99,50
0.031048148120651972,0.031048148120651972,0.046496366729601446,0.081121156438576425,0.02441611201510411,skewnorm,99,50
Inf,0.15561005918599016,0.01970858098266961,0.25216262616575014,0.0691671021742788,mixture,99,50
0.44717700167266583,0.44717700167266583,0.03367887901658334,0.6186407163403219,0.06551758702899549,u-shaped,99,50
0.16311800710400887,0.16311800710400887,0.016830613926192926,0.20028517809334379,0.036627912961570884,unif,99,50
Inf,0.08260511125569882,0.026390383858361947,0.018918442391282143,0.03216190295491832,gaussian,99,100
Inf,0.037683229056485176,0.015529637436685072,0.03475927009934917,0.010512624754480802,ptm,99,100
0.014578089865555786,0.014578089865555786,0.010169117678514266,0.07720732240942715,0.029636063385787868,skewnorm,99,100
0.011681256894095842,0.011681256894095842,0.01367010261592593,0.23870495493593583,0.05502526011576292,mixture,99,100
0.386588094477418,0.386588094477418,0.031267689593565934,0.6186179587468644,0.06574785928594454,u-shaped,99,100
0.0981458094583216,0.0981458094583216,0.01606164298901927,0.1994524256800829,0.03409422910784295,unif,99,100
0.01039191146264473,0.01039191146264473,0.020009041747083435,0.0028873272865128138,0.014540508506729437,gaussian,99,500
Inf,0.024847166528982827,0.008275248468106617,0.022876230986847722,0.015416336847698865,ptm,99,500
0.009879536150533287,0.009879536150533287,0.010463894748023951,0.07402871232755515,0.04109828175302449,skewnorm,99,500
0.007430853657553941,0.007430853657553941,0.012103380625462462,0.23996198510069652,0.05701241939492107,mixture,99,500
0.2275622454626524,0.2275622454626524,0.021447181941310765,0.6152488793982132,0.0571615501135641,u-shaped,99,500
0.057614665956412084,0.057614665956412084,0.008117412389251665,0.1992290878940582,0.033460668680100225,unif,99,500
Inf,0.2933006078688196,0.05036808510739691,0.1717591306501034,0.060705555203358366,gaussian,100,25
0.10664526925417835,0.10664526925417835,0.04080616971782244,0.048524337680233155,0.03013028564055314,ptm,100,25
Inf,0.33818552953379605,0.08749252532025278,0.2581466582602291,0.07648939024606058,skewnorm,100,25
Inf,0.5160545412034019,0.04501962564003275,0.2607122214097513,0.08515473565392762,mixture,100,25
0.5174985465789321,0.5174985465789321,0.05937294855659581,0.719015105333588,0.08192594773379361,u-shaped,100,25
0.15682874235255517,0.15682874235255517,0.04639890477744275,0.2812193939834459,0.0803879765030602,unif,100,25
0.04471053119818988,0.04471053119818988,0.030746367200476705,0.050443880782705605,0.036864824913699835,gaussian,100,50
0.033249488261212615,0.033249488261212615,0.049220051344376105,0.06293285895420238,0.043026896705494706,ptm,100,50
0.024424626994618018,0.024424626994618018,0.01915235176799843,0.09246224926684668,0.027917805242609377,skewnorm,100,50
Inf,0.6075633408786251,0.05566428530646682,0.3092029229763533,0.0920855142459504,mixture,100,50
0.5052345992554281,0.5052345992554281,0.04999400541009089,0.6942539553915497,0.07571156807728242,u-shaped,100,50
0.10923767245799107,0.10923767245799107,0.040863585520009564,0.19053519399920538,0.05850709273384722,unif,100,50
0.0142851428725895,0.0142851428725895,0.011141317456005726,1.0157308607126899e-4,0.0033984161778288766,gaussian,100,100
0.02277673946818273,0.02277673946818273,0.027606399563042682,0.04761196521978886,0.03075299567670709,ptm,100,100
Inf,0.04079692166665681,0.05475484700631032,0.12119300155244203,0.036132019592258875,skewnorm,100,100
Inf,0.11503785051691559,0.030014278152422028,0.24044182021586388,0.07548524065709925,mixture,100,100
0.4449665476030595,0.4449665476030595,0.05262583079298253,0.7009266196461611,0.07556203953795568,u-shaped,100,100
0.10255350087225652,0.10255350087225652,0.021475749120925224,0.1801675774909958,0.0503333957376357,unif,100,100
0.014105282971191962,0.014105282971191962,0.00834840142983957,0.0016521784772347552,0.010470826668302418,gaussian,100,500
0.01196446413872519,0.01196446413872519,0.008479089704232367,0.04386439338169633,0.02252278028596105,ptm,100,500
0.009918653521417345,0.009918653521417345,0.009159866102160756,0.08356567672541194,0.03872475599968135,skewnorm,100,500
Inf,0.03659157889636516,0.009064723420076037,0.22689793106426812,0.06355388555534351,mixture,100,500
0.23202984492159565,0.23202984492159565,0.010271210908763118,0.6659607413820025,0.059081622648318705,u-shaped,100,500
0.06246617151227544,0.06246617151227544,0.01283850503586405,0.17231479439179648,0.0404529123917119,unif,100,500
