waic,kld,log_score,crps,cdf_mad,cdf_ci_coverage,cdf_ci_width,data_type,data_seed,model,ntrain,ntest,fit_seconds,job,run,mcmc_strategy,apply_jitter,ig_a,ig_b
847.3515424562229,0.17931912278375203,9339.37905161876,0.874594005759936,0.13036651195409213,0.864,0.33733410554313514,gaussian,1,ptm-iwls-nuts,250,5000,654.6836032867432,010j-ptm-iwls-nuts-ig1_005,20251213-100714,iwls-nuts,FALSE,0.01,0.01
1704.30797293965,0.08964708865212023,8891.0188809606,0.8407891607172093,0.09190198075390146,0.8672,0.25004896831822093,gaussian,1,ptm-iwls-nuts,500,5000,924.3950715065002,010j-ptm-iwls-nuts-ig1_005,20251213-101145,iwls-nuts,FALSE,1,0.005
919.2415934424909,0.08889721481183312,8828.562382849164,0.8455257193582757,0.12055276498174622,0.9436,0.3614132042534855,gaussian,2,ptm-iwls-nuts,250,5000,565.3673624992371,010j-ptm-iwls-nuts-ig1_005,20251213-101156,iwls-nuts,FALSE,1,0.005
1757.749473480971,0.03801120713891929,8574.132344484597,0.8181273353962372,0.08551142779653785,0.9496,0.2654372960097322,gaussian,2,ptm-iwls-nuts,500,5000,789.6852283477783,010j-ptm-iwls-nuts-ig1_005,20251213-101529,iwls-nuts,FALSE,1,0.005
882.5285719397491,0.1054486381559313,9011.719347769658,0.8664724695582765,0.12395638259919696,0.94,0.3711926215876712,gaussian,3,ptm-iwls-nuts,250,5000,591.4129521846771,010j-ptm-iwls-nuts-ig1_005,20251213-101234,iwls-nuts,FALSE,0.01,0.01
1742.446500738355,0.05355049513787672,8752.228632679384,0.8328231379016247,0.08239202778845417,0.9478,0.2547916797400558,gaussian,3,ptm-iwls-nuts,500,5000,811.1319091320038,010j-ptm-iwls-nuts-ig1_005,20251213-101634,iwls-nuts,FALSE,1,0.005
857.5394643018254,0.07674862941529434,8791.755123166471,0.8355859655458268,0.11469240271564098,0.9726,0.3688265452369987,gaussian,4,ptm-iwls-nuts,250,5000,577.3190474510193,010j-ptm-iwls-nuts-ig1_005,20251213-103000,iwls-nuts,FALSE,0.01,0.01
1700.9592426074232,0.03624321337031216,8589.22804294156,0.8181869952647949,0.07949505965519554,0.9732,0.2602817560445227,gaussian,4,ptm-iwls-nuts,500,5000,768.4068398475647,010j-ptm-iwls-nuts-ig1_005,20251213-103341,iwls-nuts,FALSE,1,0.005
869.5923321123455,0.10657480572822904,8976.812172251146,0.85024604687243,0.12117704195145428,0.9338,0.3627801848372972,gaussian,5,ptm-iwls-nuts,250,5000,535.9847111701965,010j-ptm-iwls-nuts-ig1_005,20251213-103714,iwls-nuts,FALSE,0.01,0.01
1706.8947696298242,0.06153705164850177,8751.623401852507,0.8305768627401209,0.09007524889265732,0.9124,0.26583294022986326,gaussian,5,ptm-iwls-nuts,500,5000,788.6812946796417,010j-ptm-iwls-nuts-ig1_005,20251213-104204,iwls-nuts,FALSE,0.01,0.01
875.3993784290676,0.1177887610625355,9004.943859662675,0.8598042202165127,0.12542457105542004,0.925,0.3656656345922635,gaussian,6,ptm-iwls-nuts,250,5000,548.83234333992,010j-ptm-iwls-nuts-ig1_005,20251213-104003,iwls-nuts,FALSE,0.01,0.01
1733.6963391644242,0.06455292621503371,8738.764685425169,0.8361756865601607,0.09036263625516083,0.9372,0.27163792329688197,gaussian,6,ptm-iwls-nuts,500,5000,833.3482420444489,010j-ptm-iwls-nuts-ig1_005,20251213-104541,iwls-nuts,FALSE,0.01,0.01
851.2504258443412,0.10072461376269808,8911.82243960349,0.8480424469109243,0.12191407179154191,0.8824,0.3388343452701265,gaussian,7,ptm-iwls-nuts,250,5000,570.9375808238983,010j-ptm-iwls-nuts-ig1_005,20251213-104118,iwls-nuts,FALSE,1,0.005
1713.7507379511926,0.06565808212149485,8736.489781397475,0.8273548283620219,0.09270285576192212,0.8978,0.26655357057098483,gaussian,7,ptm-iwls-nuts,500,5000,842.0525124073029,010j-ptm-iwls-nuts-ig1_005,20251213-104832,iwls-nuts,FALSE,0.01,0.01
905.3621784398836,0.1093447863457045,9057.978665278522,0.879318262625934,0.12689668240166582,0.9192,0.3662565101804061,gaussian,8,ptm-iwls-nuts,250,5000,559.4313361644745,010j-ptm-iwls-nuts-ig1_005,20251213-105024,iwls-nuts,FALSE,1,0.005
1787.958074285357,0.05193310743938082,8770.920270746903,0.8433558116094253,0.08969662041347072,0.9568,0.2767990709273916,gaussian,8,ptm-iwls-nuts,500,5000,797.5794627666473,010j-ptm-iwls-nuts-ig1_005,20251213-105440,iwls-nuts,FALSE,0.01,0.01
889.293428728503,0.08659868591939074,8827.406094056954,0.8486967290511291,0.1190739476342511,0.9248,0.3532426407461517,gaussian,9,ptm-iwls-nuts,250,5000,642.3852622509003,010j-ptm-iwls-nuts-ig1_005,20251213-105211,iwls-nuts,FALSE,1,0.005
1742.408700682387,0.04118115731998256,8600.318451059913,0.8172024296525133,0.08689675036999944,0.9582,0.274526231305561,gaussian,9,ptm-iwls-nuts,500,5000,852.4460022449493,010j-ptm-iwls-nuts-ig1_005,20251213-105720,iwls-nuts,FALSE,0.01,0.01
839.1600274483784,0.08111699374173689,8824.998492058683,0.849484241392168,0.1277934742348578,0.919,0.36710807838755966,gaussian,10,ptm-iwls-nuts,250,5000,744.9880545139313,010j-ptm-iwls-nuts-ig1_005,20251213-105734,iwls-nuts,FALSE,0.01,0.01
1710.015829542281,0.04758563503788568,8657.341698539429,0.8228166831753825,0.08912181083107819,0.9084,0.25954311164959964,gaussian,10,ptm-iwls-nuts,500,5000,951.2888548374176,010j-ptm-iwls-nuts-ig1_005,20251213-110135,iwls-nuts,FALSE,1,0.005
814.3893021645154,0.14907901724432338,9070.183551501616,0.840098866904913,0.1256533326591865,0.8746,0.3409849315657666,gaussian,11,ptm-iwls-nuts,250,5000,601.5570137500763,010j-ptm-iwls-nuts-ig1_005,20251213-105633,iwls-nuts,FALSE,0.01,0.01
1700.6966690560223,0.07562646455895394,8702.920788074769,0.8095026232094242,0.08993492439215023,0.9118,0.26352797886862617,gaussian,11,ptm-iwls-nuts,500,5000,800.2160003185272,010j-ptm-iwls-nuts-ig1_005,20251213-110214,iwls-nuts,FALSE,0.01,0.01
819.4195720895481,0.12848109877039737,9095.315740801989,0.8708210842975205,0.12897240972057122,0.89,0.3556770658755008,gaussian,12,ptm-iwls-nuts,250,5000,596.420862197876,010j-ptm-iwls-nuts-ig1_005,20251213-110151,iwls-nuts,FALSE,0.01,0.01
1670.816475523275,0.07130246624099325,8809.422578154965,0.8398437636896079,0.09357464443473888,0.9056,0.2675780624183759,gaussian,12,ptm-iwls-nuts,500,5000,887.4017298221588,010j-ptm-iwls-nuts-ig1_005,20251213-110614,iwls-nuts,FALSE,0.01,0.01
911.6331783438476,0.09259771582026743,8848.424792511336,0.8366312093437309,0.1215644543708807,0.9598,0.3820631398554239,gaussian,13,ptm-iwls-nuts,250,5000,549.2837839126587,010j-ptm-iwls-nuts-ig1_005,20251213-110437,iwls-nuts,FALSE,0.01,0.01
1791.5510719413348,0.07121504260984714,8741.511426459236,0.8300042246856,0.09961209117643108,0.889,0.27761923982521536,gaussian,13,ptm-iwls-nuts,500,5000,798.1191065311432,010j-ptm-iwls-nuts-ig1_005,20251213-110913,iwls-nuts,FALSE,0.01,0.01
873.8044229429663,0.131804944396201,9130.840184551003,0.8833925525948191,0.13597387271410813,0.8778,0.3679842201302781,gaussian,14,ptm-iwls-nuts,250,5000,620.9341249465942,010j-ptm-iwls-nuts-ig1_005,20251213-111013,iwls-nuts,FALSE,0.01,0.01
1789.4708198952353,0.05771624937461073,8760.396709443054,0.8392542923554449,0.09125420737788228,0.9122,0.2633764226528932,gaussian,14,ptm-iwls-nuts,500,5000,895.0353786945343,010j-ptm-iwls-nuts-ig1_005,20251213-111509,iwls-nuts,FALSE,1,0.005
877.673366408517,0.16202145329220757,9255.571272581035,0.8794715586457577,0.13460720073570018,0.8616,0.3590725445319759,gaussian,15,ptm-iwls-nuts,250,5000,588.0983736515045,010j-ptm-iwls-nuts-ig1_005,20251213-111352,iwls-nuts,FALSE,0.01,0.01
1719.6282905555306,0.08958776862283842,8893.402849234191,0.8376725926992222,0.09411838281075804,0.8896,0.26719661929716126,gaussian,15,ptm-iwls-nuts,500,5000,812.054141998291,010j-ptm-iwls-nuts-ig1_005,20251213-111746,iwls-nuts,FALSE,0.01,0.01
872.2594195203284,0.09734119899917865,8931.665765055894,0.8462547450579311,0.12298603342074962,0.9344,0.3656277657791092,gaussian,16,ptm-iwls-nuts,250,5000,672.9082117080688,010j-ptm-iwls-nuts-ig1_005,20251213-111742,iwls-nuts,FALSE,0.01,0.01
1705.2998374707458,0.04362849709593787,8663.102255539688,0.8163757359510605,0.08423655726245395,0.9464,0.2594560666662373,gaussian,16,ptm-iwls-nuts,500,5000,951.459798336029,010j-ptm-iwls-nuts-ig1_005,20251213-112217,iwls-nuts,FALSE,1,0.005
906.3332445746588,0.14440535297545026,8971.95256652725,0.8564243249210797,0.13395020168719887,0.8664,0.3612845983637752,gaussian,17,ptm-iwls-nuts,250,5000,622.09466552734375,010j-ptm-iwls-nuts-ig1_005,20251213-111847,iwls-nuts,FALSE,1,0.005
1780.1124878868825,0.07797106072441268,8639.781105272064,0.8182803187341235,0.09589094324462416,0.881,0.26525806719550493,gaussian,17,ptm-iwls-nuts,500,5000,849.5136411190033,010j-ptm-iwls-nuts-ig1_005,20251213-112233,iwls-nuts,FALSE,1,0.005
891.637170812917,0.1333056367506756,9049.922760693378,0.8684973161167379,0.12827038024487716,0.8762,0.34821230048705415,gaussian,18,ptm-iwls-nuts,250,5000,602.616664648056,010j-ptm-iwls-nuts-ig1_005,20251213-112027,iwls-nuts,FALSE,1,0.005
1800.678166978424,0.08047233846243414,8785.75626925217,0.8392473119805851,0.09893788100758089,0.8722,0.2761023993521341,gaussian,18,ptm-iwls-nuts,500,5000,783.6126911640167,010j-ptm-iwls-nuts-ig1_005,20251213-112635,iwls-nuts,FALSE,0.01,0.01
894.3330624722022,0.10669634332443297,8886.537575492166,0.8491522009028528,0.12344475482263492,0.953,0.3730637746434647,gaussian,19,ptm-iwls-nuts,250,5000,576.2599296569824,010j-ptm-iwls-nuts-ig1_005,20251213-112451,iwls-nuts,FALSE,0.01,0.01
1741.8157002592525,0.05294434148173372,8617.777566278668,0.8220127081560715,0.0884844111191257,0.9434,0.2734956110825973,gaussian,19,ptm-iwls-nuts,500,5000,795.4482569694519,010j-ptm-iwls-nuts-ig1_005,20251213-113030,iwls-nuts,FALSE,0.01,0.01
899.8135872468828,0.12356988093419644,8966.653024090981,0.8568469635957411,0.1355263645272638,0.8954,0.3784855232903873,gaussian,20,ptm-iwls-nuts,250,5000,621.3198726177216,010j-ptm-iwls-nuts-ig1_005,20251213-112852,iwls-nuts,FALSE,0.01,0.01
1738.1135063824372,0.06329821553446949,8665.294697092348,0.8235947098750325,0.09565795014833962,0.9176,0.27463931203938813,gaussian,20,ptm-iwls-nuts,500,5000,787.789722442627,010j-ptm-iwls-nuts-ig1_005,20251213-113228,iwls-nuts,FALSE,0.01,0.01
882.5808759387755,0.08253201722734796,8820.843171006738,0.8408890369910763,0.11800755780637436,0.9712,0.3770738419545222,gaussian,21,ptm-iwls-nuts,250,5000,677.4080011844635,010j-ptm-iwls-nuts-ig1_005,20251213-113407,iwls-nuts,FALSE,0.01,0.01
1736.885711248175,0.06948326582809072,8755.599414010454,0.8423114341261435,0.09593152699264865,0.8938,0.27385104640476027,gaussian,21,ptm-iwls-nuts,500,5000,932.913393497467,010j-ptm-iwls-nuts-ig1_005,20251213-113817,iwls-nuts,FALSE,0.01,0.01
891.0398285937064,0.13562384694546328,9017.969264227317,0.8665980193941227,0.13834961233052254,0.8874,0.3849852962644691,gaussian,22,ptm-iwls-nuts,250,5000,579.5265870094299,010j-ptm-iwls-nuts-ig1_005,20251213-113520,iwls-nuts,FALSE,0.01,0.01
1723.642112018489,0.06859495976763427,8682.82482833817,0.8171043972195073,0.09111558798966782,0.9298,0.27407562377316574,gaussian,22,ptm-iwls-nuts,500,5000,812.512490272522,010j-ptm-iwls-nuts-ig1_005,20251213-114035,iwls-nuts,FALSE,0.01,0.01
858.673969907345,0.1298432431236264,8996.343062958134,0.8432602157663167,0.13195553390178086,0.9076,0.3775296287096427,gaussian,23,ptm-iwls-nuts,250,5000,575.3018977642059,010j-ptm-iwls-nuts-ig1_005,20251213-113823,iwls-nuts,FALSE,0.01,0.01
1761.735223347482,0.06104657671387563,8652.359730909378,0.8081899947336101,0.08657386087174349,0.9574,0.2798799548356873,gaussian,23,ptm-iwls-nuts,500,5000,781.4664840698242,010j-ptm-iwls-nuts-ig1_005,20251213-114143,iwls-nuts,FALSE,0.01,0.01
849.2916281569641,0.1506186397937608,9161.816122598804,0.861513676139009,0.12631619317363965,0.8794,0.35486282482815495,gaussian,24,ptm-iwls-nuts,250,5000,570.4126715660095,010j-ptm-iwls-nuts-ig1_005,20251213-114149,iwls-nuts,FALSE,0.01,0.01
1746.317833099977,0.05097327317892106,8663.589289524605,0.821015529496438,0.08583533542593817,0.9674,0.2727212863143883,gaussian,24,ptm-iwls-nuts,500,5000,853.1189341545105,010j-ptm-iwls-nuts-ig1_005,20251213-114700,iwls-nuts,FALSE,0.01,0.01
849.4358847209182,0.1485183671699348,9153.060138619674,0.8787324221833303,0.13161191774868575,0.884,0.35613381145019246,gaussian,25,ptm-iwls-nuts,250,5000,828.0137147903442,010j-ptm-iwls-nuts-ig1_005,20251213-114953,iwls-nuts,FALSE,0.01,0.01
1666.7973735321802,0.05725423793578185,8696.739492448909,0.8317601965461172,0.08666048248673669,0.9146,0.253129140772855,gaussian,25,ptm-iwls-nuts,500,5000,929.4599995613098,010j-ptm-iwls-nuts-ig1_005,20251213-115134,iwls-nuts,FALSE,1,0.005
883.3353833365906,0.09329259857971305,8851.283688018564,0.8329111179880773,0.1153770768501646,0.9412,0.34902402908565416,gaussian,26,ptm-iwls-nuts,250,5000,647.6071290969849,010j-ptm-iwls-nuts-ig1_005,20251213-114919,iwls-nuts,FALSE,1,0.005
1729.229408273066,0.06032641356024613,8686.45276292123,0.8155315257436534,0.0874135616112091,0.9292,0.2610321496436182,gaussian,26,ptm-iwls-nuts,500,5000,950.3193233013152,010j-ptm-iwls-nuts-ig1_005,20251213-115546,iwls-nuts,FALSE,1,0.005
920.208535660539,0.09669516430903964,8964.993551095198,0.861786733273141,0.1227902455023376,0.9534,0.3779959680322031,gaussian,27,ptm-iwls-nuts,250,5000,580.4906430244446,010j-ptm-iwls-nuts-ig1_005,20251213-115236,iwls-nuts,FALSE,0.01,0.01
1777.536392422823,0.05926384819715008,8777.836970535749,0.8406737475040875,0.09276599062970951,0.9196,0.275239856348714,gaussian,27,ptm-iwls-nuts,500,5000,824.0730755329132,010j-ptm-iwls-nuts-ig1_005,20251213-115724,iwls-nuts,FALSE,0.01,0.01
908.3030833269056,0.08670633839713045,8773.604952885653,0.8314607633563885,0.1151270852334291,0.9504,0.35204525539493836,gaussian,28,ptm-iwls-nuts,250,5000,582.2898056507111,010j-ptm-iwls-nuts-ig1_005,20251213-115511,iwls-nuts,FALSE,1,0.005
1732.086602232453,0.06426279352959918,8661.387228547996,0.8225945480596866,0.09360278533805096,0.9182,0.2732391718554321,gaussian,28,ptm-iwls-nuts,500,5000,818.8742890357971,010j-ptm-iwls-nuts-ig1_005,20251213-115907,iwls-nuts,FALSE,0.01,0.01
909.1472553604702,0.0897150348335108,8836.819240187553,0.834017630496606,0.11091893440281791,0.958,0.35591001745491346,gaussian,29,ptm-iwls-nuts,250,5000,586.2782604694366,010j-ptm-iwls-nuts-ig1_005,20251213-115834,iwls-nuts,FALSE,1,0.005
1784.6787718542778,0.05570570287673927,8666.772580403696,0.8178025596136759,0.08212949255466508,0.9392,0.25715482552017505,gaussian,29,ptm-iwls-nuts,500,5000,795.6660604476929,010j-ptm-iwls-nuts-ig1_005,20251213-120203,iwls-nuts,FALSE,1,0.005
899.4221737392859,0.12734597922902408,8919.47284998512,0.8475869541468816,0.12554343809055063,0.887,0.3475811992935704,gaussian,30,ptm-iwls-nuts,250,5000,628.3018553256989,010j-ptm-iwls-nuts-ig1_005,20251213-120326,iwls-nuts,FALSE,1,0.005
1783.6110646846555,0.08109255515401727,8688.205729610087,0.8195988642300926,0.09745890320543342,0.8516,0.2618372816741041,gaussian,30,ptm-iwls-nuts,500,5000,779.5859589576721,010j-ptm-iwls-nuts-ig1_005,20251213-120539,iwls-nuts,FALSE,1,0.005
873.1753884260215,0.10000943719390493,8821.592353999524,0.8428422343150312,0.11985131529652936,0.9188,0.3454816942921764,gaussian,31,ptm-iwls-nuts,250,5000,632.1573626995087,010j-ptm-iwls-nuts-ig1_005,20251213-120715,iwls-nuts,FALSE,1,0.005
1727.5355113919409,0.05884717692233052,8615.781052641654,0.81488529241999,0.09217198927918556,0.9256,0.2671234256241278,gaussian,31,ptm-iwls-nuts,500,5000,939.451558113098,010j-ptm-iwls-nuts-ig1_005,20251213-121237,iwls-nuts,FALSE,0.01,0.01
820.2392937263977,0.11551119603953452,8929.418933807672,0.8424157046300259,0.12780588387322683,0.907,0.362568405982196,gaussian,32,ptm-iwls-nuts,250,5000,567.0663104057312,010j-ptm-iwls-nuts-ig1_005,20251213-120843,iwls-nuts,FALSE,0.01,0.01
1632.495679980762,0.09058055112090196,8804.76570921451,0.8260419787691161,0.09479143533896908,0.8706,0.2590493347161483,gaussian,32,ptm-iwls-nuts,500,5000,802.9715850353241,010j-ptm-iwls-nuts-ig1_005,20251213-121250,iwls-nuts,FALSE,0.01,0.01
903.1282244467392,0.11577320353333832,8908.540088946691,0.8432144277347551,0.13239866090778063,0.9364,0.38752484706752743,gaussian,33,ptm-iwls-nuts,250,5000,605.8958892822266,010j-ptm-iwls-nuts-ig1_005,20251213-121341,iwls-nuts,FALSE,0.01,0.01
1768.7315147028075,0.061196577820053,8635.656960380264,0.8159882926499465,0.09779990650009138,0.9164,0.2836448536517617,gaussian,33,ptm-iwls-nuts,500,5000,779.0537014007568,010j-ptm-iwls-nuts-ig1_005,20251213-121903,iwls-nuts,FALSE,0.01,0.01
881.1243860092968,0.1627292274682607,9221.881819261302,0.890252690694506,0.13790721425598024,0.818,0.34730818768779664,gaussian,34,ptm-iwls-nuts,250,5000,701.0154318809509,010j-ptm-iwls-nuts-ig1_005,20251213-121818,iwls-nuts,FALSE,1,0.005
1727.9510184189255,0.05086186752754446,8662.545019557721,0.8301621499992576,0.08965997093868407,0.8878,0.2531975637840707,gaussian,34,ptm-iwls-nuts,500,5000,833.6118743419647,010j-ptm-iwls-nuts-ig1_005,20251213-121937,iwls-nuts,FALSE,1,0.005
886.4126771084358,0.16684499848617398,9251.08685377087,0.8966941490431786,0.1446874966153585,0.8354,0.3708523991560356,gaussian,35,ptm-iwls-nuts,250,5000,554.0273170471191,010j-ptm-iwls-nuts-ig1_005,20251213-121843,iwls-nuts,FALSE,0.01,0.01
1770.1567758718766,0.08369444898474308,8835.334106263716,0.8434545679722245,0.10077697123947296,0.8904,0.28060881338077986,gaussian,35,ptm-iwls-nuts,500,5000,924.5184483528136,010j-ptm-iwls-nuts-ig1_005,20251213-122507,iwls-nuts,FALSE,0.01,0.01
861.827672421944,0.10450995536128904,8963.370777006445,0.8558320702307334,0.12563331944748624,0.9452,0.37490809572015094,gaussian,36,ptm-iwls-nuts,250,5000,581.5631430149078,010j-ptm-iwls-nuts-ig1_005,20251213-122200,iwls-nuts,FALSE,0.01,0.01
1743.2052875795505,0.05349780886771212,8708.310044538559,0.8303273695934299,0.08872680513455539,0.9426,0.2783017812247776,gaussian,36,ptm-iwls-nuts,500,5000,782.4210941791534,010j-ptm-iwls-nuts-ig1_005,20251213-122619,iwls-nuts,FALSE,0.01,0.01
894.6545989422058,0.10957646314477032,9058.643100763851,0.8645933245601196,0.1210771343034448,0.9472,0.37107735021628474,gaussian,37,ptm-iwls-nuts,250,5000,592.6652157306671,010j-ptm-iwls-nuts-ig1_005,20251213-122723,iwls-nuts,FALSE,0.01,0.01
1749.6364006768838,0.07900178614219486,8905.769715750974,0.849442822505354,0.09298890574807551,0.9062,0.26719785829725407,gaussian,37,ptm-iwls-nuts,500,5000,847.6091787815094,010j-ptm-iwls-nuts-ig1_005,20251213-123154,iwls-nuts,FALSE,0.01,0.01
848.9991396937454,0.08853537222840607,8774.726526312032,0.8217704393768603,0.11873623879465532,0.941,0.35417954156335485,gaussian,38,ptm-iwls-nuts,250,5000,595.725683927536,010j-ptm-iwls-nuts-ig1_005,20251213-123051,iwls-nuts,FALSE,1,0.005
1643.0292394244198,0.06992360739837361,8681.667702161869,0.8151261466301681,0.09607595324287505,0.878,0.26747279219394393,gaussian,38,ptm-iwls-nuts,500,5000,942.2467815876008,010j-ptm-iwls-nuts-ig1_005,20251213-123630,iwls-nuts,FALSE,0.01,0.01
841.919792487979,0.10060299825436286,8987.297379211814,0.8567292975745031,0.11886046770746124,0.945,0.3613683374799496,gaussian,39,ptm-iwls-nuts,250,5000,760.7103807926178,010j-ptm-iwls-nuts-ig1_005,20251213-123625,iwls-nuts,FALSE,0.01,0.01
1656.6466862226196,0.06523477351843125,8810.456255532157,0.8426773291501073,0.08834472909488701,0.8888,0.24613113905838177,gaussian,39,ptm-iwls-nuts,500,5000,1168.917019367218,010j-ptm-iwls-nuts-ig1_005,20251213-124312,iwls-nuts,FALSE,1,0.005
869.1021997649931,0.09911349042700142,8988.867432615009,0.8665066280425823,0.11818711371003324,0.9184,0.3472817358301277,gaussian,40,ptm-iwls-nuts,250,5000,658.7527713775635,010j-ptm-iwls-nuts-ig1_005,20251213-124012,iwls-nuts,FALSE,1,0.005
1726.2909658485205,0.05339480545985081,8760.274007779255,0.8377695627696956,0.08571763659497164,0.9394,0.2621611250470655,gaussian,40,ptm-iwls-nuts,500,5000,931.439261674881,010j-ptm-iwls-nuts-ig1_005,20251213-124333,iwls-nuts,FALSE,1,0.005
827.4005108945298,0.15565632904755344,9123.737186427768,0.8785710283763846,0.14536274294300677,0.8138,0.3577706800239658,gaussian,41,ptm-iwls-nuts,250,5000,564.8292784690857,010j-ptm-iwls-nuts-ig1_005,20251213-124134,iwls-nuts,FALSE,0.01,0.01
1701.2880848265456,0.07151799689685599,8703.045525674279,0.8249229339395021,0.0973270873344939,0.84,0.2588262378336587,gaussian,41,ptm-iwls-nuts,500,5000,1022.2641603946686,010j-ptm-iwls-nuts-ig1_005,20251213-124912,iwls-nuts,FALSE,1,0.005
844.5558659783943,0.12112049171543722,9108.106477747186,0.86465297626316,0.1174571979298332,0.9106,0.3330994744683122,gaussian,42,ptm-iwls-nuts,250,5000,577.3785700798035,010j-ptm-iwls-nuts-ig1_005,20251213-124328,iwls-nuts,FALSE,1,0.005
1695.304138522535,0.06792069313789587,8842.10748485948,0.8432941845616665,0.08913261096658236,0.8998,0.2509927287558602,gaussian,42,ptm-iwls-nuts,500,5000,928.5028913021088,010j-ptm-iwls-nuts-ig1_005,20251213-125005,iwls-nuts,FALSE,1,0.005
892.3707644263908,0.11304127722137552,8935.306587316878,0.855177322173869,0.12288676441385118,0.8784,0.34000534360061546,gaussian,43,ptm-iwls-nuts,250,5000,613.2959780693054,010j-ptm-iwls-nuts-ig1_005,20251213-124758,iwls-nuts,FALSE,1,0.005
1739.8371845501058,0.05386708954388306,8639.435648929415,0.8193478364084178,0.09254591848488772,0.9188,0.27351605698958165,gaussian,43,ptm-iwls-nuts,500,5000,814.3289697170258,010j-ptm-iwls-nuts-ig1_005,20251213-125057,iwls-nuts,FALSE,0.01,0.01
902.3229673948424,0.12427572245810348,9080.190168570518,0.8696566489597266,0.12991595714374282,0.9112,0.3727257762964421,gaussian,44,ptm-iwls-nuts,250,5000,586.6757915019989,010j-ptm-iwls-nuts-ig1_005,20251213-124934,iwls-nuts,FALSE,0.01,0.01
1756.557034197737,0.04675556338542276,8692.589373207113,0.824318364298554,0.08341856192357688,0.9532,0.26094753946983285,gaussian,44,ptm-iwls-nuts,500,5000,885.075483083725,010j-ptm-iwls-nuts-ig1_005,20251213-125613,iwls-nuts,FALSE,1,0.005
887.854329387035,0.090908074722159,8851.493807480796,0.8346289397492718,0.1068702169581316,0.9582,0.3386673929047328,gaussian,45,ptm-iwls-nuts,250,5000,665.9262726306915,010j-ptm-iwls-nuts-ig1_005,20251213-125521,iwls-nuts,FALSE,1,0.005
1758.1675719958648,0.07078313358914687,8750.869101815733,0.8227036368157727,0.091226155504115,0.9056,0.26760316079456,gaussian,45,ptm-iwls-nuts,500,5000,951.1593294143676,010j-ptm-iwls-nuts-ig1_005,20251213-130152,iwls-nuts,FALSE,0.01,0.01
912.2325732132176,0.11008473730279757,9009.46447667399,0.8591382133462929,0.12386714972145628,0.9488,0.3742571896720156,gaussian,46,ptm-iwls-nuts,250,5000,548.3204207420349,010j-ptm-iwls-nuts-ig1_005,20251213-125842,iwls-nuts,FALSE,0.01,0.01
1752.0413126966916,0.05072716115367059,8712.676595928351,0.8303023779589432,0.08698316120366015,0.9566,0.27164368737061256,gaussian,46,ptm-iwls-nuts,500,5000,824.9863414764404,010j-ptm-iwls-nuts-ig1_005,20251213-130329,iwls-nuts,FALSE,0.01,0.01
869.0524427904204,0.09089106528407528,8905.566803290378,0.8600703420096245,0.11919093163933996,0.9112,0.34589317924316987,gaussian,47,ptm-iwls-nuts,250,5000,607.5505559444427,010j-ptm-iwls-nuts-ig1_005,20251213-130109,iwls-nuts,FALSE,1,0.005
1723.974795527943,0.07317911201658306,8817.007036952915,0.8421350944323069,0.09526839463427184,0.8812,0.26730391827192174,gaussian,47,ptm-iwls-nuts,500,5000,882.5871295928955,010j-ptm-iwls-nuts-ig1_005,20251213-130610,iwls-nuts,FALSE,0.01,0.01
854.0217511208568,0.13957905552045843,9101.216141262292,0.8596728005243107,0.12411066563149256,0.8726,0.33955426097671154,gaussian,48,ptm-iwls-nuts,250,5000,610.4088976383209,010j-ptm-iwls-nuts-ig1_005,20251213-130535,iwls-nuts,FALSE,1,0.005
1681.481444728582,0.06736041838464885,8740.122955583245,0.8291406691372393,0.09132062024637728,0.891,0.2566925296708861,gaussian,48,ptm-iwls-nuts,500,5000,818.0395841598511,010j-ptm-iwls-nuts-ig1_005,20251213-130852,iwls-nuts,FALSE,1,0.005
865.6199757356808,0.11091208929818798,9045.51496899094,0.8617281843282294,0.11987908086649024,0.8826,0.33248654493751034,gaussian,49,ptm-iwls-nuts,250,5000,646.32444190979,010j-ptm-iwls-nuts-ig1_005,20251213-130818,iwls-nuts,FALSE,1,0.005
1753.3467758014615,0.05545653518229999,8768.2371984115,0.8342379128998297,0.08321111371238041,0.904,0.25461446899992846,gaussian,49,ptm-iwls-nuts,500,5000,807.6317625045776,010j-ptm-iwls-nuts-ig1_005,20251213-131103,iwls-nuts,FALSE,1,0.005
820.5933382330428,0.1368200762734661,9005.88229435733,0.8512360237019715,0.13363371434703067,0.8626,0.355175382427912,gaussian,50,ptm-iwls-nuts,250,5000,564.5652611255646,010j-ptm-iwls-nuts-ig1_005,20251213-131110,iwls-nuts,FALSE,0.01,0.01
1714.2771310715962,0.05877332764721103,8615.648551226057,0.8139672537507987,0.09272181593062216,0.9232,0.2727595783919871,gaussian,50,ptm-iwls-nuts,500,5000,971.0115728378296,010j-ptm-iwls-nuts-ig1_005,20251213-131812,iwls-nuts,FALSE,0.01,0.01
841.4862040552536,0.10689944652212952,8970.529339470646,0.8668134504996806,0.12402455537241468,0.848,0.3329835659940769,gaussian,51,ptm-iwls-nuts,250,5000,605.7681894302368,010j-ptm-iwls-nuts-ig1_005,20251213-131527,iwls-nuts,FALSE,1,0.005
1684.8561301491377,0.0478346894141299,8675.205553930651,0.8279756885919304,0.09185626638436328,0.9066,0.266127097031565,gaussian,51,ptm-iwls-nuts,500,5000,817.8286411762238,010j-ptm-iwls-nuts-ig1_005,20251213-131945,iwls-nuts,FALSE,0.01,0.01
856.9206650063668,0.0973468388924689,8812.390349072346,0.8393488500108721,0.1281163833012357,0.9274,0.37493946624573415,gaussian,52,ptm-iwls-nuts,250,5000,709.1297028064728,010j-ptm-iwls-nuts-ig1_005,20251213-132122,iwls-nuts,FALSE,0.01,0.01
1784.5593178270317,0.03909928169209283,8521.152563070464,0.8048042863262999,0.08353593591037414,0.969,0.26724060706708286,gaussian,52,ptm-iwls-nuts,500,5000,834.4245796203613,010j-ptm-iwls-nuts-ig1_005,20251213-132310,iwls-nuts,FALSE,1,0.005
856.6995720561573,0.11909005619579614,8908.206198578982,0.8521407345912696,0.12694907239120112,0.8854,0.3498167195442606,gaussian,53,ptm-iwls-nuts,250,5000,593.4504899978638,010j-ptm-iwls-nuts-ig1_005,20251213-132203,iwls-nuts,FALSE,1,0.005
1694.4293953102926,0.05731392763385875,8599.325555769294,0.8164862890556142,0.0911202050226937,0.9416,0.2757900239298589,gaussian,53,ptm-iwls-nuts,500,5000,899.8260159492493,010j-ptm-iwls-nuts-ig1_005,20251213-132823,iwls-nuts,FALSE,0.01,0.01
902.2282979005322,0.09078025265077898,8870.824896263895,0.8538147989634638,0.11915701157974372,0.9398,0.35255061764881573,gaussian,54,ptm-iwls-nuts,250,5000,597.8100528717041,010j-ptm-iwls-nuts-ig1_005,20251213-132528,iwls-nuts,FALSE,1,0.005
1786.8705017830653,0.05736344039261289,8703.740834973065,0.8294391127664019,0.09005901002581675,0.9574,0.27718322872319817,gaussian,54,ptm-iwls-nuts,500,5000,783.896027803421,010j-ptm-iwls-nuts-ig1_005,20251213-132818,iwls-nuts,FALSE,0.01,0.01
906.0321176490028,0.11409454996466656,9040.955290953334,0.8665267783711795,0.127137154821063,0.9218,0.3754594330277918,gaussian,55,ptm-iwls-nuts,250,5000,582.6338636875153,010j-ptm-iwls-nuts-ig1_005,20251213-132717,iwls-nuts,FALSE,0.01,0.01
1770.978284604289,0.04605645090371425,8700.76479564857,0.8338053900954667,0.08926837736400389,0.9518,0.27635273530944726,gaussian,55,ptm-iwls-nuts,500,5000,773.654776096344,010j-ptm-iwls-nuts-ig1_005,20251213-133034,iwls-nuts,FALSE,0.01,0.01
839.7380413369171,0.1000957651409892,8853.543196644945,0.8358998543083291,0.12744285482334944,0.9214,0.3688596863058711,gaussian,56,ptm-iwls-nuts,250,5000,640.3051574230194,010j-ptm-iwls-nuts-ig1_005,20251213-133236,iwls-nuts,FALSE,0.01,0.01
1695.394888048494,0.05486757614151132,8627.402251647556,0.8155659896481855,0.0906390390006363,0.8958,0.2629660730163678,gaussian,56,ptm-iwls-nuts,500,5000,851.8286809921265,010j-ptm-iwls-nuts-ig1_005,20251213-133604,iwls-nuts,FALSE,1,0.005
930.6175542576024,0.12900444488480886,9034.872207054044,0.8689199224849514,0.1245543633009863,0.9248,0.35951501979056427,gaussian,57,ptm-iwls-nuts,250,5000,593.8921556472778,010j-ptm-iwls-nuts-ig1_005,20251213-133509,iwls-nuts,FALSE,1,0.005
1793.339734897208,0.06094005524689991,8694.550258864501,0.8330053234400019,0.08745550878751011,0.9606,0.2775895240999082,gaussian,57,ptm-iwls-nuts,500,5000,810.2999181747437,010j-ptm-iwls-nuts-ig1_005,20251213-133833,iwls-nuts,FALSE,0.01,0.01
834.2857376568243,0.11555537206646876,8922.226591462344,0.8527464114142465,0.1203806247074946,0.9004,0.3418921373155219,gaussian,58,ptm-iwls-nuts,250,5000,571.7059698104858,010j-ptm-iwls-nuts-ig1_005,20251213-133853,iwls-nuts,FALSE,1,0.005
1687.9295388744033,0.07542275403468712,8721.563501303435,0.8282406492551192,0.09730724965823252,0.8798,0.2718316693112818,gaussian,58,ptm-iwls-nuts,500,5000,754.6571073532104,010j-ptm-iwls-nuts-ig1_005,20251213-134426,iwls-nuts,FALSE,0.01,0.01
846.6812612980336,0.11466887357650336,8987.238986492517,0.8494514438040067,0.12111418316318263,0.9324,0.3600279519662961,gaussian,59,ptm-iwls-nuts,250,5000,606.6817457675934,010j-ptm-iwls-nuts-ig1_005,20251213-134314,iwls-nuts,FALSE,0.01,0.01
1704.7023609693715,0.05471662028949165,8687.477720057457,0.8214978031956366,0.08509644225840056,0.938,0.25798609427789976,gaussian,59,ptm-iwls-nuts,500,5000,962.238746881485,010j-ptm-iwls-nuts-ig1_005,20251213-134955,iwls-nuts,FALSE,1,0.005
877.8040951975714,0.11715040623896052,9084.383557144802,0.8655634537450532,0.1269760180282894,0.8908,0.35458017529154284,gaussian,60,ptm-iwls-nuts,250,5000,587.2186532020569,010j-ptm-iwls-nuts-ig1_005,20251213-134618,iwls-nuts,FALSE,0.01,0.01
1707.7934933314052,0.06295180318750021,8813.3905418875,0.8378425588855367,0.09344464375634892,0.8826,0.2611802474832349,gaussian,60,ptm-iwls-nuts,500,5000,815.859032869339,010j-ptm-iwls-nuts-ig1_005,20251213-135036,iwls-nuts,FALSE,0.01,0.01
852.7359452805592,0.11238845019027656,8963.264298411383,0.856822039325868,0.1299790601909591,0.9166,0.37187462427916845,gaussian,61,ptm-iwls-nuts,250,5000,568.2709767818451,010j-ptm-iwls-nuts-ig1_005,20251213-134827,iwls-nuts,FALSE,0.01,0.01
1707.6243287625607,0.04500641302585517,8626.354112589277,0.8234470827735714,0.08659034994457598,0.9298,0.26086628082669433,gaussian,61,ptm-iwls-nuts,500,5000,888.6332285404205,010j-ptm-iwls-nuts-ig1_005,20251213-135328,iwls-nuts,FALSE,1,0.005
890.6693494345283,0.09556378734854482,8871.342316392724,0.8393709966364225,0.11785704778283096,0.9608,0.3748431613194913,gaussian,62,ptm-iwls-nuts,250,5000,643.4494137763977,010j-ptm-iwls-nuts-ig1_005,20251213-135217,iwls-nuts,FALSE,0.01,0.01
1730.118735543697,0.05498745608677186,8668.46066008386,0.8217232628002723,0.0888349631223235,0.9578,0.27701024916793965,gaussian,62,ptm-iwls-nuts,500,5000,845.8105103969574,010j-ptm-iwls-nuts-ig1_005,20251213-135646,iwls-nuts,FALSE,0.01,0.01
861.5521769757823,0.19316095591405483,9313.870081260273,0.8810245737559226,0.14028438024562556,0.8348,0.36025954900298257,gaussian,63,ptm-iwls-nuts,250,5000,607.1677746772766,010j-ptm-iwls-nuts-ig1_005,20251213-135522,iwls-nuts,FALSE,0.01,0.01
1783.996433408989,0.08090190462311223,8752.57482480556,0.8304189524067984,0.09880939705504886,0.8864,0.2764621583715862,gaussian,63,ptm-iwls-nuts,500,5000,798.0166773796082,010j-ptm-iwls-nuts-ig1_005,20251213-135836,iwls-nuts,FALSE,0.01,0.01
881.8128123108187,0.09891747991763312,8875.074473268165,0.8469944994699224,0.12316348655268998,0.9124,0.34481880142553073,gaussian,64,ptm-iwls-nuts,250,5000,592.7291605472565,010j-ptm-iwls-nuts-ig1_005,20251213-140026,iwls-nuts,FALSE,1,0.005
1758.1761812461873,0.05141559202740415,8637.56503381702,0.8185397880311797,0.08994472217855058,0.9472,0.2767051707803047,gaussian,64,ptm-iwls-nuts,500,5000,805.1111092567444,010j-ptm-iwls-nuts-ig1_005,20251213-140510,iwls-nuts,FALSE,0.01,0.01
924.4363893297112,0.13392370449211582,9088.19507411058,0.869635433749176,0.1332262576408528,0.9056,0.378822842234182,gaussian,65,ptm-iwls-nuts,250,5000,640.3133685588837,010j-ptm-iwls-nuts-ig1_005,20251213-140413,iwls-nuts,FALSE,0.01,0.01
1780.2727103650377,0.07621706751617337,8799.661889230865,0.8353763500302501,0.09578213591283943,0.8942,0.2756560380928229,gaussian,65,ptm-iwls-nuts,500,5000,827.1676599979401,010j-ptm-iwls-nuts-ig1_005,20251213-140744,iwls-nuts,FALSE,0.01,0.01
867.3695330538627,0.09720994850622822,8781.50885172114,0.8318004817663701,0.12371111114930491,0.9038,0.3494034883553088,gaussian,66,ptm-iwls-nuts,250,5000,574.6746640205383,010j-ptm-iwls-nuts-ig1_005,20251213-140518,iwls-nuts,FALSE,1,0.005
1678.8374865928588,0.06230774355566618,8606.99782696833,0.8088987028870214,0.0900653289078443,0.8858,0.2543022756243883,gaussian,66,ptm-iwls-nuts,500,5000,764.6918992996216,010j-ptm-iwls-nuts-ig1_005,20251213-140850,iwls-nuts,FALSE,1,0.005
833.9344768170674,0.0946611663714145,8808.831355927074,0.8483530962488584,0.12011349091195264,0.9202,0.34498844049310745,gaussian,67,ptm-iwls-nuts,250,5000,597.777904510498,010j-ptm-iwls-nuts-ig1_005,20251213-140904,iwls-nuts,FALSE,1,0.005
1670.1141087061362,0.06634101238681546,8667.230586004078,0.8248189160477647,0.09157136585023493,0.93,0.27167677458102,gaussian,67,ptm-iwls-nuts,500,5000,839.021561384201,010j-ptm-iwls-nuts-ig1_005,20251213-141415,iwls-nuts,FALSE,0.01,0.01
885.5091103118189,0.11553229905932344,8992.549496206619,0.8564701059136471,0.11805649703668952,0.9574,0.36451900411741744,gaussian,68,ptm-iwls-nuts,250,5000,630.7578594684601,010j-ptm-iwls-nuts-ig1_005,20251213-141205,iwls-nuts,FALSE,0.01,0.01
1731.416321739103,0.05017224885476934,8665.749245183846,0.8281138687454237,0.08054008460916129,0.962,0.2548017710626011,gaussian,68,ptm-iwls-nuts,500,5000,841.7763619422913,010j-ptm-iwls-nuts-ig1_005,20251213-141736,iwls-nuts,FALSE,1,0.005
840.1851158217494,0.08925024745959491,8852.444165627974,0.8394955150576671,0.11686625435823696,0.9436,0.3566625680843112,gaussian,69,ptm-iwls-nuts,250,5000,695.8068695068359,010j-ptm-iwls-nuts-ig1_005,20251213-141806,iwls-nuts,FALSE,0.01,0.01
1714.8057816230785,0.03020155655918394,8557.200711125919,0.8122374209179283,0.07913235308020614,0.9742,0.2592781413189905,gaussian,69,ptm-iwls-nuts,500,5000,896.8452041149139,010j-ptm-iwls-nuts-ig1_005,20251213-142103,iwls-nuts,FALSE,1,0.005
855.8011367509072,0.0784608785021816,8774.514878550908,0.8250224837236599,0.1189700664107088,0.9634,0.3725236112081499,gaussian,70,ptm-iwls-nuts,250,5000,614.2015209197998,010j-ptm-iwls-nuts-ig1_005,20251213-142202,iwls-nuts,FALSE,0.01,0.01
1659.8729627131795,0.06609648685371561,8712.692920308578,0.8157615953871159,0.08840822545687897,0.9166,0.26086953123607376,gaussian,70,ptm-iwls-nuts,500,5000,826.3765347003937,010j-ptm-iwls-nuts-ig1_005,20251213-142552,iwls-nuts,FALSE,0.01,0.01
875.5871735340439,0.09423293606493471,8939.357198154674,0.8558511668239138,0.11764224878688916,0.9592,0.3627018512440151,gaussian,71,ptm-iwls-nuts,250,5000,598.7870709896088,010j-ptm-iwls-nuts-ig1_005,20251213-142337,iwls-nuts,FALSE,0.01,0.01
1684.1000475528883,0.06882643217062855,8812.324678683142,0.8400549187116907,0.0919500703362014,0.8932,0.2629891878960417,gaussian,71,ptm-iwls-nuts,500,5000,927.4750227928162,010j-ptm-iwls-nuts-ig1_005,20251213-142856,iwls-nuts,FALSE,0.01,0.01
882.014388045772,0.0966545452097578,8877.90584608879,0.8428542572654589,0.11824073732396856,0.9262,0.3478760522917799,gaussian,72,ptm-iwls-nuts,250,5000,728.0883765220642,010j-ptm-iwls-nuts-ig1_005,20251213-142928,iwls-nuts,FALSE,1,0.005
1789.606807988961,0.05482329268452634,8668.749583462632,0.8229951241936567,0.08884066280303343,0.9574,0.278446217615042,gaussian,72,ptm-iwls-nuts,500,5000,1105.9732525348663,010j-ptm-iwls-nuts-ig1_005,20251213-143553,iwls-nuts,FALSE,0.01,0.01
883.3639924315598,0.12745126577689173,9017.655514244458,0.8510326747018386,0.1275314034534867,0.8914,0.3514667570216964,gaussian,73,ptm-iwls-nuts,250,5000,582.4146099090576,010j-ptm-iwls-nuts-ig1_005,20251213-143148,iwls-nuts,FALSE,1,0.005
1695.5583900855322,0.08009749510454456,8780.886660882723,0.8253204112944464,0.09346785909769516,0.8928,0.26285541036715776,gaussian,73,ptm-iwls-nuts,500,5000,851.0683126449585,010j-ptm-iwls-nuts-ig1_005,20251213-143416,iwls-nuts,FALSE,0.01,0.01
899.1595422594205,0.0724889876930423,8730.606046905212,0.8254558271272798,0.11228478343732864,0.9672,0.3517739298247853,gaussian,74,ptm-iwls-nuts,250,5000,561.9239718914032,010j-ptm-iwls-nuts-ig1_005,20251213-143129,iwls-nuts,FALSE,1,0.005
1703.1642860631523,0.06625512038864982,8699.436710383248,0.8139648917482566,0.09108865854518586,0.9222,0.2709680665448658,gaussian,74,ptm-iwls-nuts,500,5000,823.3481779098511,010j-ptm-iwls-nuts-ig1_005,20251213-143553,iwls-nuts,FALSE,0.01,0.01
813.9191472504378,0.09765341521736344,8951.052850746819,0.854600878632459,0.11734282739365226,0.9496,0.35777313396684685,gaussian,75,ptm-iwls-nuts,250,5000,584.40664935112,010j-ptm-iwls-nuts-ig1_005,20251213-143529,iwls-nuts,FALSE,0.01,0.01
1654.3808751564188,0.04989135677608959,8712.242558540447,0.8326686825118544,0.08250749406098758,0.9458,0.2518581114516884,gaussian,75,ptm-iwls-nuts,500,5000,784.3408043384552,010j-ptm-iwls-nuts-ig1_005,20251213-143844,iwls-nuts,FALSE,1,0.005
848.6115891082144,0.10894626248494048,8974.618582414703,0.850274992277106,0.12491582817510656,0.926,0.3647242057369729,gaussian,76,ptm-iwls-nuts,250,5000,603.9013059139252,010j-ptm-iwls-nuts-ig1_005,20251213-143900,iwls-nuts,FALSE,0.01,0.01
1655.8406317779616,0.06324942710927746,8746.134405536386,0.8280830090859953,0.08793151821730812,0.8854,0.24956948898908296,gaussian,76,ptm-iwls-nuts,500,5000,804.7244529724121,010j-ptm-iwls-nuts-ig1_005,20251213-144325,iwls-nuts,FALSE,1,0.005
895.467200703265,0.13364667646582706,9052.875662259135,0.8604862952821765,0.13204392974383194,0.9046,0.3750273396064747,gaussian,77,ptm-iwls-nuts,250,5000,583.2828874588013,010j-ptm-iwls-nuts-ig1_005,20251213-144307,iwls-nuts,FALSE,0.01,0.01
1753.1858426057172,0.04397673006026569,8604.525930231328,0.8109109931475587,0.08923420555036386,0.9542,0.27949899846092435,gaussian,77,ptm-iwls-nuts,500,5000,785.9924128055573,010j-ptm-iwls-nuts-ig1_005,20251213-144629,iwls-nuts,FALSE,0.01,0.01
895.8163000887535,0.13967257738305291,9118.429026205264,0.862666273457358,0.1319556404585766,0.9026,0.3684924182531598,gaussian,78,ptm-iwls-nuts,250,5000,674.7297434806824,010j-ptm-iwls-nuts-ig1_005,20251213-144902,iwls-nuts,FALSE,0.01,0.01
1776.154190818612,0.06154059036960273,8727.769091138014,0.8234521719039065,0.09001486854696748,0.9374,0.27408020526015586,gaussian,78,ptm-iwls-nuts,500,5000,932.671586751938,010j-ptm-iwls-nuts-ig1_005,20251213-145523,iwls-nuts,FALSE,0.01,0.01
941.5805447815176,0.11107279015256082,8892.179521922806,0.8463389138595614,0.12121290357024854,0.9148,0.3565298087908649,gaussian,79,ptm-iwls-nuts,250,5000,716.4846696853638,010j-ptm-iwls-nuts-ig1_005,20251213-145243,iwls-nuts,FALSE,1,0.005
1762.1703472509182,0.05563289896431694,8614.980065981585,0.8102808598114652,0.08873525457568644,0.9424,0.27212421125429775,gaussian,79,ptm-iwls-nuts,500,5000,805.0360286235809,010j-ptm-iwls-nuts-ig1_005,20251213-145404,iwls-nuts,FALSE,0.01,0.01
880.5774086694418,0.10624892405747838,8859.521829037392,0.8385003267516433,0.12397654889832686,0.916,0.3577712063442653,gaussian,80,ptm-iwls-nuts,250,5000,591.0320949554443,010j-ptm-iwls-nuts-ig1_005,20251213-145310,iwls-nuts,FALSE,0.01,0.01
1729.0613209950984,0.04646893263698232,8560.621871934913,0.8008264185784388,0.08271123529739761,0.9464,0.25555132631833616,gaussian,80,ptm-iwls-nuts,500,5000,965.1501762866974,010j-ptm-iwls-nuts-ig1_005,20251213-145927,iwls-nuts,FALSE,1,0.005
857.077488063539,0.12066996259803432,8943.066128590172,0.8489086770957476,0.12643407778153123,0.9286,0.37302491560333406,gaussian,81,ptm-iwls-nuts,250,5000,576.9868569374084,010j-ptm-iwls-nuts-ig1_005,20251213-145541,iwls-nuts,FALSE,0.01,0.01
1707.7911969733157,0.0840570767843705,8760.001699521852,0.8307271493754017,0.09658148604355672,0.89,0.2674125383915274,gaussian,81,ptm-iwls-nuts,500,5000,847.9933381080627,010j-ptm-iwls-nuts-ig1_005,20251213-150024,iwls-nuts,FALSE,0.01,0.01
887.5198017860928,0.09215495464791686,8747.710472209583,0.8145881045384097,0.1162828118915224,0.9728,0.3780780397258386,gaussian,82,ptm-iwls-nuts,250,5000,653.0243158340454,010j-ptm-iwls-nuts-ig1_005,20251213-150052,iwls-nuts,FALSE,0.01,0.01
1751.2804272922735,0.06165580952706188,8595.214746605308,0.8071608513986145,0.0944565484602901,0.9218,0.2802319519015005,gaussian,82,ptm-iwls-nuts,500,5000,846.7685630321503,010j-ptm-iwls-nuts-ig1_005,20251213-150521,iwls-nuts,FALSE,0.01,0.01
882.2354212729659,0.11280636873093444,8899.610758164672,0.8335122018417586,0.12190581143788344,0.9122,0.34494547833461914,gaussian,83,ptm-iwls-nuts,250,5000,653.4341187477112,010j-ptm-iwls-nuts-ig1_005,20251213-150530,iwls-nuts,FALSE,1,0.005
1804.3477528963097,0.04368881595997829,8554.02299430989,0.802634237814191,0.0860321412960111,0.9822,0.28341340623012845,gaussian,83,ptm-iwls-nuts,500,5000,835.8233215808868,010j-ptm-iwls-nuts-ig1_005,20251213-150750,iwls-nuts,FALSE,0.01,0.01
813.7332204908423,0.13701396514873251,9115.363895783665,0.8539769934833948,0.1281664019490125,0.846,0.33584882103869584,gaussian,84,ptm-iwls-nuts,250,5000,745.9009659290314,010j-ptm-iwls-nuts-ig1_005,20251213-151033,iwls-nuts,FALSE,1,0.005
1702.0507892682729,0.05588744784879868,8709.731309283992,0.8180304273951672,0.0918006338608914,0.9298,0.2734518904301796,gaussian,84,ptm-iwls-nuts,500,5000,868.3883874416351,010j-ptm-iwls-nuts-ig1_005,20251213-151312,iwls-nuts,FALSE,0.01,0.01
873.215495175229,0.15066239587506425,8974.939938835321,0.8441257603353656,0.14085480701388425,0.8626,0.3804606528514632,gaussian,85,ptm-iwls-nuts,250,5000,649.9356184005737,010j-ptm-iwls-nuts-ig1_005,20251213-151324,iwls-nuts,FALSE,0.01,0.01
1750.4183585965957,0.06209451834463754,8532.100551183186,0.7961488840688273,0.09448678043044528,0.924,0.2822987756988573,gaussian,85,ptm-iwls-nuts,500,5000,1019.5936784744264,010j-ptm-iwls-nuts-ig1_005,20251213-152118,iwls-nuts,FALSE,0.01,0.01
862.1107773719664,0.111594278093218,8961.70339505609,0.852900062869644,0.12738230671979903,0.9314,0.37535473983657824,gaussian,86,ptm-iwls-nuts,250,5000,621.5795667171478,010j-ptm-iwls-nuts-ig1_005,20251213-151444,iwls-nuts,FALSE,0.01,0.01
1647.598113073483,0.06022329260779774,8704.84846762899,0.8312880107569501,0.0942090516763468,0.9088,0.2703467461189421,gaussian,86,ptm-iwls-nuts,500,5000,823.9766321182251,010j-ptm-iwls-nuts-ig1_005,20251213-151813,iwls-nuts,FALSE,0.01,0.01
886.294755236243,0.09825467599846469,8920.323996942323,0.8525181276843232,0.12045143268565107,0.9648,0.3741198579610129,gaussian,87,ptm-iwls-nuts,250,5000,601.4094021320343,010j-ptm-iwls-nuts-ig1_005,20251213-151853,iwls-nuts,FALSE,0.01,0.01
1710.819079792936,0.0936552699122376,8897.326966511186,0.8379324368030923,0.09610753258527284,0.8824,0.27188385196917936,gaussian,87,ptm-iwls-nuts,500,5000,906.998138666153,010j-ptm-iwls-nuts-ig1_005,20251213-152525,iwls-nuts,FALSE,0.01,0.01
866.6907072296399,0.0923640474922502,8820.982401891251,0.831845610817209,0.1173768485925251,0.9636,0.3712873429237816,gaussian,88,ptm-iwls-nuts,250,5000,604.5927138328552,010j-ptm-iwls-nuts-ig1_005,20251213-152124,iwls-nuts,FALSE,0.01,0.01
1705.9213355385327,0.05384584634853953,8628.391396172698,0.8199953357451306,0.08534625706363874,0.9318,0.2584027788849906,gaussian,88,ptm-iwls-nuts,500,5000,900.0272192955017,010j-ptm-iwls-nuts-ig1_005,20251213-152651,iwls-nuts,FALSE,1,0.005
885.179420054107,0.117886285563484,8986.63592255742,0.8566130652845905,0.126607224724271,0.9146,0.37251841732936375,gaussian,89,ptm-iwls-nuts,250,5000,620.5945420265198,010j-ptm-iwls-nuts-ig1_005,20251213-152531,iwls-nuts,FALSE,0.01,0.01
1690.9709472274712,0.06662782792169024,8730.343634348452,0.8308617580046938,0.09014256298335928,0.9048,0.25918024760680003,gaussian,89,ptm-iwls-nuts,500,5000,893.9954755306244,010j-ptm-iwls-nuts-ig1_005,20251213-152928,iwls-nuts,FALSE,1,0.005
884.1158517351225,0.1468162874577954,9182.899982618976,0.8874381806037512,0.1352944848474152,0.8846,0.37297982167890154,gaussian,90,ptm-iwls-nuts,250,5000,605.7809484004974,010j-ptm-iwls-nuts-ig1_005,20251213-152759,iwls-nuts,FALSE,0.01,0.01
1722.8615371615629,0.04973577334167138,8697.497412038358,0.8388297886215272,0.08885821820230431,0.9376,0.2725607785573063,gaussian,90,ptm-iwls-nuts,500,5000,822.9811317920685,010j-ptm-iwls-nuts-ig1_005,20251213-153209,iwls-nuts,FALSE,0.01,0.01
908.917160627306,0.09766615193571485,8898.908699978574,0.839812666505988,0.11991150488240306,0.9716,0.3821375215111596,gaussian,91,ptm-iwls-nuts,250,5000,606.9823033809662,010j-ptm-iwls-nuts-ig1_005,20251213-153104,iwls-nuts,FALSE,0.01,0.01
1722.409790046403,0.04582825097206865,8639.719195160344,0.8166496664611416,0.08574019758481699,0.9524,0.2714900847180095,gaussian,91,ptm-iwls-nuts,500,5000,804.2725775241852,010j-ptm-iwls-nuts-ig1_005,20251213-153459,iwls-nuts,FALSE,0.01,0.01
888.6284258217528,0.11185238928863872,8983.403722063194,0.8559507371828985,0.12960556223768252,0.9068,0.3650923530368821,gaussian,92,ptm-iwls-nuts,250,5000,659.0065176486969,010j-ptm-iwls-nuts-ig1_005,20251213-153817,iwls-nuts,FALSE,0.01,0.01
1750.0938481352114,0.05824212258347666,8715.352388537383,0.8239455624466157,0.09115337413706562,0.9232,0.26888868369915925,gaussian,92,ptm-iwls-nuts,500,5000,972.8437132835388,010j-ptm-iwls-nuts-ig1_005,20251213-154139,iwls-nuts,FALSE,0.01,0.01
849.1020613988508,0.12743158587287007,9116.17501176435,0.8750164910137997,0.12640020878122282,0.9026,0.3526519934357223,gaussian,93,ptm-iwls-nuts,250,5000,606.505457162857,010j-ptm-iwls-nuts-ig1_005,20251213-153813,iwls-nuts,FALSE,0.01,0.01
1697.485259957265,0.05145243450482806,8736.27925492414,0.8348087769682098,0.0857524418689467,0.9224,0.25406222369533354,gaussian,93,ptm-iwls-nuts,500,5000,886.9172964096069,010j-ptm-iwls-nuts-ig1_005,20251213-154247,iwls-nuts,FALSE,1,0.005
828.2461300667726,0.10873665679610028,8934.583475250502,0.8473373026199312,0.12241756853936732,0.9242,0.35915532025196695,gaussian,94,ptm-iwls-nuts,250,5000,585.5215785503387,010j-ptm-iwls-nuts-ig1_005,20251213-154323,iwls-nuts,FALSE,0.01,0.01
1704.8457898830552,0.0614223190247885,8698.011786393943,0.8191839151742748,0.08365217913796068,0.9244,0.25539140228809154,gaussian,94,ptm-iwls-nuts,500,5000,867.4753835201263,010j-ptm-iwls-nuts-ig1_005,20251213-154804,iwls-nuts,FALSE,1,0.005
864.8698479481789,0.1193531392995442,8986.71288835772,0.8589800417376868,0.12714153240356313,0.8664,0.3351448182900253,gaussian,95,ptm-iwls-nuts,250,5000,585.8142263889313,010j-ptm-iwls-nuts-ig1_005,20251213-154425,iwls-nuts,FALSE,1,0.005
1741.156284291752,0.05839707252282786,8681.932554474139,0.8248319449068159,0.09543491444422508,0.8918,0.26742465067861115,gaussian,95,ptm-iwls-nuts,500,5000,798.8285546302795,010j-ptm-iwls-nuts-ig1_005,20251213-154926,iwls-nuts,FALSE,0.01,0.01
907.5318326687805,0.12954689647796908,9080.175206429843,0.8657752728954389,0.1275849551196294,0.9214,0.3739547454320243,gaussian,96,ptm-iwls-nuts,250,5000,730.7095787525177,010j-ptm-iwls-nuts-ig1_005,20251213-155048,iwls-nuts,FALSE,0.01,0.01
1783.0626916179503,0.06471822812392848,8756.031864659642,0.8358474853757142,0.09161293696252246,0.9296,0.27754852775418615,gaussian,96,ptm-iwls-nuts,500,5000,862.9462916851044,010j-ptm-iwls-nuts-ig1_005,20251213-155337,iwls-nuts,FALSE,0.01,0.01
901.5535771641944,0.11974301361151522,8996.555354727576,0.867499548446796,0.1296301025409617,0.8712,0.3538982593635229,gaussian,97,ptm-iwls-nuts,250,5000,580.4543738365173,010j-ptm-iwls-nuts-ig1_005,20251213-155303,iwls-nuts,FALSE,1,0.005
1740.5498104511323,0.0718353436626785,8757.017004983392,0.8385878770897353,0.10229921443444004,0.854,0.27199491895429256,gaussian,97,ptm-iwls-nuts,500,5000,793.3378884792328,010j-ptm-iwls-nuts-ig1_005,20251213-155722,iwls-nuts,FALSE,0.01,0.01
907.9978725355364,0.09649683455863432,8863.88133455317,0.8401725591291137,0.11967456884017864,0.9382,0.3610126125755797,gaussian,98,ptm-iwls-nuts,250,5000,629.0061030387878,010j-ptm-iwls-nuts-ig1_005,20251213-155633,iwls-nuts,FALSE,1,0.005
1764.6169023794157,0.03836667372517276,8573.230530385865,0.812060407252464,0.07880527856328563,0.967,0.26295712817640626,gaussian,98,ptm-iwls-nuts,500,5000,768.1663129329681,010j-ptm-iwls-nuts-ig1_005,20251213-160108,iwls-nuts,FALSE,1,0.005
862.2021811505971,0.12387195704889248,9013.163288664464,0.8597591342049722,0.12614139871667868,0.867,0.3441355920801115,gaussian,99,ptm-iwls-nuts,250,5000,836.1844890117645,010j-ptm-iwls-nuts-ig1_005,20251213-160225,iwls-nuts,FALSE,1,0.005
1741.216468141262,0.073958372944988,8763.595368144941,0.8280043624400042,0.09486677305224411,0.8904,0.27132510198642024,gaussian,99,ptm-iwls-nuts,500,5000,889.411025762558,010j-ptm-iwls-nuts-ig1_005,20251213-160436,iwls-nuts,FALSE,0.01,0.01
847.0817937813948,0.09396692497793084,8773.349890709653,0.8143127665473583,0.1167503807848113,0.9528,0.36529914180727385,gaussian,100,ptm-iwls-nuts,250,5000,604.9758920669556,010j-ptm-iwls-nuts-ig1_005,20251213-160143,iwls-nuts,FALSE,0.01,0.01
1693.9190379449358,0.06466259083821893,8626.828220011095,0.8022198777828244,0.08903457066182249,0.9326,0.2706792107909469,gaussian,100,ptm-iwls-nuts,500,5000,844.7321829795837,010j-ptm-iwls-nuts-ig1_005,20251213-160739,iwls-nuts,FALSE,0.01,0.01
789.8739956807706,0.19773847693186547,8109.002234799047,0.8392701999254035,0.11410125880200692,0.9338,0.32259199897279417,mixture,1,ptm-iwls-nuts,250,5000,759.3778240680695,010j-ptm-iwls-nuts-ig1_005,20251213-100835,iwls-nuts,FALSE,0.01,0.01
1527.8256585831318,0.13040209259948707,7772.320313137156,0.8207149421877288,0.0793044379759185,0.832,0.20595321748039977,mixture,1,ptm-iwls-nuts,500,5000,1056.240885734558,010j-ptm-iwls-nuts-ig1_005,20251213-101835,iwls-nuts,FALSE,0.01,0.01
797.1546399033891,0.14954274002243018,7908.37493901565,0.8354868251286582,0.09638240457691494,0.9552,0.2922055728771478,mixture,2,ptm-iwls-nuts,250,5000,636.7124831676483,010j-ptm-iwls-nuts-ig1_005,20251213-101258,iwls-nuts,FALSE,1,0.005
1501.194661791866,0.06786829040832427,7500.002690945121,0.8173986356502788,0.06849004096401762,0.949,0.21004151330700793,mixture,2,ptm-iwls-nuts,500,5000,1139.0076177120209,010j-ptm-iwls-nuts-ig1_005,20251213-102154,iwls-nuts,FALSE,0.01,0.01
753.4701378166367,0.2303703032846429,8376.181235956514,0.8510624845104986,0.11146935273047624,0.8752,0.2903702372784503,mixture,3,ptm-iwls-nuts,250,5000,682.8861458301544,010j-ptm-iwls-nuts-ig1_005,20251213-102104,iwls-nuts,FALSE,0.01,0.01
1495.6700279953284,0.07138632115181438,7581.261325292371,0.8157946002953937,0.06630969207405278,0.9602,0.21446571273731188,mixture,3,ptm-iwls-nuts,500,5000,1196.2259802818298,010j-ptm-iwls-nuts-ig1_005,20251213-103518,iwls-nuts,FALSE,0.01,0.01
772.3210757479966,0.2663013228358263,8600.558216735832,0.8826097160227395,0.1230064004354426,0.8234,0.3015523691100892,mixture,4,ptm-iwls-nuts,250,5000,684.0157380104065,010j-ptm-iwls-nuts-ig1_005,20251213-103407,iwls-nuts,FALSE,0.01,0.01
1534.4767860199572,0.073224492233897015,7635.174063726185,0.8290969278050722,0.06891430850641031,0.9606,0.2136927904076648,mixture,4,ptm-iwls-nuts,500,5000,1079.0211029052734,010j-ptm-iwls-nuts-ig1_005,20251213-104052,iwls-nuts,FALSE,0.01,0.01
691.9044150177942,0.1985996150263866,8246.877135794253,0.8538134416637475,0.10143798220672452,0.8108,0.24982435223929236,mixture,5,ptm-iwls-nuts,250,5000,1093.9588799476624,010j-ptm-iwls-nuts-ig1_005,20251213-104708,iwls-nuts,FALSE,0.01,0.01
1472.2112516784443,0.12613290293857354,7884.543575355187,0.836647298843912,0.07840572805795293,0.8104,0.1977630017847638,mixture,5,ptm-iwls-nuts,500,5000,1125.5466678142548,010j-ptm-iwls-nuts-ig1_005,20251213-104803,iwls-nuts,FALSE,0.01,0.01
779.8659859428702,0.11881966959740084,7773.080070345377,0.8271188448871699,0.09151008362894689,0.9828,0.28988714778396285,mixture,6,ptm-iwls-nuts,250,5000,730.1628527641296,010j-ptm-iwls-nuts-ig1_005,20251213-104403,iwls-nuts,FALSE,1,0.005
1519.4897981408778,0.06239097903720667,7490.9366175444065,0.8182489653187528,0.06498854362537249,0.97,0.20746578068679983,mixture,6,ptm-iwls-nuts,500,5000,1061.9309301376345,010j-ptm-iwls-nuts-ig1_005,20251213-104908,iwls-nuts,FALSE,1,0.005
748.9755366849212,0.16282364571958577,7975.309443374629,0.8246130812580088,0.10370395502398529,0.9046,0.2855906542632787,mixture,7,ptm-iwls-nuts,250,5000,729.8990664482117,010j-ptm-iwls-nuts-ig1_005,20251213-104952,iwls-nuts,FALSE,0.01,0.01
1512.551948474122,0.07919201428014129,7557.151286177406,0.8100101175380992,0.06726658713279915,0.9406,0.20316047230371057,mixture,7,ptm-iwls-nuts,500,5000,1055.252435922623,010j-ptm-iwls-nuts-ig1_005,20251213-105703,iwls-nuts,FALSE,1,0.005
825.9809872578033,0.17728019669327733,8057.774852226887,0.8292321448499397,0.10975881195531167,0.958,0.3301731383047812,mixture,8,ptm-iwls-nuts,250,5000,680.1622498035431,010j-ptm-iwls-nuts-ig1_005,20251213-105327,iwls-nuts,FALSE,0.01,0.01
1566.6974340773004,0.0802485289774698,7572.616513647848,0.810533693447951,0.06887396321285749,0.929,0.20413057468923457,mixture,8,ptm-iwls-nuts,500,5000,1050.943036317825,010j-ptm-iwls-nuts-ig1_005,20251213-105829,iwls-nuts,FALSE,1,0.005
786.7876022454988,0.14071762603515883,7849.397310352295,0.8252925038418496,0.09948550294410707,0.9818,0.31153590589059943,mixture,9,ptm-iwls-nuts,250,5000,825.0713739395142,010j-ptm-iwls-nuts-ig1_005,20251213-105807,iwls-nuts,FALSE,0.01,0.01
1505.3507001574076,0.07361902040603849,7513.904282206692,0.812440948135921,0.06633364238239493,0.9498,0.2009332276986764,mixture,9,ptm-iwls-nuts,500,5000,1259.868105649948,010j-ptm-iwls-nuts-ig1_005,20251213-110511,iwls-nuts,FALSE,1,0.005
812.1946540198578,0.17167015796556648,7953.171579910333,0.8260852799196797,0.10165174526450284,0.9632,0.3074641947255424,mixture,10,ptm-iwls-nuts,250,5000,624.0857832431793,010j-ptm-iwls-nuts-ig1_005,20251213-105445,iwls-nuts,FALSE,0.01,0.01
1552.9929716505092,0.07842779850128367,7486.959782588918,0.8092180227451594,0.06954749033095543,0.9572,0.21674062109807915,mixture,10,ptm-iwls-nuts,500,5000,1004.838923215866,010j-ptm-iwls-nuts-ig1_005,20251213-110151,iwls-nuts,FALSE,0.01,0.01
741.2219079414359,0.19578818206690396,8140.402212036522,0.8401370781489276,0.10107166667109324,0.8386,0.25644945159937654,mixture,11,ptm-iwls-nuts,250,5000,830.4058558940887,010j-ptm-iwls-nuts-ig1_005,20251213-110243,iwls-nuts,FALSE,1,0.005
1484.2256874086413,0.12681274593667216,7795.52503138536,0.8221692302848486,0.07324663200308235,0.853,0.19504338028908016,mixture,11,ptm-iwls-nuts,500,5000,1218.0952770709991,010j-ptm-iwls-nuts-ig1_005,20251213-110904,iwls-nuts,FALSE,0.01,0.01
759.3740716191637,0.13240935928657915,7800.446003533596,0.8200507213856032,0.0971122218031002,0.972,0.3008919347073471,mixture,12,ptm-iwls-nuts,250,5000,740.6454546451569,010j-ptm-iwls-nuts-ig1_005,20251213-110401,iwls-nuts,FALSE,0.01,0.01
1530.208607419614,0.079879531743728,7537.796865819341,0.8085579226643056,0.0686962286414805,0.9622,0.21159856627380205,mixture,12,ptm-iwls-nuts,500,5000,1042.5509989261627,010j-ptm-iwls-nuts-ig1_005,20251213-110937,iwls-nuts,FALSE,0.01,0.01
751.1912968905053,0.17001814569728846,7929.623714188842,0.8262132589480933,0.09793475691211338,0.9174,0.2795870189520104,mixture,13,ptm-iwls-nuts,250,5000,726.0681345462799,010j-ptm-iwls-nuts-ig1_005,20251213-110804,iwls-nuts,FALSE,0.01,0.01
1548.7281037819369,0.08951559394836302,7527.110955444215,0.8117181930397195,0.06826530746433869,0.9482,0.20504331970003117,mixture,13,ptm-iwls-nuts,500,5000,1077.9338219165802,010j-ptm-iwls-nuts-ig1_005,20251213-111353,iwls-nuts,FALSE,1,0.005
842.0583194771716,0.17668027490618526,8108.288766057507,0.840569441726034,0.10166206008705196,0.9598,0.3149369807656674,mixture,14,ptm-iwls-nuts,250,5000,672.39684009552,010j-ptm-iwls-nuts-ig1_005,20251213-111127,iwls-nuts,FALSE,0.01,0.01
1565.2858519341678,0.06961819694170264,7572.978376235093,0.8169467030986896,0.06310031237928349,0.968,0.20172856640268616,mixture,14,ptm-iwls-nuts,500,5000,1149.7331902980804,010j-ptm-iwls-nuts-ig1_005,20251213-111926,iwls-nuts,FALSE,1,0.005
714.0738528377806,0.18949619469755577,8193.430024887988,0.8509613487977239,0.10469226827277273,0.8684,0.28711534358362056,mixture,15,ptm-iwls-nuts,250,5000,863.906899690628,010j-ptm-iwls-nuts-ig1_005,20251213-111802,iwls-nuts,FALSE,0.01,0.01
1483.391349741376,0.06608438669459772,7576.370984873199,0.8258115564871306,0.07123266614558124,0.8996,0.20810436403832855,mixture,15,ptm-iwls-nuts,500,5000,1078.4610714912417,010j-ptm-iwls-nuts-ig1_005,20251213-112204,iwls-nuts,FALSE,1,0.005
737.1685307463531,0.177068499192216,8041.599596012479,0.8383864953745075,0.09957848460680288,0.8888,0.26928652595017794,mixture,16,ptm-iwls-nuts,250,5000,948.6322581768036,010j-ptm-iwls-nuts-ig1_005,20251213-112132,iwls-nuts,FALSE,0.01,0.01
1496.3106576970372,0.08985036743841202,7605.50893724346,0.8205464157971984,0.06882327680666515,0.8904,0.19139447618797112,mixture,16,ptm-iwls-nuts,500,5000,1211.287768125534,010j-ptm-iwls-nuts-ig1_005,20251213-112641,iwls-nuts,FALSE,1,0.005
795.1035286876615,0.14526425077939786,7865.7898653511,0.8108064288663897,0.09999762020489464,0.9656,0.305307272121065,mixture,17,ptm-iwls-nuts,250,5000,759.752626657486,010j-ptm-iwls-nuts-ig1_005,20251213-112243,iwls-nuts,FALSE,1,0.005
1489.0574407686174,0.10887520229969558,7683.844622952588,0.8023470009773994,0.07441212819107944,0.8758,0.20016530694568016,mixture,17,ptm-iwls-nuts,500,5000,966.8755056858064,010j-ptm-iwls-nuts-ig1_005,20251213-112558,iwls-nuts,FALSE,1,0.005
775.6841096856056,0.14912212432023514,7953.079690961936,0.8251827393727083,0.09315307024747212,0.9448,0.27914303644506816,mixture,18,ptm-iwls-nuts,250,5000,687.0503265857697,010j-ptm-iwls-nuts-ig1_005,20251213-112318,iwls-nuts,FALSE,1,0.005
1508.2816182097126,0.09399873036696524,7677.462721195587,0.8121440847916765,0.07074891907907636,0.9186,0.2048474795599307,mixture,18,ptm-iwls-nuts,500,5000,1082.0391318798063,010j-ptm-iwls-nuts-ig1_005,20251213-112957,iwls-nuts,FALSE,0.01,0.01
701.5145592385429,0.12225221248392644,7773.167989310532,0.8332032918723828,0.09924168440455584,0.9464,0.2946602824268939,mixture,19,ptm-iwls-nuts,250,5000,812.4917409420013,010j-ptm-iwls-nuts-ig1_005,20251213-113015,iwls-nuts,FALSE,0.01,0.01
1511.9059169237162,0.07540521920686576,7538.93302292523,0.8201995681784933,0.06639649941177155,0.9566,0.2082678608252641,mixture,19,ptm-iwls-nuts,500,5000,1033.0679426193235,010j-ptm-iwls-nuts-ig1_005,20251213-113349,iwls-nuts,FALSE,1,0.005
798.6859100227796,0.19442129926954185,8140.074831942129,0.8361034231979729,0.10750312634966024,0.9308,0.3073162359326457,mixture,20,ptm-iwls-nuts,250,5000,683.9901514053345,010j-ptm-iwls-nuts-ig1_005,20251213-113046,iwls-nuts,FALSE,1,0.005
1518.0825388762862,0.07259242695629675,7530.930470375904,0.8087545732448628,0.06848276747700549,0.9676,0.2161623575729758,mixture,20,ptm-iwls-nuts,500,5000,1147.176261663437,010j-ptm-iwls-nuts-ig1_005,20251213-113910,iwls-nuts,FALSE,0.01,0.01
767.9059958869709,0.15049788411858284,7980.810307984045,0.8388654649384175,0.10205054207406646,0.9158,0.28658153089443633,mixture,21,ptm-iwls-nuts,250,5000,698.6034576892853,010j-ptm-iwls-nuts-ig1_005,20251213-113503,iwls-nuts,FALSE,1,0.005
1467.472639434532,0.08006449940899471,7628.643384436104,0.8203123199097764,0.07160838003799663,0.9196,0.21236146648456353,mixture,21,ptm-iwls-nuts,500,5000,1148.444054603577,010j-ptm-iwls-nuts-ig1_005,20251213-114242,iwls-nuts,FALSE,0.01,0.01
841.8186022200191,0.11847938897484862,7769.410412169742,0.8173419599791193,0.0958325154710828,0.9322,0.2951918350069407,mixture,22,ptm-iwls-nuts,250,5000,651.8382520675659,010j-ptm-iwls-nuts-ig1_005,20251213-113800,iwls-nuts,FALSE,1,0.005
1546.5433792910694,0.09003196115646903,7627.173273077846,0.8105075315505634,0.07278339562972441,0.835,0.19704983446159235,mixture,22,ptm-iwls-nuts,500,5000,1012.1605825424194,010j-ptm-iwls-nuts-ig1_005,20251213-114441,iwls-nuts,FALSE,1,0.005
782.4052834789615,0.148314249467285,7973.156865353825,0.8334935738739624,0.10519982400090488,0.937,0.3078225411969687,mixture,23,ptm-iwls-nuts,250,5000,885.7872095108032,010j-ptm-iwls-nuts-ig1_005,20251213-114517,iwls-nuts,FALSE,0.01,0.01
1461.0181835874546,0.09376993734097164,7700.43530472226,0.8180905412317152,0.07228643199366247,0.8928,0.2005050250824444,mixture,23,ptm-iwls-nuts,500,5000,1204.7524456977844,010j-ptm-iwls-nuts-ig1_005,20251213-114932,iwls-nuts,FALSE,0.01,0.01
789.7082775626217,0.16346191675731175,7925.70595877206,0.8247475176004925,0.10158974276556336,0.9466,0.3049453161709328,mixture,24,ptm-iwls-nuts,250,5000,763.3505730628967,010j-ptm-iwls-nuts-ig1_005,20251213-114524,iwls-nuts,FALSE,1,0.005
1525.0118670415134,0.08595156030536263,7538.154176512314,0.8094836521154796,0.07314451965854342,0.942,0.21840674288457448,mixture,24,ptm-iwls-nuts,500,5000,1056.3842434883118,010j-ptm-iwls-nuts-ig1_005,20251213-115151,iwls-nuts,FALSE,0.01,0.01
752.2252029423042,0.17778624400290505,8057.589963348026,0.8314163161518935,0.10441413979193616,0.916,0.2937510194476206,mixture,25,ptm-iwls-nuts,250,5000,710.3258752822876,010j-ptm-iwls-nuts-ig1_005,20251213-114838,iwls-nuts,FALSE,0.01,0.01
1448.7498424736386,0.08610829993144153,7599.200242990708,0.81094989616539,0.06693761155328616,0.9382,0.201423239191673,mixture,25,ptm-iwls-nuts,500,5000,1222.6125810146332,010j-ptm-iwls-nuts-ig1_005,20251213-115751,iwls-nuts,FALSE,0.01,0.01
824.5802577206736,0.22695892224854664,8197.373141119535,0.8478112549629647,0.10813283584219752,0.9262,0.3062200640089085,mixture,26,ptm-iwls-nuts,250,5000,692.8763463497162,010j-ptm-iwls-nuts-ig1_005,20251213-115144,iwls-nuts,FALSE,1,0.005
1582.5567418962555,0.08191563083347687,7472.156684044185,0.8144244434635852,0.07106365604045023,0.9682,0.2234350968179304,mixture,26,ptm-iwls-nuts,500,5000,1147.5376424789429,010j-ptm-iwls-nuts-ig1_005,20251213-115859,iwls-nuts,FALSE,0.01,0.01
784.2643602257879,0.17983669808619193,8070.630704321159,0.8299511391701874,0.09686581236934716,0.8948,0.26982057546607946,mixture,27,ptm-iwls-nuts,250,5000,693.1139757633209,010j-ptm-iwls-nuts-ig1_005,20251213-115605,iwls-nuts,FALSE,1,0.005
1472.328620026476,0.10988188326375646,7720.856630208983,0.8178468993151211,0.07300115116982718,0.8616,0.19764469697585416,mixture,27,ptm-iwls-nuts,500,5000,1288.4988207817078,010j-ptm-iwls-nuts-ig1_005,20251213-120649,iwls-nuts,FALSE,1,0.005
796.2668758324946,0.14847558317643905,7888.628053590195,0.8246279410956538,0.09997089722767025,0.983,0.31998856337267023,mixture,28,ptm-iwls-nuts,250,5000,816.2382462024689,010j-ptm-iwls-nuts-ig1_005,20251213-115852,iwls-nuts,FALSE,0.01,0.01
1513.866785447707,0.08821027852093934,7587.301530312696,0.8147607931836691,0.06977184996210921,0.951,0.21601119100631308,mixture,28,ptm-iwls-nuts,500,5000,1136.1513786315918,010j-ptm-iwls-nuts-ig1_005,20251213-120504,iwls-nuts,FALSE,0.01,0.01
743.5255470005545,0.1770949655579501,8115.083622498551,0.8460557637178955,0.09827387226539928,0.9016,0.27303179290560325,mixture,29,ptm-iwls-nuts,250,5000,706.3639249801636,010j-ptm-iwls-nuts-ig1_005,20251213-120041,iwls-nuts,FALSE,0.01,0.01
1453.622988830391,0.10471634437862468,7753.190516601924,0.8285030820053694,0.07082147491086749,0.8996,0.19818757795544067,mixture,29,ptm-iwls-nuts,500,5000,1413.9122593402865,010j-ptm-iwls-nuts-ig1_005,20251213-121443,iwls-nuts,FALSE,0.01,0.01
812.368958678774,0.17306848450853704,8017.842054991336,0.8396889171725922,0.10834123685599262,0.9112,0.308994985559823,mixture,30,ptm-iwls-nuts,250,5000,706.0055286884308,010j-ptm-iwls-nuts-ig1_005,20251213-120430,iwls-nuts,FALSE,0.01,0.01
1575.425076965605,0.08157882917012949,7560.393778299297,0.8198519849068334,0.07409197010411799,0.8696,0.21272511396596613,mixture,30,ptm-iwls-nuts,500,5000,1046.1167097091677,010j-ptm-iwls-nuts-ig1_005,20251213-121218,iwls-nuts,FALSE,0.01,0.01
777.0215315950179,0.12951936181055718,7777.545266684585,0.8082430545816438,0.09746714076783504,0.9838,0.31114235425867626,mixture,31,ptm-iwls-nuts,250,5000,833.947851896286,010j-ptm-iwls-nuts-ig1_005,20251213-121053,iwls-nuts,FALSE,0.01,0.01
1506.1370441833783,0.09536112948854808,7606.75410507454,0.7989751571095601,0.06613950687377582,0.9444,0.1985345654183456,mixture,31,ptm-iwls-nuts,500,5000,1021.86856174469,010j-ptm-iwls-nuts-ig1_005,20251213-121624,iwls-nuts,FALSE,1,0.005
787.9935813985959,0.14109997415555567,7941.430933004019,0.8293756400839819,0.10091993198221244,0.9526,0.3038517350566892,mixture,32,ptm-iwls-nuts,250,5000,771.3867654800415,010j-ptm-iwls-nuts-ig1_005,20251213-121450,iwls-nuts,FALSE,0.01,0.01
1469.8896694816117,0.08510904282612555,7661.476276356867,0.8158840294437713,0.07130762692059515,0.9366,0.2098575518447177,mixture,32,ptm-iwls-nuts,500,5000,1252.8374326229095,010j-ptm-iwls-nuts-ig1_005,20251213-122321,iwls-nuts,FALSE,0.01,0.01
768.2350615953051,0.1473127489117924,7949.867668309462,0.8354541494637495,0.09728509633537266,0.9432,0.2899393199909846,mixture,33,ptm-iwls-nuts,250,5000,823.1560430526733,010j-ptm-iwls-nuts-ig1_005,20251213-121901,iwls-nuts,FALSE,1,0.005
1543.8295493289943,0.09769056401501526,7701.756743825576,0.8279753265148478,0.07433086001251582,0.9336,0.2206838532611012,mixture,33,ptm-iwls-nuts,500,5000,1111.2869250774384,010j-ptm-iwls-nuts-ig1_005,20251213-122352,iwls-nuts,FALSE,0.01,0.01
774.8512669290764,0.17506195430189833,8150.260741941391,0.8446646561875654,0.10549107980784496,0.9008,0.2872949882410275,mixture,34,ptm-iwls-nuts,250,5000,734.8643686771393,010j-ptm-iwls-nuts-ig1_005,20251213-121907,iwls-nuts,FALSE,0.01,0.01
1507.951036954368,0.06922902099378764,7621.096075400839,0.8190409240993963,0.06818387310736058,0.9436,0.20727472655663304,mixture,34,ptm-iwls-nuts,500,5000,1034.0111536979675,010j-ptm-iwls-nuts-ig1_005,20251213-122403,iwls-nuts,FALSE,0.01,0.01
781.2356454645004,0.2072459576322221,8183.92827682821,0.8394720997156625,0.11446231525143892,0.9146,0.3158841236071398,mixture,35,ptm-iwls-nuts,250,5000,692.5480055809021,010j-ptm-iwls-nuts-ig1_005,20251213-122056,iwls-nuts,FALSE,0.01,0.01
1495.0337629600372,0.11381375243693816,7716.767250851792,0.8217597399530947,0.08009283730265226,0.8488,0.21108840764740808,mixture,35,ptm-iwls-nuts,500,5000,1119.730682849884,010j-ptm-iwls-nuts-ig1_005,20251213-122947,iwls-nuts,FALSE,0.01,0.01
805.3655276322419,0.14218120163603662,7954.913708187883,0.8312892364157477,0.1010592064693294,0.9636,0.30745476365090146,mixture,36,ptm-iwls-nuts,250,5000,674.9731066226959,010j-ptm-iwls-nuts-ig1_005,20251213-122452,iwls-nuts,FALSE,0.01,0.01
1543.1911114202169,0.09697760254254154,7728.895712720408,0.8221350599021904,0.07621872326787721,0.8416,0.20416558471837676,mixture,36,ptm-iwls-nuts,500,5000,1025.2716464996338,010j-ptm-iwls-nuts-ig1_005,20251213-123109,iwls-nuts,FALSE,1,0.005
777.014450390725,0.2336720466138275,8344.235017270437,0.8536679365664699,0.1155517580464138,0.8964,0.30930976406855454,mixture,37,ptm-iwls-nuts,250,5000,718.8847024440765,010j-ptm-iwls-nuts-ig1_005,20251213-123129,iwls-nuts,FALSE,0.01,0.01
1581.3772566889754,0.09937414396177294,7672.745504010165,0.821820018622113,0.07208888644098353,0.9338,0.2157858903167809,mixture,37,ptm-iwls-nuts,500,5000,1083.4383549690249,010j-ptm-iwls-nuts-ig1_005,20251213-123808,iwls-nuts,FALSE,1,0.005
768.4583930725931,0.2230925975477433,8237.729491462218,0.8455354042599673,0.10953392528440106,0.8848,0.28811231061075193,mixture,38,ptm-iwls-nuts,250,5000,704.8104588985443,010j-ptm-iwls-nuts-ig1_005,20251213-123410,iwls-nuts,FALSE,0.01,0.01
1549.2486397783518,0.1150955983342864,7697.7444953949325,0.8204888099364357,0.07695511798750135,0.8962,0.21510756692248348,mixture,38,ptm-iwls-nuts,500,5000,1132.8608300685885,010j-ptm-iwls-nuts-ig1_005,20251213-124126,iwls-nuts,FALSE,0.01,0.01
783.3031409863995,0.23424436664168377,8371.86019677292,0.8606644660451738,0.10912472604741372,0.8486,0.27625862789373284,mixture,39,ptm-iwls-nuts,250,5000,678.1761384010315,010j-ptm-iwls-nuts-ig1_005,20251213-123658,iwls-nuts,FALSE,1,0.005
1537.3373901696714,0.0758459784537268,7579.868255833135,0.8264813132113061,0.07188724697024658,0.9436,0.21439276200101057,mixture,39,ptm-iwls-nuts,500,5000,1274.9282257556915,010j-ptm-iwls-nuts-ig1_005,20251213-124619,iwls-nuts,FALSE,0.01,0.01
762.4903727411241,0.17951992244896778,8031.678519416858,0.8351965641393275,0.10322048941582934,0.944,0.298174356825143,mixture,40,ptm-iwls-nuts,250,5000,755.7903535366058,010j-ptm-iwls-nuts-ig1_005,20251213-124051,iwls-nuts,FALSE,0.01,0.01
1523.7632849990637,0.09126972777611556,7590.427546052597,0.8169964890347018,0.06942933288093675,0.9522,0.21184207508848105,mixture,40,ptm-iwls-nuts,500,5000,1165.3434386253357,010j-ptm-iwls-nuts-ig1_005,20251213-124741,iwls-nuts,FALSE,0.01,0.01
690.4598629618067,0.19014896847233137,8140.990564535857,0.8386252235035684,0.10046034500805148,0.8422,0.2615051652241952,mixture,41,ptm-iwls-nuts,250,5000,723.1845626831055,010j-ptm-iwls-nuts-ig1_005,20251213-124422,iwls-nuts,FALSE,0.01,0.01
1457.563420978535,0.0790805592182594,7585.648518265497,0.8152475067214463,0.06558240616720842,0.9278,0.19391489958335953,mixture,41,ptm-iwls-nuts,500,5000,1039.344361782074,010j-ptm-iwls-nuts-ig1_005,20251213-124934,iwls-nuts,FALSE,1,0.005
766.0555117903858,0.15154172472644184,8014.650453036119,0.8385004269518291,0.10279892235679436,0.941,0.30175713502553775,mixture,42,ptm-iwls-nuts,250,5000,697.9804911613464,010j-ptm-iwls-nuts-ig1_005,20251213-124542,iwls-nuts,FALSE,0.01,0.01
1533.0115014420971,0.0773981765314973,7643.932712061396,0.823996827096707,0.06885420341803014,0.9126,0.201995162260586,mixture,42,ptm-iwls-nuts,500,5000,990.8915581703186,010j-ptm-iwls-nuts-ig1_005,20251213-125014,iwls-nuts,FALSE,1,0.005
814.0316961719433,0.17612921469138004,8107.5461219728995,0.8416943809650997,0.11022392625496612,0.9404,0.3260120477408935,mixture,43,ptm-iwls-nuts,250,5000,774.04327392578125,010j-ptm-iwls-nuts-ig1_005,20251213-125010,iwls-nuts,FALSE,0.01,0.01
1486.9550967007258,0.10549498087164266,7754.374952874214,0.8219668137223731,0.0718119110166827,0.8946,0.19932634592863327,mixture,43,ptm-iwls-nuts,500,5000,1208.1736283302307,010j-ptm-iwls-nuts-ig1_005,20251213-125908,iwls-nuts,FALSE,0.01,0.01
791.8517636720717,0.18863491069156593,8157.44941652713,0.844798055678018,0.11349212448745664,0.8696,0.31328691013572857,mixture,44,ptm-iwls-nuts,250,5000,792.0780754089355,010j-ptm-iwls-nuts-ig1_005,20251213-125437,iwls-nuts,FALSE,0.01,0.01
1537.7157116399485,0.1205328996460545,7816.939361299574,0.822824863430946,0.08144355779056917,0.7988,0.20857757942520225,mixture,44,ptm-iwls-nuts,500,5000,1120.236933708191,010j-ptm-iwls-nuts-ig1_005,20251213-130110,iwls-nuts,FALSE,0.01,0.01
758.514863585773,0.1185194802695102,7762.94948385158,0.8208022136805049,0.09449339371364178,0.9484,0.2809782214858142,mixture,45,ptm-iwls-nuts,250,5000,731.9439537525177,010j-ptm-iwls-nuts-ig1_005,20251213-125826,iwls-nuts,FALSE,1,0.005
1516.8291471669795,0.07180188241056751,7529.361494556869,0.814215674895438,0.06936291954706687,0.909,0.20360578525288223,mixture,45,ptm-iwls-nuts,500,5000,1319.3710598945618,010j-ptm-iwls-nuts-ig1_005,20251213-130828,iwls-nuts,FALSE,0.01,0.01
829.7864552659616,0.13166031642902043,7904.207752727303,0.823406046249224,0.09638285056850572,0.9864,0.31607204794366234,mixture,46,ptm-iwls-nuts,250,5000,725.8796699047089,010j-ptm-iwls-nuts-ig1_005,20251213-130247,iwls-nuts,FALSE,1,0.005
1542.1684442049086,0.08058443385224744,7648.828339843437,0.8158436406104106,0.06650951318481782,0.9442,0.2058251253539063,mixture,46,ptm-iwls-nuts,500,5000,1079.842901945114,010j-ptm-iwls-nuts-ig1_005,20251213-130746,iwls-nuts,FALSE,1,0.005
728.9226573522744,0.12878764968598774,7893.915345357339,0.83204226829976,0.09875441505001746,0.873,0.27791288689321564,mixture,47,ptm-iwls-nuts,250,5000,701.6231772899628,010j-ptm-iwls-nuts-ig1_005,20251213-130312,iwls-nuts,FALSE,1,0.005
1443.0629561981923,0.0745561359497433,7622.757776676116,0.8125628465365295,0.07132231292943787,0.8886,0.20458697316613592,mixture,47,ptm-iwls-nuts,500,5000,1116.9144821166992,010j-ptm-iwls-nuts-ig1_005,20251213-131127,iwls-nuts,FALSE,0.01,0.01
803.5208281672068,0.13285272370363274,7802.324864250841,0.8203026878741788,0.10030290243831012,0.979,0.3185323392526746,mixture,48,ptm-iwls-nuts,250,5000,705.0632839202881,010j-ptm-iwls-nuts-ig1_005,20251213-130711,iwls-nuts,FALSE,0.01,0.01
1459.6202407311832,0.07146254632517085,7495.37397735853,0.8089565747102655,0.06582364795844625,0.9458,0.19863526942366583,mixture,48,ptm-iwls-nuts,500,5000,1203.323992729187,010j-ptm-iwls-nuts-ig1_005,20251213-131511,iwls-nuts,FALSE,0.01,0.01
803.2387191947154,0.23291631510259225,8333.304690086361,0.8630878552630197,0.11389645464707178,0.9256,0.32814451730481076,mixture,49,ptm-iwls-nuts,250,5000,793.0272796154022,010j-ptm-iwls-nuts-ig1_005,20251213-131127,iwls-nuts,FALSE,0.01,0.01
1570.9065609390136,0.1005641289499587,7671.543759323194,0.8344166364572672,0.0730696272952604,0.9442,0.2212109283042844,mixture,49,ptm-iwls-nuts,500,5000,1135.962884902954,010j-ptm-iwls-nuts-ig1_005,20251213-131641,iwls-nuts,FALSE,0.01,0.01
755.2375273571134,0.1897390502199344,8145.749817771171,0.8435522762158593,0.10907454515083016,0.8382,0.28734771414293225,mixture,50,ptm-iwls-nuts,250,5000,753.1918125152588,010j-ptm-iwls-nuts-ig1_005,20251213-131433,iwls-nuts,FALSE,0.01,0.01
1488.7087241870377,0.0639056273223648,7516.582703283326,0.8085646289643478,0.06823483076685861,0.9616,0.2126816041984315,mixture,50,ptm-iwls-nuts,500,5000,1119.591640472412,010j-ptm-iwls-nuts-ig1_005,20251213-132042,iwls-nuts,FALSE,0.01,0.01
775.3105651115407,0.15081748299688832,8045.873529102844,0.8506632907603715,0.10602281379652943,0.8348,0.2896749447874799,mixture,51,ptm-iwls-nuts,250,5000,664.2585866451263,010j-ptm-iwls-nuts-ig1_005,20251213-131755,iwls-nuts,FALSE,1,0.005
1511.376158858133,0.08065285268455077,7695.0503775411535,0.8268153808178801,0.07094647032482711,0.8838,0.20553039266612985,mixture,51,ptm-iwls-nuts,500,5000,1182.3938167095184,010j-ptm-iwls-nuts-ig1_005,20251213-132544,iwls-nuts,FALSE,0.01,0.01
766.8321304881704,0.1533884166347493,7888.590196698747,0.8203946875802871,0.1030341421441144,0.9426,0.30019408428574423,mixture,52,ptm-iwls-nuts,250,5000,772.4649612903595,010j-ptm-iwls-nuts-ig1_005,20251213-132308,iwls-nuts,FALSE,0.01,0.01
1482.8995275468403,0.0885587725491148,7564.441976270575,0.8051719447893999,0.07284313044857174,0.9142,0.21004199473629123,mixture,52,ptm-iwls-nuts,500,5000,1234.802357196808,010j-ptm-iwls-nuts-ig1_005,20251213-133151,iwls-nuts,FALSE,0.01,0.01
735.1655133354384,0.09977331696261696,7578.947173788584,0.8108166142189769,0.08757095026469176,0.9784,0.28223270025665104,mixture,53,ptm-iwls-nuts,250,5000,862.7415516376495,010j-ptm-iwls-nuts-ig1_005,20251213-132738,iwls-nuts,FALSE,1,0.005
1446.6869125865414,0.08848974367596482,7522.529307355324,0.8106766064019546,0.07036758730486196,0.908,0.2033633852565856,mixture,53,ptm-iwls-nuts,500,5000,1151.9675946235657,010j-ptm-iwls-nuts-ig1_005,20251213-133215,iwls-nuts,FALSE,0.01,0.01
772.8768558296101,0.16391256817042785,8008.600463000539,0.8307193373032639,0.10127609865861842,0.937,0.29401072361509106,mixture,54,ptm-iwls-nuts,250,5000,781.2263829708099,010j-ptm-iwls-nuts-ig1_005,20251213-132825,iwls-nuts,FALSE,0.01,0.01
1543.7277315402837,0.09298184352113434,7653.946839754071,0.8159279935909147,0.07226179059130292,0.9278,0.21105196705524248,mixture,54,ptm-iwls-nuts,500,5000,1092.0438163280487,010j-ptm-iwls-nuts-ig1_005,20251213-133431,iwls-nuts,FALSE,1,0.005
807.9667891998683,0.18486838328896435,8069.95953290459,0.8365959194866611,0.10054536439894532,0.911,0.2828252076854609,mixture,55,ptm-iwls-nuts,250,5000,795.5432498455048,010j-ptm-iwls-nuts-ig1_005,20251213-133338,iwls-nuts,FALSE,1,0.005
1599.5268346891694,0.09993906800591344,7645.312956489336,0.8224358225217484,0.07609604971376732,0.9342,0.22656166457325613,mixture,55,ptm-iwls-nuts,500,5000,1012.8111789226532,010j-ptm-iwls-nuts-ig1_005,20251213-133613,iwls-nuts,FALSE,0.01,0.01
768.9785577191544,0.19074451264498604,8162.32498594623,0.8313120360759637,0.10907217772915331,0.9338,0.31312416655557396,mixture,56,ptm-iwls-nuts,250,5000,724.719144821167,010j-ptm-iwls-nuts-ig1_005,20251213-133344,iwls-nuts,FALSE,0.01,0.01
1581.3017248758747,0.08811795772517786,7649.192211347189,0.8160658740671083,0.07176659408074845,0.9096,0.21243642503472848,mixture,56,ptm-iwls-nuts,500,5000,1084.1550986766815,010j-ptm-iwls-nuts-ig1_005,20251213-134321,iwls-nuts,FALSE,0.01,0.01
783.2258415980242,0.121401446083865,7847.787540784575,0.8241904766632919,0.09284330952344648,0.9776,0.29316020659288416,mixture,57,ptm-iwls-nuts,250,5000,794.8944432735443,010j-ptm-iwls-nuts-ig1_005,20251213-133919,iwls-nuts,FALSE,1,0.005
1464.1603752439632,0.05818030907030925,7531.681855716796,0.8125338640045981,0.06503444265330884,0.9486,0.2037893485272358,mixture,57,ptm-iwls-nuts,500,5000,1221.7620012760162,010j-ptm-iwls-nuts-ig1_005,20251213-134611,iwls-nuts,FALSE,1,0.005
769.5734997038535,0.18243119435011704,8084.005912917583,0.8400278484021879,0.10518178132885772,0.898,0.2949336340281076,mixture,58,ptm-iwls-nuts,250,5000,712.2597286701202,010j-ptm-iwls-nuts-ig1_005,20251213-134220,iwls-nuts,FALSE,1,0.005
1553.0297273430078,0.0747043891388322,7545.37188686116,0.8158720262944142,0.06762323593674749,0.9592,0.21084955778362735,mixture,58,ptm-iwls-nuts,500,5000,1047.0025453567505,010j-ptm-iwls-nuts-ig1_005,20251213-134837,iwls-nuts,FALSE,1,0.005
719.4753304386062,0.16720077504186007,8007.802904104401,0.8267656422067196,0.10586445434619286,0.8932,0.2895808353143714,mixture,59,ptm-iwls-nuts,250,5000,806.677907705307,010j-ptm-iwls-nuts-ig1_005,20251213-134635,iwls-nuts,FALSE,0.01,0.01
1469.0099178351352,0.08374339672275694,7590.516012508885,0.8085736560113221,0.07531933719759872,0.8712,0.2123793772934514,mixture,59,ptm-iwls-nuts,500,5000,1124.4600911140442,010j-ptm-iwls-nuts-ig1_005,20251213-135208,iwls-nuts,FALSE,0.01,0.01
779.4366037784314,0.12355401385709844,7821.013533536792,0.8280610564186084,0.09345082006277698,0.9582,0.28981049325237024,mixture,60,ptm-iwls-nuts,250,5000,764.821515083313,010j-ptm-iwls-nuts-ig1_005,20251213-134847,iwls-nuts,FALSE,1,0.005
1487.799296379043,0.08658577234595836,7636.172325981092,0.8182919215184766,0.07495991882852439,0.9206,0.21836735037120816,mixture,60,ptm-iwls-nuts,500,5000,1062.5604004859924,010j-ptm-iwls-nuts-ig1_005,20251213-135335,iwls-nuts,FALSE,0.01,0.01
762.5144992897694,0.1961060424910877,8057.28663794734,0.832970457457715,0.10450921841206395,0.9434,0.30298385143340506,mixture,61,ptm-iwls-nuts,250,5000,671.1087422370911,010j-ptm-iwls-nuts-ig1_005,20251213-134918,iwls-nuts,FALSE,0.01,0.01
1533.0671557983032,0.09508987220643972,7552.205786524099,0.8076812738717245,0.07069936193697347,0.9482,0.2142866542165456,mixture,61,ptm-iwls-nuts,500,5000,1056.4268546104431,010j-ptm-iwls-nuts-ig1_005,20251213-135631,iwls-nuts,FALSE,0.01,0.01
756.5400486420784,0.2103935571327573,8196.624519688086,0.8337686578738261,0.10863348889700156,0.8808,0.28532969417158816,mixture,62,ptm-iwls-nuts,250,5000,677.0304923057556,010j-ptm-iwls-nuts-ig1_005,20251213-135359,iwls-nuts,FALSE,1,0.005
1513.6950550387885,0.0911128941221838,7600.221204635219,0.808543492982841,0.07132752832820269,0.9432,0.21347175397578827,mixture,62,ptm-iwls-nuts,500,5000,1082.5008823871613,010j-ptm-iwls-nuts-ig1_005,20251213-140037,iwls-nuts,FALSE,0.01,0.01
784.7369966739766,0.15984812259909417,8034.633281328602,0.8333602532182217,0.09811968702512418,0.911,0.2767894239722344,mixture,63,ptm-iwls-nuts,250,5000,748.7974116802216,010j-ptm-iwls-nuts-ig1_005,20251213-135751,iwls-nuts,FALSE,0.01,0.01
1556.713498932488,0.08247775751674394,7647.781455916851,0.8177032358581767,0.07128945984764531,0.9374,0.21181658573031745,mixture,63,ptm-iwls-nuts,500,5000,1192.8302206993103,010j-ptm-iwls-nuts-ig1_005,20251213-140727,iwls-nuts,FALSE,0.01,0.01
690.0075805115966,0.2063580272823186,8100.266232299793,0.8320444537556658,0.10321878065915198,0.8384,0.2586046919603367,mixture,64,ptm-iwls-nuts,250,5000,797.9333620071411,010j-ptm-iwls-nuts-ig1_005,20251213-140359,iwls-nuts,FALSE,1,0.005
1502.9009785973144,0.10390443737953792,7587.998282785891,0.8120620904609083,0.0725134911108584,0.9168,0.2078615561610372,mixture,64,ptm-iwls-nuts,500,5000,1188.5715551376345,010j-ptm-iwls-nuts-ig1_005,20251213-141017,iwls-nuts,FALSE,0.01,0.01
727.755293069127,0.1911356287210763,8069.534446619382,0.825520012906356,0.10443940605566908,0.8658,0.27908614320781916,mixture,65,ptm-iwls-nuts,250,5000,745.6362009048462,010j-ptm-iwls-nuts-ig1_005,20251213-140640,iwls-nuts,FALSE,1,0.005
1477.8809221548609,0.11114648281139249,7669.588717070962,0.8068589533618804,0.07427757407465994,0.8664,0.195111866727738,mixture,65,ptm-iwls-nuts,500,5000,1109.3882241249084,010j-ptm-iwls-nuts-ig1_005,20251213-141311,iwls-nuts,FALSE,1,0.005
759.025981559025,0.2159446757564646,8189.685363758823,0.8531226932532031,0.10823192519685872,0.895,0.29535404165085516,mixture,66,ptm-iwls-nuts,250,5000,819.0062353610992,010j-ptm-iwls-nuts-ig1_005,20251213-141058,iwls-nuts,FALSE,0.01,0.01
1490.1754191558653,0.08267080161052698,7523.315993029134,0.8216754848251976,0.06473223478338865,0.9318,0.1984307150617399,mixture,66,ptm-iwls-nuts,500,5000,1332.4616358280182,010j-ptm-iwls-nuts-ig1_005,20251213-142005,iwls-nuts,FALSE,1,0.005
749.9303119029056,0.20886203777910056,8196.858155897502,0.8416799418853309,0.11523826574054148,0.929,0.3226988649108819,mixture,67,ptm-iwls-nuts,250,5000,726.1220510005951,010j-ptm-iwls-nuts-ig1_005,20251213-141218,iwls-nuts,FALSE,0.01,0.01
1456.7981783121982,0.06693175944096304,7487.206764206815,0.8122424222857866,0.0653430125247382,0.9512,0.20109775752959164,mixture,67,ptm-iwls-nuts,500,5000,1101.366786956787,010j-ptm-iwls-nuts-ig1_005,20251213-141833,iwls-nuts,FALSE,1,0.005
799.4551627469502,0.17627439187298477,8081.162975290024,0.840740296457719,0.10653068017378324,0.9286,0.30630348817245306,mixture,68,ptm-iwls-nuts,250,5000,703.97691822052,010j-ptm-iwls-nuts-ig1_005,20251213-141510,iwls-nuts,FALSE,0.01,0.01
1554.436992432159,0.08386733369252593,7619.1276843877295,0.8204492594106182,0.07260421431452142,0.9498,0.22118021542129385,mixture,68,ptm-iwls-nuts,500,5000,1142.9244253635406,010j-ptm-iwls-nuts-ig1_005,20251213-142229,iwls-nuts,FALSE,0.01,0.01
757.4345051235721,0.17929815403089447,8102.787288043872,0.8316324659915129,0.10670634098426794,0.9384,0.30897034344532764,mixture,69,ptm-iwls-nuts,250,5000,711.8403916358948,010j-ptm-iwls-nuts-ig1_005,20251213-141738,iwls-nuts,FALSE,0.01,0.01
1473.7081289117227,0.0727611824820739,7570.102430299769,0.8115962274336895,0.06870165601062851,0.9574,0.21360581532721631,mixture,69,ptm-iwls-nuts,500,5000,1017.7976698875428,010j-ptm-iwls-nuts-ig1_005,20251213-142244,iwls-nuts,FALSE,0.01,0.01
814.6613285901019,0.18480737778939835,8166.6780111773915,0.8496833995435089,0.11006933518055911,0.9056,0.3052712085131447,mixture,70,ptm-iwls-nuts,250,5000,672.3064393997192,010j-ptm-iwls-nuts-ig1_005,20251213-142301,iwls-nuts,FALSE,0.01,0.01
1513.9271044835284,0.0849220928629781,7667.251586545291,0.8241099172136294,0.07148018804247462,0.8944,0.2045160173122672,mixture,70,ptm-iwls-nuts,500,5000,1110.6398010253906,010j-ptm-iwls-nuts-ig1_005,20251213-143017,iwls-nuts,FALSE,0.01,0.01
743.3527801571013,0.12950058421150504,7916.525760248224,0.8372827741590456,0.09421427269860984,0.9054,0.2693555011782526,mixture,71,ptm-iwls-nuts,250,5000,823.3535559177399,010j-ptm-iwls-nuts-ig1_005,20251213-143000,iwls-nuts,FALSE,1,0.005
1520.1053111734936,0.06864903996536012,7612.268039017501,0.8234216157042005,0.06404018341675068,0.951,0.1972801440287299,mixture,71,ptm-iwls-nuts,500,5000,1127.2368648052216,010j-ptm-iwls-nuts-ig1_005,20251213-143415,iwls-nuts,FALSE,1,0.005
805.0685763542032,0.15203116274024678,7908.822400348035,0.8272786134067242,0.10068558220637897,0.9824,0.32076682810547974,mixture,72,ptm-iwls-nuts,250,5000,791.2684619426727,010j-ptm-iwls-nuts-ig1_005,20251213-143043,iwls-nuts,FALSE,0.01,0.01
1554.7228914988875,0.09314791024851948,7614.406137889397,0.819211979645663,0.07105901612391918,0.9582,0.21835019567423555,mixture,72,ptm-iwls-nuts,500,5000,1118.950365781784,010j-ptm-iwls-nuts-ig1_005,20251213-143700,iwls-nuts,FALSE,0.01,0.01
706.2672723582456,0.19376384498896793,8257.85849807584,0.8457798011539215,0.10351742712569403,0.8616,0.26644949621000397,mixture,73,ptm-iwls-nuts,250,5000,783.7468430995941,010j-ptm-iwls-nuts-ig1_005,20251213-143255,iwls-nuts,FALSE,0.01,0.01
1500.2997440948784,0.09203213695196295,7749.199957890813,0.8294184442772833,0.07253526885060438,0.8912,0.20454595451663596,mixture,73,ptm-iwls-nuts,500,5000,1031.3257179260254,010j-ptm-iwls-nuts-ig1_005,20251213-143848,iwls-nuts,FALSE,0.01,0.01
816.4235475798936,0.14152709717490788,7843.30368832309,0.819999630194198,0.09424698584404571,0.9818,0.30362812902040576,mixture,74,ptm-iwls-nuts,250,5000,716.6917622089386,010j-ptm-iwls-nuts-ig1_005,20251213-143648,iwls-nuts,FALSE,1,0.005
1515.7585957344738,0.09110886644120836,7591.212534654592,0.8140357820800832,0.06908773734691902,0.9428,0.21005772259223404,mixture,74,ptm-iwls-nuts,500,5000,1074.010638475418,010j-ptm-iwls-nuts-ig1_005,20251213-144233,iwls-nuts,FALSE,0.01,0.01
737.7238956719796,0.1094318029396046,7875.801673944023,0.8413958999684514,0.08470799185787127,0.9754,0.2671970497833265,mixture,75,ptm-iwls-nuts,250,5000,725.6634860038757,010j-ptm-iwls-nuts-ig1_005,20251213-143839,iwls-nuts,FALSE,1,0.005
1427.2103415610693,0.06637895796573023,7660.537449074651,0.8353047407555277,0.06347273251019565,0.936,0.1907165210413642,mixture,75,ptm-iwls-nuts,500,5000,1233.4691817760468,010j-ptm-iwls-nuts-ig1_005,20251213-144711,iwls-nuts,FALSE,1,0.005
754.8440220242647,0.16465503627851635,8027.158323891981,0.836747773199071,0.09161518218033704,0.9038,0.25645174287513,mixture,76,ptm-iwls-nuts,250,5000,690.8576138019562,010j-ptm-iwls-nuts-ig1_005,20251213-144123,iwls-nuts,FALSE,1,0.005
1502.3689032962277,0.08599114117929224,7633.838848395861,0.8220899337501466,0.06801467201701118,0.9366,0.2005938179683404,mixture,76,ptm-iwls-nuts,500,5000,1204.2472784519196,010j-ptm-iwls-nuts-ig1_005,20251213-145051,iwls-nuts,FALSE,0.01,0.01
800.6342024256151,0.15978992909360587,8004.594252981829,0.8214413690300393,0.10086933018993476,0.9248,0.29027049592515103,mixture,77,ptm-iwls-nuts,250,5000,730.7333884239197,010j-ptm-iwls-nuts-ig1_005,20251213-144645,iwls-nuts,FALSE,1,0.005
1542.714215610064,0.08481073646619877,7629.698289844794,0.807597986202598,0.07296476052362715,0.9148,0.2130761989689739,mixture,77,ptm-iwls-nuts,500,5000,1340.429311752319,010j-ptm-iwls-nuts-ig1_005,20251213-145751,iwls-nuts,FALSE,0.01,0.01
769.1679931725921,0.18085116405068968,8142.572223295248,0.8460102448108288,0.10575105620074388,0.9548,0.31476442927330817,mixture,78,ptm-iwls-nuts,250,5000,758.2722973823547,010j-ptm-iwls-nuts-ig1_005,20251213-145109,iwls-nuts,FALSE,0.01,0.01
1490.504419883318,0.08675918519736418,7672.112329028621,0.8288983707926818,0.07462003522116177,0.9242,0.21825943018193003,mixture,78,ptm-iwls-nuts,500,5000,1085.4820067882538,010j-ptm-iwls-nuts-ig1_005,20251213-145658,iwls-nuts,FALSE,0.01,0.01
727.3215527642293,0.2060537258005587,8198.266637994193,0.851016261524888,0.10764000825523684,0.86,0.27800884085260313,mixture,79,ptm-iwls-nuts,250,5000,971.7978184223176,010j-ptm-iwls-nuts-ig1_005,20251213-145800,iwls-nuts,FALSE,0.01,0.01
1509.305780977939,0.05807933566472582,7458.394687315029,0.8201043711123417,0.06522652355584434,0.9716,0.21246388196200108,mixture,79,ptm-iwls-nuts,500,5000,1106.813392162323,010j-ptm-iwls-nuts-ig1_005,20251213-150053,iwls-nuts,FALSE,0.01,0.01
747.9036906401568,0.2054681602095558,8096.044513897989,0.8288306587949896,0.09750393096150033,0.8746,0.26055990187770156,mixture,80,ptm-iwls-nuts,250,5000,816.7533407211304,010j-ptm-iwls-nuts-ig1_005,20251213-145934,iwls-nuts,FALSE,1,0.005
1516.0635807874012,0.08164194340497107,7476.913429875066,0.8017067194766442,0.0686978456947313,0.928,0.2038197367484784,mixture,80,ptm-iwls-nuts,500,5000,1127.2842593193054,010j-ptm-iwls-nuts-ig1_005,20251213-150256,iwls-nuts,FALSE,1,0.005
755.4445670301991,0.21509927773129645,8301.347346656281,0.8513562645529599,0.10654177615861664,0.8906,0.2887729334316521,mixture,81,ptm-iwls-nuts,250,5000,784.5257475376129,010j-ptm-iwls-nuts-ig1_005,20251213-150137,iwls-nuts,FALSE,0.01,0.01
1524.3929538798145,0.07831943053321863,7617.448110665893,0.8180908637619315,0.06790816263600363,0.9248,0.19960579600223888,mixture,81,ptm-iwls-nuts,500,5000,1204.8568589687347,010j-ptm-iwls-nuts-ig1_005,20251213-151020,iwls-nuts,FALSE,1,0.005
797.4512179771968,0.17827325461900131,7958.619883266966,0.817107391670275,0.10643834600857532,0.9314,0.3016747263754392,mixture,82,ptm-iwls-nuts,250,5000,708.1106979846954,010j-ptm-iwls-nuts-ig1_005,20251213-150304,iwls-nuts,FALSE,0.01,0.01
1547.3598010350854,0.07499080407691572,7442.207630556539,0.7978716526173063,0.07309500364723441,0.9486,0.22067267977067523,mixture,82,ptm-iwls-nuts,500,5000,1053.6014342308044,010j-ptm-iwls-nuts-ig1_005,20251213-150852,iwls-nuts,FALSE,0.01,0.01
739.3825674146696,0.1586082693781205,7897.0526855081025,0.8183826663760523,0.10600365709808791,0.9554,0.3127942147982152,mixture,83,ptm-iwls-nuts,250,5000,729.2923152446747,010j-ptm-iwls-nuts-ig1_005,20251213-150643,iwls-nuts,FALSE,0.01,0.01
1471.9670464493734,0.08213054726929048,7514.664074963952,0.8037352086414029,0.07090683234295546,0.9494,0.2119761128224816,mixture,83,ptm-iwls-nuts,500,5000,1095.100387096405,010j-ptm-iwls-nuts-ig1_005,20251213-151255,iwls-nuts,FALSE,0.01,0.01
758.6654320835796,0.15283579683096793,7984.425438750239,0.8364428921974691,0.10562998390380536,0.8846,0.29294222276579496,mixture,84,ptm-iwls-nuts,250,5000,688.5601756572723,010j-ptm-iwls-nuts-ig1_005,20251213-151001,iwls-nuts,FALSE,0.01,0.01
1473.4047762899652,0.10646962463376208,7752.59457776421,0.8246186592605035,0.07786756750748466,0.8208,0.20409533647462644,mixture,84,ptm-iwls-nuts,500,5000,1095.28373169899,010j-ptm-iwls-nuts-ig1_005,20251213-151809,iwls-nuts,FALSE,0.01,0.01
802.2201036291482,0.17113780227326916,7997.206721342044,0.8365692985505053,0.10912374928424896,0.9544,0.32760050384212147,mixture,85,ptm-iwls-nuts,250,5000,657.4648206233978,010j-ptm-iwls-nuts-ig1_005,20251213-151322,iwls-nuts,FALSE,0.01,0.01
1553.175066596089,0.072319428288081,7503.114851416104,0.815139636803437,0.066657098194505,0.98,0.22013030932943076,mixture,85,ptm-iwls-nuts,500,5000,1100.2607336044312,010j-ptm-iwls-nuts-ig1_005,20251213-152313,iwls-nuts,FALSE,0.01,0.01
749.4141561095223,0.20267553738788052,8171.433734718603,0.8396449402801655,0.10825401179545738,0.8914,0.28902262761789377,mixture,86,ptm-iwls-nuts,250,5000,699.4369542598724,010j-ptm-iwls-nuts-ig1_005,20251213-151703,iwls-nuts,FALSE,0.01,0.01
1479.8582364225074,0.08927658842505798,7604.438989904491,0.8182672105775761,0.06790425635966606,0.927,0.1989469493645728,mixture,86,ptm-iwls-nuts,500,5000,1200.0908541679382,010j-ptm-iwls-nuts-ig1_005,20251213-152536,iwls-nuts,FALSE,1,0.005
793.9291997012688,0.20904103335906676,8234.752853786724,0.8398651738527791,0.108873410830235,0.9176,0.3002973884045224,mixture,87,ptm-iwls-nuts,250,5000,722.8479981422424,010j-ptm-iwls-nuts-ig1_005,20251213-152054,iwls-nuts,FALSE,0.01,0.01
1533.1488060351269,0.10178854077300913,7698.490390856436,0.8180853351150349,0.0730725077081661,0.9024,0.20751543589973231,mixture,87,ptm-iwls-nuts,500,5000,1224.2119710445404,010j-ptm-iwls-nuts-ig1_005,20251213-152907,iwls-nuts,FALSE,0.01,0.01
749.117918099836,0.18685363915242137,8053.766452119906,0.8343822280219122,0.10360114347925052,0.9128,0.2862698745933723,mixture,88,ptm-iwls-nuts,250,5000,791.4330296516418,010j-ptm-iwls-nuts-ig1_005,20251213-152540,iwls-nuts,FALSE,0.01,0.01
1452.471705858678,0.09395569067665248,7589.276709741063,0.814747565431868,0.0722239525685829,0.901,0.20357934349834053,mixture,88,ptm-iwls-nuts,500,5000,1145.4178173542025,010j-ptm-iwls-nuts-ig1_005,20251213-153103,iwls-nuts,FALSE,0.01,0.01
746.6160068462138,0.19133575211458692,8215.648087264033,0.8358434819607483,0.10507666639425468,0.9144,0.293562721218969,mixture,89,ptm-iwls-nuts,250,5000,834.1594762802124,010j-ptm-iwls-nuts-ig1_005,20251213-152953,iwls-nuts,FALSE,0.01,0.01
1454.9972228324796,0.07985133054073155,7658.225979394758,0.8155935921812688,0.06748433636931564,0.9444,0.20566826296440976,mixture,89,ptm-iwls-nuts,500,5000,1161.3022146224976,010j-ptm-iwls-nuts-ig1_005,20251213-153525,iwls-nuts,FALSE,0.01,0.01
804.2348008637208,0.19380906927952785,8176.000469195139,0.8451715295242226,0.10573421575217568,0.932,0.30514634729021173,mixture,90,ptm-iwls-nuts,250,5000,712.3831751346588,010j-ptm-iwls-nuts-ig1_005,20251213-153035,iwls-nuts,FALSE,0.01,0.01
1523.5573742500094,0.1340833912653277,7877.372079124139,0.8352627593691351,0.079407039306761,0.859,0.21178060711284705,mixture,90,ptm-iwls-nuts,500,5000,1010.48096036911,010j-ptm-iwls-nuts-ig1_005,20251213-153614,iwls-nuts,FALSE,0.01,0.01
794.0780918178436,0.1848904113585772,8099.191987552486,0.8312458616326629,0.1077429288290786,0.9062,0.30044742820979403,mixture,91,ptm-iwls-nuts,250,5000,686.44029545784,010j-ptm-iwls-nuts-ig1_005,20251213-153400,iwls-nuts,FALSE,0.01,0.01
1517.905220760429,0.08441868310418468,7596.833346280524,0.8106533742640735,0.07001359328535547,0.9388,0.20957291959600793,mixture,91,ptm-iwls-nuts,500,5000,1187.225331783295,010j-ptm-iwls-nuts-ig1_005,20251213-154317,iwls-nuts,FALSE,1,0.005
756.7166815942139,0.14154422872382147,7973.683363422822,0.8449154173116624,0.11054951438804332,0.9298,0.3166045460897043,mixture,92,ptm-iwls-nuts,250,5000,770.4464025497437,010j-ptm-iwls-nuts-ig1_005,20251213-153815,iwls-nuts,FALSE,0.01,0.01
1531.5306287156675,0.07558754158703608,7643.899927738894,0.8226771129659605,0.07256448804057782,0.954,0.22386270487154877,mixture,92,ptm-iwls-nuts,500,5000,1062.1730518341064,010j-ptm-iwls-nuts-ig1_005,20251213-154304,iwls-nuts,FALSE,0.01,0.01
717.4372896133618,0.13890731987023283,7947.277012156163,0.8267184195099617,0.09432594889589815,0.9508,0.2791046558760816,mixture,93,ptm-iwls-nuts,250,5000,796.9370956420898,010j-ptm-iwls-nuts-ig1_005,20251213-154355,iwls-nuts,FALSE,0.01,0.01
1430.524953395112,0.1087540754523296,7796.510790066649,0.8185940228251122,0.07175404860024168,0.896,0.19999673482301544,mixture,93,ptm-iwls-nuts,500,5000,1215.9884581565857,010j-ptm-iwls-nuts-ig1_005,20251213-154939,iwls-nuts,FALSE,0.01,0.01
750.8849283716173,0.19627568933352088,8195.545986097504,0.8497891448797893,0.1054313481606436,0.8884,0.28838800871373377,mixture,94,ptm-iwls-nuts,250,5000,851.456954240799,010j-ptm-iwls-nuts-ig1_005,20251213-154945,iwls-nuts,FALSE,0.01,0.01
1495.7950884022962,0.07202025682637389,7574.26882356177,0.8192315014847237,0.06605223586258001,0.9516,0.2030739253952316,mixture,94,ptm-iwls-nuts,500,5000,1019.2935378551484,010j-ptm-iwls-nuts-ig1_005,20251213-155052,iwls-nuts,FALSE,1,0.005
778.2048317287117,0.20373788563925413,8153.718653414971,0.8394701131886397,0.1088570432594297,0.9114,0.29924746299477367,mixture,95,ptm-iwls-nuts,250,5000,718.3476634025574,010j-ptm-iwls-nuts-ig1_005,20251213-154757,iwls-nuts,FALSE,0.01,0.01
1558.755257487678,0.10053270342380868,7637.692742337742,0.8178826132303053,0.07170883429359584,0.9496,0.2187045881100647,mixture,95,ptm-iwls-nuts,500,5000,1072.8748462200165,010j-ptm-iwls-nuts-ig1_005,20251213-155540,iwls-nuts,FALSE,0.01,0.01
783.6500585398053,0.10396164148386049,7787.036711219203,0.82002710240953,0.09187883379815932,0.9894,0.29755299062719015,mixture,96,ptm-iwls-nuts,250,5000,835.5582959651947,010j-ptm-iwls-nuts-ig1_005,20251213-155445,iwls-nuts,FALSE,0.01,0.01
1517.8891519793551,0.07879637801986339,7661.210393899217,0.8151581962382203,0.06771300912298185,0.9442,0.2045505757083645,mixture,96,ptm-iwls-nuts,500,5000,1177.7457358837128,010j-ptm-iwls-nuts-ig1_005,20251213-155943,iwls-nuts,FALSE,0.01,0.01
783.5444313349644,0.14436391052562245,7976.731572844812,0.8320966556647448,0.1012605892848421,0.9346,0.3026211585937956,mixture,97,ptm-iwls-nuts,250,5000,688.48854637146,010j-ptm-iwls-nuts-ig1_005,20251213-155512,iwls-nuts,FALSE,0.01,0.01
1464.5053678895408,0.06675973135522313,7588.710676992816,0.8135854807318946,0.06646028116114372,0.8966,0.19018324304405276,mixture,97,ptm-iwls-nuts,500,5000,1148.2088587284088,010j-ptm-iwls-nuts-ig1_005,20251213-160230,iwls-nuts,FALSE,1,0.005
854.1542656175907,0.17760021446035262,8058.752773847003,0.8361186353906307,0.10879834028564224,0.9502,0.3233277871531677,mixture,98,ptm-iwls-nuts,250,5000,604.3314728736877,010j-ptm-iwls-nuts-ig1_005,20251213-155647,iwls-nuts,FALSE,1,0.005
1554.9902906856828,0.06674741243071561,7504.488763698818,0.813101544038774,0.06752278679658366,0.954,0.20982867390111945,mixture,98,ptm-iwls-nuts,500,5000,1036.388649225235,010j-ptm-iwls-nuts-ig1_005,20251213-160553,iwls-nuts,FALSE,1,0.005
712.5249688304361,0.1506326724258792,7964.977984696467,0.8346923271839415,0.101305789913888,0.8862,0.2799581568573649,mixture,99,ptm-iwls-nuts,250,5000,706.1617357730865,010j-ptm-iwls-nuts-ig1_005,20251213-160152,iwls-nuts,FALSE,1,0.005
1474.0441966161518,0.07607935866669689,7592.211415900554,0.8149470357657398,0.06929126307807987,0.9444,0.2128914151223615,mixture,99,ptm-iwls-nuts,500,5000,1237.5890667438507,010j-ptm-iwls-nuts-ig1_005,20251213-161228,iwls-nuts,FALSE,0.01,0.01
785.1629437361349,0.1896528980536666,8030.719832427333,0.8223883171251802,0.10965213414155536,0.9692,0.33482407629127914,mixture,100,ptm-iwls-nuts,250,5000,678.8106815814972,010j-ptm-iwls-nuts-ig1_005,20251213-160516,iwls-nuts,FALSE,0.01,0.01
1431.600507243802,0.09363746714692152,7550.642677893608,0.8048383233598838,0.07076339596246015,0.9356,0.2097614749314578,mixture,100,ptm-iwls-nuts,500,5000,1093.394747257233,010j-ptm-iwls-nuts-ig1_005,20251213-161256,iwls-nuts,FALSE,0.01,0.01
911.4484968368056,0.1555763349306228,8851.723394929284,0.8244676855804441,0.1368274180285021,0.8984,0.383855083553148,ptm,1,ptm-iwls-nuts,250,5000,559.4693377017975,010j-ptm-iwls-nuts-ig1_005,20251213-101153,iwls-nuts,FALSE,0.01,0.01
1735.5016583756142,0.05954735441618259,8371.578492357083,0.7762071680281232,0.08422311633896055,0.9552,0.26749718636418074,ptm,1,ptm-iwls-nuts,500,5000,942.4642157554626,010j-ptm-iwls-nuts-ig1_005,20251213-101811,iwls-nuts,FALSE,1,0.005
873.629096914316,0.12818059446073443,8614.534800593674,0.8007655217507974,0.1168820335981802,0.9212,0.35320854069116187,ptm,2,ptm-iwls-nuts,250,5000,751.3800785541534,010j-ptm-iwls-nuts-ig1_005,20251213-101516,iwls-nuts,FALSE,1,0.005
1673.0026240193597,0.07635522650646931,8355.407960822346,0.7811713231254264,0.08918864056579137,0.886,0.250988411649139,ptm,2,ptm-iwls-nuts,500,5000,925.3272502422332,010j-ptm-iwls-nuts-ig1_005,20251213-101811,iwls-nuts,FALSE,1,0.005
734.4253801720138,0.11605742466116488,7775.784208650725,0.7580364828636699,0.12205401620118436,0.9242,0.3567723548980751,ptm,3,ptm-iwls-nuts,250,5000,702.4225771427155,010j-ptm-iwls-nuts-ig1_005,20251213-103158,iwls-nuts,FALSE,1,0.005
1456.0565475624578,0.06884945792843469,7539.744374987074,0.7368317917224227,0.08812588699224551,0.9412,0.27004565899852695,ptm,3,ptm-iwls-nuts,500,5000,958.8319773674012,010j-ptm-iwls-nuts-ig1_005,20251213-103606,iwls-nuts,FALSE,0.01,0.01
811.0692099218604,0.16424322946621628,8527.955588407081,0.851638600646631,0.1092037540812669,0.933,0.31512000350324504,ptm,4,ptm-iwls-nuts,250,5000,694.4739153385162,010j-ptm-iwls-nuts-ig1_005,20251213-103656,iwls-nuts,FALSE,0.01,0.01
1586.644941284561,0.0873596144754008,8143.537513453004,0.8279981544957673,0.07509844277498379,0.9368,0.2251726643156796,ptm,4,ptm-iwls-nuts,500,5000,991.633273601532,010j-ptm-iwls-nuts-ig1_005,20251213-104154,iwls-nuts,FALSE,0.01,0.01
749.4300597178388,0.10450567170677784,7951.160780553859,0.7745936383284039,0.12125949063841844,0.957,0.3801021791693426,ptm,5,ptm-iwls-nuts,250,5000,721.4252064228058,010j-ptm-iwls-nuts-ig1_005,20251213-104133,iwls-nuts,FALSE,0.01,0.01
1504.715469716366,0.07270613615993232,7792.163102819632,0.764331383961466,0.0935080122060202,0.9078,0.27265874810387075,ptm,5,ptm-iwls-nuts,500,5000,968.6410846710204,010j-ptm-iwls-nuts-ig1_005,20251213-104550,iwls-nuts,FALSE,0.01,0.01
826.5555249677504,0.16029248689983883,8942.430529872192,0.8331083408538025,0.13314187986282072,0.8832,0.36309339690882664,ptm,6,ptm-iwls-nuts,250,5000,765.688200712204,010j-ptm-iwls-nuts-ig1_005,20251213-104420,iwls-nuts,FALSE,0.01,0.01
1681.4719127489495,0.05490779092565134,8415.507050001257,0.7948936776488962,0.08632057815848816,0.9396,0.26745934568838,ptm,6,ptm-iwls-nuts,500,5000,926.8462905883788,010j-ptm-iwls-nuts-ig1_005,20251213-104656,iwls-nuts,FALSE,1,0.005
860.2008676258364,0.12022917019957106,8814.522654460055,0.838695060750787,0.12433769303777269,0.938,0.3764453356847156,ptm,7,ptm-iwls-nuts,250,5000,663.1284515857697,010j-ptm-iwls-nuts-ig1_005,20251213-104931,iwls-nuts,FALSE,0.01,0.01
1678.4708930566485,0.08541443414236759,8640.448974174038,0.8245742018729527,0.09706310521174508,0.8998,0.2791172892636128,ptm,7,ptm-iwls-nuts,500,5000,1237.2114641666412,010j-ptm-iwls-nuts-ig1_005,20251213-110131,iwls-nuts,FALSE,0.01,0.01
817.8750236106716,0.1515611973870065,8781.424639277331,0.8257950412738985,0.13677486462195676,0.8976,0.3832304995018266,ptm,8,ptm-iwls-nuts,250,5000,610.4307401180267,010j-ptm-iwls-nuts-ig1_005,20251213-105223,iwls-nuts,FALSE,0.01,0.01
1662.4268513686948,0.07454317017381272,8396.334503211363,0.7865209633053831,0.08899457257467033,0.9208,0.2651809250521181,ptm,8,ptm-iwls-nuts,500,5000,906.3377542495728,010j-ptm-iwls-nuts-ig1_005,20251213-105717,iwls-nuts,FALSE,1,0.005
869.9173629416674,0.11640203886956718,8645.400907787838,0.8414960525753418,0.1140619211318781,0.946,0.3445494608682836,ptm,9,ptm-iwls-nuts,250,5000,890.0992660522461,010j-ptm-iwls-nuts-ig1_005,20251213-110026,iwls-nuts,FALSE,1,0.005
1699.9054042835303,0.06595571430775148,8393.169284978758,0.8217820556070833,0.07819724961618493,0.9456,0.24052029107884343,ptm,9,ptm-iwls-nuts,500,5000,877.6022570133209,010j-ptm-iwls-nuts-ig1_005,20251213-105910,iwls-nuts,FALSE,1,0.005
825.0628593676403,0.21771413496492664,9000.969006042182,0.853366490273217,0.1453229186114878,0.8176,0.3545292912694847,ptm,10,ptm-iwls-nuts,250,5000,687.005773305893,010j-ptm-iwls-nuts-ig1_005,20251213-105730,iwls-nuts,FALSE,0.01,0.01
1634.7392192918849,0.09767678200896576,8400.78224126238,0.7916854544447048,0.09175313074384922,0.8896,0.25885387665406534,ptm,10,ptm-iwls-nuts,500,5000,894.4666290283203,010j-ptm-iwls-nuts-ig1_005,20251213-110058,iwls-nuts,FALSE,1,0.005
800.6284963365023,0.1769210629411836,9136.20828274592,0.8579522471216872,0.1285043580043658,0.8696,0.35028020178603997,ptm,11,ptm-iwls-nuts,250,5000,771.8365502357483,010j-ptm-iwls-nuts-ig1_005,20251213-110232,iwls-nuts,FALSE,0.01,0.01
1615.448173054167,0.06097187650379767,8556.462350558988,0.8192600640842862,0.08239471928547777,0.926,0.24499816670409577,ptm,11,ptm-iwls-nuts,500,5000,913.5831928253174,010j-ptm-iwls-nuts-ig1_005,20251213-110448,iwls-nuts,FALSE,1,0.005
892.2805338129587,0.12299660529223926,8911.452702741197,0.8471425455794317,0.1250504220932592,0.9398,0.3767181592202514,ptm,12,ptm-iwls-nuts,250,5000,685.6330695152283,010j-ptm-iwls-nuts-ig1_005,20251213-110458,iwls-nuts,FALSE,0.01,0.01
1796.7194958131356,0.07027568829710722,8647.848117765536,0.8157641708937441,0.08984406642625711,0.9554,0.28389485510775564,ptm,12,ptm-iwls-nuts,500,5000,1020.2263917922974,010j-ptm-iwls-nuts-ig1_005,20251213-111110,iwls-nuts,FALSE,0.01,0.01
917.9631535968632,0.14325537926096055,8875.973991324801,0.85677332473723955,0.12953559715650756,0.94,0.388919785970733,ptm,13,ptm-iwls-nuts,250,5000,789.6677479743958,010j-ptm-iwls-nuts-ig1_005,20251213-111020,iwls-nuts,FALSE,0.01,0.01
1709.7348132758293,0.07064687238772084,8512.931456958606,0.8234435906481288,0.08388584602394095,0.9258,0.2481602150688157,ptm,13,ptm-iwls-nuts,500,5000,935.6592674255372,010j-ptm-iwls-nuts-ig1_005,20251213-111405,iwls-nuts,FALSE,0.01,0.01
863.4327239257335,0.13437686721265582,8763.472999583279,0.8464949755628445,0.1227638747033351,0.9294,0.37736381921647166,ptm,14,ptm-iwls-nuts,250,5000,722.8444275856018,010j-ptm-iwls-nuts-ig1_005,20251213-111410,iwls-nuts,FALSE,0.01,0.01
1698.0009080110374,0.094868879012565,8565.933058582825,0.8259940953060007,0.09101132128664166,0.9208,0.27212713632531144,ptm,14,ptm-iwls-nuts,500,5000,883.726772069931,010j-ptm-iwls-nuts-ig1_005,20251213-111833,iwls-nuts,FALSE,0.01,0.01
857.0264355643534,0.12252887205814075,8636.299796687703,0.8034949331540384,0.12071983512856234,0.9548,0.37402123394740455,ptm,15,ptm-iwls-nuts,250,5000,708.5695290565491,010j-ptm-iwls-nuts-ig1_005,20251213-111624,iwls-nuts,FALSE,0.01,0.01
1679.5733899776806,0.09638797980494636,8505.59533542173,0.7935526214146894,0.09469258649666425,0.9076,0.27315807146122695,ptm,15,ptm-iwls-nuts,500,5000,1128.7433443069458,010j-ptm-iwls-nuts-ig1_005,20251213-112434,iwls-nuts,FALSE,0.01,0.01
887.253474681076,0.07679434860689681,8665.356853409483,0.8143401798542298,0.1090591396382389,0.9648,0.3514684008675996,ptm,16,ptm-iwls-nuts,250,5000,537.9890465736389,010j-ptm-iwls-nuts-ig1_005,20251213-111648,iwls-nuts,FALSE,1,0.005
1706.9976984150337,0.06223469706749156,8592.558595712457,0.8113083052462886,0.08956546133630619,0.8916,0.2513904405158072,ptm,16,ptm-iwls-nuts,500,5000,921.820208787918,010j-ptm-iwls-nuts-ig1_005,20251213-112420,iwls-nuts,FALSE,1,0.005
783.1155698135722,0.2216890640824084,8674.12432807064,0.7756130487428753,0.14044146139454258,0.8138,0.36545919987132,ptm,17,ptm-iwls-nuts,250,5000,645.7738842964172,010j-ptm-iwls-nuts-ig1_005,20251213-112126,iwls-nuts,FALSE,1,0.005
1617.288738538614,0.10851613902978192,8108.25970280751,0.7438767275310277,0.10070636374548216,0.8462,0.27488065144887036,ptm,17,ptm-iwls-nuts,500,5000,914.8012943267822,010j-ptm-iwls-nuts-ig1_005,20251213-112613,iwls-nuts,FALSE,1,0.005
903.1447691976564,0.10628185237243054,8831.161556472152,0.857073417625095,0.1135050807589208,0.966,0.3553926486965752,ptm,18,ptm-iwls-nuts,250,5000,1020.2884924411774,010j-ptm-iwls-nuts-ig1_005,20251213-113037,iwls-nuts,FALSE,1,0.005
1771.2198216663542,0.06486906709739995,8624.097630097,0.8363591709278987,0.07981730804502797,0.9698,0.2503132298756926,ptm,18,ptm-iwls-nuts,500,5000,1015.9860231876372,010j-ptm-iwls-nuts-ig1_005,20251213-113046,iwls-nuts,FALSE,1,0.005
821.3582068376182,0.10458136632599369,8748.271016611967,0.8139538529792951,0.11903803423483794,0.9134,0.3434527493532749,ptm,19,ptm-iwls-nuts,250,5000,591.3594107627869,010j-ptm-iwls-nuts-ig1_005,20251213-112718,iwls-nuts,FALSE,1,0.005
1673.7345298912846,0.0810653764811084,8630.691067387543,0.8014602454614377,0.0972852950432621,0.8936,0.27189854481266446,ptm,19,ptm-iwls-nuts,500,5000,1003.7017447948456,010j-ptm-iwls-nuts-ig1_005,20251213-113509,iwls-nuts,FALSE,0.01,0.01
877.5862597626563,0.15122751584188224,8848.972318059612,0.8364307806658201,0.13203585027519774,0.9338,0.3886588904205683,ptm,20,ptm-iwls-nuts,250,5000,886.5122158527374,010j-ptm-iwls-nuts-ig1_005,20251213-113654,iwls-nuts,FALSE,0.01,0.01
1698.972056561592,0.0559715308784604,8372.692393242502,0.8003414860576522,0.08212954660117865,0.937,0.24782379979201996,ptm,20,ptm-iwls-nuts,500,5000,918.2662296295166,010j-ptm-iwls-nuts-ig1_005,20251213-113732,iwls-nuts,FALSE,1,0.005
903.9731863477646,0.12664811414706198,8984.75365732531,0.8542535980188363,0.12450372769544152,0.9028,0.35382783815467445,ptm,21,ptm-iwls-nuts,250,5000,759.2460994720459,010j-ptm-iwls-nuts-ig1_005,20251213-113755,iwls-nuts,FALSE,1,0.005
1801.9806545116537,0.08319148850384617,8767.47052910923,0.8326690391534478,0.09816338952080618,0.9048,0.28242302308603046,ptm,21,ptm-iwls-nuts,500,5000,858.6645483970642,010j-ptm-iwls-nuts-ig1_005,20251213-113959,iwls-nuts,FALSE,0.01,0.01
892.968986497862,0.10722332351373956,8849.356787704699,0.8315481037458207,0.12674759634798158,0.9138,0.3620676209820535,ptm,22,ptm-iwls-nuts,250,5000,586.3963437080383,010j-ptm-iwls-nuts-ig1_005,20251213-113829,iwls-nuts,FALSE,1,0.005
1742.0706383386778,0.05422689505165719,8584.374645394286,0.804033762443148,0.08689357609946849,0.9278,0.2605895307678817,ptm,22,ptm-iwls-nuts,500,5000,912.5850632190704,010j-ptm-iwls-nuts-ig1_005,20251213-114351,iwls-nuts,FALSE,1,0.005
843.1007478441218,0.18754655749316207,8841.80091868531,0.8521313190533849,0.13014060959455562,0.9088,0.36678518153420503,ptm,23,ptm-iwls-nuts,250,5000,735.8418402671814,010j-ptm-iwls-nuts-ig1_005,20251213-114313,iwls-nuts,FALSE,0.01,0.01
1658.2884075559805,0.11190514633850226,8463.593862912012,0.8267375148916214,0.09711498040459048,0.846,0.25901677033438625,ptm,23,ptm-iwls-nuts,500,5000,914.4094150066376,010j-ptm-iwls-nuts-ig1_005,20251213-114717,iwls-nuts,FALSE,0.01,0.01
815.9092227542526,0.19138710863002464,8786.717495019724,0.7989679521703398,0.1407326913770569,0.81,0.35315640414488136,ptm,24,ptm-iwls-nuts,250,5000,683.8288140296936,010j-ptm-iwls-nuts-ig1_005,20251213-114727,iwls-nuts,FALSE,1,0.005
1591.9792961885491,0.11250112371425944,8392.287570440896,0.761359558555629,0.09767941031464782,0.8534,0.2661858830971131,ptm,24,ptm-iwls-nuts,500,5000,958.17671751976,010j-ptm-iwls-nuts-ig1_005,20251213-115158,iwls-nuts,FALSE,1,0.005
882.1981644991741,0.15477849671125196,9020.00397129626,0.870817822755736,0.12960911810743794,0.9248,0.3737312871340699,ptm,25,ptm-iwls-nuts,250,5000,647.7513086795807,010j-ptm-iwls-nuts-ig1_005,20251213-114902,iwls-nuts,FALSE,0.01,0.01
1738.2190211134164,0.09096099889583864,8700.916482219194,0.8378659680335429,0.08989736473457659,0.9282,0.26920213210449984,ptm,25,ptm-iwls-nuts,500,5000,1460.3497166633606,010j-ptm-iwls-nuts-ig1_005,20251213-120246,iwls-nuts,FALSE,0.01,0.01
810.3966479408824,0.1202299823367116,8304.328904132257,0.8125641294926551,0.11616411944664636,0.9506,0.35822167683184664,ptm,26,ptm-iwls-nuts,250,5000,584.4037017822266,010j-ptm-iwls-nuts-ig1_005,20251213-115142,iwls-nuts,FALSE,0.01,0.01
1633.7260558434125,0.07224672842759793,8064.412634586689,0.7982813698576156,0.08502287204098942,0.9262,0.2615741000847179,ptm,26,ptm-iwls-nuts,500,5000,888.8675701618195,010j-ptm-iwls-nuts-ig1_005,20251213-115745,iwls-nuts,FALSE,0.01,0.01
868.3673658796193,0.10506006723370984,8504.74798863755,0.7855524029970757,0.1250835284630604,0.963,0.399202973741451,ptm,27,ptm-iwls-nuts,250,5000,783.383092880249,010j-ptm-iwls-nuts-ig1_005,20251213-115841,iwls-nuts,FALSE,0.01,0.01
1673.0219446277445,0.07782023466463447,8368.548825792173,0.7742575925506878,0.0947603280890252,0.9048,0.2763594124461023,ptm,27,ptm-iwls-nuts,500,5000,871.7227067947388,010j-ptm-iwls-nuts-ig1_005,20251213-120021,iwls-nuts,FALSE,0.01,0.01
849.2862526218141,0.1342683127441722,8796.182929185861,0.844294894186101,0.11801754083440096,0.9332,0.35163993843359487,ptm,28,ptm-iwls-nuts,250,5000,692.663111448288,010j-ptm-iwls-nuts-ig1_005,20251213-115835,iwls-nuts,FALSE,1,0.005
1634.832260907528,0.04956058769547525,8372.644303942378,0.8101171966894583,0.08247896148779907,0.9488,0.2526243422916032,ptm,28,ptm-iwls-nuts,500,5000,907.236555337906,010j-ptm-iwls-nuts-ig1_005,20251213-120333,iwls-nuts,FALSE,1,0.005
837.7003149877181,0.1419919481628882,8697.43952533644,0.805089462001807,0.12668433356693842,0.8656,0.3515002479638877,ptm,29,ptm-iwls-nuts,250,5000,666.0695576667786,010j-ptm-iwls-nuts-ig1_005,20251213-120220,iwls-nuts,FALSE,1,0.005
1654.862682691907,0.10469357545729133,8510.947661808455,0.7864865490882776,0.1012149274709506,0.838,0.2707456668502911,ptm,29,ptm-iwls-nuts,500,5000,1015.6997065544128,010j-ptm-iwls-nuts-ig1_005,20251213-121036,iwls-nuts,FALSE,0.01,0.01
812.4822410214667,0.13928524563103906,7870.832105870554,0.7565362837417698,0.13161536095896947,0.9302,0.3891993874773293,ptm,30,ptm-iwls-nuts,250,5000,634.4320502281189,010j-ptm-iwls-nuts-ig1_005,20251213-120629,iwls-nuts,FALSE,0.01,0.01
1489.0485457913271,0.08410426531958518,7594.927204313286,0.7358388267175124,0.09492730606827364,0.8912,0.26991018645421616,ptm,30,ptm-iwls-nuts,500,5000,1005.0400233268738,010j-ptm-iwls-nuts-ig1_005,20251213-121343,iwls-nuts,FALSE,0.01,0.01
874.8522646196077,0.09041722092634707,8549.953346941737,0.8146109166585548,0.11238654246388063,0.9654,0.361221123888221,ptm,31,ptm-iwls-nuts,250,5000,928.7907464504242,010j-ptm-iwls-nuts-ig1_005,20251213-121529,iwls-nuts,FALSE,1,0.005
1645.7239768120044,0.06182067729011913,8406.970628760595,0.7990833052883551,0.07958750702344505,0.9178,0.2380136870758268,ptm,31,ptm-iwls-nuts,500,5000,967.8066306114196,010j-ptm-iwls-nuts-ig1_005,20251213-121620,iwls-nuts,FALSE,1,0.005
787.2346185352029,0.16223707304988366,8323.576316334418,0.7595786645248477,0.13279286258865997,0.8732,0.3612256074081539,ptm,32,ptm-iwls-nuts,250,5000,938.6540837287904,010j-ptm-iwls-nuts-ig1_005,20251213-122001,iwls-nuts,FALSE,1,0.005
1505.2536122276258,0.1384941215326597,8204.861558748298,0.733177952978765,0.10361343776439852,0.8756,0.2847683967509001,ptm,32,ptm-iwls-nuts,500,5000,1199.4506485462189,010j-ptm-iwls-nuts-ig1_005,20251213-122345,iwls-nuts,FALSE,0.01,0.01
917.0685509526746,0.1061186877828378,8912.148594824188,0.854966974302384,0.1136142320347032,0.952,0.3502217111309151,ptm,33,ptm-iwls-nuts,250,5000,603.8564178943634,010j-ptm-iwls-nuts-ig1_005,20251213-121513,iwls-nuts,FALSE,1,0.005
1772.009320649968,0.07488971810670807,8756.00374644354,0.8373367758522182,0.08802336574059746,0.9152,0.25967801436386617,ptm,33,ptm-iwls-nuts,500,5000,1191.637550830841,010j-ptm-iwls-nuts-ig1_005,20251213-122614,iwls-nuts,FALSE,1,0.005
809.9739255823763,0.15123517605677086,8558.862723931055,0.8437588845945164,0.1122989997027068,0.8866,0.309421299695575,ptm,34,ptm-iwls-nuts,250,5000,567.8940992355347,010j-ptm-iwls-nuts-ig1_005,20251213-121905,iwls-nuts,FALSE,1,0.005
1595.0827107220869,0.06520854543891731,8128.729570841787,0.8145810235200825,0.07788200500229343,0.9486,0.23805298558967025,ptm,34,ptm-iwls-nuts,500,5000,977.6461699008942,010j-ptm-iwls-nuts-ig1_005,20251213-122541,iwls-nuts,FALSE,0.01,0.01
879.5761619249979,0.14229802892609827,8819.745448021862,0.8074244325393227,0.13086708470541947,0.8962,0.3790057265709227,ptm,35,ptm-iwls-nuts,250,5000,796.5746293067932,010j-ptm-iwls-nuts-ig1_005,20251213-122443,iwls-nuts,FALSE,0.01,0.01
1768.01095174204,0.0476786467499581,8346.64853714116,0.7703140214034615,0.08819461109312483,0.9682,0.2802978887481114,ptm,35,ptm-iwls-nuts,500,5000,907.0485873222352,010j-ptm-iwls-nuts-ig1_005,20251213-122746,iwls-nuts,FALSE,0.01,0.01
853.5535922726712,0.10551399192394792,8628.673241145738,0.8428796602397375,0.10715630286627592,0.9806,0.35023576242171583,ptm,36,ptm-iwls-nuts,250,5000,880.0354604721069,010j-ptm-iwls-nuts-ig1_005,20251213-123102,iwls-nuts,FALSE,0.01,0.01
1653.5728254203327,0.09248673019107306,8563.536932481364,0.8370485591789361,0.08240863778059244,0.8806,0.22890131186536164,ptm,36,ptm-iwls-nuts,500,5000,913.5025646686554,010j-ptm-iwls-nuts-ig1_005,20251213-123241,iwls-nuts,FALSE,0.01,0.01
843.3944788244804,0.159459525591321,8693.280457274604,0.8462737386207965,0.12876597743525445,0.9304,0.3693513356876082,ptm,37,ptm-iwls-nuts,250,5000,595.1787583827972,010j-ptm-iwls-nuts-ig1_005,20251213-123011,iwls-nuts,FALSE,0.01,0.01
1632.6138669722657,0.093956831967972,8365.76698915786,0.8137990038736684,0.09383421039872332,0.91,0.2672151482246209,ptm,37,ptm-iwls-nuts,500,5000,947.7210323810576,010j-ptm-iwls-nuts-ig1_005,20251213-123558,iwls-nuts,FALSE,0.01,0.01
778.330911044626,0.12016199618357636,8778.672154885282,0.816133206387512,0.12804766908671458,0.9082,0.3685636722697612,ptm,38,ptm-iwls-nuts,250,5000,601.970287322998,010j-ptm-iwls-nuts-ig1_005,20251213-123333,iwls-nuts,FALSE,0.01,0.01
1600.7771408536194,0.05942782684575223,8475.001308196162,0.78625312848963,0.08825368609989961,0.9236,0.2689090042734672,ptm,38,ptm-iwls-nuts,500,5000,1094.2486369609833,010j-ptm-iwls-nuts-ig1_005,20251213-124159,iwls-nuts,FALSE,1,0.005
876.9361480490531,0.1397347483421458,8775.417859635729,0.8325933910145236,0.1278987808563174,0.8892,0.3601529020950864,ptm,39,ptm-iwls-nuts,250,5000,692.7797310352325,010j-ptm-iwls-nuts-ig1_005,20251213-124028,iwls-nuts,FALSE,1,0.005
1648.844159151732,0.06682224790373403,8410.855357443672,0.7928290656512289,0.08636642871224764,0.8988,0.2549317048582815,ptm,39,ptm-iwls-nuts,500,5000,943.3287229537964,010j-ptm-iwls-nuts-ig1_005,20251213-124351,iwls-nuts,FALSE,1,0.005
850.5038326782912,0.11100983127715004,8853.37828252975,0.8241565583086753,0.12070968311838629,0.9442,0.3597822231978349,ptm,40,ptm-iwls-nuts,250,5000,645.2014133930206,010j-ptm-iwls-nuts-ig1_005,20251213-123946,iwls-nuts,FALSE,0.01,0.01
1763.817645385696,0.06022013398393082,8599.429796063654,0.8028349100513295,0.09055701127556784,0.9388,0.2772203773054618,ptm,40,ptm-iwls-nuts,500,5000,975.5233976840972,010j-ptm-iwls-nuts-ig1_005,20251213-124517,iwls-nuts,FALSE,0.01,0.01
911.3822834052892,0.18508058644401368,9083.726491356769,0.859164373819969,0.13781883236277376,0.8094,0.34881139938071054,ptm,41,ptm-iwls-nuts,250,5000,579.0883285999298,010j-ptm-iwls-nuts-ig1_005,20251213-124207,iwls-nuts,FALSE,1,0.005
1772.4569945719495,0.07097534651060537,8513.200291689725,0.7963893073614593,0.09287774532553068,0.908,0.2734611504586305,ptm,41,ptm-iwls-nuts,500,5000,974.522562265396,010j-ptm-iwls-nuts-ig1_005,20251213-124817,iwls-nuts,FALSE,1,0.005
832.9972982720226,0.14274103004840422,8651.46684082002,0.8353299270924448,0.11976719409674136,0.9424,0.3607419098764564,ptm,42,ptm-iwls-nuts,250,5000,622.092001914978,010j-ptm-iwls-nuts-ig1_005,20251213-124552,iwls-nuts,FALSE,0.01,0.01
1627.8570554103446,0.07812707208003385,8328.397050978168,0.812787445476114,0.08304146993042487,0.9426,0.2544053743728294,ptm,42,ptm-iwls-nuts,500,5000,938.0265040397644,010j-ptm-iwls-nuts-ig1_005,20251213-125330,iwls-nuts,FALSE,0.01,0.01
871.1762822559876,0.11790558962343987,9026.0818444022,0.861244896523032,0.12744760810223385,0.91,0.3681207693477831,ptm,43,ptm-iwls-nuts,250,5000,599.421003818512,010j-ptm-iwls-nuts-ig1_005,20251213-125007,iwls-nuts,FALSE,0.01,0.01
1679.6562156024695,0.089785907412984,8885.48343334992,0.8421952256259337,0.0964374539014006,0.878,0.26918092445740993,ptm,43,ptm-iwls-nuts,500,5000,867.5050683021545,010j-ptm-iwls-nuts-ig1_005,20251213-125434,iwls-nuts,FALSE,0.01,0.01
772.1699314123218,0.13186488046477285,8219.835072346665,0.7710275264488851,0.126776921329952,0.929,0.38307997528358406,ptm,44,ptm-iwls-nuts,250,5000,591.6763362884521,010j-ptm-iwls-nuts-ig1_005,20251213-125416,iwls-nuts,FALSE,0.01,0.01
1517.8375110228512,0.08994223187019058,8010.221829373753,0.7528758653915858,0.09286699774214398,0.8988,0.2664487344766004,ptm,44,ptm-iwls-nuts,500,5000,975.2603526115416,010j-ptm-iwls-nuts-ig1_005,20251213-130043,iwls-nuts,FALSE,0.01,0.01
833.5620438341147,0.13325043264481193,8901.38131234406,0.846544104575262,0.11808789872160656,0.9022,0.3385422736818798,ptm,45,ptm-iwls-nuts,250,5000,669.7588012218475,010j-ptm-iwls-nuts-ig1_005,20251213-125811,iwls-nuts,FALSE,1,0.005
1720.004463645812,0.07268486153196695,8598.553456779837,0.82407327990854,0.08544318944832319,0.9298,0.2600511678454135,ptm,45,ptm-iwls-nuts,500,5000,894.6816101074219,010j-ptm-iwls-nuts-ig1_005,20251213-130602,iwls-nuts,FALSE,1,0.005
819.1938414373062,0.18082532570357265,8880.543139667863,0.8278480696615332,0.12023240940798582,0.9164,0.36313598638575617,ptm,46,ptm-iwls-nuts,250,5000,657.3737826347351,010j-ptm-iwls-nuts-ig1_005,20251213-130159,iwls-nuts,FALSE,0.01,0.01
1626.915994353528,0.0826140221479214,8389.486621889608,0.8001250804922185,0.080457640713326,0.9412,0.25141997343350003,ptm,46,ptm-iwls-nuts,500,5000,1030.249896526337,010j-ptm-iwls-nuts-ig1_005,20251213-130834,iwls-nuts,FALSE,1,0.005
763.4150281450467,0.12596826419630028,8450.785968811002,0.7904084714804943,0.12354848746944667,0.9294,0.3718506089098969,ptm,47,ptm-iwls-nuts,250,5000,564.1969876289368,010j-ptm-iwls-nuts-ig1_005,20251213-130442,iwls-nuts,FALSE,0.01,0.01
1538.549338169485,0.07362369036593101,8189.063099659154,0.7712530514494289,0.0916778914681463,0.8824,0.2644826204339971,ptm,47,ptm-iwls-nuts,500,5000,883.4961409568787,010j-ptm-iwls-nuts-ig1_005,20251213-131008,iwls-nuts,FALSE,1,0.005
807.6768351780014,0.15310763324501744,8686.488827819087,0.7984254751226604,0.12592354286436938,0.884,0.3588004925624115,ptm,48,ptm-iwls-nuts,250,5000,800.0519847869873,010j-ptm-iwls-nuts-ig1_005,20251213-131038,iwls-nuts,FALSE,1,0.005
1575.9690957259445,0.08120825537279039,8326.991938457952,0.7688303184586135,0.09089199355742485,0.9214,0.2687681232439906,ptm,48,ptm-iwls-nuts,500,5000,928.1661710739136,010j-ptm-iwls-nuts-ig1_005,20251213-131248,iwls-nuts,FALSE,1,0.005
838.3417086366273,0.18772923119036616,9167.291993191831,0.8805612516827521,0.12373864133619968,0.9054,0.3581619331400185,ptm,49,ptm-iwls-nuts,250,5000,607.5343630313873,010j-ptm-iwls-nuts-ig1_005,20251213-130922,iwls-nuts,FALSE,0.01,0.01
1651.6278188602068,0.09061697318298456,8681.730703154923,0.8445238740506339,0.08761280572630895,0.9112,0.2608929805318577,ptm,49,ptm-iwls-nuts,500,5000,917.7988488674164,010j-ptm-iwls-nuts-ig1_005,20251213-131706,iwls-nuts,FALSE,0.01,0.01
832.8719308086925,0.1221085392433912,8613.247496684957,0.8022754776010185,0.11937408617791904,0.926,0.3571224293048816,ptm,50,ptm-iwls-nuts,250,5000,657.2145318984985,010j-ptm-iwls-nuts-ig1_005,20251213-131419,iwls-nuts,FALSE,1,0.005
1647.8995720793005,0.07366704277921796,8371.04001436409,0.7819075607374241,0.09760636136357856,0.9134,0.28039661924946485,ptm,50,ptm-iwls-nuts,500,5000,936.9967901706696,010j-ptm-iwls-nuts-ig1_005,20251213-132158,iwls-nuts,FALSE,0.01,0.01
830.6643866145927,0.130774465305364,8658.79305517082,0.7967548651739309,0.1273477658634216,0.9002,0.3772342210683241,ptm,51,ptm-iwls-nuts,250,5000,628.4627499580383,010j-ptm-iwls-nuts-ig1_005,20251213-131827,iwls-nuts,FALSE,0.01,0.01
1641.3990828055348,0.10912669946342383,8550.554225961117,0.7774355939143083,0.09236397123105344,0.875,0.2649544262255329,ptm,51,ptm-iwls-nuts,500,5000,943.9761259555816,010j-ptm-iwls-nuts-ig1_005,20251213-132417,iwls-nuts,FALSE,1,0.005
850.7263442984728,0.18574402495521847,9093.925979191992,0.8502989728902334,0.1357983116400008,0.8538,0.36433838716293887,ptm,52,ptm-iwls-nuts,250,5000,793.2353911399841,010j-ptm-iwls-nuts-ig1_005,20251213-132514,iwls-nuts,FALSE,0.01,0.01
1664.256001531617,0.09536651309747132,8642.038419903258,0.8079429803747475,0.09456787110263688,0.8742,0.26553698612251303,ptm,52,ptm-iwls-nuts,500,5000,891.223486661911,010j-ptm-iwls-nuts-ig1_005,20251213-132712,iwls-nuts,FALSE,0.01,0.01
860.0193266893865,0.14075953844460667,8681.732894463032,0.8287370331067252,0.12076362938474249,0.9646,0.3771780398332716,ptm,53,ptm-iwls-nuts,250,5000,662.6021831035614,010j-ptm-iwls-nuts-ig1_005,20251213-132505,iwls-nuts,FALSE,0.01,0.01
1640.7546562009554,0.05493038105870925,8252.587107533547,0.7923618997914322,0.07461362192768947,0.9684,0.2437916700474735,ptm,53,ptm-iwls-nuts,500,5000,918.6887941360474,010j-ptm-iwls-nuts-ig1_005,20251213-133055,iwls-nuts,FALSE,1,0.005
864.6880687207606,0.09923655980456646,8629.324684592833,0.8245871026150808,0.1184502652185595,0.9656,0.3740933790554355,ptm,54,ptm-iwls-nuts,250,5000,586.4373464584351,010j-ptm-iwls-nuts-ig1_005,20251213-132557,iwls-nuts,FALSE,0.01,0.01
1734.5064921468445,0.04902755374947998,8378.2796543174,0.8052525241815327,0.08546839480989091,0.9648,0.27308136383280823,ptm,54,ptm-iwls-nuts,500,5000,882.3027100563049,010j-ptm-iwls-nuts-ig1_005,20251213-133155,iwls-nuts,FALSE,0.01,0.01
871.297596202814,0.11460606405569408,8778.133258691472,0.8191034597138718,0.1162987865384464,0.934,0.35032063429368554,ptm,55,ptm-iwls-nuts,250,5000,657.3407974243164,010j-ptm-iwls-nuts-ig1_005,20251213-133052,iwls-nuts,FALSE,1,0.005
1740.5338976402138,0.07336363580437127,8571.921117434857,0.8001364962765221,0.09052180547989926,0.9368,0.2740432086941599,ptm,55,ptm-iwls-nuts,500,5000,917.472639799118,010j-ptm-iwls-nuts-ig1_005,20251213-133612,iwls-nuts,FALSE,0.01,0.01
864.7036191004047,0.1750573095146111,9061.370619727057,0.8628216794067981,0.1343585122727467,0.8718,0.3634923349222794,ptm,56,ptm-iwls-nuts,250,5000,614.1857964992523,010j-ptm-iwls-nuts-ig1_005,20251213-133510,iwls-nuts,FALSE,0.01,0.01
1708.6316490059694,0.07823161112757317,8577.242127791866,0.8135264077358341,0.0948453991270537,0.887,0.2642565750059674,ptm,56,ptm-iwls-nuts,500,5000,916.1733367443084,010j-ptm-iwls-nuts-ig1_005,20251213-133917,iwls-nuts,FALSE,1,0.005
879.1345250547909,0.13641274180495677,8897.435379614784,0.84287681981133,0.12527366943096796,0.9366,0.3762996723459349,ptm,57,ptm-iwls-nuts,250,5000,688.875324010849,010j-ptm-iwls-nuts-ig1_005,20251213-134017,iwls-nuts,FALSE,0.01,0.01
1643.1724097606132,0.0869512905412921,8650.12812329646,0.8134856097932014,0.08693983575299134,0.9284,0.26538717593265876,ptm,57,ptm-iwls-nuts,500,5000,1160.762983560562,010j-ptm-iwls-nuts-ig1_005,20251213-134859,iwls-nuts,FALSE,0.01,0.01
862.6921271830864,0.1472081508356753,8842.790745955377,0.8320752130639134,0.13206698143625026,0.8994,0.3795806458547873,ptm,58,ptm-iwls-nuts,250,5000,645.391110420227,010j-ptm-iwls-nuts-ig1_005,20251213-134457,iwls-nuts,FALSE,0.01,0.01
1681.9915675753207,0.07752614165035743,8494.380700028787,0.7944453160644869,0.0963577413413998,0.8784,0.26448917137232214,ptm,58,ptm-iwls-nuts,500,5000,858.7926037311554,010j-ptm-iwls-nuts-ig1_005,20251213-134654,iwls-nuts,FALSE,1,0.005
784.7396938488149,0.15650863107179488,7706.545061304174,0.748387516061766,0.12562629004104162,0.9224,0.368824495358172,ptm,59,ptm-iwls-nuts,250,5000,674.3897483348846,010j-ptm-iwls-nuts-ig1_005,20251213-134902,iwls-nuts,FALSE,1,0.005
1463.8686103429304,0.10773204372129117,7462.662124551656,0.7315080620662073,0.08926419476656891,0.8922,0.2487368218269143,ptm,59,ptm-iwls-nuts,500,5000,1178.9174292087555,010j-ptm-iwls-nuts-ig1_005,20251213-135705,iwls-nuts,FALSE,1,0.005
850.0301499713916,0.13478282903791225,8827.44577603256,0.8178176154117217,0.1272742499931121,0.9158,0.3710165955191993,ptm,60,ptm-iwls-nuts,250,5000,806.0956599712372,010j-ptm-iwls-nuts-ig1_005,20251213-135256,iwls-nuts,FALSE,0.01,0.01
1689.0222878018617,0.04392165221487559,8373.139891917379,0.7858475285857481,0.08630223857229226,0.956,0.2667753468259964,ptm,60,ptm-iwls-nuts,500,5000,875.0985150337219,010j-ptm-iwls-nuts-ig1_005,20251213-135252,iwls-nuts,FALSE,1,0.005
887.8622109000589,0.11567798246879976,8663.7972323626,0.8152557353614093,0.1288011574409771,0.9318,0.39118516648681473,ptm,61,ptm-iwls-nuts,250,5000,683.6606512069702,010j-ptm-iwls-nuts-ig1_005,20251213-135120,iwls-nuts,FALSE,0.01,0.01
1740.343355966107,0.06520043325251894,8411.409486281194,0.791929136432574,0.09608219959633128,0.9372,0.2900081406342871,ptm,61,ptm-iwls-nuts,500,5000,1026.0998792648315,010j-ptm-iwls-nuts-ig1_005,20251213-135829,iwls-nuts,FALSE,0.01,0.01
879.7207552311488,0.11927418088254058,8871.112217032702,0.8489294861224291,0.12160142453365444,0.9604,0.3781026396740329,ptm,62,ptm-iwls-nuts,250,5000,869.9612293243408,010j-ptm-iwls-nuts-ig1_005,20251213-135839,iwls-nuts,FALSE,0.01,0.01
1729.5032417850846,0.06504215048752132,8599.952065057607,0.8284272620257452,0.0835932334952376,0.9566,0.2630948646945168,ptm,62,ptm-iwls-nuts,500,5000,918.4170978069304,010j-ptm-iwls-nuts-ig1_005,20251213-135918,iwls-nuts,FALSE,0.01,0.01
875.4748879238258,0.144936796459973,8620.462659050627,0.8001556481278844,0.1333836877281133,0.866,0.35496635075061833,ptm,63,ptm-iwls-nuts,250,5000,600.8701980113983,010j-ptm-iwls-nuts-ig1_005,20251213-135735,iwls-nuts,FALSE,1,0.005
1744.991502572725,0.0631863490610776,8211.710422056149,0.7620958597285258,0.0938806968879447,0.9474,0.2962931783575183,ptm,63,ptm-iwls-nuts,500,5000,935.2113947868348,010j-ptm-iwls-nuts-ig1_005,20251213-140603,iwls-nuts,FALSE,0.01,0.01
880.6225657688569,0.11715991117478798,8721.412707203941,0.8295024580824917,0.11860942848037488,0.9334,0.34967221061921094,ptm,64,ptm-iwls-nuts,250,5000,1008.4631042480468,010j-ptm-iwls-nuts-ig1_005,20251213-141007,iwls-nuts,FALSE,1,0.005
1710.7205449066437,0.0827593622108407,8549.409962384203,0.8107198082815772,0.09400910954049124,0.9046,0.27054773037681445,ptm,64,ptm-iwls-nuts,500,5000,965.8773436546326,010j-ptm-iwls-nuts-ig1_005,20251213-141110,iwls-nuts,FALSE,0.01,0.01
833.9119164405556,0.11146354079354336,8236.364308111646,0.7680642713372199,0.12601156171175773,0.944,0.37713000970911525,ptm,65,ptm-iwls-nuts,250,5000,588.0998828411102,010j-ptm-iwls-nuts-ig1_005,20251213-140617,iwls-nuts,FALSE,1,0.005
1611.0891581494272,0.07493133929329246,8053.703300610393,0.7493007101484132,0.09600067750664736,0.9258,0.2864031529156713,ptm,65,ptm-iwls-nuts,500,5000,938.5727050304412,010j-ptm-iwls-nuts-ig1_005,20251213-141138,iwls-nuts,FALSE,0.01,0.01
773.6864700250778,0.20004917346579135,8804.884606145155,0.7881484080211916,0.13800376515781512,0.853,0.3626530998036099,ptm,66,ptm-iwls-nuts,250,5000,787.6127355098724,010j-ptm-iwls-nuts-ig1_005,20251213-141153,iwls-nuts,FALSE,0.01,0.01
1583.863468316831,0.10531164539299025,8331.196965781151,0.7447504308092341,0.0902485135279136,0.9018,0.26759203724951697,ptm,66,ptm-iwls-nuts,500,5000,970.6357674598694,010j-ptm-iwls-nuts-ig1_005,20251213-141454,iwls-nuts,FALSE,1,0.005
809.2380005165727,0.14368732183034286,8553.484824906214,0.8358474302479654,0.10699550063512184,0.928,0.31125826432908504,ptm,67,ptm-iwls-nuts,250,5000,594.7807648181915,010j-ptm-iwls-nuts-ig1_005,20251213-141140,iwls-nuts,FALSE,1,0.005
1569.177010041043,0.0654143155494442,8162.119793501721,0.8101444925984461,0.07258051574500794,0.9486,0.2240815972325423,ptm,67,ptm-iwls-nuts,500,5000,963.211847305298,010j-ptm-iwls-nuts-ig1_005,20251213-141746,iwls-nuts,FALSE,1,0.005
883.3251819518459,0.1282183674435067,8954.826372707534,0.8456274023463215,0.12268678918473996,0.9,0.3415281367800596,ptm,68,ptm-iwls-nuts,250,5000,592.7269291877747,010j-ptm-iwls-nuts-ig1_005,20251213-141552,iwls-nuts,FALSE,1,0.005
1753.9955974571203,0.05977154369276852,8612.592253953842,0.8118236308796651,0.08377895736345195,0.9498,0.263716486992091,ptm,68,ptm-iwls-nuts,500,5000,909.0604476928712,010j-ptm-iwls-nuts-ig1_005,20251213-141950,iwls-nuts,FALSE,1,0.005
872.7610520547801,0.12640306953730046,8989.804491956502,0.8449628734591196,0.12012488761647336,0.8954,0.3432622190846813,ptm,69,ptm-iwls-nuts,250,5000,607.9377427101135,010j-ptm-iwls-nuts-ig1_005,20251213-141832,iwls-nuts,FALSE,1,0.005
1697.0248003847817,0.08853144458806213,8800.44636721031,0.8184189393471445,0.09168270365478944,0.911,0.2683227084174145,ptm,69,ptm-iwls-nuts,500,5000,925.00430393219,010j-ptm-iwls-nuts-ig1_005,20251213-142331,iwls-nuts,FALSE,0.01,0.01
837.2728018650732,0.15673124632166485,8729.101952174324,0.8040700488334107,0.1356859688565092,0.8322,0.359822499958972,ptm,70,ptm-iwls-nuts,250,5000,676.7560262680054,010j-ptm-iwls-nuts-ig1_005,20251213-142433,iwls-nuts,FALSE,0.01,0.01
1640.237623811623,0.08429138782022201,8366.902659667112,0.7559027381672114,0.08627086726302072,0.9042,0.25614382505755673,ptm,70,ptm-iwls-nuts,500,5000,952.9879865646362,010j-ptm-iwls-nuts-ig1_005,20251213-143047,iwls-nuts,FALSE,1,0.005
842.2350006443367,0.17265681177441466,8911.053084237074,0.8378578319408442,0.12693149208500934,0.8514,0.3470269494070057,ptm,71,ptm-iwls-nuts,250,5000,624.6870481967926,010j-ptm-iwls-nuts-ig1_005,20251213-142618,iwls-nuts,FALSE,1,0.005
1685.445434303935,0.116300407065334,8629.27106069167,0.8185450909771008,0.1031792232946018,0.805,0.26249388830889764,ptm,71,ptm-iwls-nuts,500,5000,859.8977785110474,010j-ptm-iwls-nuts-ig1_005,20251213-143011,iwls-nuts,FALSE,1,0.005
806.2341496223382,0.1412788454091001,8453.063915383,0.7873212741196235,0.1339565629370866,0.9086,0.3837467844563576,ptm,72,ptm-iwls-nuts,250,5000,612.3638367652893,010j-ptm-iwls-nuts-ig1_005,20251213-143009,iwls-nuts,FALSE,0.01,0.01
1664.6346667104538,0.09468806689034057,8220.110022789202,0.7737329842380541,0.1001628101234905,0.8716,0.2824491900911027,ptm,72,ptm-iwls-nuts,500,5000,943.924562215805,010j-ptm-iwls-nuts-ig1_005,20251213-143627,iwls-nuts,FALSE,0.01,0.01
863.970027287214,0.10274704831954327,8774.615182247717,0.8322214085633363,0.1169279248851812,0.937,0.34611308169855004,ptm,73,ptm-iwls-nuts,250,5000,784.7384333610535,010j-ptm-iwls-nuts-ig1_005,20251213-143435,iwls-nuts,FALSE,1,0.005
1642.4046523973352,0.0398701504649567,8460.230692974783,0.8007369441514939,0.0763269534256963,0.9764,0.2487656426200064,ptm,73,ptm-iwls-nuts,500,5000,993.73004150390625,010j-ptm-iwls-nuts-ig1_005,20251213-144031,iwls-nuts,FALSE,1,0.005
874.9166663654331,0.18664979161555387,8896.139937687769,0.8086536131598993,0.12901358575051114,0.838,0.34394610465511505,ptm,74,ptm-iwls-nuts,250,5000,863.7445256710052,010j-ptm-iwls-nuts-ig1_005,20251213-144034,iwls-nuts,FALSE,1,0.005
1722.6532280969498,0.113109845425112,8528.44020673556,0.7795156549355355,0.1004845320545844,0.8596,0.2785851309322448,ptm,74,ptm-iwls-nuts,500,5000,948.5404903888702,010j-ptm-iwls-nuts-ig1_005,20251213-144138,iwls-nuts,FALSE,0.01,0.01
863.955945021247,0.1544358786840171,8920.835254049287,0.8583987329167302,0.12563591258921752,0.9218,0.371750138183972,ptm,75,ptm-iwls-nuts,250,5000,698.8954198360443,010j-ptm-iwls-nuts-ig1_005,20251213-144009,iwls-nuts,FALSE,0.01,0.01
1685.0627796503604,0.0696909595381472,8497.110658319936,0.8185547110452199,0.08483543832406562,0.9318,0.25795660117118113,ptm,75,ptm-iwls-nuts,500,5000,872.3773326873779,010j-ptm-iwls-nuts-ig1_005,20251213-144336,iwls-nuts,FALSE,1,0.005
824.8005194746438,0.15928001454873897,8938.654654474196,0.8129120939923702,0.13241699184599673,0.858,0.3574740833695485,ptm,76,ptm-iwls-nuts,250,5000,715.7056941986084,010j-ptm-iwls-nuts-ig1_005,20251213-144450,iwls-nuts,FALSE,0.01,0.01
1646.834126158978,0.08910154550711658,8587.762309266083,0.7892745547195156,0.09778207285109412,0.858,0.2693447977569804,ptm,76,ptm-iwls-nuts,500,5000,1002.2882633209229,010j-ptm-iwls-nuts-ig1_005,20251213-144847,iwls-nuts,FALSE,0.01,0.01
867.6727796055168,0.15115814370648742,8868.969149992437,0.8444605387733464,0.12612243845921955,0.8844,0.3581932079299175,ptm,77,ptm-iwls-nuts,250,5000,746.7533090114594,010j-ptm-iwls-nuts-ig1_005,20251213-145018,iwls-nuts,FALSE,1,0.005
1738.8728958610618,0.0799082374732526,8512.719618826262,0.8074661413986144,0.08653329240764715,0.9646,0.2792130386637279,ptm,77,ptm-iwls-nuts,500,5000,1061.0706248283386,010j-ptm-iwls-nuts-ig1_005,20251213-145514,iwls-nuts,FALSE,0.01,0.01
882.824498211391,0.1093874062315222,8727.75837953761,0.8221419568414385,0.11862698574816873,0.976,0.3765677499692383,ptm,78,ptm-iwls-nuts,250,5000,775.1643905639648,010j-ptm-iwls-nuts-ig1_005,20251213-145420,iwls-nuts,FALSE,0.01,0.01
1705.5270946441335,0.06561177230326644,8508.880209896332,0.8067590234371418,0.08625330091206473,0.9428,0.26235503360118906,ptm,78,ptm-iwls-nuts,500,5000,937.0961802005768,010j-ptm-iwls-nuts-ig1_005,20251213-145542,iwls-nuts,FALSE,1,0.005
855.3137224990954,0.09533769314902343,8809.460176182816,0.8393747121392003,0.11633350879626396,0.9658,0.3632064946597682,ptm,79,ptm-iwls-nuts,250,5000,621.9651052951813,010j-ptm-iwls-nuts-ig1_005,20251213-145354,iwls-nuts,FALSE,0.01,0.01
1698.7924432081572,0.0623127338775389,8644.335379825394,0.822318394800532,0.08671157783423941,0.9474,0.26696832519461305,ptm,79,ptm-iwls-nuts,500,5000,859.0783319473267,010j-ptm-iwls-nuts-ig1_005,20251213-145925,iwls-nuts,FALSE,0.01,0.01
876.1886427622137,0.12895218484202625,8523.2862633891309,0.801865995999981,0.12164034405217534,0.917,0.3577366492976381,ptm,80,ptm-iwls-nuts,250,5000,649.6073200702667,010j-ptm-iwls-nuts-ig1_005,20251213-145727,iwls-nuts,FALSE,1,0.005
1675.216850026214,0.08475888858857365,8302.319782121867,0.7776333898377664,0.09234324089470036,0.9076,0.27079869863507955,ptm,80,ptm-iwls-nuts,500,5000,857.6699786186218,010j-ptm-iwls-nuts-ig1_005,20251213-150035,iwls-nuts,FALSE,0.01,0.01
899.9625939138065,0.0977904139268194,8665.680854763097,0.8296429339233857,0.11360319706055357,0.9682,0.3666893468578818,ptm,81,ptm-iwls-nuts,250,5000,742.187643289566,010j-ptm-iwls-nuts-ig1_005,20251213-150212,iwls-nuts,FALSE,1,0.005
1709.7570545488652,0.05353051395365738,8444.381354897287,0.8128396199474008,0.08686967507625375,0.9606,0.27115490610871357,ptm,81,ptm-iwls-nuts,500,5000,861.4813015460968,010j-ptm-iwls-nuts-ig1_005,20251213-150359,iwls-nuts,FALSE,0.01,0.01
836.0968538988598,0.24814101714348155,8811.257634759106,0.8676721576154404,0.1383524148672612,0.8224,0.342294063016671,ptm,82,ptm-iwls-nuts,250,5000,667.9104702472687,010j-ptm-iwls-nuts-ig1_005,20251213-150409,iwls-nuts,FALSE,0.01,0.01
1605.8736222192877,0.06943185248163875,7917.711811449894,0.7954141641240581,0.07713549006889202,0.9496,0.2372709703217872,ptm,82,ptm-iwls-nuts,500,5000,1007.2087769508362,010j-ptm-iwls-nuts-ig1_005,20251213-151006,iwls-nuts,FALSE,0.01,0.01
886.8082298224275,0.1298617733847382,8863.702758266692,0.8374020276636684,0.13207018163768097,0.9088,0.37998008754322055,ptm,83,ptm-iwls-nuts,250,5000,678.0298583507538,010j-ptm-iwls-nuts-ig1_005,20251213-150817,iwls-nuts,FALSE,0.01,0.01
1728.4710211302854,0.08244918469211295,8626.639814803566,0.7981932349926667,0.08804518685419568,0.9136,0.26524196406497996,ptm,83,ptm-iwls-nuts,500,5000,992.2732622623444,010j-ptm-iwls-nuts-ig1_005,20251213-151516,iwls-nuts,FALSE,1,0.005
870.3131302120673,0.15054659645323076,9066.867968496152,0.8627420233563969,0.1209812617280778,0.8924,0.34157183986533524,ptm,84,ptm-iwls-nuts,250,5000,699.395476102829,010j-ptm-iwls-nuts-ig1_005,20251213-151228,iwls-nuts,FALSE,1,0.005
1702.6507424787378,0.08439781562458015,8736.1240643529,0.8370580856993415,0.09240398892802217,0.8898,0.25706526644947686,ptm,84,ptm-iwls-nuts,500,5000,920.2575252056122,010j-ptm-iwls-nuts-ig1_005,20251213-151732,iwls-nuts,FALSE,0.01,0.01
889.8944690250628,0.1577329929034025,8997.886041359014,0.8604580875122245,0.13331027437378157,0.916,0.3763537577941031,ptm,85,ptm-iwls-nuts,250,5000,1002.9917216300964,010j-ptm-iwls-nuts-ig1_005,20251213-152011,iwls-nuts,FALSE,0.01,0.01
1765.310435568113,0.06782838806148134,8548.363017149408,0.8197099998260752,0.0949820462247978,0.9248,0.27995187665485666,ptm,85,ptm-iwls-nuts,500,5000,834.9122219085693,010j-ptm-iwls-nuts-ig1_005,20251213-151737,iwls-nuts,FALSE,0.01,0.01
866.2515537044134,0.13529581695974538,9001.839316478727,0.8567851802674217,0.13428684285696746,0.9008,0.375097968562239,ptm,86,ptm-iwls-nuts,250,5000,732.2437591552734,010j-ptm-iwls-nuts-ig1_005,20251213-151928,iwls-nuts,FALSE,0.01,0.01
1675.523231326792,0.08460458785300451,8748.383170945022,0.829437297425626,0.09932338953268066,0.8732,0.2719336560743143,ptm,86,ptm-iwls-nuts,500,5000,889.7140800952911,010j-ptm-iwls-nuts-ig1_005,20251213-152335,iwls-nuts,FALSE,0.01,0.01
843.8107029814788,0.14983088387469892,8796.229698563495,0.8524113687088549,0.11107467847210756,0.9486,0.33838055162312747,ptm,87,ptm-iwls-nuts,250,5000,786.2944810390472,010j-ptm-iwls-nuts-ig1_005,20251213-152353,iwls-nuts,FALSE,1,0.005
1633.0590856069994,0.08690740259488301,8481.612292164415,0.8350861396018171,0.07203137513199974,0.9266,0.2118439699871142,ptm,87,ptm-iwls-nuts,500,5000,1094.4982573986051,010j-ptm-iwls-nuts-ig1_005,20251213-152906,iwls-nuts,FALSE,1,0.005
819.3475526493831,0.15570704214534556,8520.123707311728,0.7849562201337518,0.12980769063915182,0.8732,0.36118358748360263,ptm,88,ptm-iwls-nuts,250,5000,1102.5563790798187,010j-ptm-iwls-nuts-ig1_005,20251213-153203,iwls-nuts,FALSE,1,0.005
1597.596842918594,0.1166848038541208,8325.012515855604,0.7523111772467116,0.09242630943518704,0.9214,0.2819538204070198,ptm,88,ptm-iwls-nuts,500,5000,1612.5165128707886,010j-ptm-iwls-nuts-ig1_005,20251213-154054,iwls-nuts,FALSE,0.01,0.01
784.5660244117447,0.10669360811816196,8214.095010365909,0.7820630964149505,0.11392585043616414,0.9462,0.3499954517461285,ptm,89,ptm-iwls-nuts,250,5000,625.2811086177826,010j-ptm-iwls-nuts-ig1_005,20251213-152722,iwls-nuts,FALSE,1,0.005
1527.367535073092,0.0745150245502443,8053.20209252632,0.7714443808349526,0.08872017081565803,0.9012,0.25413996628134344,ptm,89,ptm-iwls-nuts,500,5000,1291.5708045959473,010j-ptm-iwls-nuts-ig1_005,20251213-154146,iwls-nuts,FALSE,1,0.005
861.5123908928956,0.1103984485121326,8895.783853395664,0.8410924571167462,0.1190870387026928,0.9204,0.35442560307494125,ptm,90,ptm-iwls-nuts,250,5000,604.3939545154572,010j-ptm-iwls-nuts-ig1_005,20251213-153010,iwls-nuts,FALSE,1,0.005
1731.3179275173568,0.06673222718413888,8677.452746755693,0.8233971592560804,0.0927794745878423,0.9258,0.27581171060430043,ptm,90,ptm-iwls-nuts,500,5000,916.5032637119292,010j-ptm-iwls-nuts-ig1_005,20251213-153619,iwls-nuts,FALSE,0.01,0.01
698.5844203282182,0.18382965942730217,8470.115483670583,0.7648603431260889,0.12977623182004758,0.8778,0.36513675089652287,ptm,91,ptm-iwls-nuts,250,5000,688.2036895751953,010j-ptm-iwls-nuts-ig1_005,20251213-153648,iwls-nuts,FALSE,0.01,0.01
1418.5255998443763,0.15691437090180693,8335.539041043105,0.7439988537263806,0.08849027504794862,0.88,0.2540468883721249,ptm,91,ptm-iwls-nuts,500,5000,860.7895250320435,010j-ptm-iwls-nuts-ig1_005,20251213-153938,iwls-nuts,FALSE,1,0.005
907.2659907492576,0.12185435460846816,8898.861150843342,0.8460401798621046,0.12702101914041097,0.8944,0.3540515413560815,ptm,92,ptm-iwls-nuts,250,5000,778.7641704082489,010j-ptm-iwls-nuts-ig1_005,20251213-154144,iwls-nuts,FALSE,1,0.005
1780.7596242629609,0.05342325688612479,8556.705662231623,0.8038510236880713,0.09013981523623958,0.9416,0.2748160016699084,ptm,92,ptm-iwls-nuts,500,5000,914.4303305149078,010j-ptm-iwls-nuts-ig1_005,20251213-154317,iwls-nuts,FALSE,0.01,0.01
747.3672580529038,0.1767913124867384,8300.894169349092,0.8151017491631507,0.1257940008248019,0.9112,0.35215448935474053,ptm,93,ptm-iwls-nuts,250,5000,608.8226456642151,010j-ptm-iwls-nuts-ig1_005,20251213-154112,iwls-nuts,FALSE,0.01,0.01
1491.1099013801638,0.1282986102554536,8058.4306581926685,0.7960108469746255,0.09242142340949788,0.8672,0.24819921545079723,ptm,93,ptm-iwls-nuts,500,5000,950.4883584976196,010j-ptm-iwls-nuts-ig1_005,20251213-154650,iwls-nuts,FALSE,0.01,0.01
795.7348781286835,0.19735295152855117,8821.211483512356,0.8144081274660135,0.13958778508096556,0.8466,0.36536004782209663,ptm,94,ptm-iwls-nuts,250,5000,667.5442953109741,010j-ptm-iwls-nuts-ig1_005,20251213-154546,iwls-nuts,FALSE,0.01,0.01
1613.5249259400127,0.09421530654440118,8305.523258591607,0.7638884228396019,0.08732835759042869,0.899,0.2550060010698243,ptm,94,ptm-iwls-nuts,500,5000,874.3236215114594,010j-ptm-iwls-nuts-ig1_005,20251213-154904,iwls-nuts,FALSE,1,0.005
886.9934963395008,0.16308228446215986,8982.018563250802,0.8683592023419786,0.12096974101781244,0.9444,0.3706412576335385,ptm,95,ptm-iwls-nuts,250,5000,621.4848549365997,010j-ptm-iwls-nuts-ig1_005,20251213-154817,iwls-nuts,FALSE,0.01,0.01
1719.4924026248973,0.08611359622921394,8597.175122086071,0.8440369224093788,0.08565116855766086,0.9454,0.26218556799405346,ptm,95,ptm-iwls-nuts,500,5000,1041.2210052013395,010j-ptm-iwls-nuts-ig1_005,20251213-155550,iwls-nuts,FALSE,0.01,0.01
860.332155418811,0.13759865526782455,8437.494233838122,0.8050426587198961,0.1198871686914734,0.9234,0.35350079025461495,ptm,96,ptm-iwls-nuts,250,5000,565.3724753856659,010j-ptm-iwls-nuts-ig1_005,20251213-155155,iwls-nuts,FALSE,0.01,0.01
1664.118430884546,0.07985163450829236,8148.759130040462,0.7835642578137948,0.0908719183703826,0.9034,0.25798799150044477,ptm,96,ptm-iwls-nuts,500,5000,893.2158217430115,010j-ptm-iwls-nuts-ig1_005,20251213-160001,iwls-nuts,FALSE,0.01,0.01
772.6242552420422,0.1336300251840394,8384.026170376626,0.8003798949952526,0.14092115017498424,0.8696,0.3810585911193914,ptm,97,ptm-iwls-nuts,250,5000,612.8827846050262,010j-ptm-iwls-nuts-ig1_005,20251213-155517,iwls-nuts,FALSE,0.01,0.01
1573.6823139810222,0.07360563929171757,8083.904240915019,0.7658120236489038,0.09756516642610984,0.9016,0.2794470009582682,ptm,97,ptm-iwls-nuts,500,5000,913.246651172638,010j-ptm-iwls-nuts-ig1_005,20251213-160123,iwls-nuts,FALSE,0.01,0.01
830.0038574235103,0.16725228087573474,8192.605648432474,0.7840972013366546,0.1319231662633544,0.9028,0.3846398334228154,ptm,98,ptm-iwls-nuts,250,5000,675.4052164554596,010j-ptm-iwls-nuts-ig1_005,20251213-160013,iwls-nuts,FALSE,0.01,0.01
1514.2231399050315,0.10622670843975932,7887.477786252597,0.7580378167969105,0.09159162203626094,0.8868,0.262149747541494,ptm,98,ptm-iwls-nuts,500,5000,943.0454771518708,010j-ptm-iwls-nuts-ig1_005,20251213-160441,iwls-nuts,FALSE,0.01,0.01
875.181086920756,0.1552951057676206,9179.648602458105,0.8743428791289777,0.13042774246337402,0.8688,0.35434108080222604,ptm,99,ptm-iwls-nuts,250,5000,652.0707020759583,010j-ptm-iwls-nuts-ig1_005,20251213-160132,iwls-nuts,FALSE,0.01,0.01
1735.2484088016574,0.07389871836000307,8772.666665420014,0.8246275512051915,0.09541840233169777,0.9048,0.2759261380956026,ptm,99,ptm-iwls-nuts,500,5000,1149.1184418201449,010j-ptm-iwls-nuts-ig1_005,20251213-161236,iwls-nuts,FALSE,0.01,0.01
830.1333557439475,0.08376464875304905,8347.458529728745,0.7755438271676297,0.11752571000074288,0.9758,0.38152042088212473,ptm,100,ptm-iwls-nuts,250,5000,765.8393201828003,010j-ptm-iwls-nuts-ig1_005,20251213-160908,iwls-nuts,FALSE,0.01,0.01
1611.130446044544,0.07797370562084063,8318.503814067704,0.7704101441070199,0.09305688161409852,0.903,0.2725699777500415,ptm,100,ptm-iwls-nuts,500,5000,989.6208362579346,010j-ptm-iwls-nuts-ig1_005,20251213-161153,iwls-nuts,FALSE,0.01,0.01
862.9435069724857,0.17552982921484786,8839.424712090238,0.8433648976199271,0.13312511763856252,0.88,0.3615716699195601,skewnorm,1,ptm-iwls-nuts,250,5000,592.3595323562622,010j-ptm-iwls-nuts-ig1_005,20251213-101229,iwls-nuts,FALSE,0.01,0.01
1712.106561925768,0.08925329672927416,8408.04204966237,0.8051660308793223,0.09492772341345264,0.9046,0.2710724728914669,skewnorm,1,ptm-iwls-nuts,500,5000,898.8155634403229,010j-ptm-iwls-nuts-ig1_005,20251213-101725,iwls-nuts,FALSE,0.01,0.01
836.581121606269,0.18668188372703473,8999.494762789174,0.8625508275101169,0.12320284446848274,0.9156,0.35114188276367775,skewnorm,2,ptm-iwls-nuts,250,5000,757.3189058303833,010j-ptm-iwls-nuts-ig1_005,20251213-101519,iwls-nuts,FALSE,0.01,0.01
1670.438177039132,0.0686365492094551,8409.268090201274,0.819856195568427,0.08770556835593898,0.9468,0.2688599980097805,skewnorm,2,ptm-iwls-nuts,500,5000,905.474995136261,010j-ptm-iwls-nuts-ig1_005,20251213-101747,iwls-nuts,FALSE,0.01,0.01
856.2837701649362,0.18986964251428803,9031.60003206644,0.8682239666962607,0.13357145527421985,0.8964,0.3634534250927,skewnorm,3,ptm-iwls-nuts,250,5000,660.2943201065063,010j-ptm-iwls-nuts-ig1_005,20251213-102717,iwls-nuts,FALSE,0.01,0.01
1671.3269509990118,0.06393627376494508,8401.933188319726,0.8169189091741993,0.08511645582691667,0.9642,0.27350227983268605,skewnorm,3,ptm-iwls-nuts,500,5000,852.3317136764526,010j-ptm-iwls-nuts-ig1_005,20251213-103137,iwls-nuts,FALSE,0.01,0.01
811.4403186681849,0.14503417589613046,8737.052792790653,0.8314975925297046,0.12848520457255844,0.904,0.3619618111234905,skewnorm,4,ptm-iwls-nuts,250,5000,654.1535482406616,010j-ptm-iwls-nuts-ig1_005,20251213-103331,iwls-nuts,FALSE,0.01,0.01
1614.076148844188,0.0780108580928715,8401.936203774358,0.8060154802501077,0.0914490354631802,0.9122,0.2616167800758202,skewnorm,4,ptm-iwls-nuts,500,5000,859.6983337402344,010j-ptm-iwls-nuts-ig1_005,20251213-103924,iwls-nuts,FALSE,0.01,0.01
833.0827968659893,0.14641152988653625,8796.04041409268,0.8601957345519939,0.13064739839311806,0.8748,0.3624044519184283,skewnorm,5,ptm-iwls-nuts,250,5000,831.1791958808899,010j-ptm-iwls-nuts-ig1_005,20251213-104335,iwls-nuts,FALSE,0.01,0.01
1625.5293774042914,0.09763850107425394,8552.175270031268,0.8374140291434837,0.0987131637161818,0.7942,0.2415489267581006,skewnorm,5,ptm-iwls-nuts,500,5000,946.9025990962982,010j-ptm-iwls-nuts-ig1_005,20251213-104451,iwls-nuts,FALSE,1,0.005
879.5013496290162,0.18213871699364045,8919.187069468202,0.8479207859313727,0.13069927309438298,0.9162,0.3800668588801,skewnorm,6,ptm-iwls-nuts,250,5000,775.8280143737793,010j-ptm-iwls-nuts-ig1_005,20251213-104430,iwls-nuts,FALSE,0.01,0.01
1682.193271474329,0.09431678681145848,8480.077418557294,0.8149580301756726,0.09423958600835548,0.9092,0.27216781921559013,skewnorm,6,ptm-iwls-nuts,500,5000,881.3107419013977,010j-ptm-iwls-nuts-ig1_005,20251213-104634,iwls-nuts,FALSE,0.01,0.01
855.0705163357947,0.16273152640480243,8804.899662182012,0.8491884151862656,0.13407389115285875,0.885,0.37293633066954907,skewnorm,7,ptm-iwls-nuts,250,5000,651.7680265903473,010j-ptm-iwls-nuts-ig1_005,20251213-104841,iwls-nuts,FALSE,0.01,0.01
1657.721934376002,0.06314115479093825,8306.947804112691,0.8049877846031099,0.08455875829549232,0.9726,0.2712250229510449,skewnorm,7,ptm-iwls-nuts,500,5000,883.3778946399689,010j-ptm-iwls-nuts-ig1_005,20251213-105229,iwls-nuts,FALSE,0.01,0.01
852.6830493859273,0.112784644410122,8625.68627409661,0.8354316513316237,0.11895068424243892,0.9468,0.3545193437765921,skewnorm,8,ptm-iwls-nuts,250,5000,641.6609811782837,010j-ptm-iwls-nuts-ig1_005,20251213-105300,iwls-nuts,FALSE,0.01,0.01
1663.3069405225033,0.06010740504316124,8362.300077261807,0.8098228105163636,0.08109444779819927,0.9502,0.25192882065415745,skewnorm,8,ptm-iwls-nuts,500,5000,957.386433839798,010j-ptm-iwls-nuts-ig1_005,20251213-105807,iwls-nuts,FALSE,1,0.005
852.4335191241097,0.1758335060150137,8871.102992545068,0.8383243925238807,0.12897213814412914,0.9032,0.37612298768918245,skewnorm,9,ptm-iwls-nuts,250,5000,652.5266745090485,010j-ptm-iwls-nuts-ig1_005,20251213-105541,iwls-nuts,FALSE,0.01,0.01
1655.4360836185049,0.07001294670350829,8342.00019598754,0.8036075055464877,0.08986507380700105,0.9398,0.27103528446781083,skewnorm,9,ptm-iwls-nuts,500,5000,948.756334543228,010j-ptm-iwls-nuts-ig1_005,20251213-110117,iwls-nuts,FALSE,0.01,0.01
825.602218559002,0.14736372592140656,8674.531876667033,0.8240989679621745,0.1262986608875731,0.915,0.3660954000252792,skewnorm,10,ptm-iwls-nuts,250,5000,833.2212462425232,010j-ptm-iwls-nuts-ig1_005,20251213-105823,iwls-nuts,FALSE,0.01,0.01
1593.1154337918233,0.09695742369694944,8422.500365544747,0.8006072341445651,0.09889937204067968,0.8616,0.2676296410317075,skewnorm,10,ptm-iwls-nuts,500,5000,960.2721753120422,010j-ptm-iwls-nuts-ig1_005,20251213-110134,iwls-nuts,FALSE,0.01,0.01
827.4126579238125,0.17966094246568212,8895.00097108341,0.8365623051148714,0.13082124539466253,0.8956,0.35790041473628476,skewnorm,11,ptm-iwls-nuts,250,5000,689.3461787700653,010j-ptm-iwls-nuts-ig1_005,20251213-110017,iwls-nuts,FALSE,0.01,0.01
1658.3991740400477,0.06801046420497689,8336.748579779885,0.8004035257209681,0.09349344428568496,0.9064,0.2682973742275488,skewnorm,11,ptm-iwls-nuts,500,5000,914.284508228302,010j-ptm-iwls-nuts-ig1_005,20251213-110359,iwls-nuts,FALSE,0.01,0.01
811.4373046979131,0.10236844110932795,8571.16574663664,0.8319639430054282,0.1189084637204944,0.9438,0.3635534015257958,skewnorm,12,ptm-iwls-nuts,250,5000,603.1647412776947,010j-ptm-iwls-nuts-ig1_005,20251213-110309,iwls-nuts,FALSE,0.01,0.01
1659.1740990811554,0.05868036457900879,8352.725363985046,0.8099290685986463,0.08275366811727618,0.9596,0.26107618805074534,skewnorm,12,ptm-iwls-nuts,500,5000,917.7973883152008,010j-ptm-iwls-nuts-ig1_005,20251213-110819,iwls-nuts,FALSE,0.01,0.01
895.6201389367222,0.12088080585321942,8633.640664656097,0.8318760048088553,0.12016832626321404,0.9494,0.363698678758792,skewnorm,13,ptm-iwls-nuts,250,5000,619.4777569770813,010j-ptm-iwls-nuts-ig1_005,20251213-110630,iwls-nuts,FALSE,1,0.005
1663.100573340625,0.07814131560011121,8419.943213390556,0.8085383895334696,0.08637081949101737,0.8988,0.24813373689461893,skewnorm,13,ptm-iwls-nuts,500,5000,986.874929189682,010j-ptm-iwls-nuts-ig1_005,20251213-111238,iwls-nuts,FALSE,1,0.005
888.2431471391502,0.14948672033189278,8775.026268830465,0.8452795366042327,0.1208937315898174,0.9366,0.35721402705840244,skewnorm,14,ptm-iwls-nuts,250,5000,624.5222060680389,010j-ptm-iwls-nuts-ig1_005,20251213-111119,iwls-nuts,FALSE,1,0.005
1734.735667822185,0.07295069810420005,8392.346157692,0.8122003290450367,0.08875674832967922,0.963,0.2799242498304504,skewnorm,14,ptm-iwls-nuts,500,5000,879.6301250457764,010j-ptm-iwls-nuts-ig1_005,20251213-111626,iwls-nuts,FALSE,0.01,0.01
832.7280692291216,0.09879017782182078,8562.669259824104,0.8280014279271516,0.10861458311177778,0.9556,0.33466422682361224,skewnorm,15,ptm-iwls-nuts,250,5000,601.6872172355652,010j-ptm-iwls-nuts-ig1_005,20251213-111450,iwls-nuts,FALSE,1,0.005
1673.892847806736,0.06054844532055365,8371.46059731777,0.8169840230260444,0.08342917288309246,0.9448,0.255662618514451,skewnorm,15,ptm-iwls-nuts,500,5000,955.1309163570404,010j-ptm-iwls-nuts-ig1_005,20251213-112036,iwls-nuts,FALSE,0.01,0.01
810.2664622734219,0.1659283453933731,8832.849114016864,0.8406824177519039,0.125505912306851,0.8714,0.3330493285806017,skewnorm,16,ptm-iwls-nuts,250,5000,583.2788770198822,010j-ptm-iwls-nuts-ig1_005,20251213-111625,iwls-nuts,FALSE,1,0.005
1630.2022409500998,0.11311661031682411,8568.79043863412,0.8112229636365665,0.09482461998414672,0.8456,0.2488170998995484,skewnorm,16,ptm-iwls-nuts,500,5000,880.5661962032318,010j-ptm-iwls-nuts-ig1_005,20251213-112127,iwls-nuts,FALSE,1,0.005
856.5205575591048,0.21248731261551648,9027.126593351582,0.8586853208277088,0.1389971156195285,0.8708,0.37416633857108333,skewnorm,17,ptm-iwls-nuts,250,5000,710.6197452545166,010j-ptm-iwls-nuts-ig1_005,20251213-112251,iwls-nuts,FALSE,0.01,0.01
1676.024969197273,0.08201301006648135,8374.755080606406,0.808229412368189,0.09016206681090136,0.893,0.25791949844335477,skewnorm,17,ptm-iwls-nuts,500,5000,926.6729900836943,010j-ptm-iwls-nuts-ig1_005,20251213-112608,iwls-nuts,FALSE,1,0.005
893.9280115647732,0.15568065933829214,8779.029754482463,0.8498705863479933,0.13565766915057798,0.9178,0.38569220894697054,skewnorm,18,ptm-iwls-nuts,250,5000,585.1481010913849,010j-ptm-iwls-nuts-ig1_005,20251213-112136,iwls-nuts,FALSE,0.01,0.01
1719.1144273046532,0.06004986556455195,8300.87578561376,0.8008526964890927,0.08158811030977522,0.9636,0.26145521183659787,skewnorm,18,ptm-iwls-nuts,500,5000,1094.8558239936829,010j-ptm-iwls-nuts-ig1_005,20251213-113135,iwls-nuts,FALSE,1,0.005
801.6252711538086,0.13516343805973735,8714.021553550687,0.8339749153805966,0.11671561744749108,0.8696,0.3169329034024582,skewnorm,19,ptm-iwls-nuts,250,5000,623.6480929851532,010j-ptm-iwls-nuts-ig1_005,20251213-112721,iwls-nuts,FALSE,1,0.005
1620.0429982416183,0.08118816614065726,8444.145193955286,0.8114226702945062,0.08788654524122053,0.8726,0.24513494467755503,skewnorm,19,ptm-iwls-nuts,500,5000,909.7252669334412,010j-ptm-iwls-nuts-ig1_005,20251213-113203,iwls-nuts,FALSE,1,0.005
831.9966873474508,0.1250115554064227,8523.462436732114,0.8080246301768986,0.1272574341217078,0.906,0.3592468932139006,skewnorm,20,ptm-iwls-nuts,250,5000,1001.7282235622406,010j-ptm-iwls-nuts-ig1_005,20251213-113744,iwls-nuts,FALSE,1,0.005
1672.7771278724704,0.05903379849021753,8193.573652151088,0.7849070047185616,0.0875561335598781,0.9442,0.2707688984309737,skewnorm,20,ptm-iwls-nuts,500,5000,945.6964771747588,010j-ptm-iwls-nuts-ig1_005,20251213-113652,iwls-nuts,FALSE,0.01,0.01
858.3086225622498,0.10556849629405396,8603.86121173927,0.836008389807102,0.11943224999916288,0.9646,0.376075506922764,skewnorm,21,ptm-iwls-nuts,250,5000,661.4394760131836,010j-ptm-iwls-nuts-ig1_005,20251213-113648,iwls-nuts,FALSE,0.01,0.01
1639.7889379348037,0.07906472728836242,8471.342366710813,0.8275832574684217,0.08544596078735896,0.8826,0.241799232589988,skewnorm,21,ptm-iwls-nuts,500,5000,918.200911283493,010j-ptm-iwls-nuts-ig1_005,20251213-114031,iwls-nuts,FALSE,1,0.005
846.2408895590772,0.14268906191573316,8672.965513888666,0.8402975436717776,0.12885449188625264,0.902,0.36890663528149426,skewnorm,22,ptm-iwls-nuts,250,5000,638.2674007415771,010j-ptm-iwls-nuts-ig1_005,20251213-113817,iwls-nuts,FALSE,0.01,0.01
1694.3875769555088,0.07874245477486905,8353.232478184345,0.8036160697767949,0.08982776257044846,0.923,0.2676766979595296,skewnorm,22,ptm-iwls-nuts,500,5000,908.1811046600342,010j-ptm-iwls-nuts-ig1_005,20251213-114352,iwls-nuts,FALSE,0.01,0.01
865.3004001006758,0.11305225674523074,8523.322714009153,0.8150581133478931,0.12180706128647796,0.9682,0.3829250127458091,skewnorm,23,ptm-iwls-nuts,250,5000,583.5048072338104,010j-ptm-iwls-nuts-ig1_005,20251213-113959,iwls-nuts,FALSE,0.01,0.01
1658.9274345718811,0.07762758786071887,8346.199369586595,0.8039821419408882,0.09287596856062512,0.8982,0.26514432832390367,skewnorm,23,ptm-iwls-nuts,500,5000,900.9288103580476,010j-ptm-iwls-nuts-ig1_005,20251213-114526,iwls-nuts,FALSE,0.01,0.01
876.6895432153445,0.1078801736051511,8543.728293205755,0.8198464673116185,0.118602024918422,0.9342,0.3577517054649325,skewnorm,24,ptm-iwls-nuts,250,5000,1036.508062839508,010j-ptm-iwls-nuts-ig1_005,20251213-115128,iwls-nuts,FALSE,1,0.005
1647.1227633613323,0.06007706351359054,8304.71274274795,0.8013871791691837,0.08542642509413957,0.88,0.24336555928857964,skewnorm,24,ptm-iwls-nuts,500,5000,1044.692270278931,010j-ptm-iwls-nuts-ig1_005,20251213-115140,iwls-nuts,FALSE,1,0.005
827.1778547381648,0.11613649340243017,8540.26448163215,0.8130288792088084,0.12002683168626964,0.9634,0.36671511460021927,skewnorm,25,ptm-iwls-nuts,250,5000,910.2883865833282,010j-ptm-iwls-nuts-ig1_005,20251213-115236,iwls-nuts,FALSE,0.01,0.01
1579.508385279281,0.07880220204950336,8353.593024867518,0.7991871256687131,0.09099548447322273,0.8456,0.24363104177733216,skewnorm,25,ptm-iwls-nuts,500,5000,911.9444272518158,010j-ptm-iwls-nuts-ig1_005,20251213-115241,iwls-nuts,FALSE,1,0.005
831.0360724907125,0.1571398449931073,8754.905263545537,0.8346684889415663,0.13033126761444963,0.8808,0.35636891161167833,skewnorm,26,ptm-iwls-nuts,250,5000,586.97563123703,010j-ptm-iwls-nuts-ig1_005,20251213-115125,iwls-nuts,FALSE,0.01,0.01
1727.7714812771385,0.07989834278208763,8368.697752490436,0.8052358001006166,0.09092997547276252,0.9302,0.27128453493372146,skewnorm,26,ptm-iwls-nuts,500,5000,948.7263207435608,010j-ptm-iwls-nuts-ig1_005,20251213-115659,iwls-nuts,FALSE,0.01,0.01
881.2137949897401,0.18634666338283573,8951.920669314179,0.8726607969940601,0.1359716054470453,0.877,0.370146327731371,skewnorm,27,ptm-iwls-nuts,250,5000,620.420866727829,010j-ptm-iwls-nuts-ig1_005,20251213-115542,iwls-nuts,FALSE,0.01,0.01
1660.6088800287307,0.08261706947041562,8433.272699752079,0.8133520736725307,0.08690319440138157,0.9202,0.2540736129037035,skewnorm,27,ptm-iwls-nuts,500,5000,895.5387825965881,010j-ptm-iwls-nuts-ig1_005,20251213-120035,iwls-nuts,FALSE,0.01,0.01
849.8361241567278,0.20552186385969717,8953.339862403485,0.8594620831800344,0.14397859764907625,0.8396,0.3716878502788852,skewnorm,28,ptm-iwls-nuts,250,5000,776.9802882671356,010j-ptm-iwls-nuts-ig1_005,20251213-115913,iwls-nuts,FALSE,0.01,0.01
1602.3685629185647,0.09562144665267812,8403.83777636839,0.812208287491214,0.09680797308020922,0.865,0.258980344121263,skewnorm,28,ptm-iwls-nuts,500,5000,867.2067284584045,010j-ptm-iwls-nuts-ig1_005,20251213-120134,iwls-nuts,FALSE,0.01,0.01
897.5372856678326,0.13641372168287064,8684.344062642354,0.8345382229720819,0.12285645401775294,0.9002,0.343671418690967,skewnorm,29,ptm-iwls-nuts,250,5000,586.6776514053345,010j-ptm-iwls-nuts-ig1_005,20251213-120006,iwls-nuts,FALSE,1,0.005
1731.8413425240365,0.06608873257388682,8332.719117097435,0.8013515255401514,0.08704037796562787,0.9522,0.2712861037214681,skewnorm,29,ptm-iwls-nuts,500,5000,889.3670582771301,010j-ptm-iwls-nuts-ig1_005,20251213-120602,iwls-nuts,FALSE,0.01,0.01
877.735051710805,0.15810956927482206,8749.220200304111,0.8343656293246308,0.1301831895386964,0.8606,0.3518757647421405,skewnorm,30,ptm-iwls-nuts,250,5000,788.4935040473938,010j-ptm-iwls-nuts-ig1_005,20251213-120810,iwls-nuts,FALSE,1,0.005
1696.284105727548,0.078083650737625,8349.090607618124,0.8008750123041056,0.09152435661589184,0.9106,0.25870109238037614,skewnorm,30,ptm-iwls-nuts,500,5000,892.7455620765686,010j-ptm-iwls-nuts-ig1_005,20251213-120953,iwls-nuts,FALSE,1,0.005
869.1056591519973,0.12890712954945455,8531.090876337272,0.8085150131891775,0.12637257738416444,0.924,0.3717756488273759,skewnorm,31,ptm-iwls-nuts,250,5000,599.4165098667145,010j-ptm-iwls-nuts-ig1_005,20251213-120922,iwls-nuts,FALSE,0.01,0.01
1704.610324817911,0.05280622202245162,8150.586338702257,0.7756854454852486,0.08428212259227412,0.9196,0.2548821191227058,skewnorm,31,ptm-iwls-nuts,500,5000,954.5181984901428,010j-ptm-iwls-nuts-ig1_005,20251213-121604,iwls-nuts,FALSE,1,0.005
788.9506033764793,0.19449794169330223,9024.60708188251,0.8534687057169961,0.12478273224824787,0.8814,0.3498338557743414,skewnorm,32,ptm-iwls-nuts,250,5000,710.4409034252167,010j-ptm-iwls-nuts-ig1_005,20251213-121423,iwls-nuts,FALSE,0.01,0.01
1607.3473472738365,0.07976427145642623,8450.93873069813,0.8228006074826059,0.08780438290329011,0.8716,0.24398454613350837,skewnorm,32,ptm-iwls-nuts,500,5000,864.7243127822876,010j-ptm-iwls-nuts-ig1_005,20251213-121630,iwls-nuts,FALSE,1,0.005
831.8569293026808,0.13719623275009582,8749.48377754548,0.8445121761167422,0.13001780246943115,0.885,0.3564464449290901,skewnorm,33,ptm-iwls-nuts,250,5000,619.7438685894012,010j-ptm-iwls-nuts-ig1_005,20251213-121601,iwls-nuts,FALSE,0.01,0.01
1673.1696562180086,0.04336922552808574,8280.34874143543,0.8049223854394587,0.08125053133456234,0.9446,0.24985514569923967,skewnorm,33,ptm-iwls-nuts,500,5000,994.422352552414,010j-ptm-iwls-nuts-ig1_005,20251213-122158,iwls-nuts,FALSE,1,0.005
844.4381046739277,0.1482342927152406,8683.139753616204,0.827466661922668,0.13131642994786963,0.8862,0.36100835031091955,skewnorm,34,ptm-iwls-nuts,250,5000,560.4164202213287,010j-ptm-iwls-nuts-ig1_005,20251213-121857,iwls-nuts,FALSE,0.01,0.01
1635.5783940979895,0.06579901230008407,8270.96335154042,0.7912075786779645,0.08825898346441965,0.895,0.24961495938182823,skewnorm,34,ptm-iwls-nuts,500,5000,894.7238848209381,010j-ptm-iwls-nuts-ig1_005,20251213-122459,iwls-nuts,FALSE,1,0.005
856.9226727047485,0.13721724342331354,8726.430326986567,0.8556008841386502,0.12279956954844856,0.8898,0.34338035478552226,skewnorm,35,ptm-iwls-nuts,250,5000,612.3971791267395,010j-ptm-iwls-nuts-ig1_005,20251213-122126,iwls-nuts,FALSE,1,0.005
1717.229693845761,0.11280142374719408,8604.35122860597,0.8429787397803825,0.10214751873626617,0.8534,0.2659305527808959,skewnorm,35,ptm-iwls-nuts,500,5000,973.1705355644226,010j-ptm-iwls-nuts-ig1_005,20251213-122718,iwls-nuts,FALSE,0.01,0.01
850.5575772871659,0.13718319032208984,8752.703677265448,0.8468500876131102,0.13019754363389205,0.9218,0.3815955418210039,skewnorm,36,ptm-iwls-nuts,250,5000,667.7630679607391,010j-ptm-iwls-nuts-ig1_005,20251213-122601,iwls-nuts,FALSE,0.01,0.01
1654.8938023669743,0.07486463106435602,8441.11088097678,0.8232868835148253,0.0926472052966346,0.9058,0.269626892138388,skewnorm,36,ptm-iwls-nuts,500,5000,896.7380316257477,010j-ptm-iwls-nuts-ig1_005,20251213-123047,iwls-nuts,FALSE,0.01,0.01
855.047845283344,0.15461603411809735,8765.598436970487,0.83228240758714,0.11775122722736212,0.9008,0.3356669659166993,skewnorm,37,ptm-iwls-nuts,250,5000,607.9826571941376,010j-ptm-iwls-nuts-ig1_005,20251213-122933,iwls-nuts,FALSE,0.01,0.01
1672.9470482616898,0.04933421293018772,8239.189331030939,0.7910448619520937,0.077118826356362,0.9726,0.2545189752147792,skewnorm,37,ptm-iwls-nuts,500,5000,880.7409348487854,010j-ptm-iwls-nuts-ig1_005,20251213-123407,iwls-nuts,FALSE,1,0.005
831.699993736281,0.12537104337498792,8575.832533294939,0.8289263424079393,0.12210589396411828,0.8946,0.34747930611397726,skewnorm,38,ptm-iwls-nuts,250,5000,720.4487891197205,010j-ptm-iwls-nuts-ig1_005,20251213-123530,iwls-nuts,FALSE,1,0.005
1613.3931034065013,0.07909805890766007,8344.4676109583,0.8013806277721809,0.08865964676870687,0.8876,0.25128255299826885,skewnorm,38,ptm-iwls-nuts,500,5000,976.1256940364838,010j-ptm-iwls-nuts-ig1_005,20251213-123903,iwls-nuts,FALSE,1,0.005
843.916059024457,0.1492334037673608,8723.195837340803,0.8226970038277379,0.11526897891987876,0.9364,0.3486668337911752,skewnorm,39,ptm-iwls-nuts,250,5000,799.0765752792358,010j-ptm-iwls-nuts-ig1_005,20251213-123910,iwls-nuts,FALSE,1,0.005
1634.1131983665125,0.07733128536905755,8363.685245349288,0.8047137737569164,0.08588065463655467,0.91,0.25329648941233207,skewnorm,39,ptm-iwls-nuts,500,5000,980.5078268051147,010j-ptm-iwls-nuts-ig1_005,20251213-124208,iwls-nuts,FALSE,1,0.005
846.8172029890864,0.1452623667148178,8761.02878851409,0.8260617347590742,0.1208168527306966,0.9488,0.3736544016559649,skewnorm,40,ptm-iwls-nuts,250,5000,697.9189729690552,010j-ptm-iwls-nuts-ig1_005,20251213-123945,iwls-nuts,FALSE,0.01,0.01
1621.5700624633114,0.07632309616854151,8416.332435782708,0.8052977248165578,0.08512808774009568,0.9084,0.2517143139472449,skewnorm,40,ptm-iwls-nuts,500,5000,878.9027569293976,010j-ptm-iwls-nuts-ig1_005,20251213-124355,iwls-nuts,FALSE,1,0.005
856.7357403464644,0.12515210809306845,8612.92664297534,0.8254174153178704,0.11917182827468362,0.9386,0.3614933411271036,skewnorm,41,ptm-iwls-nuts,250,5000,695.3675847053528,010j-ptm-iwls-nuts-ig1_005,20251213-124347,iwls-nuts,FALSE,1,0.005
1676.9779703915308,0.08081482118417857,8391.240208430894,0.8029592811513518,0.0917008460707664,0.9302,0.27597967624846426,skewnorm,41,ptm-iwls-nuts,500,5000,860.34081864357,010j-ptm-iwls-nuts-ig1_005,20251213-124645,iwls-nuts,FALSE,0.01,0.01
823.9957182933986,0.12786749552930382,8750.32952740252,0.8487623814524967,0.12531631119986048,0.9248,0.36397544916535096,skewnorm,42,ptm-iwls-nuts,250,5000,616.3713438510895,010j-ptm-iwls-nuts-ig1_005,20251213-124443,iwls-nuts,FALSE,0.01,0.01
1656.9950435002952,0.07312356930536276,8476.609896282815,0.819843157041722,0.08661777643103953,0.9304,0.2575742220820304,skewnorm,42,ptm-iwls-nuts,500,5000,913.6431505680084,010j-ptm-iwls-nuts-ig1_005,20251213-125002,iwls-nuts,FALSE,1,0.005
842.1860664999427,0.10744551367538133,8543.122929324907,0.8152576944608563,0.11105509692234704,0.949,0.34073845935030506,skewnorm,43,ptm-iwls-nuts,250,5000,595.3469069004059,010j-ptm-iwls-nuts-ig1_005,20251213-124848,iwls-nuts,FALSE,1,0.005
1689.2555218467344,0.05922505337547827,8302.02062782539,0.7946359419217414,0.08067715280282707,0.9576,0.25200612955778745,skewnorm,43,ptm-iwls-nuts,500,5000,897.7931871414185,010j-ptm-iwls-nuts-ig1_005,20251213-125336,iwls-nuts,FALSE,1,0.005
843.9269267569425,0.14645201700964117,8798.213962028205,0.8577760073081494,0.1307131102958386,0.8732,0.3558920334753263,skewnorm,44,ptm-iwls-nuts,250,5000,604.2765188217163,010j-ptm-iwls-nuts-ig1_005,20251213-125321,iwls-nuts,FALSE,0.01,0.01
1616.136553878177,0.07693084597627621,8450.608106861382,0.8203882082551187,0.09014605952115567,0.8538,0.24052650750557747,skewnorm,44,ptm-iwls-nuts,500,5000,1017.8251991271972,010j-ptm-iwls-nuts-ig1_005,20251213-130109,iwls-nuts,FALSE,1,0.005
871.944151134627,0.10631122199704351,8558.701058355218,0.8256966385263123,0.11284984292666124,0.9438,0.34446927733633087,skewnorm,45,ptm-iwls-nuts,250,5000,587.3024461269379,010j-ptm-iwls-nuts-ig1_005,20251213-125637,iwls-nuts,FALSE,1,0.005
1729.0898011878835,0.05515044625703214,8302.897179655161,0.8084115878880265,0.080137701887252,0.9484,0.25213685797386187,skewnorm,45,ptm-iwls-nuts,500,5000,959.3026189804076,010j-ptm-iwls-nuts-ig1_005,20251213-130255,iwls-nuts,FALSE,1,0.005
849.1582557290593,0.10169819814541028,8565.706543380053,0.8210104934283714,0.1123814225367539,0.9582,0.3428616783428612,skewnorm,46,ptm-iwls-nuts,250,5000,575.0332431793213,010j-ptm-iwls-nuts-ig1_005,20251213-125925,iwls-nuts,FALSE,1,0.005
1650.556962915467,0.07778030907756142,8446.117098040808,0.8076709552123172,0.08796164882587595,0.8918,0.2484816119587631,skewnorm,46,ptm-iwls-nuts,500,5000,963.888888835907,010j-ptm-iwls-nuts-ig1_005,20251213-130701,iwls-nuts,FALSE,0.01,0.01
859.7836625454239,0.11472689246989376,8636.395192609469,0.8336643187534692,0.12110039935156997,0.9428,0.3689015352668142,skewnorm,47,ptm-iwls-nuts,250,5000,621.4976694583893,010j-ptm-iwls-nuts-ig1_005,20251213-130238,iwls-nuts,FALSE,0.01,0.01
1687.7023502708762,0.06570475782433101,8391.284519381654,0.8089062524179952,0.08659830443610833,0.9162,0.25711894823357206,skewnorm,47,ptm-iwls-nuts,500,5000,943.515067577362,010j-ptm-iwls-nuts-ig1_005,20251213-130749,iwls-nuts,FALSE,0.01,0.01
819.3693287850958,0.13572362789724285,8724.759314672214,0.8421166862932724,0.1266015568798781,0.9392,0.3816035339902863,skewnorm,48,ptm-iwls-nuts,250,5000,1031.8453040122986,010j-ptm-iwls-nuts-ig1_005,20251213-131244,iwls-nuts,FALSE,0.01,0.01
1611.380784835313,0.065701232043772,8374.647335404861,0.8154175697088276,0.08577574935219807,0.9276,0.25807946405280485,skewnorm,48,ptm-iwls-nuts,500,5000,936.8866465091704,010j-ptm-iwls-nuts-ig1_005,20251213-131255,iwls-nuts,FALSE,0.01,0.01
888.4390769109497,0.1211856444352648,8668.472200910324,0.8379036124790595,0.12464615456795186,0.9364,0.3702264521450594,skewnorm,49,ptm-iwls-nuts,250,5000,589.2940995693207,010j-ptm-iwls-nuts-ig1_005,20251213-130910,iwls-nuts,FALSE,0.01,0.01
1667.3155624409055,0.06762941778686911,8400.691067668346,0.8101722829205321,0.08174002470992543,0.9124,0.2430469140927516,skewnorm,49,ptm-iwls-nuts,500,5000,926.7672836780548,010j-ptm-iwls-nuts-ig1_005,20251213-131443,iwls-nuts,FALSE,1,0.005
865.4385142917555,0.13318666325989498,8572.944089394474,0.803492857904348,0.1134484717607676,0.9706,0.37461400146786583,skewnorm,50,ptm-iwls-nuts,250,5000,648.147789478302,010j-ptm-iwls-nuts-ig1_005,20251213-131402,iwls-nuts,FALSE,0.01,0.01
1678.6414338531845,0.06780311848443518,8246.026365517175,0.7931412684625727,0.0838775425212816,0.966,0.2699536590624522,skewnorm,50,ptm-iwls-nuts,500,5000,921.7426447868348,010j-ptm-iwls-nuts-ig1_005,20251213-131844,iwls-nuts,FALSE,0.01,0.01
828.9601630129118,0.10609456578312051,8584.244676559603,0.8262035566478629,0.11493474331568695,0.961,0.35580086317913845,skewnorm,51,ptm-iwls-nuts,250,5000,595.6013796329498,010j-ptm-iwls-nuts-ig1_005,20251213-131645,iwls-nuts,FALSE,0.01,0.01
1666.7934446243269,0.05586844259703177,8333.114060629157,0.8104700464876771,0.08211990811986557,0.9486,0.2497310988513458,skewnorm,51,ptm-iwls-nuts,500,5000,892.5800063610077,010j-ptm-iwls-nuts-ig1_005,20251213-132238,iwls-nuts,FALSE,1,0.005
864.6721998737388,0.15087675558439795,8623.644381506989,0.8268139636975812,0.1304300494808619,0.8798,0.3645837534139786,skewnorm,52,ptm-iwls-nuts,250,5000,620.2716662883759,010j-ptm-iwls-nuts-ig1_005,20251213-132145,iwls-nuts,FALSE,0.01,0.01
1734.6259747193908,0.06058764402595125,8172.198823714756,0.7755695823318544,0.08201064233650897,0.9752,0.2718606379965574,skewnorm,52,ptm-iwls-nuts,500,5000,870.4334349632263,010j-ptm-iwls-nuts-ig1_005,20251213-132558,iwls-nuts,FALSE,0.01,0.01
799.7388552644161,0.14684971875742678,8619.446909697133,0.8220760112739042,0.12308794048861305,0.9002,0.34422714896887685,skewnorm,53,ptm-iwls-nuts,250,5000,613.1168253421783,010j-ptm-iwls-nuts-ig1_005,20251213-132453,iwls-nuts,FALSE,1,0.005
1619.1736946888138,0.06249944554146942,8197.695543617347,0.7960507945115738,0.08714612583514865,0.9324,0.25580477811670316,skewnorm,53,ptm-iwls-nuts,500,5000,883.8514204025269,010j-ptm-iwls-nuts-ig1_005,20251213-132848,iwls-nuts,FALSE,1,0.005
868.7875973207659,0.19285361859698005,9004.0516180709,0.8736929929153403,0.13842362773362463,0.835,0.3490398367782603,skewnorm,54,ptm-iwls-nuts,250,5000,647.788658618927,010j-ptm-iwls-nuts-ig1_005,20251213-132708,iwls-nuts,FALSE,0.01,0.01
1769.1865677818712,0.08367048697436974,8458.13595995785,0.8152740157989218,0.09347795591581846,0.939,0.2834930501622487,skewnorm,54,ptm-iwls-nuts,500,5000,887.4582860469818,010j-ptm-iwls-nuts-ig1_005,20251213-133108,iwls-nuts,FALSE,0.01,0.01
881.3106680716622,0.11215132466368824,8598.23179072144,0.8256525543478869,0.12133003013414186,0.9704,0.3855518316874589,skewnorm,55,ptm-iwls-nuts,250,5000,636.1704530715942,010j-ptm-iwls-nuts-ig1_005,20251213-133009,iwls-nuts,FALSE,0.01,0.01
1685.93263865094,0.05727516278369973,8323.850981321499,0.805969586765747,0.08674144879362491,0.9476,0.27036416235893823,skewnorm,55,ptm-iwls-nuts,500,5000,940.3570637702942,010j-ptm-iwls-nuts-ig1_005,20251213-133533,iwls-nuts,FALSE,0.01,0.01
818.3108926864012,0.21097615897524968,9084.912294906248,0.8642827432904037,0.1396307624863437,0.8368,0.36313988851823814,skewnorm,56,ptm-iwls-nuts,250,5000,770.6743836402893,010j-ptm-iwls-nuts-ig1_005,20251213-133603,iwls-nuts,FALSE,0.01,0.01
1670.3328795881755,0.10648802638240182,8562.471631942008,0.8226219546638759,0.09943171185545138,0.8522,0.2677431242841721,skewnorm,56,ptm-iwls-nuts,500,5000,879.3752779960632,010j-ptm-iwls-nuts-ig1_005,20251213-133756,iwls-nuts,FALSE,0.01,0.01
885.8356412117378,0.13477487571642333,8745.238934846117,0.8386382281307323,0.12520899968087257,0.9396,0.37342254381353535,skewnorm,57,ptm-iwls-nuts,250,5000,734.9387135505676,010j-ptm-iwls-nuts-ig1_005,20251213-133927,iwls-nuts,FALSE,0.01,0.01
1637.4727847618612,0.07416841367167923,8442.206624622397,0.811206753926842,0.08706489718719543,0.9268,0.2546990480200103,skewnorm,57,ptm-iwls-nuts,500,5000,909.6909251213074,010j-ptm-iwls-nuts-ig1_005,20251213-134231,iwls-nuts,FALSE,1,0.005
839.7317344013832,0.13886958610042838,8640.519826618143,0.8232026426626895,0.12950195154249092,0.9088,0.3741442971764851,skewnorm,58,ptm-iwls-nuts,250,5000,816.8657622337341,010j-ptm-iwls-nuts-ig1_005,20251213-134505,iwls-nuts,FALSE,0.01,0.01
1693.3650147493656,0.06693693863292094,8280.856589280604,0.797883775378218,0.09012878613494432,0.934,0.2698978529330744,skewnorm,58,ptm-iwls-nuts,500,5000,928.4062418937684,010j-ptm-iwls-nuts-ig1_005,20251213-134704,iwls-nuts,FALSE,0.01,0.01
820.2725421732164,0.10375423635093152,8531.234165754659,0.8154964446531664,0.12263432728937892,0.947,0.3742464267951821,skewnorm,59,ptm-iwls-nuts,250,5000,633.7614452838898,010j-ptm-iwls-nuts-ig1_005,20251213-134340,iwls-nuts,FALSE,0.01,0.01
1658.1051243545628,0.08019143981104095,8413.420183055207,0.8051621292195658,0.09501700887766694,0.9022,0.27217745339376836,skewnorm,59,ptm-iwls-nuts,500,5000,955.0061888694764,010j-ptm-iwls-nuts-ig1_005,20251213-134956,iwls-nuts,FALSE,0.01,0.01
840.9527516597541,0.10043773712170836,8568.50787050954,0.8256916154040239,0.11363265403529432,0.97,0.35986666749850427,skewnorm,60,ptm-iwls-nuts,250,5000,686.4302923679352,010j-ptm-iwls-nuts-ig1_005,20251213-134721,iwls-nuts,FALSE,0.01,0.01
1638.9835171442269,0.07821471746206894,8457.392772211346,0.8152946152431196,0.08953675738556588,0.9162,0.2642000258387436,skewnorm,60,ptm-iwls-nuts,500,5000,954.2396821975708,010j-ptm-iwls-nuts-ig1_005,20251213-135300,iwls-nuts,FALSE,0.01,0.01
791.4630706650518,0.20469346856458345,9083.119269154917,0.8530608214118377,0.12479879671995768,0.832,0.33193753328979075,skewnorm,61,ptm-iwls-nuts,250,5000,611.0473170280457,010j-ptm-iwls-nuts-ig1_005,20251213-135027,iwls-nuts,FALSE,1,0.005
1643.980194157528,0.05802580255099316,8349.780939086966,0.8118637952242834,0.08270590638597533,0.9238,0.2450073099053396,skewnorm,61,ptm-iwls-nuts,500,5000,925.5737917423248,010j-ptm-iwls-nuts-ig1_005,20251213-135527,iwls-nuts,FALSE,1,0.005
822.562972801548,0.12515636598788046,8668.7168031994,0.8411439994718173,0.11957010211363613,0.9092,0.3399125378888888,skewnorm,62,ptm-iwls-nuts,250,5000,636.0840413570404,010j-ptm-iwls-nuts-ig1_005,20251213-135440,iwls-nuts,FALSE,1,0.005
1660.4455934803912,0.07591092327477005,8422.48958963385,0.8197716154146288,0.09100706233198276,0.9176,0.26528652816262727,skewnorm,62,ptm-iwls-nuts,500,5000,899.0998294353485,010j-ptm-iwls-nuts-ig1_005,20251213-135949,iwls-nuts,FALSE,0.01,0.01
862.6845239326415,0.19549588966822448,8939.285837791122,0.8614524374384243,0.1355093572911407,0.8432,0.35351301991644096,skewnorm,63,ptm-iwls-nuts,250,5000,606.5258786678314,010j-ptm-iwls-nuts-ig1_005,20251213-135807,iwls-nuts,FALSE,0.01,0.01
1749.645057896889,0.08630819848371293,8393.347381868565,0.8154438818901645,0.09478410822627718,0.8616,0.2570952637318768,skewnorm,63,ptm-iwls-nuts,500,5000,914.4147067070008,010j-ptm-iwls-nuts-ig1_005,20251213-140310,iwls-nuts,FALSE,1,0.005
806.575616481281,0.1547286961591305,8767.093525575652,0.8262863846681802,0.11864210906883704,0.8808,0.32620167862073435,skewnorm,64,ptm-iwls-nuts,250,5000,783.374804019928,010j-ptm-iwls-nuts-ig1_005,20251213-140502,iwls-nuts,FALSE,1,0.005
1684.9951318575784,0.06312583065495858,8309.079198054793,0.7960322820835042,0.08640282263410318,0.9464,0.2663821745356151,skewnorm,64,ptm-iwls-nuts,500,5000,921.7269296646118,010j-ptm-iwls-nuts-ig1_005,20251213-140841,iwls-nuts,FALSE,0.01,0.01
847.5710665523995,0.1640344151586955,8879.456206387476,0.8628880605535472,0.13552749663271976,0.8836,0.3669701225664463,skewnorm,65,ptm-iwls-nuts,250,5000,598.747492313385,010j-ptm-iwls-nuts-ig1_005,20251213-140358,iwls-nuts,FALSE,0.01,0.01
1678.3281724723245,0.06271696734884986,8372.868967338249,0.8100823798616341,0.08801646545825592,0.9208,0.2568141324080102,skewnorm,65,ptm-iwls-nuts,500,5000,920.9418134689332,010j-ptm-iwls-nuts-ig1_005,20251213-141128,iwls-nuts,FALSE,1,0.005
830.5220375940339,0.14243463424706798,8688.47270310034,0.8292051927359617,0.12433745431057476,0.9118,0.35724120499762924,skewnorm,66,ptm-iwls-nuts,250,5000,689.0925104618073,010j-ptm-iwls-nuts-ig1_005,20251213-140924,iwls-nuts,FALSE,0.01,0.01
1609.3656279924758,0.06309222103220553,8291.760637026027,0.7974659951246466,0.08178939921033396,0.9068,0.23518871611216743,skewnorm,66,ptm-iwls-nuts,500,5000,971.153414964676,010j-ptm-iwls-nuts-ig1_005,20251213-141504,iwls-nuts,FALSE,1,0.005
827.7842570080239,0.1655466419110566,8813.154840973282,0.8515642677078668,0.1325356716642993,0.8656,0.3540052073216447,skewnorm,67,ptm-iwls-nuts,250,5000,627.1556599140167,010j-ptm-iwls-nuts-ig1_005,20251213-141205,iwls-nuts,FALSE,0.01,0.01
1645.47819083066,0.06519313072337674,8311.387285034883,0.8022517996671318,0.09011748489855642,0.9152,0.2613153980038686,skewnorm,67,ptm-iwls-nuts,500,5000,891.5410871505737,010j-ptm-iwls-nuts-ig1_005,20251213-141615,iwls-nuts,FALSE,0.01,0.01
859.4938885694846,0.10443549486397938,8565.136761429896,0.8223800447701791,0.12256396501427276,0.9562,0.377171562057255,skewnorm,68,ptm-iwls-nuts,250,5000,594.1739258766174,010j-ptm-iwls-nuts-ig1_005,20251213-141417,iwls-nuts,FALSE,0.01,0.01
1666.8317661828432,0.06377172100834222,8361.81789215171,0.8057878775036439,0.08622026781551492,0.947,0.26758333932638395,skewnorm,68,ptm-iwls-nuts,500,5000,925.9015877246856,010j-ptm-iwls-nuts-ig1_005,20251213-141949,iwls-nuts,FALSE,0.01,0.01
880.2547011521341,0.10445917158448122,8497.187138808407,0.8129927100838517,0.11194085099988296,0.9674,0.35495889977995865,skewnorm,69,ptm-iwls-nuts,250,5000,598.9769299030304,010j-ptm-iwls-nuts-ig1_005,20251213-141740,iwls-nuts,FALSE,1,0.005
1667.161918650213,0.05777139227491305,8263.748242260566,0.7963847402128813,0.08774566442151045,0.9446,0.27014371615597166,skewnorm,69,ptm-iwls-nuts,500,5000,895.438184261322,010j-ptm-iwls-nuts-ig1_005,20251213-142149,iwls-nuts,FALSE,0.01,0.01
785.8381742408158,0.11397144356272096,8617.262941959605,0.834893131761837,0.1197187761472638,0.8832,0.33455572610341017,skewnorm,70,ptm-iwls-nuts,250,5000,626.9150946140289,010j-ptm-iwls-nuts-ig1_005,20251213-142301,iwls-nuts,FALSE,1,0.005
1533.8007703819396,0.09580716696319264,8526.441558961964,0.8235983413943928,0.09643919138587365,0.811,0.2483003445112905,skewnorm,70,ptm-iwls-nuts,500,5000,975.7589507102966,010j-ptm-iwls-nuts-ig1_005,20251213-142852,iwls-nuts,FALSE,0.01,0.01
794.4765148118016,0.12672445800578375,8692.027000822918,0.8407866445076341,0.12711787644722025,0.9218,0.3698000483006946,skewnorm,71,ptm-iwls-nuts,250,5000,596.7420744895935,010j-ptm-iwls-nuts-ig1_005,20251213-142505,iwls-nuts,FALSE,0.01,0.01
1660.179955139297,0.06952362659601417,8406.02284377407,0.8177389417756097,0.09143781419582722,0.9148,0.27248490372426404,skewnorm,71,ptm-iwls-nuts,500,5000,951.66326379776,010j-ptm-iwls-nuts-ig1_005,20251213-143152,iwls-nuts,FALSE,0.01,0.01
842.59404179838,0.1957559262744345,8822.090652172174,0.8344450415992215,0.13861117844866205,0.8658,0.3663466034013937,skewnorm,72,ptm-iwls-nuts,250,5000,798.6268129348755,010j-ptm-iwls-nuts-ig1_005,20251213-143219,iwls-nuts,FALSE,0.01,0.01
1663.4142630515066,0.078436601601187,8235.494028805935,0.7863561060692305,0.08698719182857752,0.9158,0.2504105228364409,skewnorm,72,ptm-iwls-nuts,500,5000,924.4862768650056,010j-ptm-iwls-nuts-ig1_005,20251213-143548,iwls-nuts,FALSE,1,0.005
838.4711059589596,0.09797510903133842,8587.633281936693,0.8347134700760479,0.10497813276603704,0.9412,0.3280341476643658,skewnorm,73,ptm-iwls-nuts,250,5000,656.7562754154205,010j-ptm-iwls-nuts-ig1_005,20251213-143232,iwls-nuts,FALSE,1,0.005
1615.7267909999953,0.07028307729821796,8449.17312327109,0.8268775701912513,0.08478592794782942,0.847,0.2271930844663129,skewnorm,73,ptm-iwls-nuts,500,5000,999.8076643943788,010j-ptm-iwls-nuts-ig1_005,20251213-143827,iwls-nuts,FALSE,1,0.005
868.1406606535403,0.17840156872731766,8899.940525236589,0.8438544309698344,0.13064449442347503,0.894,0.3681961286335655,skewnorm,74,ptm-iwls-nuts,250,5000,900.3455181121826,010j-ptm-iwls-nuts-ig1_005,20251213-144055,iwls-nuts,FALSE,0.01,0.01
1686.092432027223,0.08112369097261174,8413.55113646306,0.8012254407097997,0.09092107337765576,0.9232,0.2713935477534076,skewnorm,74,ptm-iwls-nuts,500,5000,982.6706357002258,010j-ptm-iwls-nuts-ig1_005,20251213-144312,iwls-nuts,FALSE,0.01,0.01
807.8322599441105,0.1160544540507965,8798.983285183982,0.8591525123169604,0.10810392061988844,0.9158,0.31161227470453695,skewnorm,75,ptm-iwls-nuts,250,5000,611.5932049751282,010j-ptm-iwls-nuts-ig1_005,20251213-143741,iwls-nuts,FALSE,1,0.005
1629.995015616018,0.0844572956233678,8640.997493046838,0.8476320611021826,0.0892843626029711,0.88,0.24738404103369913,skewnorm,75,ptm-iwls-nuts,500,5000,935.6504485607148,010j-ptm-iwls-nuts-ig1_005,20251213-144401,iwls-nuts,FALSE,0.01,0.01
802.6609578906736,0.1426282317354677,8750.214261717338,0.8382714983635459,0.11958414445496164,0.8964,0.3315857268870679,skewnorm,76,ptm-iwls-nuts,250,5000,584.0281643867493,010j-ptm-iwls-nuts-ig1_005,20251213-144018,iwls-nuts,FALSE,1,0.005
1655.7445823316789,0.06821793016387204,8378.16275385936,0.8158813245568447,0.08902467439188545,0.9068,0.2609545576309565,skewnorm,76,ptm-iwls-nuts,500,5000,919.6136465072632,010j-ptm-iwls-nuts-ig1_005,20251213-144558,iwls-nuts,FALSE,0.01,0.01
809.5755463899623,0.1910832183019892,8953.620033189945,0.8453919143099465,0.1304904264912009,0.8318,0.32661628897723366,skewnorm,77,ptm-iwls-nuts,250,5000,830.6718747615814,010j-ptm-iwls-nuts-ig1_005,20251213-144932,iwls-nuts,FALSE,0.01,0.01
1661.4917729777264,0.06655834368661162,8330.995660113058,0.7979546044319124,0.08431325404995547,0.9232,0.24931096038554904,skewnorm,77,ptm-iwls-nuts,500,5000,838.9638080596924,010j-ptm-iwls-nuts-ig1_005,20251213-145041,iwls-nuts,FALSE,1,0.005
880.1392326291651,0.17820275688025652,8885.510055291285,0.848488477750544,0.13379089639542996,0.906,0.3775304721139772,skewnorm,78,ptm-iwls-nuts,250,5000,724.0471727848053,010j-ptm-iwls-nuts-ig1_005,20251213-145234,iwls-nuts,FALSE,0.01,0.01
1697.3832794321606,0.06467535187588697,8317.873030269435,0.8007947075474758,0.08845904526093071,0.9474,0.2747600636779099,skewnorm,78,ptm-iwls-nuts,500,5000,964.8854217529296,010j-ptm-iwls-nuts-ig1_005,20251213-145531,iwls-nuts,FALSE,0.01,0.01
873.3203158319725,0.11768107762134192,8589.758378086708,0.8293846259110155,0.1157108759110201,0.9462,0.35181033937887296,skewnorm,79,ptm-iwls-nuts,250,5000,587.7386517524719,010j-ptm-iwls-nuts-ig1_005,20251213-145216,iwls-nuts,FALSE,1,0.005
1705.1703356483918,0.06966439589714458,8349.674969465723,0.8085974210941501,0.08597659174396374,0.943,0.2651256635010018,skewnorm,79,ptm-iwls-nuts,500,5000,920.1621038913728,010j-ptm-iwls-nuts-ig1_005,20251213-145754,iwls-nuts,FALSE,0.01,0.01
832.9145142880596,0.14245548360335947,8678.665369476797,0.8267992497754233,0.12860049356248587,0.9184,0.373062557503624,skewnorm,80,ptm-iwls-nuts,250,5000,657.6942987442017,010j-ptm-iwls-nuts-ig1_005,20251213-145709,iwls-nuts,FALSE,0.01,0.01
1632.6584343572715,0.0573942465509713,8253.359184214856,0.7953733184298452,0.08480150125085296,0.9202,0.24927000970096916,skewnorm,80,ptm-iwls-nuts,500,5000,912.1098380088806,010j-ptm-iwls-nuts-ig1_005,20251213-150113,iwls-nuts,FALSE,1,0.005
835.1256829740059,0.14783147543825095,8659.107246631254,0.8186823587959442,0.120119468026838,0.9104,0.3421964990451278,skewnorm,81,ptm-iwls-nuts,250,5000,593.0667805671692,010j-ptm-iwls-nuts-ig1_005,20251213-145800,iwls-nuts,FALSE,1,0.005
1685.4543934197493,0.06116694640401565,8225.78460146008,0.7818934208619297,0.08288934011986959,0.9842,0.27429883852200965,skewnorm,81,ptm-iwls-nuts,500,5000,880.089033126831,010j-ptm-iwls-nuts-ig1_005,20251213-150438,iwls-nuts,FALSE,0.01,0.01
885.3352714458688,0.14621891048807864,8638.181495314391,0.8237930629040077,0.1259149462236538,0.947,0.3844586201359209,skewnorm,82,ptm-iwls-nuts,250,5000,781.6498663425446,010j-ptm-iwls-nuts-ig1_005,20251213-150504,iwls-nuts,FALSE,0.01,0.01
1674.231430993044,0.05692942284281326,8191.734057088066,0.7922664101068014,0.0839335757793891,0.9422,0.2575150755730715,skewnorm,82,ptm-iwls-nuts,500,5000,946.944295167923,010j-ptm-iwls-nuts-ig1_005,20251213-150923,iwls-nuts,FALSE,1,0.005
862.7205915704299,0.14373099646351092,8663.012984528554,0.8158790925213187,0.11920789278981447,0.8998,0.34665165629318945,skewnorm,83,ptm-iwls-nuts,250,5000,624.2064499855042,010j-ptm-iwls-nuts-ig1_005,20251213-150627,iwls-nuts,FALSE,1,0.005
1695.0046015733074,0.06511021300428106,8269.909067232406,0.7863766996786311,0.08857844316141662,0.9482,0.27627536720670604,skewnorm,83,ptm-iwls-nuts,500,5000,899.3383738994598,010j-ptm-iwls-nuts-ig1_005,20251213-151107,iwls-nuts,FALSE,0.01,0.01
786.2488344928657,0.1688417522717557,8846.762795438779,0.8439050563306252,0.1317049416687199,0.8804,0.35803945396971537,skewnorm,84,ptm-iwls-nuts,250,5000,690.5915863513947,010j-ptm-iwls-nuts-ig1_005,20251213-151212,iwls-nuts,FALSE,0.01,0.01
1623.6534347098825,0.07122989336156729,8358.703500887837,0.808102275295951,0.09047450656983368,0.8932,0.257715070767406,skewnorm,84,ptm-iwls-nuts,500,5000,958.7756967544556,010j-ptm-iwls-nuts-ig1_005,20251213-151820,iwls-nuts,FALSE,1,0.005
842.6873562985486,0.10896281786238315,8510.348746151916,0.8124102117764898,0.11958579400251904,0.9688,0.3738983651479205,skewnorm,85,ptm-iwls-nuts,250,5000,698.8798091411591,010j-ptm-iwls-nuts-ig1_005,20251213-151500,iwls-nuts,FALSE,0.01,0.01
1662.6674638490952,0.0604942110566217,8268.005712123108,0.7940207744282612,0.08560525175777471,0.9142,0.2517790195655677,skewnorm,85,ptm-iwls-nuts,500,5000,903.9411702156068,010j-ptm-iwls-nuts-ig1_005,20251213-151822,iwls-nuts,FALSE,1,0.005
804.6644536779854,0.14507773730533688,8750.070900177685,0.8287696157673788,0.12338729510719668,0.8608,0.3284694689240597,skewnorm,86,ptm-iwls-nuts,250,5000,617.1511797904968,010j-ptm-iwls-nuts-ig1_005,20251213-151547,iwls-nuts,FALSE,1,0.005
1612.6256544339888,0.06387113715156612,8344.03789940883,0.7980082638767123,0.0871165828173627,0.9286,0.26255150477757044,skewnorm,86,ptm-iwls-nuts,500,5000,914.1335628032684,010j-ptm-iwls-nuts-ig1_005,20251213-152041,iwls-nuts,FALSE,0.01,0.01
857.4993403708692,0.10905967325284908,8538.922793719246,0.8102688137165136,0.11704068845246007,0.9666,0.3741161638153748,skewnorm,87,ptm-iwls-nuts,250,5000,585.19557762146,010j-ptm-iwls-nuts-ig1_005,20251213-151804,iwls-nuts,FALSE,0.01,0.01
1654.0939522061617,0.0940827170562738,8464.038012736368,0.8078260330784389,0.09507104576047289,0.8768,0.26516617351214233,skewnorm,87,ptm-iwls-nuts,500,5000,854.5484440326691,010j-ptm-iwls-nuts-ig1_005,20251213-152607,iwls-nuts,FALSE,0.01,0.01
857.3697625252653,0.15443856754949678,8719.058548382483,0.8356338933543738,0.12837021810316623,0.9106,0.3604901251509952,skewnorm,88,ptm-iwls-nuts,250,5000,742.3158693313599,010j-ptm-iwls-nuts-ig1_005,20251213-152528,iwls-nuts,FALSE,0.01,0.01
1660.674807082563,0.05750108835070221,8234.37115238851,0.7968974108965049,0.08584336696196956,0.9352,0.26122476762182495,skewnorm,88,ptm-iwls-nuts,500,5000,927.4163579940796,010j-ptm-iwls-nuts-ig1_005,20251213-152845,iwls-nuts,FALSE,0.01,0.01
814.0882295938097,0.11635346930367194,8629.62861105936,0.8337691802853715,0.12123371096282448,0.9418,0.36493327640608575,skewnorm,89,ptm-iwls-nuts,250,5000,584.6819975376129,010j-ptm-iwls-nuts-ig1_005,20251213-152629,iwls-nuts,FALSE,0.01,0.01
1607.1742455986257,0.0853687317557148,8474.704923319574,0.8214459197209697,0.09296131862497337,0.8712,0.2510742353366079,skewnorm,89,ptm-iwls-nuts,500,5000,961.6460065841676,010j-ptm-iwls-nuts-ig1_005,20251213-153514,iwls-nuts,FALSE,0.01,0.01
853.8185067372203,0.09651920368998274,8535.082414609913,0.823127619229737,0.1139053637802081,0.9472,0.34867505659584247,skewnorm,90,ptm-iwls-nuts,250,5000,734.0127618312836,010j-ptm-iwls-nuts-ig1_005,20251213-153234,iwls-nuts,FALSE,1,0.005
1603.2229293783091,0.07851325718535396,8445.052682086769,0.8148796204097417,0.09078381266302094,0.8694,0.24757692149480184,skewnorm,90,ptm-iwls-nuts,500,5000,991.570880651474,010j-ptm-iwls-nuts-ig1_005,20251213-153631,iwls-nuts,FALSE,0.01,0.01
871.7732978774382,0.17669866262724576,8856.54368864023,0.8552465275729904,0.13417222299728102,0.8888,0.3706858707462586,skewnorm,91,ptm-iwls-nuts,250,5000,632.6042153835297,010j-ptm-iwls-nuts-ig1_005,20251213-153357,iwls-nuts,FALSE,0.01,0.01
1640.7824635658824,0.09076322793628784,8426.86651518544,0.8112498795896977,0.09217511823334368,0.8912,0.26016015697742356,skewnorm,91,ptm-iwls-nuts,500,5000,1009.727907896042,010j-ptm-iwls-nuts-ig1_005,20251213-154120,iwls-nuts,FALSE,0.01,0.01
854.7433242689245,0.1389955613958695,8777.830275053348,0.8280985627131288,0.12548943471561144,0.9364,0.3791178703675974,skewnorm,92,ptm-iwls-nuts,250,5000,688.1028275489807,010j-ptm-iwls-nuts-ig1_005,20251213-153930,iwls-nuts,FALSE,0.01,0.01
1674.858512646217,0.07545924022102195,8460.14866917911,0.8114929458944005,0.09471731645549086,0.9134,0.269908321773849,skewnorm,92,ptm-iwls-nuts,500,5000,944.5458705425262,010j-ptm-iwls-nuts-ig1_005,20251213-154158,iwls-nuts,FALSE,0.01,0.01
843.8928989219614,0.12650979134278506,8656.772540227927,0.8311093305157143,0.11753447171228848,0.9488,0.35972960857450087,skewnorm,93,ptm-iwls-nuts,250,5000,639.6436927318573,010j-ptm-iwls-nuts-ig1_005,20251213-153954,iwls-nuts,FALSE,0.01,0.01
1707.511771952765,0.06766832638743515,8362.565215451177,0.8076898352070544,0.08210193850134752,0.9208,0.24602426440199784,skewnorm,93,ptm-iwls-nuts,500,5000,926.51739501953125,010j-ptm-iwls-nuts-ig1_005,20251213-154835,iwls-nuts,FALSE,1,0.005
838.6169099250598,0.13885332621006996,8749.43548816635,0.8468293852125328,0.11535595305068684,0.9434,0.3528451615277105,skewnorm,94,ptm-iwls-nuts,250,5000,747.9814264774323,010j-ptm-iwls-nuts-ig1_005,20251213-154618,iwls-nuts,FALSE,1,0.005
1640.6952726237455,0.09450190059835972,8527.678360107799,0.8358289379900382,0.09467484080387016,0.8828,0.26415927447453796,skewnorm,94,ptm-iwls-nuts,500,5000,889.2699980735779,010j-ptm-iwls-nuts-ig1_005,20251213-154829,iwls-nuts,FALSE,0.01,0.01
856.6786762819414,0.13921573357113418,8642.46782196567,0.8257888953522694,0.12690181226667777,0.9454,0.37284689933008747,skewnorm,95,ptm-iwls-nuts,250,5000,612.6293978691101,010j-ptm-iwls-nuts-ig1_005,20251213-154804,iwls-nuts,FALSE,0.01,0.01
1655.242594891051,0.07820539993553516,8337.416153787675,0.7956714700518185,0.0856816783835866,0.9466,0.2607432041894262,skewnorm,95,ptm-iwls-nuts,500,5000,895.8873915672302,010j-ptm-iwls-nuts-ig1_005,20251213-155246,iwls-nuts,FALSE,0.01,0.01
878.5194837405392,0.14220125435070596,8720.82465542953,0.8409820710558948,0.1258389709555422,0.88,0.34060344718383057,skewnorm,96,ptm-iwls-nuts,250,5000,703.7590668201447,010j-ptm-iwls-nuts-ig1_005,20251213-155258,iwls-nuts,FALSE,1,0.005
1746.140392999963,0.07482589152845529,8383.947841318277,0.8105393147953542,0.09195481868425272,0.9362,0.27829185960217656,skewnorm,96,ptm-iwls-nuts,500,5000,919.3325383663176,010j-ptm-iwls-nuts-ig1_005,20251213-155623,iwls-nuts,FALSE,0.01,0.01
894.5658100993518,0.13915624864822773,8750.783359315139,0.8443356843838936,0.1229398872475042,0.9662,0.38012044251326726,skewnorm,97,ptm-iwls-nuts,250,5000,616.5421161651611,010j-ptm-iwls-nuts-ig1_005,20251213-155438,iwls-nuts,FALSE,0.01,0.01
1671.8521808917762,0.07230948072091899,8416.549519678594,0.8203698465305892,0.08755430834915427,0.9288,0.25863484127437864,skewnorm,97,ptm-iwls-nuts,500,5000,941.917592048645,010j-ptm-iwls-nuts-ig1_005,20251213-160007,iwls-nuts,FALSE,0.01,0.01
911.3189852469012,0.16286692611107548,8730.264172947376,0.8405131529630095,0.14046704376472954,0.9042,0.3904558124877589,skewnorm,98,ptm-iwls-nuts,250,5000,1113.890625,010j-ptm-iwls-nuts-ig1_005,20251213-160600,iwls-nuts,FALSE,0.01,0.01
1678.9700757690746,0.07347903129303807,8283.32469885719,0.7916812921733393,0.0930397690330726,0.9252,0.2766569496082834,skewnorm,98,ptm-iwls-nuts,500,5000,863.6556904315948,010j-ptm-iwls-nuts-ig1_005,20251213-160315,iwls-nuts,FALSE,0.01,0.01
845.1701051209504,0.16571106839430869,8848.652245075544,0.8517744885432929,0.13084583255904209,0.8826,0.36255418498209463,skewnorm,99,ptm-iwls-nuts,250,5000,852.8248515129089,010j-ptm-iwls-nuts-ig1_005,20251213-160413,iwls-nuts,FALSE,0.01,0.01
1635.9220074675975,0.05667503421061889,8303.472074157095,0.8130563419225754,0.0897299661125708,0.9218,0.2677663071600245,skewnorm,99,ptm-iwls-nuts,500,5000,1055.8347795009613,010j-ptm-iwls-nuts-ig1_005,20251213-160907,iwls-nuts,FALSE,0.01,0.01
795.0413246856195,0.1398846096226182,8705.733675863092,0.828482657475629,0.11980997197329275,0.9276,0.36575416242413034,skewnorm,100,ptm-iwls-nuts,250,5000,604.3803925514221,010j-ptm-iwls-nuts-ig1_005,20251213-160451,iwls-nuts,FALSE,0.01,0.01
1620.9716073028344,0.0508697473042022,8260.65936427101,0.7994045633526695,0.07713991480915067,0.9682,0.25612598743035614,skewnorm,100,ptm-iwls-nuts,500,5000,883.2284719944,010j-ptm-iwls-nuts-ig1_005,20251213-160932,iwls-nuts,FALSE,1,0.005
