nobs,data,model,run,seed
25,skewnorm,ptm,dummy-009j1dqx,15
100,mixture,ptm,dummy-01otzo0l,35
50,ptm,ptm,dummy-022zlg99,68
100,ptm,ptm,dummy-038vu0mi,25
500,gaussian,ptm,dummy-039rf2mi,22
50,ptm,ptm,dummy-04cqy158,82
50,u-shaped,ptm,dummy-04n0h8tt,75
50,skewnorm,ptm,dummy-04yy0h1i,83
50,skewnorm,ptm,dummy-04z20c4v,63
500,gaussian,ptm,dummy-05a1q8pz,5
25,gaussian,ptm,dummy-05ewvsh0,64
50,skewnorm,ptm,dummy-05oe4a3p,29
50,u-shaped,ptm,dummy-05x9kiin,69
25,gaussian,ptm,dummy-07debx7q,7
50,gaussian,ptm,dummy-07mbaa0r,14
500,u-shaped,ptm,dummy-08u000x7,32
50,gaussian,ptm,dummy-09709t4f,96
25,skewnorm,ptm,dummy-0ae0hg19,96
25,mixture,ptm,dummy-0aifryp2,77
100,u-shaped,ptm,dummy-0aksi9c4,51
50,skewnorm,ptm,dummy-0bmvj29z,31
50,skewnorm,ptm,dummy-0bobl69g,4
50,gaussian,ptm,dummy-0boglk8w,92
50,ptm,ptm,dummy-0cz6vbsq,100
50,gaussian,ptm,dummy-0dc68559,85
500,skewnorm,ptm,dummy-0e6xkjnc,42
50,ptm,ptm,dummy-0eapozez,86
50,gaussian,ptm,dummy-0ega62af,24
25,skewnorm,ptm,dummy-0el8qf5z,66
50,mixture,ptm,dummy-0etpm1gi,15
50,gaussian,ptm,dummy-0f9r7ize,65
25,mixture,ptm,dummy-0g836r9c,78
50,ptm,ptm,dummy-0gkvn4to,75
500,u-shaped,ptm,dummy-0hrk51jh,1
100,gaussian,ptm,dummy-0j6tgt6n,18
25,mixture,ptm,dummy-0jlldyvh,8
100,ptm,ptm,dummy-0jronrpo,18
25,gaussian,ptm,dummy-0k3xpr8w,45
50,ptm,ptm,dummy-0km4oamx,40
25,gaussian,ptm,dummy-0ko7ft9r,42
100,gaussian,ptm,dummy-0ldvn2zu,28
100,gaussian,ptm,dummy-0m1g7ab6,81
25,mixture,ptm,dummy-0m8tzxkb,67
50,ptm,ptm,dummy-0mheghfd,51
100,gaussian,ptm,dummy-0mo871oo,1
100,u-shaped,ptm,dummy-0npsoist,44
500,gaussian,ptm,dummy-0o1z3gta,16
100,mixture,ptm,dummy-0o46wrg9,21
50,ptm,ptm,dummy-0ooknuhn,95
25,mixture,ptm,dummy-0oxxhmj6,19
100,u-shaped,ptm,dummy-0p88pc2o,50
500,gaussian,ptm,dummy-0plx0cq0,83
25,ptm,ptm,dummy-0qkzb4xb,100
100,skewnorm,ptm,dummy-0qonnnsh,21
500,mixture,ptm,dummy-0rb879j0,71
50,u-shaped,ptm,dummy-0rpr51yo,55
50,ptm,ptm,dummy-0s3pq1mp,47
500,ptm,ptm,dummy-0sruayz7,30
50,gaussian,ptm,dummy-0u788wz4,25
100,skewnorm,ptm,dummy-0v4qgzxu,50
500,mixture,ptm,dummy-0vk970nn,19
100,mixture,ptm,dummy-0vtopdaj,56
25,skewnorm,ptm,dummy-0xqcfbnt,1
500,gaussian,ptm,dummy-0xvvg6vv,61
500,mixture,ptm,dummy-0ylkmvmh,54
100,ptm,ptm,dummy-0yn9lh2p,79
100,gaussian,ptm,dummy-0z7tds5f,52
100,gaussian,ptm,dummy-0zqrlfug,58
500,mixture,ptm,dummy-0zt2edmb,61
100,mixture,ptm,dummy-10bduh4m,1
50,ptm,ptm,dummy-10oiddd1,19
25,u-shaped,ptm,dummy-10ppd8r3,49
500,ptm,ptm,dummy-10wagvdu,72
500,unif,ptm,dummy-1120h5t2,19
100,gaussian,ptm,dummy-11uc2y92,65
25,skewnorm,ptm,dummy-11y49cy2,43
50,mixture,ptm,dummy-12h413cj,26
50,unif,ptm,dummy-13e8g43u,85
500,mixture,ptm,dummy-13qrdqfm,20
500,skewnorm,ptm,dummy-14pktim6,46
100,unif,ptm,dummy-14r9rdvr,70
25,ptm,ptm,dummy-14rnyfop,36
50,skewnorm,ptm,dummy-14ujfb3h,73
50,ptm,ptm,dummy-15rpqz35,46
25,ptm,ptm,dummy-162679jy,23
500,mixture,ptm,dummy-16a04bme,7
50,ptm,ptm,dummy-16wgdjem,13
100,unif,ptm,dummy-170ggybq,86
50,mixture,ptm,dummy-17nebwds,97
25,ptm,ptm,dummy-17sf8y5o,3
100,ptm,ptm,dummy-18by0k1j,29
100,gaussian,ptm,dummy-18w8mjm3,96
50,u-shaped,ptm,dummy-19tprmvz,48
100,mixture,ptm,dummy-1aaioxfi,13
25,ptm,ptm,dummy-1aduas8i,31
25,mixture,ptm,dummy-1airlhvp,37
50,gaussian,ptm,dummy-1b2fpf8e,16
100,skewnorm,ptm,dummy-1b6dc36f,76
25,skewnorm,ptm,dummy-1c027z0n,10
100,mixture,ptm,dummy-1ckfv8mh,25
25,skewnorm,ptm,dummy-1d0jfgb4,89
500,u-shaped,ptm,dummy-1dvmrswo,22
100,ptm,ptm,dummy-1dx88qji,36
100,mixture,ptm,dummy-1e23tqwk,22
50,gaussian,ptm,dummy-1fnyqtid,91
500,u-shaped,ptm,dummy-1fvy6c1p,15
25,mixture,ptm,dummy-1g08a1be,68
25,mixture,ptm,dummy-1i6wuves,100
25,mixture,ptm,dummy-1iqacgyh,43
500,u-shaped,ptm,dummy-1jf2bc71,3
500,unif,ptm,dummy-1jjo5z9z,10
50,ptm,ptm,dummy-1k4kdr5u,6
500,ptm,ptm,dummy-1mbwqg6h,20
100,ptm,ptm,dummy-1n8k21fu,68
25,gaussian,ptm,dummy-1ordhwyw,96
500,gaussian,ptm,dummy-1pgj1f6d,13
500,u-shaped,ptm,dummy-1pvs8zds,13
25,mixture,ptm,dummy-1pyqytmj,72
25,ptm,ptm,dummy-1q4l7lb8,51
100,mixture,ptm,dummy-1q551bzf,29
500,ptm,ptm,dummy-1raekxny,91
25,u-shaped,ptm,dummy-1rjprim2,65
100,mixture,ptm,dummy-1rppqpta,39
100,u-shaped,ptm,dummy-1skikikv,3
500,ptm,ptm,dummy-1sx1kwcz,24
50,ptm,ptm,dummy-1t0s8i5e,67
25,gaussian,ptm,dummy-1tk01253,44
50,unif,ptm,dummy-1tkgyrhy,75
25,unif,ptm,dummy-1tvqrlwu,20
50,ptm,ptm,dummy-1w6gyvwp,28
500,u-shaped,ptm,dummy-1xz08pkq,5
100,skewnorm,ptm,dummy-1y8dzyw8,80
50,ptm,ptm,dummy-1yzo6qz1,77
25,skewnorm,ptm,dummy-1z148u6k,93
25,mixture,ptm,dummy-204slvdc,47
500,u-shaped,ptm,dummy-20czszil,18
50,unif,ptm,dummy-20o57gup,36
100,u-shaped,ptm,dummy-2163h96l,68
100,u-shaped,ptm,dummy-21rm5cml,67
500,gaussian,ptm,dummy-23120nn1,97
50,gaussian,ptm,dummy-231h5ma5,80
50,u-shaped,ptm,dummy-236r8hw6,100
25,gaussian,ptm,dummy-23b7jpl2,83
100,u-shaped,ptm,dummy-23d5ehad,42
25,ptm,ptm,dummy-23i4xph1,21
50,unif,ptm,dummy-23yiyw97,83
25,u-shaped,ptm,dummy-24e6qg2j,45
100,gaussian,ptm,dummy-2506sph4,98
50,mixture,ptm,dummy-25g2fxxb,70
100,u-shaped,ptm,dummy-25j7auvk,6
25,skewnorm,ptm,dummy-260exd1i,54
500,ptm,ptm,dummy-26lgiomd,41
50,gaussian,ptm,dummy-26odc5kv,75
100,unif,ptm,dummy-27582fiu,25
100,skewnorm,ptm,dummy-282f8pro,2
25,skewnorm,ptm,dummy-28l8hfqc,71
25,unif,ptm,dummy-292sfz7s,67
100,unif,ptm,dummy-29bgp2n8,99
50,skewnorm,ptm,dummy-2bfcjznr,3
100,unif,ptm,dummy-2bg6pnq2,82
25,u-shaped,ptm,dummy-2bgbmw2v,13
500,ptm,ptm,dummy-2big600w,81
100,u-shaped,ptm,dummy-2cg2qjsx,83
50,ptm,ptm,dummy-2cwrd6pc,54
500,skewnorm,ptm,dummy-2cxk09vp,56
100,gaussian,ptm,dummy-2d4jfd0b,97
500,ptm,ptm,dummy-2dzla4lh,66
50,unif,ptm,dummy-2evx41gg,65
25,mixture,ptm,dummy-2f2jz9bp,48
100,skewnorm,ptm,dummy-2fj3hs9e,32
25,u-shaped,ptm,dummy-2fwbtj6v,96
25,skewnorm,ptm,dummy-2fzi7p61,84
500,ptm,ptm,dummy-2g1d1br6,96
25,mixture,ptm,dummy-2gc6f6gt,59
25,u-shaped,ptm,dummy-2gmxmhoc,54
25,unif,ptm,dummy-2gvzz8od,60
50,gaussian,ptm,dummy-2gzse1et,18
50,gaussian,ptm,dummy-2i6wh4sz,3
100,ptm,ptm,dummy-2ilmzgh9,10
500,u-shaped,ptm,dummy-2is4tbtg,97
500,u-shaped,ptm,dummy-2itxwfvv,7
25,u-shaped,ptm,dummy-2jc2vsey,78
50,mixture,ptm,dummy-2jprgeeb,17
500,skewnorm,ptm,dummy-2jzzxcn0,79
25,unif,ptm,dummy-2kbz30jc,1
50,skewnorm,ptm,dummy-2lc2xcfz,77
50,mixture,ptm,dummy-2lg3l8vp,52
500,ptm,ptm,dummy-2mamaps8,92
25,unif,ptm,dummy-2mo1k2p1,2
50,unif,ptm,dummy-2n7l74u2,77
50,unif,ptm,dummy-2nqxkh9q,26
100,unif,ptm,dummy-2o7gw2nh,33
50,ptm,ptm,dummy-2pav6786,39
500,gaussian,ptm,dummy-2plq5km7,60
50,u-shaped,ptm,dummy-2pv64eyg,38
50,skewnorm,ptm,dummy-2smz5hs2,19
500,unif,ptm,dummy-2tg3f5eb,76
100,skewnorm,ptm,dummy-2u6zofpi,92
500,u-shaped,ptm,dummy-2urkf92d,92
500,unif,ptm,dummy-2w3u0n4e,35
100,unif,ptm,dummy-2wazkci0,22
500,unif,ptm,dummy-2wkd2fvi,11
100,ptm,ptm,dummy-2wvdaonh,6
500,unif,ptm,dummy-2wwdy9ch,61
500,u-shaped,ptm,dummy-2xml4re1,99
50,skewnorm,ptm,dummy-2xsfj6gl,74
100,u-shaped,ptm,dummy-2y6endsf,49
100,u-shaped,ptm,dummy-2yds2nrn,82
500,skewnorm,ptm,dummy-2zspdiae,12
50,u-shaped,ptm,dummy-2zvg92t1,94
500,skewnorm,ptm,dummy-3083d0f9,99
500,gaussian,ptm,dummy-30iy9tdh,4
500,gaussian,ptm,dummy-30szkve9,48
50,gaussian,ptm,dummy-311vyu3c,41
50,unif,ptm,dummy-316yimrx,43
100,unif,ptm,dummy-31d39p0v,92
25,skewnorm,ptm,dummy-31ivdns8,64
25,gaussian,ptm,dummy-31lo18bk,39
25,mixture,ptm,dummy-31wcodki,44
50,mixture,ptm,dummy-3294mb0p,37
50,ptm,ptm,dummy-32b905rq,94
50,mixture,ptm,dummy-32dcczyc,28
500,ptm,ptm,dummy-34opaw7u,55
25,skewnorm,ptm,dummy-3590o4ko,22
100,mixture,ptm,dummy-35agvbi9,8
25,unif,ptm,dummy-364cvfop,43
500,ptm,ptm,dummy-37x6xtj5,23
50,skewnorm,ptm,dummy-37yv1hc1,50
50,unif,ptm,dummy-38o3me3c,17
500,unif,ptm,dummy-39fc81zl,9
50,skewnorm,ptm,dummy-39wqnb9f,46
50,mixture,ptm,dummy-3ah6y8sr,47
25,gaussian,ptm,dummy-3axx8ekl,57
25,unif,ptm,dummy-3c4i22nd,33
100,unif,ptm,dummy-3cb4lxfm,54
500,unif,ptm,dummy-3ci60tnm,26
100,ptm,ptm,dummy-3egv045y,82
50,ptm,ptm,dummy-3elsw4d0,80
100,unif,ptm,dummy-3exi9mdw,8
50,ptm,ptm,dummy-3f5xk9p5,4
100,skewnorm,ptm,dummy-3f6pscsq,29
100,skewnorm,ptm,dummy-3fy38qok,94
25,mixture,ptm,dummy-3grismfx,3
500,mixture,ptm,dummy-3j07oda3,29
50,gaussian,ptm,dummy-3jmx0o9x,15
100,gaussian,ptm,dummy-3jrnepov,34
50,skewnorm,ptm,dummy-3ke081my,92
100,gaussian,ptm,dummy-3kif9sii,37
100,ptm,ptm,dummy-3kwrzrgk,76
100,gaussian,ptm,dummy-3lu48ahp,46
50,mixture,ptm,dummy-3mcra7y4,60
500,ptm,ptm,dummy-3oavhxms,61
25,ptm,ptm,dummy-3orq095i,99
50,u-shaped,ptm,dummy-3orzkjna,63
500,gaussian,ptm,dummy-3p4anddb,35
50,gaussian,ptm,dummy-3p4nqjlf,38
500,gaussian,ptm,dummy-3p90to69,63
100,ptm,ptm,dummy-3pojn07i,84
50,skewnorm,ptm,dummy-3puxle4w,98
50,unif,ptm,dummy-3pzfm2re,73
25,skewnorm,ptm,dummy-3qod40xr,98
25,u-shaped,ptm,dummy-3r2cw0bn,82
100,ptm,ptm,dummy-3re4vw07,13
25,unif,ptm,dummy-3s1sfjnb,74
500,gaussian,ptm,dummy-3sr6wwoz,3
25,mixture,ptm,dummy-3t8x8b4o,76
25,skewnorm,ptm,dummy-3ujk28zh,16
100,skewnorm,ptm,dummy-3usvn2yc,98
500,mixture,ptm,dummy-3w0cadp7,73
50,skewnorm,ptm,dummy-3we0s0no,68
50,u-shaped,ptm,dummy-3wrlhkk4,86
25,gaussian,ptm,dummy-3y43i1hs,10
500,u-shaped,ptm,dummy-3yrg18dt,96
25,skewnorm,ptm,dummy-3zjrd1v6,70
25,gaussian,ptm,dummy-40bke6g7,47
50,skewnorm,ptm,dummy-412njtco,69
100,ptm,ptm,dummy-41xwpm6l,73
50,skewnorm,ptm,dummy-42ts1m5g,36
25,ptm,ptm,dummy-436qjzu1,56
100,u-shaped,ptm,dummy-43iwt2cg,38
50,ptm,ptm,dummy-43k6i6os,85
25,gaussian,ptm,dummy-44btzyql,29
50,mixture,ptm,dummy-44i27hme,96
500,mixture,ptm,dummy-44rp0j1u,84
25,ptm,ptm,dummy-45eg6t6g,47
100,skewnorm,ptm,dummy-45mz4jmp,60
50,ptm,ptm,dummy-485k0ww2,71
100,u-shaped,ptm,dummy-49jgp8ia,95
500,mixture,ptm,dummy-49mluea3,67
50,unif,ptm,dummy-49rr7a6x,89
25,u-shaped,ptm,dummy-49w1mhg8,63
25,unif,ptm,dummy-4admaimh,25
50,mixture,ptm,dummy-4ajhcb63,61
500,mixture,ptm,dummy-4aruxzoo,56
25,skewnorm,ptm,dummy-4c6zz0mh,6
100,gaussian,ptm,dummy-4cz1ws7o,100
50,unif,ptm,dummy-4dag4vjt,76
50,mixture,ptm,dummy-4dy0opky,90
25,gaussian,ptm,dummy-4e7ydk4n,95
25,skewnorm,ptm,dummy-4e9xtw8c,45
100,u-shaped,ptm,dummy-4foe2c7y,94
25,gaussian,ptm,dummy-4g0ycj9t,26
25,skewnorm,ptm,dummy-4gvl1s5o,81
100,u-shaped,ptm,dummy-4h1kosog,89
100,gaussian,ptm,dummy-4h8o3vno,5
50,gaussian,ptm,dummy-4hhsbs11,27
500,mixture,ptm,dummy-4i12hkoy,74
25,ptm,ptm,dummy-4igxozu6,68
100,unif,ptm,dummy-4im1006c,75
500,mixture,ptm,dummy-4jdoce4k,9
500,u-shaped,ptm,dummy-4jvwv942,25
25,u-shaped,ptm,dummy-4k4a9d0h,59
100,gaussian,ptm,dummy-4k7up4gh,80
100,ptm,ptm,dummy-4khwlzwg,48
25,unif,ptm,dummy-4kw1ffcn,66
50,ptm,ptm,dummy-4llid0lc,60
100,unif,ptm,dummy-4mktjiol,78
25,gaussian,ptm,dummy-4nc6t1pm,68
25,mixture,ptm,dummy-4op35fon,75
100,gaussian,ptm,dummy-4pkwj7de,40
500,ptm,ptm,dummy-4pt9jw9l,32
50,u-shaped,ptm,dummy-4pug9yf4,67
50,u-shaped,ptm,dummy-4qf9p9i4,12
500,gaussian,ptm,dummy-4qowkp47,100
100,u-shaped,ptm,dummy-4rgi5qbp,54
25,ptm,ptm,dummy-4u2jytox,14
25,ptm,ptm,dummy-4vloc21a,4
25,unif,ptm,dummy-4vmmvypy,73
100,skewnorm,ptm,dummy-4w94mccu,47
25,ptm,ptm,dummy-4wbagnj9,61
500,ptm,ptm,dummy-4wsuf9hz,62
50,skewnorm,ptm,dummy-4x7zc4uk,15
50,gaussian,ptm,dummy-4xldmeo1,68
500,skewnorm,ptm,dummy-4yhm06ef,52
25,skewnorm,ptm,dummy-4zyw5dd4,58
25,u-shaped,ptm,dummy-50u4srpa,4
100,mixture,ptm,dummy-51ang6k6,58
500,u-shaped,ptm,dummy-51mcmppe,83
50,mixture,ptm,dummy-51yuhqg1,23
50,unif,ptm,dummy-52dn37bt,86
25,skewnorm,ptm,dummy-53bbdxgg,41
50,u-shaped,ptm,dummy-53qccig8,11
100,u-shaped,ptm,dummy-55txr9zm,53
50,u-shaped,ptm,dummy-565tk89i,50
25,u-shaped,ptm,dummy-56d3me3d,92
100,gaussian,ptm,dummy-56myd0bh,82
50,gaussian,ptm,dummy-56xajxkr,76
50,gaussian,ptm,dummy-578qheiw,37
500,unif,ptm,dummy-57osmqvn,48
50,unif,ptm,dummy-580rkako,97
100,skewnorm,ptm,dummy-58ys74ws,100
25,gaussian,ptm,dummy-58yxms0z,55
25,skewnorm,ptm,dummy-59b8ibbh,88
50,ptm,ptm,dummy-59s7z5zq,11
50,mixture,ptm,dummy-59wnz9ws,35
50,mixture,ptm,dummy-5a130d4j,69
100,unif,ptm,dummy-5anr79hj,13
50,u-shaped,ptm,dummy-5c47gy6t,90
25,mixture,ptm,dummy-5c64810q,79
500,ptm,ptm,dummy-5c9vojlj,65
50,unif,ptm,dummy-5czj7ps6,53
500,gaussian,ptm,dummy-5dngywv6,20
500,ptm,ptm,dummy-5dvjrfnm,93
25,ptm,ptm,dummy-5dw5s13n,73
500,u-shaped,ptm,dummy-5eb2qkh1,41
25,mixture,ptm,dummy-5g3r4zrs,80
500,unif,ptm,dummy-5gljbvqf,53
100,ptm,ptm,dummy-5gt5p9ix,7
500,ptm,ptm,dummy-5gzogr0x,89
50,mixture,ptm,dummy-5hlg35mi,73
25,gaussian,ptm,dummy-5igckcqu,90
25,gaussian,ptm,dummy-5ipjhex1,84
50,gaussian,ptm,dummy-5jz6wx3c,26
50,gaussian,ptm,dummy-5k6zdp57,2
25,u-shaped,ptm,dummy-5koyykr4,73
25,u-shaped,ptm,dummy-5kydqojm,93
500,skewnorm,ptm,dummy-5kye12e2,97
25,skewnorm,ptm,dummy-5l6oenta,80
50,u-shaped,ptm,dummy-5mouej13,1
500,unif,ptm,dummy-5mpfwf2k,47
50,mixture,ptm,dummy-5mxfj9ss,31
25,mixture,ptm,dummy-5ol05wth,52
100,u-shaped,ptm,dummy-5ovvdo7y,66
100,gaussian,ptm,dummy-5owb56mc,21
500,skewnorm,ptm,dummy-5px9ein6,11
25,u-shaped,ptm,dummy-5qa7pu0v,85
100,mixture,ptm,dummy-5qdvzh0s,80
500,ptm,ptm,dummy-5qf36o3m,16
100,ptm,ptm,dummy-5qjxdvz9,33
500,unif,ptm,dummy-5r74mcnp,60
500,ptm,ptm,dummy-5rn3mili,2
25,skewnorm,ptm,dummy-5s4lg82c,46
500,skewnorm,ptm,dummy-5s5g07cb,87
500,mixture,ptm,dummy-5uiuvj8j,64
100,u-shaped,ptm,dummy-5uulrz1f,20
500,u-shaped,ptm,dummy-5uveybm4,100
25,gaussian,ptm,dummy-5vnrera7,85
500,gaussian,ptm,dummy-5wj5u2v5,17
500,ptm,ptm,dummy-5wmtadzq,10
500,gaussian,ptm,dummy-5y4jrqc6,77
500,skewnorm,ptm,dummy-5yqsg2ag,41
100,u-shaped,ptm,dummy-5z625m49,16
25,u-shaped,ptm,dummy-602wjtdy,21
100,unif,ptm,dummy-61tv9m2d,44
25,mixture,ptm,dummy-6258inh6,83
50,unif,ptm,dummy-635izl5x,62
50,gaussian,ptm,dummy-647hauqp,34
500,gaussian,ptm,dummy-656cs5rw,82
100,ptm,ptm,dummy-65mqons3,49
50,u-shaped,ptm,dummy-670lfm33,5
100,skewnorm,ptm,dummy-671mt5gc,39
50,u-shaped,ptm,dummy-67wh875v,46
50,ptm,ptm,dummy-689u9v3e,55
100,mixture,ptm,dummy-68hqodop,62
50,skewnorm,ptm,dummy-68uds9yv,18
100,u-shaped,ptm,dummy-69qi31t1,71
100,skewnorm,ptm,dummy-69w8l21o,7
500,skewnorm,ptm,dummy-6aajt3re,60
50,mixture,ptm,dummy-6acqh5fl,5
50,gaussian,ptm,dummy-6adkf9p6,48
50,unif,ptm,dummy-6axui6em,74
100,unif,ptm,dummy-6bk81t26,91
500,skewnorm,ptm,dummy-6bp3qjdc,69
500,gaussian,ptm,dummy-6cqh8e9d,99
500,gaussian,ptm,dummy-6cwb6tkb,11
100,skewnorm,ptm,dummy-6cxh4uj3,64
500,skewnorm,ptm,dummy-6daqkccn,67
25,ptm,ptm,dummy-6dnzr9xt,45
500,unif,ptm,dummy-6ecdbzyw,24
500,unif,ptm,dummy-6ecfu27w,52
500,skewnorm,ptm,dummy-6fkf9j9y,93
25,unif,ptm,dummy-6g6ceknf,76
100,unif,ptm,dummy-6g8eazde,61
100,gaussian,ptm,dummy-6g9xm96u,4
50,gaussian,ptm,dummy-6hgzrznu,100
500,skewnorm,ptm,dummy-6igxi2ix,68
50,ptm,ptm,dummy-6iva0qi6,22
100,u-shaped,ptm,dummy-6ix6hzqq,10
50,skewnorm,ptm,dummy-6j4q14td,71
25,ptm,ptm,dummy-6lg2y05m,66
25,unif,ptm,dummy-6namxhrd,78
25,unif,ptm,dummy-6ns2pm9a,99
50,unif,ptm,dummy-6nvqzmzt,13
50,u-shaped,ptm,dummy-6oi2khiy,54
25,u-shaped,ptm,dummy-6qefb06r,75
500,mixture,ptm,dummy-6qiahl3j,25
500,unif,ptm,dummy-6qut9yhm,58
25,ptm,ptm,dummy-6r3zju69,18
500,u-shaped,ptm,dummy-6ti5cjhy,76
500,skewnorm,ptm,dummy-6ubhnugs,57
25,unif,ptm,dummy-6uwc09we,29
50,gaussian,ptm,dummy-6vhtocnz,9
500,gaussian,ptm,dummy-6vnx1srq,54
500,mixture,ptm,dummy-6wyk4057,26
50,mixture,ptm,dummy-6wyt3199,89
500,u-shaped,ptm,dummy-6x8bqldo,60
25,mixture,ptm,dummy-6x9850tp,42
50,mixture,ptm,dummy-6xca0l59,50
50,skewnorm,ptm,dummy-6xl7lnb1,9
25,gaussian,ptm,dummy-6xzfxfhi,13
500,ptm,ptm,dummy-6y25whzy,25
25,skewnorm,ptm,dummy-6ykerqe4,85
25,skewnorm,ptm,dummy-6zg0eqt5,94
50,u-shaped,ptm,dummy-70dzw43v,74
500,u-shaped,ptm,dummy-72vosvdz,42
500,gaussian,ptm,dummy-72z8hhyx,90
25,mixture,ptm,dummy-73skgy4m,57
100,u-shaped,ptm,dummy-73vomy83,90
100,unif,ptm,dummy-74ak3cax,38
500,ptm,ptm,dummy-74t1jd8v,6
25,u-shaped,ptm,dummy-74yssr86,6
25,gaussian,ptm,dummy-75q138qf,62
500,u-shaped,ptm,dummy-75vhg712,65
25,mixture,ptm,dummy-769tvdew,54
25,gaussian,ptm,dummy-76k8mlpk,98
25,mixture,ptm,dummy-76rnzmcm,53
500,ptm,ptm,dummy-776mdc96,74
50,u-shaped,ptm,dummy-77f5hm1a,89
25,skewnorm,ptm,dummy-77x6w86l,77
500,u-shaped,ptm,dummy-77zzpjh1,43
25,u-shaped,ptm,dummy-790erk82,86
25,ptm,ptm,dummy-79sguzgq,40
100,unif,ptm,dummy-7aa6u79f,40
25,unif,ptm,dummy-7ac94hq6,71
25,unif,ptm,dummy-7buscp61,24
50,mixture,ptm,dummy-7cch9vqk,14
25,ptm,ptm,dummy-7cn5easn,35
50,skewnorm,ptm,dummy-7d8sxqt9,21
100,u-shaped,ptm,dummy-7dg68mgv,65
500,mixture,ptm,dummy-7dpc6pm4,81
500,gaussian,ptm,dummy-7f2iel1a,52
50,skewnorm,ptm,dummy-7gx8dtaj,58
100,u-shaped,ptm,dummy-7hiq8vja,4
25,u-shaped,ptm,dummy-7hvmnqeu,20
500,mixture,ptm,dummy-7hwpalg4,32
500,gaussian,ptm,dummy-7ieu7tje,9
500,mixture,ptm,dummy-7j5iz9v2,91
100,gaussian,ptm,dummy-7jagzy3g,63
50,u-shaped,ptm,dummy-7jcbw7c2,80
100,mixture,ptm,dummy-7jrfv5vm,94
50,gaussian,ptm,dummy-7lhqtfow,11
500,ptm,ptm,dummy-7m13pbt1,80
25,skewnorm,ptm,dummy-7m9i7klq,78
500,u-shaped,ptm,dummy-7mk1vyce,84
50,mixture,ptm,dummy-7n0md0he,65
50,skewnorm,ptm,dummy-7ntwif45,1
500,skewnorm,ptm,dummy-7o3ir5ta,66
500,mixture,ptm,dummy-7oywezvx,55
100,skewnorm,ptm,dummy-7pizync1,46
50,mixture,ptm,dummy-7pylatrf,16
100,gaussian,ptm,dummy-7qdz2jiq,57
50,mixture,ptm,dummy-7r57ncos,45
100,gaussian,ptm,dummy-7rlvhxsm,92
100,gaussian,ptm,dummy-7t0lcz99,49
100,ptm,ptm,dummy-7tav57my,47
50,mixture,ptm,dummy-7ttvoxqg,56
500,u-shaped,ptm,dummy-7u43qkgt,37
25,mixture,ptm,dummy-7vf1i56a,18
100,u-shaped,ptm,dummy-7vgrrtmx,64
100,u-shaped,ptm,dummy-7vgztcbz,40
100,mixture,ptm,dummy-7vi088ba,20
25,u-shaped,ptm,dummy-7vqxz3ew,88
500,gaussian,ptm,dummy-7x10srrh,15
100,skewnorm,ptm,dummy-7xbtkz7x,30
100,mixture,ptm,dummy-7xnm5kcn,82
25,u-shaped,ptm,dummy-7xsggk2z,31
50,gaussian,ptm,dummy-7yw51rwv,36
25,unif,ptm,dummy-7z3bbl2h,51
100,skewnorm,ptm,dummy-7zhknq04,38
100,gaussian,ptm,dummy-7zltf46o,16
100,u-shaped,ptm,dummy-7zqn7kdv,21
100,ptm,ptm,dummy-7zsm6a1n,64
500,skewnorm,ptm,dummy-804jows5,83
100,unif,ptm,dummy-80n4l0k5,68
25,u-shaped,ptm,dummy-80ttzepm,30
100,unif,ptm,dummy-8110zfgc,41
50,skewnorm,ptm,dummy-81avi3xc,60
25,unif,ptm,dummy-81b2piak,85
25,unif,ptm,dummy-827lfdbe,36
500,skewnorm,ptm,dummy-829ag50c,81
25,ptm,ptm,dummy-830vl9o6,76
25,gaussian,ptm,dummy-83unwe79,15
100,u-shaped,ptm,dummy-846by7gd,30
25,ptm,ptm,dummy-84e555ik,55
25,unif,ptm,dummy-85023vnl,82
500,u-shaped,ptm,dummy-863jqkg9,78
50,u-shaped,ptm,dummy-8737p7zl,64
100,ptm,ptm,dummy-882lah79,34
500,skewnorm,ptm,dummy-895bixd7,32
50,skewnorm,ptm,dummy-89ikovsn,6
100,mixture,ptm,dummy-89kw1uqs,61
100,mixture,ptm,dummy-89zbgkdg,96
100,u-shaped,ptm,dummy-8bl9o2ow,62
25,ptm,ptm,dummy-8bxn8ewr,95
100,mixture,ptm,dummy-8byjouvt,33
500,mixture,ptm,dummy-8dot48k5,44
50,u-shaped,ptm,dummy-8ebv90pq,79
100,skewnorm,ptm,dummy-8fi4tupr,90
100,ptm,ptm,dummy-8fsl6meb,38
50,u-shaped,ptm,dummy-8hjsf9lb,61
25,mixture,ptm,dummy-8hooh38a,70
100,gaussian,ptm,dummy-8i020xmy,79
50,u-shaped,ptm,dummy-8i62pwxr,6
50,unif,ptm,dummy-8jeid7qp,22
25,u-shaped,ptm,dummy-8l49bwrj,97
50,ptm,ptm,dummy-8lqaavpo,92
50,u-shaped,ptm,dummy-8lw0g7zy,37
50,unif,ptm,dummy-8m2zjfh0,96
500,u-shaped,ptm,dummy-8m9g6thm,2
25,skewnorm,ptm,dummy-8n2ccald,69
50,gaussian,ptm,dummy-8n9eb3vk,79
25,mixture,ptm,dummy-8oize4cd,4
100,gaussian,ptm,dummy-8oqv5ee3,48
50,gaussian,ptm,dummy-8ozcwj95,19
500,u-shaped,ptm,dummy-8pvotnwr,10
100,gaussian,ptm,dummy-8qo51m7g,76
500,ptm,ptm,dummy-8qsy695t,87
500,gaussian,ptm,dummy-8qt41anh,70
50,ptm,ptm,dummy-8rgkjwa3,50
50,skewnorm,ptm,dummy-8rrnknj7,91
50,ptm,ptm,dummy-8rv5bx8v,14
500,mixture,ptm,dummy-8s04cd9m,57
100,u-shaped,ptm,dummy-8spn093o,79
500,skewnorm,ptm,dummy-8sr1p4dr,80
25,skewnorm,ptm,dummy-8sum2sh7,68
100,skewnorm,ptm,dummy-8to2cuim,44
500,unif,ptm,dummy-8two5djq,95
500,unif,ptm,dummy-8u9cgzea,22
500,ptm,ptm,dummy-8vwo8ew3,36
500,unif,ptm,dummy-8wcjh1dj,38
100,u-shaped,ptm,dummy-8x14slz4,27
50,unif,ptm,dummy-8xkdokxv,46
50,ptm,ptm,dummy-8y5x4up4,8
100,gaussian,ptm,dummy-8y6nzd13,17
100,unif,ptm,dummy-8zhvb368,52
50,ptm,ptm,dummy-8zjxzn7g,29
100,skewnorm,ptm,dummy-8zstnf2r,10
25,gaussian,ptm,dummy-901mfz32,61
25,gaussian,ptm,dummy-90fjy8ju,81
100,skewnorm,ptm,dummy-90us4s99,43
100,gaussian,ptm,dummy-91mmrc1h,31
100,gaussian,ptm,dummy-91wou6ee,85
500,u-shaped,ptm,dummy-92fz4h3k,12
500,gaussian,ptm,dummy-92phem2h,69
500,ptm,ptm,dummy-92wonsk2,38
100,skewnorm,ptm,dummy-93ndif9e,5
25,ptm,ptm,dummy-93stq2hk,17
100,u-shaped,ptm,dummy-9457801y,29
500,u-shaped,ptm,dummy-94bm8d2i,51
25,mixture,ptm,dummy-94l5sqrc,91
50,gaussian,ptm,dummy-951u9f6a,59
500,skewnorm,ptm,dummy-951vd7fs,96
100,u-shaped,ptm,dummy-95cktk4m,61
50,skewnorm,ptm,dummy-95cm761z,42
100,u-shaped,ptm,dummy-96edsqth,76
500,mixture,ptm,dummy-96fkso5n,46
25,mixture,ptm,dummy-96lzpso3,69
50,skewnorm,ptm,dummy-96vecgv2,94
500,unif,ptm,dummy-98bhf5xn,92
50,skewnorm,ptm,dummy-98hw4ejp,33
100,u-shaped,ptm,dummy-994um5ol,37
500,u-shaped,ptm,dummy-9atyi0bt,47
100,ptm,ptm,dummy-9avd7j6y,95
500,ptm,ptm,dummy-9ccpgs9j,29
25,ptm,ptm,dummy-9ctmo4pj,92
100,skewnorm,ptm,dummy-9d08q7of,81
500,u-shaped,ptm,dummy-9d8b3kno,64
25,unif,ptm,dummy-9eernixm,40
500,gaussian,ptm,dummy-9ew30eqm,12
500,skewnorm,ptm,dummy-9f9b1b14,1
100,ptm,ptm,dummy-9fwiioz8,96
500,unif,ptm,dummy-9gdw2tzb,83
100,gaussian,ptm,dummy-9h4ipr6z,19
500,mixture,ptm,dummy-9hpj1jhy,58
100,mixture,ptm,dummy-9hpmbma1,10
500,u-shaped,ptm,dummy-9iilu5m0,73
100,ptm,ptm,dummy-9iqzv4y5,58
100,unif,ptm,dummy-9iu2wehm,90
100,ptm,ptm,dummy-9jlabcf4,93
100,mixture,ptm,dummy-9k24ccxc,32
25,gaussian,ptm,dummy-9kaons3s,99
500,unif,ptm,dummy-9kqov1xl,56
25,mixture,ptm,dummy-9kv7mmyl,16
500,mixture,ptm,dummy-9l0rein9,47
500,gaussian,ptm,dummy-9l3suvo2,18
25,u-shaped,ptm,dummy-9lbqa549,32
50,mixture,ptm,dummy-9lxl5xjx,1
50,gaussian,ptm,dummy-9nnlto4w,12
25,skewnorm,ptm,dummy-9nq4kcea,55
500,ptm,ptm,dummy-9ogln97p,40
50,skewnorm,ptm,dummy-9osry63g,5
25,u-shaped,ptm,dummy-9shd5o2i,64
100,ptm,ptm,dummy-9sko1fmi,41
50,ptm,ptm,dummy-9tknp03a,88
50,u-shaped,ptm,dummy-9tn8sn32,65
50,unif,ptm,dummy-9tv1rnn1,88
50,u-shaped,ptm,dummy-9ujgpb7o,73
100,u-shaped,ptm,dummy-9w2vuom6,14
100,u-shaped,ptm,dummy-9xrokevd,74
50,skewnorm,ptm,dummy-9y39qv1y,76
500,unif,ptm,dummy-9y73czlv,29
25,skewnorm,ptm,dummy-9z392e39,20
25,ptm,ptm,dummy-9ztyen6r,20
50,skewnorm,ptm,dummy-9zwjps3i,85
50,gaussian,ptm,dummy-a0sbkg6o,30
50,u-shaped,ptm,dummy-a17lxdog,42
100,unif,ptm,dummy-a1pfrql1,15
100,unif,ptm,dummy-a1r2y2d1,16
50,gaussian,ptm,dummy-a2j3b6e4,21
500,ptm,ptm,dummy-a3wdbq9v,69
100,mixture,ptm,dummy-a3wr5lne,72
25,ptm,ptm,dummy-a46p2jw9,84
25,u-shaped,ptm,dummy-a47b0yc6,11
25,skewnorm,ptm,dummy-a4gl1t1m,59
100,unif,ptm,dummy-a4r7w5gt,89
100,mixture,ptm,dummy-a64ezzzq,4
50,ptm,ptm,dummy-a6bfrcm8,43
50,u-shaped,ptm,dummy-a6kgqbv8,98
100,gaussian,ptm,dummy-a7a1v0a1,56
500,unif,ptm,dummy-a7edu9zu,88
25,unif,ptm,dummy-a7o7ra3y,9
25,gaussian,ptm,dummy-a7vfwvqf,37
50,gaussian,ptm,dummy-a9pcnibq,95
100,skewnorm,ptm,dummy-a9yn1c4k,11
25,ptm,ptm,dummy-aa3p2v1t,8
100,gaussian,ptm,dummy-aap3mlg0,53
25,u-shaped,ptm,dummy-ab1ms8y3,14
100,skewnorm,ptm,dummy-ac6yrt1y,65
500,skewnorm,ptm,dummy-aerwmdu7,64
50,gaussian,ptm,dummy-af6ops22,43
25,ptm,ptm,dummy-afn3sadv,71
50,unif,ptm,dummy-agewu3vb,56
500,unif,ptm,dummy-agfo79z4,66
500,unif,ptm,dummy-agiobfto,99
50,ptm,ptm,dummy-ah5dqw25,90
50,ptm,ptm,dummy-ahhzdcbv,91
500,mixture,ptm,dummy-ahoqa6wu,4
100,unif,ptm,dummy-ai0gxm8z,20
50,unif,ptm,dummy-ai3nszg1,81
50,unif,ptm,dummy-aigqx8pu,61
100,unif,ptm,dummy-algmg5ut,94
100,gaussian,ptm,dummy-almyzwc0,70
25,skewnorm,ptm,dummy-am2oc27k,40
100,mixture,ptm,dummy-amfs9cuh,54
500,u-shaped,ptm,dummy-amgjk72n,27
500,skewnorm,ptm,dummy-amrfrfxy,45
100,mixture,ptm,dummy-amvqwmpq,90
50,u-shaped,ptm,dummy-an8hr8hu,52
100,mixture,ptm,dummy-ao2brm3e,97
25,unif,ptm,dummy-aonfimf0,77
100,u-shaped,ptm,dummy-apriodo7,11
500,ptm,ptm,dummy-aq8wcuuk,67
100,u-shaped,ptm,dummy-aqmzh2pf,31
25,unif,ptm,dummy-aqsjsbd9,3
100,ptm,ptm,dummy-ar9kijvt,14
50,u-shaped,ptm,dummy-ar9vv40i,19
100,ptm,ptm,dummy-arsuhw6f,39
50,mixture,ptm,dummy-as5b565q,49
100,u-shaped,ptm,dummy-ascwisnr,55
100,u-shaped,ptm,dummy-at972sqr,45
500,skewnorm,ptm,dummy-atkzngr2,72
100,ptm,ptm,dummy-atnfhth8,80
50,gaussian,ptm,dummy-au2ixtkb,23
25,u-shaped,ptm,dummy-auez8kqd,25
50,u-shaped,ptm,dummy-aujqvlmg,95
50,skewnorm,ptm,dummy-avk2937x,7
25,unif,ptm,dummy-avxkqcpb,88
100,unif,ptm,dummy-awx06hyr,76
100,gaussian,ptm,dummy-axcg4xwv,10
500,skewnorm,ptm,dummy-axmg9i0o,26
500,ptm,ptm,dummy-ayw7la4j,47
25,skewnorm,ptm,dummy-az8c6v4z,51
100,ptm,ptm,dummy-azhwklcy,78
500,skewnorm,ptm,dummy-azt9imww,25
100,u-shaped,ptm,dummy-b09jmzlv,70
50,unif,ptm,dummy-b0bx8i80,6
500,ptm,ptm,dummy-b0fps7v6,14
25,unif,ptm,dummy-b0u4dwow,87
500,ptm,ptm,dummy-b1t3bg0g,19
25,unif,ptm,dummy-b1vx2kct,95
500,gaussian,ptm,dummy-b2c0b2h9,28
50,gaussian,ptm,dummy-b3dd793l,22
25,gaussian,ptm,dummy-b3pe3xfo,3
50,mixture,ptm,dummy-b4hadp2p,38
25,unif,ptm,dummy-b4mtvaqk,23
100,u-shaped,ptm,dummy-b4owu2eb,81
50,mixture,ptm,dummy-b4zyvzfb,78
500,mixture,ptm,dummy-b58e3rfm,60
100,u-shaped,ptm,dummy-b5k8ezm4,56
50,u-shaped,ptm,dummy-b5vwnjte,92
25,unif,ptm,dummy-b6vzi1ua,4
50,gaussian,ptm,dummy-b74g5g0y,86
50,unif,ptm,dummy-b7b61m5t,37
500,gaussian,ptm,dummy-b7qo40rq,40
25,ptm,ptm,dummy-b7r0qdfz,2
100,mixture,ptm,dummy-b819cadu,9
25,skewnorm,ptm,dummy-b95ltbs4,99
50,unif,ptm,dummy-ba464t3i,99
25,unif,ptm,dummy-baexefwz,89
50,unif,ptm,dummy-baix39nw,64
25,mixture,ptm,dummy-bd2oq2lp,2
500,mixture,ptm,dummy-bd7yyrsm,68
25,ptm,ptm,dummy-bdtoxi6v,26
500,unif,ptm,dummy-be7eflc3,2
25,skewnorm,ptm,dummy-beuk5e39,19
25,unif,ptm,dummy-bfjapsrr,52
50,ptm,ptm,dummy-bfw1o4o8,34
500,mixture,ptm,dummy-bgsjse04,52
100,u-shaped,ptm,dummy-bhccgnkp,34
500,unif,ptm,dummy-bionhqnu,28
100,skewnorm,ptm,dummy-biriiwj9,14
25,unif,ptm,dummy-biugzhmp,34
25,mixture,ptm,dummy-bj7khl9j,25
500,ptm,ptm,dummy-bjb4nuo6,70
25,unif,ptm,dummy-bjqw8owo,70
100,ptm,ptm,dummy-bk25tlq0,35
500,u-shaped,ptm,dummy-bkodn33s,85
500,mixture,ptm,dummy-blmnerjp,8
100,ptm,ptm,dummy-bluu8vby,23
100,mixture,ptm,dummy-bm4eckuf,49
100,gaussian,ptm,dummy-bm9v3gyx,35
100,skewnorm,ptm,dummy-bmg8ssmj,82
500,gaussian,ptm,dummy-bmi97il4,62
25,mixture,ptm,dummy-bmphwnny,55
25,gaussian,ptm,dummy-bnjftde4,63
50,skewnorm,ptm,dummy-bonyvpoy,23
100,ptm,ptm,dummy-bp34uajs,3
100,mixture,ptm,dummy-bp8ldmny,14
500,u-shaped,ptm,dummy-bpq27ef1,36
500,gaussian,ptm,dummy-bpse3524,59
50,u-shaped,ptm,dummy-bpuffaix,68
25,gaussian,ptm,dummy-bq5y8gnl,17
500,u-shaped,ptm,dummy-bqqijp9s,95
100,mixture,ptm,dummy-bsgn0lew,27
100,skewnorm,ptm,dummy-btto1tyi,15
500,ptm,ptm,dummy-buih9hl3,35
50,u-shaped,ptm,dummy-bulfpsng,60
50,u-shaped,ptm,dummy-buw78ixl,72
500,unif,ptm,dummy-bvslskm9,12
500,u-shaped,ptm,dummy-bwrsbfps,91
25,skewnorm,ptm,dummy-bwz3tuzd,24
25,u-shaped,ptm,dummy-bx2w0fj7,74
50,ptm,ptm,dummy-bx35j9tm,59
50,mixture,ptm,dummy-bxftrqbr,32
100,unif,ptm,dummy-bxhlazbe,1
500,unif,ptm,dummy-bxthe5um,14
100,skewnorm,ptm,dummy-by4mc799,12
50,gaussian,ptm,dummy-by6hktgf,46
500,unif,ptm,dummy-byc2yvv2,17
100,skewnorm,ptm,dummy-bypvz00f,72
50,u-shaped,ptm,dummy-bysyqb8t,24
100,gaussian,ptm,dummy-bzpmvney,25
25,skewnorm,ptm,dummy-c01o0cx6,29
25,skewnorm,ptm,dummy-c1mt9cqb,75
500,u-shaped,ptm,dummy-c1xtkfhm,63
25,gaussian,ptm,dummy-c2lcn8tp,59
50,unif,ptm,dummy-c2yj9u8q,9
500,u-shaped,ptm,dummy-c309nd47,88
500,ptm,ptm,dummy-c3784wal,9
50,mixture,ptm,dummy-c3z2s2og,57
25,gaussian,ptm,dummy-c412c1ms,88
25,skewnorm,ptm,dummy-c41wfskb,72
100,gaussian,ptm,dummy-c5ddsipf,7
25,gaussian,ptm,dummy-c6250log,60
100,skewnorm,ptm,dummy-c62ryz3y,13
25,skewnorm,ptm,dummy-c64njuql,92
25,mixture,ptm,dummy-c6pibjfj,20
50,mixture,ptm,dummy-c6v558sh,92
100,gaussian,ptm,dummy-c6vufgpq,9
25,gaussian,ptm,dummy-c841m4g1,9
50,unif,ptm,dummy-c8ggp05x,24
100,gaussian,ptm,dummy-c8mdqxqr,36
100,mixture,ptm,dummy-c8t58npy,71
500,gaussian,ptm,dummy-c9amftog,41
100,u-shaped,ptm,dummy-c9f6e9hz,13
50,skewnorm,ptm,dummy-c9jtnyhz,24
50,u-shaped,ptm,dummy-c9s9421c,28
100,ptm,ptm,dummy-ca0om71x,50
50,skewnorm,ptm,dummy-cahvh3ne,43
100,unif,ptm,dummy-caz73g58,11
25,unif,ptm,dummy-cb4gv6xg,14
500,u-shaped,ptm,dummy-cb6qunjq,4
500,gaussian,ptm,dummy-cbrgax04,29
25,ptm,ptm,dummy-cd06404f,34
50,ptm,ptm,dummy-cee2rxa7,10
100,mixture,ptm,dummy-cehhsj2n,31
25,u-shaped,ptm,dummy-ces27bav,68
500,u-shaped,ptm,dummy-cf1e1kxy,79
25,u-shaped,ptm,dummy-cfnfmdrz,80
25,u-shaped,ptm,dummy-cfoe9g4c,95
25,gaussian,ptm,dummy-cg0fj0d9,16
50,skewnorm,ptm,dummy-cgetudtc,14
25,skewnorm,ptm,dummy-cghlv513,12
100,ptm,ptm,dummy-cgiwvmav,46
500,gaussian,ptm,dummy-cglnfthl,26
25,ptm,ptm,dummy-cgzw4dhz,43
500,unif,ptm,dummy-cig87cw1,80
500,skewnorm,ptm,dummy-cirqhjmj,19
500,unif,ptm,dummy-cist59q8,72
100,unif,ptm,dummy-citxptbg,6
50,mixture,ptm,dummy-ckiqni3c,41
25,ptm,ptm,dummy-cl66166f,28
100,skewnorm,ptm,dummy-cloygl5f,59
50,unif,ptm,dummy-cm09y2cx,31
500,mixture,ptm,dummy-cnc7jfbt,14
500,u-shaped,ptm,dummy-cnnp7zap,14
50,ptm,ptm,dummy-co93xgxt,30
50,ptm,ptm,dummy-coe1fo76,93
500,gaussian,ptm,dummy-coge1lt8,80
50,gaussian,ptm,dummy-cohiwef6,40
25,skewnorm,ptm,dummy-cq7t5jmd,86
500,u-shaped,ptm,dummy-cqc45md4,11
500,u-shaped,ptm,dummy-cqjwvgsp,20
100,unif,ptm,dummy-cr5c0862,64
500,u-shaped,ptm,dummy-cs65so4y,69
500,ptm,ptm,dummy-csbw1o5o,12
100,skewnorm,ptm,dummy-csce07n1,8
25,ptm,ptm,dummy-csf5wcfu,27
50,gaussian,ptm,dummy-ct0gheom,58
500,ptm,ptm,dummy-cu41yzz8,48
100,gaussian,ptm,dummy-cutbf1s3,99
100,mixture,ptm,dummy-cuutsf69,60
500,ptm,ptm,dummy-cuv8mjtn,42
50,mixture,ptm,dummy-cv642yck,81
50,unif,ptm,dummy-cvqx2lhb,8
50,mixture,ptm,dummy-cvx63z3d,29
500,unif,ptm,dummy-cw2ufwex,71
25,gaussian,ptm,dummy-cwmb3nyd,74
25,skewnorm,ptm,dummy-cy6s3u7a,74
500,ptm,ptm,dummy-cycqgwf9,34
25,unif,ptm,dummy-cydujyut,17
25,u-shaped,ptm,dummy-czchqxrx,36
500,ptm,ptm,dummy-czd6xw6s,26
500,mixture,ptm,dummy-d0m6cue7,59
50,unif,ptm,dummy-d138kmqi,92
50,ptm,ptm,dummy-d16lidtw,74
25,unif,ptm,dummy-d1cgzye3,72
500,gaussian,ptm,dummy-d1dkokip,98
500,mixture,ptm,dummy-d1pra4di,16
100,skewnorm,ptm,dummy-d1wkfkz9,42
25,unif,ptm,dummy-d20cw2bv,93
500,ptm,ptm,dummy-d2l87nem,44
100,ptm,ptm,dummy-d342dh5l,74
25,unif,ptm,dummy-d3nn0xci,63
25,ptm,ptm,dummy-d4dvy53m,79
500,ptm,ptm,dummy-d56sgzbh,58
50,mixture,ptm,dummy-d5iauafg,74
25,unif,ptm,dummy-d5oaelsn,94
50,skewnorm,ptm,dummy-d5or7ei8,82
100,ptm,ptm,dummy-d6hnpx56,12
100,ptm,ptm,dummy-d6u7930y,77
25,mixture,ptm,dummy-d7kut36t,99
25,ptm,ptm,dummy-d7rmovff,7
500,u-shaped,ptm,dummy-d8569rmq,16
50,skewnorm,ptm,dummy-d8dv20qn,90
500,ptm,ptm,dummy-d8ndb4fc,13
100,skewnorm,ptm,dummy-db0w44nw,24
25,gaussian,ptm,dummy-dbxou3n3,71
500,unif,ptm,dummy-dcfq4ux1,7
25,u-shaped,ptm,dummy-ddj6q3w3,48
100,gaussian,ptm,dummy-de2xad2s,32
100,ptm,ptm,dummy-deq03oiz,54
25,ptm,ptm,dummy-dez8kx7n,83
50,gaussian,ptm,dummy-dezwaup9,88
50,gaussian,ptm,dummy-dffau143,52
25,unif,ptm,dummy-dfhtog0j,21
500,gaussian,ptm,dummy-dfr9ivc8,30
100,unif,ptm,dummy-dfzjhnxj,31
500,skewnorm,ptm,dummy-dgvz19ep,91
100,skewnorm,ptm,dummy-dh38pkb9,18
100,ptm,ptm,dummy-dho4zveg,72
25,ptm,ptm,dummy-di5062iw,98
500,gaussian,ptm,dummy-dile495m,96
500,skewnorm,ptm,dummy-dipis5f2,6
500,mixture,ptm,dummy-djny8vo9,40
500,ptm,ptm,dummy-djsjt09s,64
25,gaussian,ptm,dummy-dkna4l1w,5
50,mixture,ptm,dummy-dko2ye93,55
100,unif,ptm,dummy-dkqx8dbk,32
50,u-shaped,ptm,dummy-dl7ii3bz,97
100,gaussian,ptm,dummy-dla2w7y4,95
50,unif,ptm,dummy-dlppaxw1,42
25,mixture,ptm,dummy-dmgrer7m,95
25,mixture,ptm,dummy-dn0z39h5,63
100,skewnorm,ptm,dummy-dnpgwxu3,3
500,gaussian,ptm,dummy-do5k3szh,44
500,mixture,ptm,dummy-donfxrzl,30
100,mixture,ptm,dummy-dpb7xoho,84
50,unif,ptm,dummy-dpkyxdeh,94
50,u-shaped,ptm,dummy-dprn7bqg,23
500,mixture,ptm,dummy-dq0ln5xe,65
50,skewnorm,ptm,dummy-dqixld0g,95
100,unif,ptm,dummy-dqqte7fw,88
50,gaussian,ptm,dummy-drlvup25,87
50,mixture,ptm,dummy-dsnvqbmb,19
500,mixture,ptm,dummy-dtbnw04p,18
50,gaussian,ptm,dummy-dtbqrb5z,54
100,u-shaped,ptm,dummy-dtnnq24r,99
50,mixture,ptm,dummy-dtzn8rao,24
50,mixture,ptm,dummy-duag0dy7,99
100,gaussian,ptm,dummy-dumeq32r,54
100,unif,ptm,dummy-dv59k6dq,17
100,ptm,ptm,dummy-dvkagiqr,45
50,mixture,ptm,dummy-dvnvlva3,95
25,mixture,ptm,dummy-dw02gep3,1
100,unif,ptm,dummy-dw5nccuk,18
25,unif,ptm,dummy-dx41rpfb,31
25,u-shaped,ptm,dummy-dx7laocz,12
100,mixture,ptm,dummy-dxgpzr7h,66
500,ptm,ptm,dummy-dxyslxya,37
25,mixture,ptm,dummy-dynnxedj,13
100,unif,ptm,dummy-dys2zzqf,42
500,unif,ptm,dummy-dzkwc7cy,5
500,u-shaped,ptm,dummy-dzzfeieh,29
25,mixture,ptm,dummy-e0urzfgw,40
500,gaussian,ptm,dummy-e1ljdpj3,78
500,unif,ptm,dummy-e2geoodn,59
500,unif,ptm,dummy-e2mn1kst,64
500,u-shaped,ptm,dummy-e4h495bi,30
25,gaussian,ptm,dummy-e5gr3ldy,41
25,skewnorm,ptm,dummy-e6ajll2v,56
25,mixture,ptm,dummy-e6rvteb8,15
25,skewnorm,ptm,dummy-e7btr7jz,9
500,gaussian,ptm,dummy-e7jtn27a,51
100,u-shaped,ptm,dummy-e7puxz1d,73
25,gaussian,ptm,dummy-e8gz5elv,6
100,gaussian,ptm,dummy-e8hrjkum,6
100,mixture,ptm,dummy-e8ylbudp,79
500,mixture,ptm,dummy-e94z84e9,2
25,unif,ptm,dummy-e9hmmx0j,56
100,mixture,ptm,dummy-e9mhi6e1,24
100,skewnorm,ptm,dummy-e9ufhhmh,35
25,ptm,ptm,dummy-eadij6y0,64
100,skewnorm,ptm,dummy-ebm69yaz,77
100,skewnorm,ptm,dummy-ec1w3hc2,75
500,unif,ptm,dummy-ef0iwn61,97
500,ptm,ptm,dummy-efcg4eyn,53
500,gaussian,ptm,dummy-eg2npqoo,19
100,ptm,ptm,dummy-eg3aevso,81
50,mixture,ptm,dummy-egeprcb6,43
50,gaussian,ptm,dummy-egufqrnq,83
25,unif,ptm,dummy-egxxsevu,69
100,mixture,ptm,dummy-egxzsdb1,74
50,u-shaped,ptm,dummy-eh636naa,70
25,ptm,ptm,dummy-ehfmlgqx,22
500,skewnorm,ptm,dummy-ehgy5vye,63
25,u-shaped,ptm,dummy-eibvhtwo,94
500,skewnorm,ptm,dummy-ek427c2l,21
50,skewnorm,ptm,dummy-ek6yfc9f,20
50,mixture,ptm,dummy-ek787gan,44
50,u-shaped,ptm,dummy-ekl06386,91
100,ptm,ptm,dummy-elanpkpy,56
50,mixture,ptm,dummy-ellvgao7,75
500,gaussian,ptm,dummy-em0n8mze,84
50,unif,ptm,dummy-em2j7n2x,18
500,u-shaped,ptm,dummy-emezp7yd,26
100,mixture,ptm,dummy-emsnxpcg,92
50,unif,ptm,dummy-en4xkboc,55
500,ptm,ptm,dummy-en8owwn3,45
25,unif,ptm,dummy-encfn5ze,97
25,unif,ptm,dummy-enwufc02,6
100,gaussian,ptm,dummy-enx7lr23,73
25,mixture,ptm,dummy-eo1zicuq,50
500,ptm,ptm,dummy-eohhgjad,75
500,gaussian,ptm,dummy-eosoy9ru,46
500,skewnorm,ptm,dummy-ep04oshv,95
500,unif,ptm,dummy-ep4y0okw,3
25,u-shaped,ptm,dummy-ep98xpi5,57
50,gaussian,ptm,dummy-epx9n0ec,53
100,mixture,ptm,dummy-eq144woj,47
500,u-shaped,ptm,dummy-erlu14v5,81
500,mixture,ptm,dummy-esbusvlk,39
50,u-shaped,ptm,dummy-esqkpxu3,14
25,ptm,ptm,dummy-et94r3lv,32
500,ptm,ptm,dummy-euztle0u,77
100,u-shaped,ptm,dummy-ev1hfp6b,86
500,gaussian,ptm,dummy-evcv6uto,58
25,skewnorm,ptm,dummy-evdz2ah0,48
25,ptm,ptm,dummy-evyzmf1p,19
50,unif,ptm,dummy-ew7r1j9q,51
500,unif,ptm,dummy-ewjgporp,84
500,u-shaped,ptm,dummy-exkg0994,52
50,u-shaped,ptm,dummy-exuf3gx0,22
25,u-shaped,ptm,dummy-exv98tyb,56
100,mixture,ptm,dummy-ey6zar3y,70
50,ptm,ptm,dummy-eycwhafb,48
500,u-shaped,ptm,dummy-eyy8xzvz,33
100,skewnorm,ptm,dummy-eyygmsiy,4
50,gaussian,ptm,dummy-ezvkjp8y,93
100,mixture,ptm,dummy-f0jenxkw,12
25,gaussian,ptm,dummy-f1x8cdeq,30
500,mixture,ptm,dummy-f2ocrkui,92
50,skewnorm,ptm,dummy-f2yy4q4g,100
50,mixture,ptm,dummy-f3eblroh,42
100,ptm,ptm,dummy-f4mzb5n0,99
500,gaussian,ptm,dummy-f4s84kvr,42
50,u-shaped,ptm,dummy-f5l8hgth,8
100,ptm,ptm,dummy-f5ruo9py,59
100,u-shaped,ptm,dummy-f613thwx,85
50,mixture,ptm,dummy-f68cwglk,10
500,ptm,ptm,dummy-f68f3d21,63
100,ptm,ptm,dummy-f6bpt9dm,92
25,mixture,ptm,dummy-f6xhh4bq,66
100,skewnorm,ptm,dummy-f6zsz1pz,96
50,mixture,ptm,dummy-f72g9nkm,91
50,skewnorm,ptm,dummy-f78nu6gh,84
100,mixture,ptm,dummy-f7vfr6hn,57
500,ptm,ptm,dummy-f88uomgt,52
500,skewnorm,ptm,dummy-f8du9gke,27
25,u-shaped,ptm,dummy-f8zc5b4o,28
100,u-shaped,ptm,dummy-f9f61a18,18
25,ptm,ptm,dummy-f9lop575,24
50,ptm,ptm,dummy-fa52igc0,21
500,ptm,ptm,dummy-fac0xvsk,7
25,ptm,ptm,dummy-fadnebw8,42
500,unif,ptm,dummy-fapy15j7,86
500,ptm,ptm,dummy-fawjp6sc,99
100,u-shaped,ptm,dummy-fcfjne31,12
100,unif,ptm,dummy-fcqvbqbm,12
500,gaussian,ptm,dummy-fd2yy8m3,21
25,u-shaped,ptm,dummy-fdcweplq,43
100,unif,ptm,dummy-fddefvsm,26
25,u-shaped,ptm,dummy-fdxs6lj4,46
500,skewnorm,ptm,dummy-fe2i374d,89
500,mixture,ptm,dummy-ff2rzkat,98
50,u-shaped,ptm,dummy-fgwq8c7c,17
50,u-shaped,ptm,dummy-fhahusuy,15
25,mixture,ptm,dummy-fhkmijh0,88
25,skewnorm,ptm,dummy-fhqsz243,13
100,unif,ptm,dummy-fi1oxe8d,50
50,ptm,ptm,dummy-fifetq5c,3
500,gaussian,ptm,dummy-fk1ela12,65
50,skewnorm,ptm,dummy-fk8g1x0k,32
500,unif,ptm,dummy-fnowuolt,37
500,ptm,ptm,dummy-fnx4e6qn,43
100,skewnorm,ptm,dummy-fp9s0jxk,34
50,ptm,ptm,dummy-fph1adsp,98
50,gaussian,ptm,dummy-fqtbn5xw,33
100,mixture,ptm,dummy-fqwrbkgd,41
100,mixture,ptm,dummy-fr5y6p2h,76
50,skewnorm,ptm,dummy-frel91el,99
500,unif,ptm,dummy-fs7i6d07,32
50,mixture,ptm,dummy-fsdgyjg1,87
500,ptm,ptm,dummy-fsndzctu,95
500,mixture,ptm,dummy-fsseegqq,51
50,u-shaped,ptm,dummy-ft5phm3v,96
25,mixture,ptm,dummy-fu5jcz93,27
25,u-shaped,ptm,dummy-fudgytgo,34
500,ptm,ptm,dummy-fuqvzaup,83
100,mixture,ptm,dummy-fuzhhtwg,85
100,unif,ptm,dummy-fvk2ek7m,62
25,u-shaped,ptm,dummy-fwff95im,17
50,u-shaped,ptm,dummy-fwv9djiu,76
100,skewnorm,ptm,dummy-fx7np0de,48
500,unif,ptm,dummy-fxtf51hf,77
25,u-shaped,ptm,dummy-fy67s92u,60
50,ptm,ptm,dummy-fymlkz3z,38
100,mixture,ptm,dummy-fz73z9il,18
500,u-shaped,ptm,dummy-fzrbpixw,56
50,unif,ptm,dummy-fzwjx7xx,20
25,u-shaped,ptm,dummy-g07ujuys,87
50,skewnorm,ptm,dummy-g0hdhak5,88
100,ptm,ptm,dummy-g0rpuhl6,37
25,mixture,ptm,dummy-g17rd7xv,6
100,mixture,ptm,dummy-g1abwu01,86
500,u-shaped,ptm,dummy-g1uv65b7,9
100,ptm,ptm,dummy-g2jvfdiv,88
500,mixture,ptm,dummy-g2lnml51,10
25,skewnorm,ptm,dummy-g45fr1an,79
50,gaussian,ptm,dummy-g45v3tv7,69
100,mixture,ptm,dummy-g4aalvew,81
100,skewnorm,ptm,dummy-g4m4eonl,70
100,u-shaped,ptm,dummy-g51ts1mz,63
500,u-shaped,ptm,dummy-g62qeefr,23
500,ptm,ptm,dummy-g65listg,18
25,ptm,ptm,dummy-g7savt46,46
25,u-shaped,ptm,dummy-g8gxkzf4,7
500,mixture,ptm,dummy-ga79yulq,50
25,u-shaped,ptm,dummy-ga8vpsab,81
50,ptm,ptm,dummy-gahv5w5z,15
500,skewnorm,ptm,dummy-gb6vhk6y,44
500,skewnorm,ptm,dummy-gb77f8ax,84
25,ptm,ptm,dummy-gckqrj5i,44
25,gaussian,ptm,dummy-gcyk05e8,75
25,unif,ptm,dummy-gd0tng9r,27
500,ptm,ptm,dummy-gd86jmwp,60
50,gaussian,ptm,dummy-gdkb9tw5,17
25,mixture,ptm,dummy-gdpewoac,64
500,skewnorm,ptm,dummy-gdye25u6,78
100,ptm,ptm,dummy-ge14lm01,85
50,u-shaped,ptm,dummy-gfcpi6gn,59
100,ptm,ptm,dummy-gfotacog,11
25,u-shaped,ptm,dummy-gfxj42u8,33
50,unif,ptm,dummy-ggl5wd8s,63
50,u-shaped,ptm,dummy-ggow80pn,32
100,u-shaped,ptm,dummy-ggz3bodi,72
50,unif,ptm,dummy-ghctwc96,69
25,gaussian,ptm,dummy-ghgllosr,40
25,unif,ptm,dummy-ghonidus,37
25,mixture,ptm,dummy-ght60a80,31
25,u-shaped,ptm,dummy-gi2aobt2,72
25,mixture,ptm,dummy-gid4j38f,74
500,mixture,ptm,dummy-giskgkgx,82
500,skewnorm,ptm,dummy-gj7zpzwb,22
25,gaussian,ptm,dummy-gj9z0144,77
500,mixture,ptm,dummy-glxi82dt,34
500,skewnorm,ptm,dummy-gmjmrbjc,40
50,unif,ptm,dummy-gmkdpwlg,66
50,ptm,ptm,dummy-gmodg1zu,5
100,skewnorm,ptm,dummy-gn4p5keo,19
25,skewnorm,ptm,dummy-go5kpiwx,42
25,ptm,ptm,dummy-gpf1ntju,1
500,unif,ptm,dummy-gptuyfac,79
100,unif,ptm,dummy-gpz7mmfr,9
500,mixture,ptm,dummy-gq2pv37v,11
50,skewnorm,ptm,dummy-gqcempda,47
50,u-shaped,ptm,dummy-gqkgsoso,35
100,gaussian,ptm,dummy-grf9mfo8,22
25,unif,ptm,dummy-grrun94v,80
500,ptm,ptm,dummy-gsd0v3zw,27
25,ptm,ptm,dummy-gshknxvu,62
500,u-shaped,ptm,dummy-gskub6l3,39
100,unif,ptm,dummy-gsl38uk4,83
500,unif,ptm,dummy-gsx7uadv,27
100,skewnorm,ptm,dummy-gu4dwtk6,73
25,gaussian,ptm,dummy-gu6y55ri,36
25,mixture,ptm,dummy-gut72sfk,33
50,unif,ptm,dummy-gvbt7ney,34
100,skewnorm,ptm,dummy-gw96boji,85
500,mixture,ptm,dummy-gxbbd3j1,94
500,skewnorm,ptm,dummy-gxdvfozq,43
50,unif,ptm,dummy-gxuglvl3,32
25,u-shaped,ptm,dummy-gy15j0hx,71
500,gaussian,ptm,dummy-gzmoof2t,33
500,unif,ptm,dummy-h0gspq6m,23
50,u-shaped,ptm,dummy-h0sa6d78,18
100,u-shaped,ptm,dummy-h1bgkmwp,97
500,skewnorm,ptm,dummy-h20dc1kx,65
500,mixture,ptm,dummy-h2vi6fr2,23
25,mixture,ptm,dummy-h375x2ja,9
50,unif,ptm,dummy-h3jargxx,10
500,gaussian,ptm,dummy-h4axiqov,94
50,mixture,ptm,dummy-h4ounav4,59
50,ptm,ptm,dummy-h4xb6mrz,26
25,u-shaped,ptm,dummy-h5o9zr5x,5
500,u-shaped,ptm,dummy-h7rolvmt,86
50,ptm,ptm,dummy-h7v4t0t3,53
100,unif,ptm,dummy-h7y63rmc,39
25,u-shaped,ptm,dummy-h90r9mf8,9
25,skewnorm,ptm,dummy-h916n6ua,91
100,unif,ptm,dummy-h9lbtfp1,43
25,mixture,ptm,dummy-h9wrhtcl,26
50,unif,ptm,dummy-hah0zvqq,3
25,unif,ptm,dummy-hat1oyrk,83
50,ptm,ptm,dummy-hckrgl7l,25
50,ptm,ptm,dummy-hczyvixu,37
500,gaussian,ptm,dummy-hd74e8x8,39
25,u-shaped,ptm,dummy-hf7euay1,22
50,unif,ptm,dummy-hfvee7ho,52
25,u-shaped,ptm,dummy-hg11see7,26
500,unif,ptm,dummy-hg5jqdf9,31
100,skewnorm,ptm,dummy-hgxogsvd,63
500,gaussian,ptm,dummy-hienndw1,37
25,gaussian,ptm,dummy-hiq516ay,65
50,ptm,ptm,dummy-hjsm1hwc,63
50,unif,ptm,dummy-hjtjva3w,1
50,unif,ptm,dummy-hjwx2hmm,78
50,mixture,ptm,dummy-hk45fhiw,12
500,mixture,ptm,dummy-hk5j58fy,86
25,u-shaped,ptm,dummy-hk6v2iti,24
25,mixture,ptm,dummy-hkhz8sjo,93
50,mixture,ptm,dummy-hkxisf78,79
50,mixture,ptm,dummy-hm9kkkff,53
500,ptm,ptm,dummy-hms265t3,22
100,ptm,ptm,dummy-hmst0p53,62
50,unif,ptm,dummy-howdoa3e,45
25,skewnorm,ptm,dummy-hozh0fn0,47
100,unif,ptm,dummy-hpj0d10g,5
50,skewnorm,ptm,dummy-hpnoywq0,54
500,gaussian,ptm,dummy-hptjtdq8,23
500,u-shaped,ptm,dummy-hq7qrwlk,38
500,unif,ptm,dummy-hqjctyl6,18
50,unif,ptm,dummy-hrifd2kv,35
25,mixture,ptm,dummy-hrlb95je,89
25,u-shaped,ptm,dummy-hrmh6z20,50
100,ptm,ptm,dummy-hrna773g,5
500,u-shaped,ptm,dummy-hrxe65i2,82
500,u-shaped,ptm,dummy-hs0peo99,24
25,gaussian,ptm,dummy-hsbg2tvu,79
50,skewnorm,ptm,dummy-hslpqus6,56
100,u-shaped,ptm,dummy-hsoop0cl,69
25,ptm,ptm,dummy-hvo6vpz1,81
50,mixture,ptm,dummy-hwhe1okg,72
50,ptm,ptm,dummy-hxzvjfef,31
50,gaussian,ptm,dummy-hy9jqj83,56
25,unif,ptm,dummy-hzw2dtdh,46
50,ptm,ptm,dummy-i0xjzfit,57
25,unif,ptm,dummy-i1qs9m28,48
500,skewnorm,ptm,dummy-i27edvl7,53
100,unif,ptm,dummy-i31liw22,45
50,skewnorm,ptm,dummy-i33rm2u8,52
25,unif,ptm,dummy-i3ct3tyb,19
50,gaussian,ptm,dummy-i3tf5nlq,78
500,skewnorm,ptm,dummy-i4w55rhz,70
25,skewnorm,ptm,dummy-i5sfojb8,38
500,mixture,ptm,dummy-i5wjnv29,15
100,ptm,ptm,dummy-i6un985p,4
500,ptm,ptm,dummy-i7gwklbz,88
500,skewnorm,ptm,dummy-i7o0ch7o,29
100,ptm,ptm,dummy-i7t2ne25,26
25,skewnorm,ptm,dummy-i8wuuzeo,26
500,u-shaped,ptm,dummy-i92enmt2,75
50,u-shaped,ptm,dummy-i9npqe23,20
100,ptm,ptm,dummy-i9yyu1dr,52
25,gaussian,ptm,dummy-ia3uet0o,66
50,ptm,ptm,dummy-ibnfrqo3,17
500,skewnorm,ptm,dummy-icp57e7s,15
500,unif,ptm,dummy-id5rb01k,8
25,u-shaped,ptm,dummy-id6fiune,3
50,unif,ptm,dummy-iduk01e6,5
500,skewnorm,ptm,dummy-idytcimj,18
500,skewnorm,ptm,dummy-ieyzd5ae,62
25,gaussian,ptm,dummy-if7k9x6h,69
25,u-shaped,ptm,dummy-if8vtg38,77
500,ptm,ptm,dummy-ifsgkyhq,28
25,mixture,ptm,dummy-ig1kpmpl,34
500,mixture,ptm,dummy-ignmcsbu,78
50,skewnorm,ptm,dummy-ih0v0bqj,78
100,ptm,ptm,dummy-ihdn3lz8,44
500,u-shaped,ptm,dummy-ii2mgqp0,44
25,skewnorm,ptm,dummy-iiwbqk8a,32
25,gaussian,ptm,dummy-ijet03xn,70
25,skewnorm,ptm,dummy-ijj4q0hl,18
50,u-shaped,ptm,dummy-ijjzfac8,9
25,u-shaped,ptm,dummy-ilacuoji,91
25,ptm,ptm,dummy-ilr1uyzb,13
500,gaussian,ptm,dummy-ilrcrsjh,25
25,ptm,ptm,dummy-im520lbd,41
500,skewnorm,ptm,dummy-im8l9hmj,88
50,unif,ptm,dummy-imn09bh4,49
100,unif,ptm,dummy-imwu2a7q,79
25,unif,ptm,dummy-in6sdf9c,5
100,u-shaped,ptm,dummy-inbhg28p,33
50,unif,ptm,dummy-inismivd,21
100,ptm,ptm,dummy-inywqbqq,60
500,gaussian,ptm,dummy-ip3w9a8l,64
100,gaussian,ptm,dummy-iprsa0a0,60
500,skewnorm,ptm,dummy-ir65juk6,20
25,mixture,ptm,dummy-irzj80c8,58
50,ptm,ptm,dummy-is80tj1b,65
500,mixture,ptm,dummy-isvebofk,31
500,mixture,ptm,dummy-it6o8clp,88
100,skewnorm,ptm,dummy-ite39rsx,55
100,mixture,ptm,dummy-itgg6dtj,42
50,mixture,ptm,dummy-itr86mbs,9
100,skewnorm,ptm,dummy-iu49wsvd,89
50,mixture,ptm,dummy-iubclfdt,21
100,skewnorm,ptm,dummy-iugefg5q,51
25,skewnorm,ptm,dummy-iv2h0gow,82
50,unif,ptm,dummy-iv7qdz3p,98
50,u-shaped,ptm,dummy-ivfinli8,81
500,mixture,ptm,dummy-iwlm445h,87
500,ptm,ptm,dummy-ixge04gv,11
50,gaussian,ptm,dummy-ixh4skfh,1
100,unif,ptm,dummy-ixvxalm5,72
50,u-shaped,ptm,dummy-iy26y6mt,16
100,mixture,ptm,dummy-iy8a995i,48
25,ptm,ptm,dummy-iyiqof9o,58
500,mixture,ptm,dummy-iyr8plqu,45
50,unif,ptm,dummy-izbfusrp,57
100,unif,ptm,dummy-izcu944d,69
100,ptm,ptm,dummy-j0ljgcer,70
50,mixture,ptm,dummy-j0opy69n,46
50,u-shaped,ptm,dummy-j24dqycv,51
100,gaussian,ptm,dummy-j2jzp80o,27
50,unif,ptm,dummy-j3c7nxm1,2
50,u-shaped,ptm,dummy-j43ki0w3,2
500,unif,ptm,dummy-j4ea4ywj,81
50,unif,ptm,dummy-j4tpg278,71
50,ptm,ptm,dummy-j57guqnn,64
25,gaussian,ptm,dummy-j5ukrnx3,12
25,ptm,ptm,dummy-j5ypkgjb,15
50,unif,ptm,dummy-j8h6xgw7,4
25,ptm,ptm,dummy-j8wop4dc,80
25,skewnorm,ptm,dummy-j94zfcof,27
50,ptm,ptm,dummy-j9n357ig,72
50,mixture,ptm,dummy-jagfav8x,48
25,skewnorm,ptm,dummy-jasg7gpa,36
500,u-shaped,ptm,dummy-jbattftb,34
50,skewnorm,ptm,dummy-jbbrsk7x,39
100,mixture,ptm,dummy-jbf99273,93
50,mixture,ptm,dummy-jc0w933j,67
500,u-shaped,ptm,dummy-jcyrry5f,54
100,unif,ptm,dummy-jd93z6jx,84
500,unif,ptm,dummy-jdkr9zmy,4
25,mixture,ptm,dummy-jdugy16k,45
500,mixture,ptm,dummy-jeifypfr,62
100,mixture,ptm,dummy-jhchvydi,28
500,u-shaped,ptm,dummy-jil42ths,87
500,mixture,ptm,dummy-jizt53m2,93
25,skewnorm,ptm,dummy-jk443w14,73
25,mixture,ptm,dummy-jkieo1zc,7
100,gaussian,ptm,dummy-jlxc44c7,59
500,unif,ptm,dummy-jmha7068,34
500,mixture,ptm,dummy-jmqjfras,63
25,u-shaped,ptm,dummy-jn7z52dg,37
100,gaussian,ptm,dummy-jnf6u44j,45
25,gaussian,ptm,dummy-joykg5mn,38
100,unif,ptm,dummy-jp3zg3wa,47
50,mixture,ptm,dummy-jpms9v1r,30
25,u-shaped,ptm,dummy-jptccxay,39
25,ptm,ptm,dummy-jqv0qxpi,90
25,mixture,ptm,dummy-jqwrqjb2,87
100,mixture,ptm,dummy-jqyu2dr0,83
50,ptm,ptm,dummy-jr776ydf,7
50,skewnorm,ptm,dummy-jscvpo7j,96
50,gaussian,ptm,dummy-jsj29gvj,82
50,unif,ptm,dummy-jt93v5v9,33
100,unif,ptm,dummy-ju08a7wj,73
50,u-shaped,ptm,dummy-ju9wkkoo,41
500,mixture,ptm,dummy-jv19tbdm,69
50,u-shaped,ptm,dummy-jvc7l8ke,10
25,skewnorm,ptm,dummy-jvs5fwzm,57
100,gaussian,ptm,dummy-jw90eqyb,64
100,ptm,ptm,dummy-jwolnz4w,16
500,u-shaped,ptm,dummy-jwvjtg9j,98
500,mixture,ptm,dummy-jxvld8c4,49
100,mixture,ptm,dummy-jy2nweha,3
25,ptm,ptm,dummy-jyeaxmw3,63
100,u-shaped,ptm,dummy-jzlukf1q,32
100,gaussian,ptm,dummy-jzsnyp13,69
100,skewnorm,ptm,dummy-jzvwtaxp,84
100,gaussian,ptm,dummy-k1af2z9h,14
100,u-shaped,ptm,dummy-k1gytxpn,77
25,unif,ptm,dummy-k1hhlnko,41
50,ptm,ptm,dummy-k40v4u2d,35
25,gaussian,ptm,dummy-k63ng8zd,25
50,mixture,ptm,dummy-k67nvt2l,63
50,mixture,ptm,dummy-k6zil1ht,88
100,mixture,ptm,dummy-k7wrp7o8,44
50,skewnorm,ptm,dummy-k81uffe1,27
25,ptm,ptm,dummy-k8m7aoma,59
100,gaussian,ptm,dummy-k8woayuf,74
500,skewnorm,ptm,dummy-k9ejv9g8,61
25,u-shaped,ptm,dummy-kag897ip,83
25,mixture,ptm,dummy-kagfy6vz,21
25,skewnorm,ptm,dummy-kaoe1ebx,28
500,unif,ptm,dummy-kb23fh5u,33
500,ptm,ptm,dummy-kb7jtwtb,68
25,gaussian,ptm,dummy-kbk72b4k,48
100,u-shaped,ptm,dummy-kculnpmn,41
100,mixture,ptm,dummy-kd56awqz,91
50,gaussian,ptm,dummy-kdmtuyg8,28
50,skewnorm,ptm,dummy-kdsawb6f,72
50,unif,ptm,dummy-ke2weus4,50
50,unif,ptm,dummy-ked0kafx,44
50,gaussian,ptm,dummy-kegq7vs0,32
100,gaussian,ptm,dummy-kekytwih,23
25,unif,ptm,dummy-kfd22cym,47
25,mixture,ptm,dummy-kfgsgkm4,35
100,unif,ptm,dummy-kg7mdnog,66
500,unif,ptm,dummy-kgixfvcp,69
500,skewnorm,ptm,dummy-kgxs0bie,86
50,skewnorm,ptm,dummy-kiis4a42,12
100,u-shaped,ptm,dummy-kiwumfqm,26
50,ptm,ptm,dummy-kiyyuqn5,24
25,mixture,ptm,dummy-kj24unot,39
500,gaussian,ptm,dummy-kj3haqcq,24
50,gaussian,ptm,dummy-kjd0gvwy,49
100,skewnorm,ptm,dummy-kjioovjh,99
500,gaussian,ptm,dummy-kjjp9bob,92
500,ptm,ptm,dummy-kkdl0pfb,98
50,ptm,ptm,dummy-kmuu83ou,16
50,skewnorm,ptm,dummy-ko0f3bci,97
500,gaussian,ptm,dummy-ko8njbkd,10
50,u-shaped,ptm,dummy-ko9znqep,21
500,unif,ptm,dummy-koi5ukeb,94
500,skewnorm,ptm,dummy-koiwsahb,13
25,mixture,ptm,dummy-korbd5xa,30
500,u-shaped,ptm,dummy-kpgabpri,35
25,skewnorm,ptm,dummy-kpjiwzvs,76
100,gaussian,ptm,dummy-kpmi3aza,20
100,mixture,ptm,dummy-kqm8a3x3,78
500,unif,ptm,dummy-krarkqx8,70
500,u-shaped,ptm,dummy-ks1j17lp,67
50,unif,ptm,dummy-ksc9dnnz,40
100,mixture,ptm,dummy-kswiowwf,6
50,u-shaped,ptm,dummy-kuxlfn64,99
500,skewnorm,ptm,dummy-kv7abc8p,58
100,unif,ptm,dummy-kvhlumsu,85
50,mixture,ptm,dummy-kvnig4ai,54
500,mixture,ptm,dummy-kwfo72s9,100
50,ptm,ptm,dummy-kxpz0j7m,20
500,ptm,ptm,dummy-ky13r8w0,76
25,gaussian,ptm,dummy-kzjffjk0,73
25,u-shaped,ptm,dummy-l0ehdmth,90
100,mixture,ptm,dummy-l1rp1ovv,46
25,u-shaped,ptm,dummy-l1s6xmho,16
50,skewnorm,ptm,dummy-l1wmi3k5,45
100,unif,ptm,dummy-l29n20fi,4
50,skewnorm,ptm,dummy-l2dcu3zj,81
50,u-shaped,ptm,dummy-l2o8zlob,33
100,u-shaped,ptm,dummy-l2vy4js0,19
500,ptm,ptm,dummy-l355jnvq,31
50,u-shaped,ptm,dummy-l3jj9djm,71
50,skewnorm,ptm,dummy-l3nouvyk,87
500,gaussian,ptm,dummy-l3qdozjk,68
500,unif,ptm,dummy-l3s2of5l,90
500,u-shaped,ptm,dummy-l4i2w0qv,55
100,u-shaped,ptm,dummy-l4lm3ruy,43
25,unif,ptm,dummy-l5sqcj19,11
25,gaussian,ptm,dummy-l5tvshdv,51
100,mixture,ptm,dummy-l5vmxtts,11
50,unif,ptm,dummy-l6lpyy4p,84
50,skewnorm,ptm,dummy-l7bighha,70
100,skewnorm,ptm,dummy-l7bmg1di,45
500,ptm,ptm,dummy-l7hs7ptd,97
500,unif,ptm,dummy-l7qd6uil,43
500,gaussian,ptm,dummy-l7xxu60b,43
25,gaussian,ptm,dummy-l8ri35fj,14
25,ptm,ptm,dummy-l8v5k7lt,67
500,unif,ptm,dummy-lasv3nur,93
25,gaussian,ptm,dummy-lbsg594y,24
25,ptm,ptm,dummy-lbyi66c1,70
50,unif,ptm,dummy-lc1q685z,30
50,skewnorm,ptm,dummy-lc72cq0v,16
25,mixture,ptm,dummy-lcgpowta,36
25,unif,ptm,dummy-ldoo0tur,53
100,unif,ptm,dummy-ldr51x77,96
100,ptm,ptm,dummy-le30w5ja,89
25,gaussian,ptm,dummy-le5g74ke,28
50,ptm,ptm,dummy-le8kcnz9,44
100,gaussian,ptm,dummy-lez6qpjc,78
25,gaussian,ptm,dummy-lfcuk7sp,76
500,unif,ptm,dummy-lfhl4ppb,63
100,u-shaped,ptm,dummy-lfo1w0jo,48
100,mixture,ptm,dummy-lg9e8x93,77
25,skewnorm,ptm,dummy-lhe7rmev,30
25,mixture,ptm,dummy-lhecrxfh,32
100,u-shaped,ptm,dummy-lij66e0c,9
25,gaussian,ptm,dummy-lju0wxet,58
100,mixture,ptm,dummy-lk2copdl,65
25,u-shaped,ptm,dummy-lk9pqs0u,23
25,unif,ptm,dummy-lkh1sgze,57
50,mixture,ptm,dummy-llc8o2h5,85
500,unif,ptm,dummy-llhtx8om,91
50,u-shaped,ptm,dummy-llou2ewk,56
500,u-shaped,ptm,dummy-lls99u8s,31
25,ptm,ptm,dummy-lm62xpd0,78
50,u-shaped,ptm,dummy-lmyaofr8,39
500,ptm,ptm,dummy-ln3wirr7,59
100,gaussian,ptm,dummy-lnvd5uqk,3
25,unif,ptm,dummy-lof6lfnf,15
50,gaussian,ptm,dummy-lpksc15a,10
50,ptm,ptm,dummy-lq53fygj,27
100,unif,ptm,dummy-lq5ai716,23
25,gaussian,ptm,dummy-lq8bks2i,20
25,gaussian,ptm,dummy-lqnkz4fw,72
50,unif,ptm,dummy-lqv2obi8,93
500,skewnorm,ptm,dummy-lroqe2bj,7
50,unif,ptm,dummy-ltmk6ym2,54
50,mixture,ptm,dummy-lu6rnz2z,80
25,mixture,ptm,dummy-luosyq8s,17
500,u-shaped,ptm,dummy-lv0pgzie,28
25,skewnorm,ptm,dummy-lv1anusm,44
100,u-shaped,ptm,dummy-lvegz6nr,88
50,ptm,ptm,dummy-lw7a79ox,1
50,mixture,ptm,dummy-lwc269h7,100
500,gaussian,ptm,dummy-lwfx5mu9,7
50,gaussian,ptm,dummy-lwso5qq6,64
100,u-shaped,ptm,dummy-lx5fcwla,46
25,mixture,ptm,dummy-lxso0kdu,14
500,unif,ptm,dummy-lyb4zv6g,65
25,ptm,ptm,dummy-lygu97cl,82
500,u-shaped,ptm,dummy-lz2p6019,45
500,ptm,ptm,dummy-lz4be5l8,33
100,unif,ptm,dummy-lztiwitw,58
25,mixture,ptm,dummy-m0lk20rt,97
500,gaussian,ptm,dummy-m0m85t4d,56
500,unif,ptm,dummy-m1dfeq71,20
50,skewnorm,ptm,dummy-m2l6djrn,64
25,u-shaped,ptm,dummy-m4k94k04,35
100,ptm,ptm,dummy-m5x7o2u3,86
25,u-shaped,ptm,dummy-m6pt1mc4,2
50,gaussian,ptm,dummy-m7xgdab7,63
50,skewnorm,ptm,dummy-maejf9fo,44
100,mixture,ptm,dummy-mck9pu05,68
50,mixture,ptm,dummy-mdqb8zkg,34
50,u-shaped,ptm,dummy-mdreo824,53
500,ptm,ptm,dummy-me6fsjpx,71
100,gaussian,ptm,dummy-med51dbk,86
50,mixture,ptm,dummy-mesrlt2i,3
100,unif,ptm,dummy-mey8ms0b,14
100,gaussian,ptm,dummy-mge7e4or,66
100,gaussian,ptm,dummy-mgjdwfoc,39
100,mixture,ptm,dummy-mh7x5clc,50
25,u-shaped,ptm,dummy-mhr7z0af,29
50,u-shaped,ptm,dummy-mj5gls3a,31
500,unif,ptm,dummy-mjayzqlu,42
25,gaussian,ptm,dummy-mjpph757,91
50,ptm,ptm,dummy-mk7u6t0a,84
50,ptm,ptm,dummy-mkjhbr83,66
500,u-shaped,ptm,dummy-mlengz27,66
25,ptm,ptm,dummy-mly6rgcm,94
500,unif,ptm,dummy-mmidp0kw,98
25,skewnorm,ptm,dummy-mml903c5,83
100,gaussian,ptm,dummy-mnui8nll,13
500,ptm,ptm,dummy-mpisief6,15
50,gaussian,ptm,dummy-mpmf53io,13
100,ptm,ptm,dummy-mrwoe05i,32
100,gaussian,ptm,dummy-msbdygha,24
25,gaussian,ptm,dummy-msvylw1r,18
500,u-shaped,ptm,dummy-mtadwbpy,17
50,mixture,ptm,dummy-mtdyl16j,11
500,unif,ptm,dummy-mtuz4ipg,16
500,unif,ptm,dummy-mu1t431b,30
100,skewnorm,ptm,dummy-mumw3uml,83
100,u-shaped,ptm,dummy-muqpmwj2,5
500,mixture,ptm,dummy-mvkum017,83
50,skewnorm,ptm,dummy-mvrl7k94,28
100,gaussian,ptm,dummy-mvrnv1tr,90
50,gaussian,ptm,dummy-mvyktv7a,74
50,skewnorm,ptm,dummy-mwfak243,53
25,ptm,ptm,dummy-mwhmkehx,96
500,mixture,ptm,dummy-mwwljotw,27
50,unif,ptm,dummy-mx8vfycq,95
500,unif,ptm,dummy-mxvxv3f9,46
25,ptm,ptm,dummy-my5lyp8j,91
500,ptm,ptm,dummy-my7cxnrg,54
25,ptm,ptm,dummy-my96h8qq,49
25,u-shaped,ptm,dummy-n02svwar,79
50,ptm,ptm,dummy-n02te1cc,41
25,mixture,ptm,dummy-n0koczh4,56
500,gaussian,ptm,dummy-n15lvz8h,36
100,skewnorm,ptm,dummy-n2n32csb,88
500,u-shaped,ptm,dummy-n31yfqfk,50
50,u-shaped,ptm,dummy-n3g65bdj,88
500,ptm,ptm,dummy-n3w9l3k3,46
50,mixture,ptm,dummy-n46wtplk,77
50,skewnorm,ptm,dummy-n47ja0ks,79
25,skewnorm,ptm,dummy-n6hvycud,37
25,ptm,ptm,dummy-n6njppb6,77
25,ptm,ptm,dummy-n703vlik,93
25,u-shaped,ptm,dummy-n811xzj8,62
25,gaussian,ptm,dummy-na9zrggm,23
50,gaussian,ptm,dummy-nbnhlzo6,67
500,mixture,ptm,dummy-neghibll,37
100,unif,ptm,dummy-neueykqz,100
25,gaussian,ptm,dummy-nffg9hj2,4
100,ptm,ptm,dummy-nfxvet2o,15
100,skewnorm,ptm,dummy-ng263dl7,62
100,ptm,ptm,dummy-ng5pfjzh,97
500,gaussian,ptm,dummy-nh2smrqk,14
50,ptm,ptm,dummy-nhajt5g6,96
25,unif,ptm,dummy-ni1aup4y,18
50,mixture,ptm,dummy-ni1p00cd,86
100,mixture,ptm,dummy-ni3iv95x,87
500,skewnorm,ptm,dummy-niwxb01s,77
25,unif,ptm,dummy-nj9c5qdd,61
100,skewnorm,ptm,dummy-njz6mdni,40
50,ptm,ptm,dummy-nmgcbl5s,2
50,skewnorm,ptm,dummy-nmk3ac90,41
100,u-shaped,ptm,dummy-nnuvlihz,35
50,unif,ptm,dummy-no7fub74,28
100,mixture,ptm,dummy-nos5brod,95
50,unif,ptm,dummy-np8lqd7u,39
50,mixture,ptm,dummy-np9xyux8,4
500,gaussian,ptm,dummy-nqv1w3gd,67
50,unif,ptm,dummy-nrlbgbei,80
100,gaussian,ptm,dummy-ntg8zp5n,47
50,mixture,ptm,dummy-nus1b1ni,94
25,u-shaped,ptm,dummy-nv5pziqw,67
50,skewnorm,ptm,dummy-nwoyourt,55
500,unif,ptm,dummy-nx71nrhv,50
100,gaussian,ptm,dummy-nxd66r3b,2
500,skewnorm,ptm,dummy-nxq0a5ek,31
500,u-shaped,ptm,dummy-nyyo3ibh,58
25,mixture,ptm,dummy-nz7nfian,82
25,gaussian,ptm,dummy-nz990vup,27
25,gaussian,ptm,dummy-nzc955xp,46
50,u-shaped,ptm,dummy-nzjwsl5f,4
25,skewnorm,ptm,dummy-nzqk606y,53
500,skewnorm,ptm,dummy-o06zdyb9,54
500,gaussian,ptm,dummy-o0ig2j9f,1
100,u-shaped,ptm,dummy-o0ymt7je,17
500,u-shaped,ptm,dummy-o12wwuq8,93
100,unif,ptm,dummy-o46mdmfi,49
25,gaussian,ptm,dummy-o4ffy5gk,31
25,u-shaped,ptm,dummy-o4g8elvs,19
100,skewnorm,ptm,dummy-o5l18olp,97
100,unif,ptm,dummy-o6mo8rrn,48
500,mixture,ptm,dummy-o6xm3i91,42
50,mixture,ptm,dummy-o6zuqki7,71
500,skewnorm,ptm,dummy-o7m6vsci,24
50,ptm,ptm,dummy-o8us6n9n,56
25,u-shaped,ptm,dummy-o93qxrse,53
100,u-shaped,ptm,dummy-o94vvll9,93
500,gaussian,ptm,dummy-o9ni4hfu,8
500,mixture,ptm,dummy-oa34o1au,89
500,skewnorm,ptm,dummy-oakoeb10,37
500,u-shaped,ptm,dummy-obq8513d,94
25,ptm,ptm,dummy-oc81okr6,75
50,ptm,ptm,dummy-ocpj81md,61
50,gaussian,ptm,dummy-oe50ursy,47
100,ptm,ptm,dummy-ofkuzn83,21
500,gaussian,ptm,dummy-ogacip1w,45
25,gaussian,ptm,dummy-ogu9p3ad,2
100,unif,ptm,dummy-oh3c87ik,71
100,gaussian,ptm,dummy-oht9hrf8,8
50,unif,ptm,dummy-ok4wv7i0,67
25,ptm,ptm,dummy-okahtmii,29
25,skewnorm,ptm,dummy-okcvkbvu,4
50,u-shaped,ptm,dummy-okwkapyn,85
100,ptm,ptm,dummy-olmeja8n,20
25,unif,ptm,dummy-ond4ultt,49
25,ptm,ptm,dummy-one0mh14,12
50,unif,ptm,dummy-oo3ne2ua,47
50,u-shaped,ptm,dummy-ood2gs70,93
100,skewnorm,ptm,dummy-oosv045z,61
100,u-shaped,ptm,dummy-op35cp76,28
100,ptm,ptm,dummy-oqlrqbxo,100
100,unif,ptm,dummy-oqwzai8u,59
25,u-shaped,ptm,dummy-os8csa77,27
50,u-shaped,ptm,dummy-oudi4y7y,58
25,skewnorm,ptm,dummy-ovwkutyc,62
25,u-shaped,ptm,dummy-owhivdu0,52
100,unif,ptm,dummy-oxmmjdt9,37
500,u-shaped,ptm,dummy-oy1ozaii,59
100,skewnorm,ptm,dummy-ozl5of4h,27
100,skewnorm,ptm,dummy-oznjhywk,49
25,unif,ptm,dummy-ozoed5q0,59
500,skewnorm,ptm,dummy-p0tll7s4,51
50,gaussian,ptm,dummy-p1n2rf5o,71
25,mixture,ptm,dummy-p289w3t1,98
500,skewnorm,ptm,dummy-p290h5w8,75
500,gaussian,ptm,dummy-p2ql7w4y,55
25,unif,ptm,dummy-p37mo5uu,64
500,skewnorm,ptm,dummy-p3g0so2w,48
500,gaussian,ptm,dummy-p4xfcmhm,89
100,unif,ptm,dummy-p57s4l39,34
50,mixture,ptm,dummy-p62dgv7e,7
500,unif,ptm,dummy-p7e8s7y3,67
50,u-shaped,ptm,dummy-p7f65y2i,82
50,skewnorm,ptm,dummy-p7ie3nd0,86
500,unif,ptm,dummy-p7q75lir,62
25,skewnorm,ptm,dummy-p876k8be,2
100,gaussian,ptm,dummy-p8emqul3,61
500,skewnorm,ptm,dummy-p9zpy6b0,17
500,ptm,ptm,dummy-pbgbxeup,51
25,mixture,ptm,dummy-pbghkees,11
50,gaussian,ptm,dummy-pbtztc30,73
50,ptm,ptm,dummy-pci893oi,81
25,mixture,ptm,dummy-pd1az0fa,94
25,ptm,ptm,dummy-pee5rd3y,88
50,gaussian,ptm,dummy-peq6fe3p,39
25,ptm,ptm,dummy-pfdtimi8,50
500,unif,ptm,dummy-pgu2gq1r,75
500,skewnorm,ptm,dummy-pinrrs6t,82
500,u-shaped,ptm,dummy-pjfs4l0k,72
100,unif,ptm,dummy-pjn80dbm,28
100,mixture,ptm,dummy-pjr69j41,30
500,skewnorm,ptm,dummy-pk18csah,49
25,gaussian,ptm,dummy-pkcx6tvq,8
25,ptm,ptm,dummy-pkmpnljz,48
100,skewnorm,ptm,dummy-pky1kfv3,58
100,mixture,ptm,dummy-plfygf15,36
50,u-shaped,ptm,dummy-plonrwbe,62
100,skewnorm,ptm,dummy-ployrn9l,87
500,ptm,ptm,dummy-pm6nzyd0,21
50,gaussian,ptm,dummy-pmy07i5d,77
100,mixture,ptm,dummy-pneg5k40,99
100,gaussian,ptm,dummy-pnu5dgpa,71
50,unif,ptm,dummy-poc4j078,72
100,gaussian,ptm,dummy-pootp2xr,26
100,u-shaped,ptm,dummy-pos1n88m,91
50,gaussian,ptm,dummy-powzug3d,98
500,skewnorm,ptm,dummy-prp0ev4u,3
25,unif,ptm,dummy-psrausyz,13
500,mixture,ptm,dummy-ptnyk12l,12
100,mixture,ptm,dummy-pu771lqc,38
100,mixture,ptm,dummy-pujsthke,2
100,u-shaped,ptm,dummy-pwtgf6xk,96
500,u-shaped,ptm,dummy-pwv06cqu,68
500,gaussian,ptm,dummy-py6h6ype,87
500,skewnorm,ptm,dummy-pya5aes2,35
25,skewnorm,ptm,dummy-pydcrr1y,90
25,ptm,ptm,dummy-pzbxoq1s,89
100,gaussian,ptm,dummy-pzfnnhfn,43
50,skewnorm,ptm,dummy-q0gy9s1d,26
50,skewnorm,ptm,dummy-q0tviks5,59
100,ptm,ptm,dummy-q15hh26t,9
500,gaussian,ptm,dummy-q17iwsr0,66
100,skewnorm,ptm,dummy-q17v45ws,37
50,gaussian,ptm,dummy-q2bpx901,57
25,ptm,ptm,dummy-q2lkdw2s,37
100,unif,ptm,dummy-q2sq7jjk,98
100,unif,ptm,dummy-q2z24gk4,81
100,ptm,ptm,dummy-q5kpw4lt,63
50,skewnorm,ptm,dummy-q5zxu5fn,25
500,skewnorm,ptm,dummy-q641eu53,71
100,skewnorm,ptm,dummy-q6aw3up1,16
50,skewnorm,ptm,dummy-q70hlf2i,17
25,mixture,ptm,dummy-q78blpx7,96
50,gaussian,ptm,dummy-q7wp3gln,44
500,u-shaped,ptm,dummy-q7wubvux,46
50,unif,ptm,dummy-q7xep8b7,82
100,ptm,ptm,dummy-q8i4lkdq,83
100,gaussian,ptm,dummy-q8wwx9ei,91
25,ptm,ptm,dummy-q8z8o93z,25
25,unif,ptm,dummy-qban2lem,22
100,gaussian,ptm,dummy-qc1zh7ny,44
100,gaussian,ptm,dummy-qchnlxlc,89
25,unif,ptm,dummy-qcjsnqrg,32
500,skewnorm,ptm,dummy-qcvnvvpg,10
100,u-shaped,ptm,dummy-qdmdl4xl,36
500,u-shaped,ptm,dummy-qdn17r3u,49
500,ptm,ptm,dummy-qdvqj911,39
25,gaussian,ptm,dummy-qg1bkt9k,82
25,unif,ptm,dummy-qg71jpbf,45
500,skewnorm,ptm,dummy-qj81soek,85
100,mixture,ptm,dummy-qjtm127t,16
25,mixture,ptm,dummy-qjyxy9t1,41
25,gaussian,ptm,dummy-qkzk2aba,49
100,skewnorm,ptm,dummy-qljkq9gv,78
100,ptm,ptm,dummy-qm6tv3e7,8
100,skewnorm,ptm,dummy-qorllev0,71
25,u-shaped,ptm,dummy-qp6755f6,44
500,gaussian,ptm,dummy-qpqun61w,38
50,gaussian,ptm,dummy-qrrfszy2,55
500,skewnorm,ptm,dummy-qruwa8iy,34
50,u-shaped,ptm,dummy-qs1lvxzx,83
500,ptm,ptm,dummy-qs1urxo6,50
500,skewnorm,ptm,dummy-qtc6d2vg,94
25,skewnorm,ptm,dummy-qulidsuk,100
50,u-shaped,ptm,dummy-quxueyfd,47
25,u-shaped,ptm,dummy-qv7dd4jz,41
25,gaussian,ptm,dummy-qvtg2uth,34
25,unif,ptm,dummy-qvukm0zl,7
500,ptm,ptm,dummy-qyj2100t,78
500,unif,ptm,dummy-qz18n3ct,13
25,u-shaped,ptm,dummy-qzeg6adg,66
25,mixture,ptm,dummy-qzf6h0od,38
50,mixture,ptm,dummy-qzkn7wnd,33
25,unif,ptm,dummy-r0iua31g,42
100,unif,ptm,dummy-r0qpcf0b,77
50,u-shaped,ptm,dummy-r1siiyvr,3
100,unif,ptm,dummy-r25njsol,55
100,gaussian,ptm,dummy-r26ohbgk,30
50,skewnorm,ptm,dummy-r2lih8td,13
25,gaussian,ptm,dummy-r2lqg3vt,80
500,mixture,ptm,dummy-r2r3fbgk,38
500,u-shaped,ptm,dummy-r3u1yd08,8
50,ptm,ptm,dummy-r5z8doxn,58
50,unif,ptm,dummy-r6ndox55,25
50,unif,ptm,dummy-r6so2qhx,70
100,mixture,ptm,dummy-r6xxtekq,15
25,unif,ptm,dummy-r74dh8ot,91
50,ptm,ptm,dummy-r7ru0bor,89
100,mixture,ptm,dummy-r7smil2k,17
50,unif,ptm,dummy-r7urpq5j,87
500,unif,ptm,dummy-r8lagzu0,49
25,skewnorm,ptm,dummy-r9rie0n3,49
100,skewnorm,ptm,dummy-r9u4hyb2,1
100,unif,ptm,dummy-ra0gzn3k,7
100,skewnorm,ptm,dummy-rae7uxic,93
500,unif,ptm,dummy-rae9lubu,40
500,skewnorm,ptm,dummy-rcb2ibun,74
50,ptm,ptm,dummy-rcbalfdn,97
500,mixture,ptm,dummy-rdjmc7v7,90
500,gaussian,ptm,dummy-rdmo9wjj,91
100,ptm,ptm,dummy-regxzr8y,90
50,ptm,ptm,dummy-reqmn7gk,69
50,ptm,ptm,dummy-rf00uuqs,45
100,mixture,ptm,dummy-rf5iz388,55
100,ptm,ptm,dummy-rfzao6h9,94
500,mixture,ptm,dummy-rictomew,99
500,mixture,ptm,dummy-ridsjjzu,5
25,mixture,ptm,dummy-rk99qe25,84
50,unif,ptm,dummy-rkdxelz9,59
50,u-shaped,ptm,dummy-rkfjn4vi,25
50,gaussian,ptm,dummy-rlfxr0dl,84
25,mixture,ptm,dummy-rlj6e090,71
100,skewnorm,ptm,dummy-rlkq85jl,86
100,u-shaped,ptm,dummy-rm2az4vx,7
25,ptm,ptm,dummy-rm2vlxdn,38
25,gaussian,ptm,dummy-rm4vfpda,54
50,gaussian,ptm,dummy-rmdc0i77,20
100,ptm,ptm,dummy-rmlvyzvi,1
25,gaussian,ptm,dummy-rnpaua8x,78
500,u-shaped,ptm,dummy-ro0ha5ek,57
100,ptm,ptm,dummy-rooo0van,42
100,skewnorm,ptm,dummy-ropua86t,20
100,skewnorm,ptm,dummy-roq9ijct,36
500,skewnorm,ptm,dummy-rpax7cmo,39
500,skewnorm,ptm,dummy-rpvebwo6,9
50,unif,ptm,dummy-rq96hd9z,41
50,gaussian,ptm,dummy-rqius4l7,61
500,skewnorm,ptm,dummy-rqseq9db,16
25,ptm,ptm,dummy-rr320hvt,52
500,u-shaped,ptm,dummy-rrn7cu20,61
25,skewnorm,ptm,dummy-ru3wbaxc,11
50,unif,ptm,dummy-ruvkfp33,29
50,gaussian,ptm,dummy-rvejb1t5,51
100,ptm,ptm,dummy-rvwskqy3,40
50,gaussian,ptm,dummy-rw306tzj,66
50,ptm,ptm,dummy-rwp7mm5x,12
50,ptm,ptm,dummy-rx1304l7,99
500,gaussian,ptm,dummy-rxo5tse1,50
100,ptm,ptm,dummy-rxpioz9d,30
500,mixture,ptm,dummy-ryd4kt5f,24
100,unif,ptm,dummy-rzjosvwl,74
50,skewnorm,ptm,dummy-s0asn1rr,40
500,unif,ptm,dummy-s0ml1vjd,89
100,u-shaped,ptm,dummy-s0nqkxwn,52
100,mixture,ptm,dummy-s1z54ms0,75
50,u-shaped,ptm,dummy-s23qakrs,78
25,mixture,ptm,dummy-s25i7jzt,90
25,unif,ptm,dummy-s2jqgs4h,100
500,gaussian,ptm,dummy-s2p6vhs8,74
50,skewnorm,ptm,dummy-s2qzbaig,51
25,u-shaped,ptm,dummy-s3rbsqwd,42
50,ptm,ptm,dummy-s3wfec1b,49
25,gaussian,ptm,dummy-s4al9t6p,52
100,u-shaped,ptm,dummy-s4g5qd11,100
500,mixture,ptm,dummy-s4x0gsxp,28
100,ptm,ptm,dummy-s561nyz9,55
25,unif,ptm,dummy-s5hpual1,44
50,ptm,ptm,dummy-s5jvrys6,18
25,mixture,ptm,dummy-s5rlyhcn,12
500,ptm,ptm,dummy-s6ryec6d,49
50,ptm,ptm,dummy-s72smut9,79
50,mixture,ptm,dummy-s7q2yqpe,98
50,ptm,ptm,dummy-s7wa0b7c,32
50,unif,ptm,dummy-s87cjrct,100
500,ptm,ptm,dummy-s8gk5ew3,5
100,unif,ptm,dummy-sa6bammn,36
100,ptm,ptm,dummy-sajpsku8,19
25,unif,ptm,dummy-say198p8,79
50,u-shaped,ptm,dummy-sb5lhdo4,45
25,mixture,ptm,dummy-sbwkh3qf,46
25,gaussian,ptm,dummy-scpgy0fc,100
25,unif,ptm,dummy-sctf8f8u,75
50,unif,ptm,dummy-sdf05oua,27
100,mixture,ptm,dummy-sdun6hl3,37
500,unif,ptm,dummy-se82kmvu,54
500,ptm,ptm,dummy-sem8q9ir,84
500,mixture,ptm,dummy-sfhx0h9o,72
50,mixture,ptm,dummy-sfshayav,93
50,ptm,ptm,dummy-sht8nas3,83
500,unif,ptm,dummy-sikt9wqz,74
50,ptm,ptm,dummy-siroq623,62
50,mixture,ptm,dummy-sj7fuyhq,66
500,u-shaped,ptm,dummy-sjbsjowk,89
100,u-shaped,ptm,dummy-sjf9i06l,57
50,skewnorm,ptm,dummy-sjs8rxj7,48
25,gaussian,ptm,dummy-skbcm2rs,86
50,unif,ptm,dummy-skjimvvy,68
25,ptm,ptm,dummy-sl5uj2hu,9
100,ptm,ptm,dummy-sljl0avg,43
100,mixture,ptm,dummy-slqtfln9,51
25,unif,ptm,dummy-sly7mgbd,98
50,u-shaped,ptm,dummy-sm05fdml,26
500,ptm,ptm,dummy-smlik8n0,3
50,gaussian,ptm,dummy-smzb3rhs,42
25,u-shaped,ptm,dummy-sn76aagh,47
25,mixture,ptm,dummy-sndb03jv,51
500,mixture,ptm,dummy-snhom8x2,95
50,ptm,ptm,dummy-sp0zkas1,9
500,unif,ptm,dummy-spae6vmp,41
25,gaussian,ptm,dummy-srkm45m2,35
25,ptm,ptm,dummy-srxsdtdk,30
500,mixture,ptm,dummy-ssjweiyp,22
100,mixture,ptm,dummy-sucqbcp2,73
50,skewnorm,ptm,dummy-suq8sh0u,93
25,mixture,ptm,dummy-sus75uad,22
50,gaussian,ptm,dummy-svhk4lh0,89
100,skewnorm,ptm,dummy-svme6kro,53
50,u-shaped,ptm,dummy-swbjj3t8,30
50,ptm,ptm,dummy-swe42vs7,52
500,unif,ptm,dummy-swght1g9,100
50,gaussian,ptm,dummy-sx49qzro,29
25,skewnorm,ptm,dummy-sx56kwg9,52
50,mixture,ptm,dummy-sx5hhuu8,82
500,gaussian,ptm,dummy-sxggr0xq,49
500,gaussian,ptm,dummy-sxw7ikwf,32
100,ptm,ptm,dummy-sy0cr9t8,65
500,skewnorm,ptm,dummy-sy0qyzvn,100
100,gaussian,ptm,dummy-sy6ys74s,83
25,ptm,ptm,dummy-syhk2406,72
500,skewnorm,ptm,dummy-szqy95sm,30
500,ptm,ptm,dummy-t0s53pum,85
500,u-shaped,ptm,dummy-t1ch1w46,53
25,gaussian,ptm,dummy-t1q0gupy,56
25,unif,ptm,dummy-t2g6oder,55
50,ptm,ptm,dummy-t2uxsm15,33
100,unif,ptm,dummy-t3wyd8sk,65
500,mixture,ptm,dummy-t3x3pp7f,48
50,skewnorm,ptm,dummy-t443lgwu,22
500,skewnorm,ptm,dummy-t4slcw8w,73
100,ptm,ptm,dummy-t60il9mr,75
100,skewnorm,ptm,dummy-t70yxiqx,67
100,unif,ptm,dummy-t7m08rdh,27
25,ptm,ptm,dummy-t7z1oty6,87
50,mixture,ptm,dummy-t7zzxqol,25
500,ptm,ptm,dummy-t8aohsi6,82
50,u-shaped,ptm,dummy-t97q4zmh,27
500,skewnorm,ptm,dummy-tavegu09,36
100,unif,ptm,dummy-tazflxj8,60
100,u-shaped,ptm,dummy-tb350tgy,39
100,unif,ptm,dummy-tb4409ef,21
100,mixture,ptm,dummy-tbj560yi,43
100,mixture,ptm,dummy-tbjn79vg,52
25,u-shaped,ptm,dummy-tdp0vrmm,38
500,gaussian,ptm,dummy-tdrp1imj,53
25,gaussian,ptm,dummy-tdua2fb1,92
50,gaussian,ptm,dummy-te23qc59,31
50,unif,ptm,dummy-tewftttk,58
25,unif,ptm,dummy-tg9ow49c,30
50,unif,ptm,dummy-tghemjxb,79
500,u-shaped,ptm,dummy-th7pkrtp,74
25,mixture,ptm,dummy-thufnjp7,49
100,skewnorm,ptm,dummy-ti5wda9w,33
100,skewnorm,ptm,dummy-tif90031,66
25,unif,ptm,dummy-tix4p9ve,8
500,u-shaped,ptm,dummy-tiyh8lxv,70
25,u-shaped,ptm,dummy-tjifvqpx,84
500,skewnorm,ptm,dummy-tjl47xot,47
25,ptm,ptm,dummy-tjmj7w90,53
50,mixture,ptm,dummy-tjn3jkdm,36
500,gaussian,ptm,dummy-tjxvzvpg,47
50,ptm,ptm,dummy-tk9y8diz,23
100,ptm,ptm,dummy-tkkedpma,91
25,gaussian,ptm,dummy-tkrg25vi,87
100,gaussian,ptm,dummy-tli84mzw,75
25,unif,ptm,dummy-tmhofrsq,10
500,mixture,ptm,dummy-tnzsz7ps,43
25,ptm,ptm,dummy-to4krlff,65
25,gaussian,ptm,dummy-topv15yk,43
500,u-shaped,ptm,dummy-tpa8vcc8,40
100,unif,ptm,dummy-tpf1catw,2
50,gaussian,ptm,dummy-tqiagyaa,4
500,u-shaped,ptm,dummy-tqsscc02,90
50,u-shaped,ptm,dummy-ts7eozv2,7
25,mixture,ptm,dummy-tsqum44z,85
100,unif,ptm,dummy-ttz93wr0,57
50,unif,ptm,dummy-tu1hqlvp,11
100,u-shaped,ptm,dummy-tuanj0sg,2
50,mixture,ptm,dummy-tvu5uull,2
500,gaussian,ptm,dummy-tvv70oye,31
500,ptm,ptm,dummy-tw00f29h,86
100,skewnorm,ptm,dummy-two70a3s,79
500,gaussian,ptm,dummy-tx1h3ptx,85
500,mixture,ptm,dummy-txog5zqc,41
25,mixture,ptm,dummy-txpq7rxe,29
50,gaussian,ptm,dummy-tz3njbna,72
500,u-shaped,ptm,dummy-tzt4nrgd,71
25,u-shaped,ptm,dummy-tzuva83r,58
500,unif,ptm,dummy-u040q92h,55
100,ptm,ptm,dummy-u0pha2f7,87
25,u-shaped,ptm,dummy-u0xiw694,51
100,u-shaped,ptm,dummy-u12l0dg2,8
50,mixture,ptm,dummy-u13i4pzy,39
25,skewnorm,ptm,dummy-u1drxhfb,5
100,mixture,ptm,dummy-u1hrgm0c,100
500,mixture,ptm,dummy-u2888hrs,13
50,mixture,ptm,dummy-u29xql5z,68
100,u-shaped,ptm,dummy-u2h99rvl,78
100,gaussian,ptm,dummy-u34ytr6u,94
100,unif,ptm,dummy-u41zdtja,93
100,mixture,ptm,dummy-u4mf9mo9,7
100,ptm,ptm,dummy-u5bvj5ep,31
100,gaussian,ptm,dummy-u5m7s5vt,62
50,mixture,ptm,dummy-u65sb6yx,18
100,mixture,ptm,dummy-u6fm4xci,53
25,gaussian,ptm,dummy-u6ge60wz,33
50,unif,ptm,dummy-u6kf0p45,60
25,gaussian,ptm,dummy-u6msxi0s,89
25,ptm,ptm,dummy-u7qju3ql,86
50,skewnorm,ptm,dummy-u833x2o9,89
50,gaussian,ptm,dummy-u9koqu18,99
100,ptm,ptm,dummy-u9yxx3v4,27
50,unif,ptm,dummy-ua1to583,90
50,unif,ptm,dummy-uat2a7g5,48
500,u-shaped,ptm,dummy-ucz6rcn4,80
500,skewnorm,ptm,dummy-ud21fahl,2
500,u-shaped,ptm,dummy-udpzfpdl,77
500,skewnorm,ptm,dummy-uf703oif,55
50,skewnorm,ptm,dummy-uf7z0xui,30
500,mixture,ptm,dummy-ug5memn3,1
100,u-shaped,ptm,dummy-ugz9dvh8,92
100,gaussian,ptm,dummy-uhlazr2o,72
50,gaussian,ptm,dummy-ukacm6qf,7
25,ptm,ptm,dummy-ukml3ssg,11
100,ptm,ptm,dummy-ulypwyur,22
100,skewnorm,ptm,dummy-um45uo4h,25
50,ptm,ptm,dummy-umm1chey,73
500,u-shaped,ptm,dummy-ummoqzw5,6
25,unif,ptm,dummy-umr0fqys,28
100,gaussian,ptm,dummy-un1dip80,93
100,mixture,ptm,dummy-unhwkn3d,45
500,mixture,ptm,dummy-unw7mscj,77
50,u-shaped,ptm,dummy-uo5rfhg0,13
100,unif,ptm,dummy-uo65yv6j,19
50,unif,ptm,dummy-uoxob6jy,23
500,mixture,ptm,dummy-up2b1lvd,53
50,skewnorm,ptm,dummy-upnf6ysb,35
500,skewnorm,ptm,dummy-uprtbwfr,59
500,gaussian,ptm,dummy-upzr5sod,6
25,mixture,ptm,dummy-ur1yke8d,28
500,gaussian,ptm,dummy-utbts3m5,2
50,mixture,ptm,dummy-uto9qtds,84
50,u-shaped,ptm,dummy-utszkzmm,29
25,mixture,ptm,dummy-uttmndt0,73
25,u-shaped,ptm,dummy-uuea486a,61
100,gaussian,ptm,dummy-uw29jd2h,87
500,skewnorm,ptm,dummy-uxgbpaah,23
25,u-shaped,ptm,dummy-uxku0gy6,89
100,mixture,ptm,dummy-uy9y3quw,23
500,unif,ptm,dummy-uyk9tsja,45
500,gaussian,ptm,dummy-uyl19fm8,76
25,skewnorm,ptm,dummy-uywdm5dl,35
50,skewnorm,ptm,dummy-uz0wnq3k,65
500,ptm,ptm,dummy-uzjjik9z,79
100,mixture,ptm,dummy-v07iy4ve,26
500,mixture,ptm,dummy-v0jhpzhn,79
100,u-shaped,ptm,dummy-v0wo6ecn,80
500,mixture,ptm,dummy-v22y0avb,96
50,ptm,ptm,dummy-v258idxr,87
50,unif,ptm,dummy-v2i1csej,91
500,u-shaped,ptm,dummy-v377jc4w,21
500,ptm,ptm,dummy-v4t8yzd6,17
100,u-shaped,ptm,dummy-v5esozfj,59
25,skewnorm,ptm,dummy-v6h4r6mv,7
500,mixture,ptm,dummy-v6rxscs5,21
500,u-shaped,ptm,dummy-v6vk3ed3,19
500,ptm,ptm,dummy-v7n9uu7z,8
50,ptm,ptm,dummy-v82kls0b,76
100,mixture,ptm,dummy-vag3lhtg,40
25,skewnorm,ptm,dummy-vahwbwyq,31
25,u-shaped,ptm,dummy-vay94cb4,40
25,u-shaped,ptm,dummy-vbhc19ln,69
25,unif,ptm,dummy-vc2tpg3d,35
25,mixture,ptm,dummy-vcnd5jt0,81
25,gaussian,ptm,dummy-ve4ojuja,93
25,skewnorm,ptm,dummy-ven2llzq,67
500,unif,ptm,dummy-vfwa6j96,21
500,unif,ptm,dummy-vgfl52jn,78
25,ptm,ptm,dummy-vgq4yzk6,85
50,gaussian,ptm,dummy-vhrx5qqc,8
25,ptm,ptm,dummy-vhu4df2a,97
100,skewnorm,ptm,dummy-vhxlhkmp,56
50,unif,ptm,dummy-vi0f72ve,14
500,mixture,ptm,dummy-vjeoo8md,36
50,mixture,ptm,dummy-vjfs3zx4,8
500,gaussian,ptm,dummy-vjs9bm5o,81
25,skewnorm,ptm,dummy-vk1uqojq,3
50,mixture,ptm,dummy-vk7i5q2n,76
25,skewnorm,ptm,dummy-vkkb5v7g,23
50,u-shaped,ptm,dummy-vl17nme3,49
500,gaussian,ptm,dummy-vlde3s9z,88
50,skewnorm,ptm,dummy-vldj4xn2,49
50,skewnorm,ptm,dummy-vme891r9,38
100,skewnorm,ptm,dummy-vnso4rfc,6
500,gaussian,ptm,dummy-vp4s8e2k,75
25,gaussian,ptm,dummy-vp7pxldq,21
50,ptm,ptm,dummy-vps95b9c,36
500,ptm,ptm,dummy-vqb2xavy,4
25,skewnorm,ptm,dummy-vqebcghy,25
25,mixture,ptm,dummy-vspzuse3,92
500,mixture,ptm,dummy-vt2kqxja,97
500,gaussian,ptm,dummy-vt6l5apr,27
25,unif,ptm,dummy-vtm9mwke,58
25,unif,ptm,dummy-vtrck27g,65
500,mixture,ptm,dummy-vupz2l1w,6
50,mixture,ptm,dummy-vvljfs96,13
25,u-shaped,ptm,dummy-vvvu9k9e,70
50,mixture,ptm,dummy-vweoqlum,22
100,mixture,ptm,dummy-vxdqeax2,89
25,u-shaped,ptm,dummy-vxgwf1jf,10
100,mixture,ptm,dummy-vxzr383a,88
100,skewnorm,ptm,dummy-vxzuon34,22
100,ptm,ptm,dummy-vyhd05wr,57
100,gaussian,ptm,dummy-vyjzk8x7,29
500,unif,ptm,dummy-vzjtmay7,44
100,ptm,ptm,dummy-vzlphngy,66
100,gaussian,ptm,dummy-vzw66hjj,67
500,skewnorm,ptm,dummy-w02y7vj6,14
25,gaussian,ptm,dummy-w09wmaiy,11
25,mixture,ptm,dummy-w0l176w3,5
100,mixture,ptm,dummy-w0q5j12f,69
500,skewnorm,ptm,dummy-w1cb5dko,28
500,unif,ptm,dummy-w1n7gv13,57
50,u-shaped,ptm,dummy-w1oq0rbo,43
500,mixture,ptm,dummy-w1qmheui,80
100,skewnorm,ptm,dummy-w1yf2slb,28
25,skewnorm,ptm,dummy-w26fa3gd,17
50,u-shaped,ptm,dummy-w2uodrxl,34
100,ptm,ptm,dummy-w345qs27,67
50,u-shaped,ptm,dummy-w3lw3yca,40
500,unif,ptm,dummy-w3slbjqd,39
500,unif,ptm,dummy-w4rl1ky9,87
50,u-shaped,ptm,dummy-w5pbidmm,44
100,u-shaped,ptm,dummy-w5pgzhmy,23
100,u-shaped,ptm,dummy-w6739uvo,60
50,gaussian,ptm,dummy-w69t49cl,90
25,u-shaped,ptm,dummy-w8uqruix,76
25,unif,ptm,dummy-w9bblfuh,68
100,unif,ptm,dummy-w9e70h4d,80
25,gaussian,ptm,dummy-w9gwxspn,67
25,gaussian,ptm,dummy-w9je6lgx,22
50,u-shaped,ptm,dummy-wau4uyr6,87
50,mixture,ptm,dummy-wb4eh7l4,40
25,skewnorm,ptm,dummy-wbjre566,61
50,ptm,ptm,dummy-wcafwmxm,70
500,unif,ptm,dummy-wdjaxj7i,96
500,ptm,ptm,dummy-wdmhew9n,57
50,mixture,ptm,dummy-wefn2opa,62
500,skewnorm,ptm,dummy-wenp4ri0,5
25,gaussian,ptm,dummy-wf5h6bwn,1
500,mixture,ptm,dummy-wfhegrnr,70
100,skewnorm,ptm,dummy-wg5iqjm1,26
100,gaussian,ptm,dummy-whnfhku5,11
500,mixture,ptm,dummy-whnwh467,33
100,skewnorm,ptm,dummy-wkeln1ye,31
500,unif,ptm,dummy-wlm9fufg,73
25,skewnorm,ptm,dummy-wlqrvi11,50
50,mixture,ptm,dummy-wmslckr8,20
500,unif,ptm,dummy-woruz7ss,6
25,skewnorm,ptm,dummy-woumm9h8,65
500,skewnorm,ptm,dummy-wpjkosp1,38
100,gaussian,ptm,dummy-wq0bm5ul,50
100,unif,ptm,dummy-wqlrhsb2,87
100,gaussian,ptm,dummy-wqtxgpwx,41
50,mixture,ptm,dummy-wtolmkwk,64
25,skewnorm,ptm,dummy-wtyfsxma,95
100,skewnorm,ptm,dummy-wu2kq4pe,52
100,skewnorm,ptm,dummy-wuanqlf5,17
100,ptm,ptm,dummy-wvcntbsg,53
25,u-shaped,ptm,dummy-wvd44p0l,8
25,unif,ptm,dummy-wwfj89zc,39
25,mixture,ptm,dummy-wxy559ss,62
100,mixture,ptm,dummy-wybtibid,5
25,ptm,ptm,dummy-wzkk9cwv,33
500,skewnorm,ptm,dummy-wzpz13gq,8
100,skewnorm,ptm,dummy-x0pz61mj,68
100,u-shaped,ptm,dummy-x18ted10,58
50,skewnorm,ptm,dummy-x1cu6xdg,11
25,gaussian,ptm,dummy-x1d06fbt,50
50,skewnorm,ptm,dummy-x26ju0gz,34
50,unif,ptm,dummy-x2gmmvpn,12
500,ptm,ptm,dummy-x2ksm69f,90
100,unif,ptm,dummy-x321nkwn,67
500,skewnorm,ptm,dummy-x33n5u4q,92
500,gaussian,ptm,dummy-x49qlie0,71
500,unif,ptm,dummy-x4ikclgr,68
50,u-shaped,ptm,dummy-x53ohmzn,36
500,mixture,ptm,dummy-x5or7452,76
25,ptm,ptm,dummy-x6c41u24,5
500,ptm,ptm,dummy-x7btu31b,73
25,skewnorm,ptm,dummy-x87m130o,60
25,ptm,ptm,dummy-x94ct6np,54
100,u-shaped,ptm,dummy-xb0a0o97,47
50,mixture,ptm,dummy-xc1alu2a,27
100,unif,ptm,dummy-xcrywnp4,29
25,ptm,ptm,dummy-xd1rmg9g,6
25,ptm,ptm,dummy-xderyd8k,39
25,ptm,ptm,dummy-xdtgmt44,74
50,skewnorm,ptm,dummy-xdzq9xgv,66
500,skewnorm,ptm,dummy-xe6ufwtv,50
25,gaussian,ptm,dummy-xfgb6wfk,53
500,skewnorm,ptm,dummy-xflb95m7,33
25,unif,ptm,dummy-xflzlxc2,16
100,u-shaped,ptm,dummy-xg5pc9m2,98
500,gaussian,ptm,dummy-xgqrqaf3,86
500,gaussian,ptm,dummy-xgsf2bzi,95
50,u-shaped,ptm,dummy-xhooashi,57
100,u-shaped,ptm,dummy-xhug1x1x,24
50,skewnorm,ptm,dummy-xijbk9wz,8
100,gaussian,ptm,dummy-xix9f62q,68
25,unif,ptm,dummy-xjqg5fmp,62
500,unif,ptm,dummy-xk5nc3cz,85
25,skewnorm,ptm,dummy-xkm5793u,34
100,ptm,ptm,dummy-xkzqihz7,17
25,ptm,ptm,dummy-xmg7of7i,10
100,gaussian,ptm,dummy-xmz3pwqq,12
50,mixture,ptm,dummy-xphwqi37,51
100,skewnorm,ptm,dummy-xq7uv48v,69
50,gaussian,ptm,dummy-xqe20jw3,45
25,skewnorm,ptm,dummy-xqhk46f4,33
100,u-shaped,ptm,dummy-xqmak2f8,1
100,skewnorm,ptm,dummy-xqpwnfmd,57
100,gaussian,ptm,dummy-xr3agnrf,84
50,mixture,ptm,dummy-xrmqvvpp,6
25,unif,ptm,dummy-xs19s99t,12
100,gaussian,ptm,dummy-xsxlck4i,55
500,skewnorm,ptm,dummy-xtb5lmca,90
50,unif,ptm,dummy-xthjsiyk,15
100,gaussian,ptm,dummy-xtjr7e74,88
25,mixture,ptm,dummy-xtogy2xy,61
100,gaussian,ptm,dummy-xuba4otb,15
500,gaussian,ptm,dummy-xuf60wid,72
50,skewnorm,ptm,dummy-xvtecask,67
100,ptm,ptm,dummy-xw9zn9ng,69
500,mixture,ptm,dummy-xy43e0gc,17
25,skewnorm,ptm,dummy-xyfc727f,14
100,skewnorm,ptm,dummy-xyho73lw,54
500,ptm,ptm,dummy-xyvk4o9w,100
50,mixture,ptm,dummy-xzicj8il,58
500,mixture,ptm,dummy-xztgtb6h,3
100,mixture,ptm,dummy-y1w4yj5n,19
50,skewnorm,ptm,dummy-y3r89p5m,62
500,u-shaped,ptm,dummy-y4bot2lm,62
25,mixture,ptm,dummy-y4xj7by9,23
500,ptm,ptm,dummy-y574ind0,56
25,u-shaped,ptm,dummy-y5m6ep7l,55
100,gaussian,ptm,dummy-y5tmanrw,51
500,unif,ptm,dummy-y5x6209z,1
100,unif,ptm,dummy-y65sclbb,10
500,gaussian,ptm,dummy-y6am3w84,93
500,skewnorm,ptm,dummy-y6j08z6k,98
100,ptm,ptm,dummy-y6syacxc,28
500,gaussian,ptm,dummy-y6uuwnfr,57
100,ptm,ptm,dummy-y72iir60,2
25,ptm,ptm,dummy-y80ybt71,57
100,mixture,ptm,dummy-y88ghuxe,98
50,skewnorm,ptm,dummy-y896fkae,2
100,ptm,ptm,dummy-y9303mxl,61
25,gaussian,ptm,dummy-ya2xqvsg,32
25,unif,ptm,dummy-ya35dn5p,92
100,ptm,ptm,dummy-ya4ikta3,98
100,u-shaped,ptm,dummy-yb5l65he,25
100,unif,ptm,dummy-ybo5suva,56
50,gaussian,ptm,dummy-ybu9eoqf,35
100,u-shaped,ptm,dummy-ybw8q8vd,75
50,gaussian,ptm,dummy-yc0f5yvk,70
50,gaussian,ptm,dummy-yc27wuvx,97
25,u-shaped,ptm,dummy-yc5i6949,99
100,unif,ptm,dummy-yckfjn12,51
100,mixture,ptm,dummy-ydnelkq4,67
500,mixture,ptm,dummy-ydxkzuka,85
50,skewnorm,ptm,dummy-ye88ry4z,61
100,u-shaped,ptm,dummy-yf6gxkyp,22
50,skewnorm,ptm,dummy-yfihx5fx,80
100,gaussian,ptm,dummy-yfiypy74,42
500,u-shaped,ptm,dummy-yhepklai,48
25,unif,ptm,dummy-yhr2epnp,54
100,ptm,ptm,dummy-yhs5qdq6,24
100,mixture,ptm,dummy-yjk5rx41,59
25,u-shaped,ptm,dummy-yk62qpw4,18
100,skewnorm,ptm,dummy-ylcmicer,41
25,unif,ptm,dummy-ylg2rppy,26
25,gaussian,ptm,dummy-ylsyxfyp,19
100,unif,ptm,dummy-ym3csabp,3
25,mixture,ptm,dummy-ym4tyz0a,65
50,u-shaped,ptm,dummy-ym6jkryy,84
500,unif,ptm,dummy-ymtiifep,36
100,gaussian,ptm,dummy-yn3xjgfl,33
25,skewnorm,ptm,dummy-yn5bn61s,8
25,u-shaped,ptm,dummy-ynjji8dv,100
50,gaussian,ptm,dummy-yo2rd30n,60
500,mixture,ptm,dummy-yq9rli9q,35
100,gaussian,ptm,dummy-yqerqoxx,77
25,u-shaped,ptm,dummy-yr0pha1o,15
100,unif,ptm,dummy-yrtqhraw,53
25,gaussian,ptm,dummy-yrywk1fe,97
50,gaussian,ptm,dummy-yshyks9f,62
500,gaussian,ptm,dummy-ytduv4k2,34
25,unif,ptm,dummy-ytyv3dnn,84
100,unif,ptm,dummy-yuec9u4g,97
25,mixture,ptm,dummy-yulrljuz,10
25,ptm,ptm,dummy-yumn92gx,69
25,ptm,ptm,dummy-yuxbd8y2,60
500,gaussian,ptm,dummy-yuz38uir,73
50,unif,ptm,dummy-yw1p15v1,7
500,unif,ptm,dummy-yxgi08f8,15
50,u-shaped,ptm,dummy-yxmh2ebl,77
100,skewnorm,ptm,dummy-yzkfh5ei,95
100,skewnorm,ptm,dummy-yzossrip,23
100,unif,ptm,dummy-z0ws8qjm,63
25,skewnorm,ptm,dummy-z1175nr2,87
100,skewnorm,ptm,dummy-z3okiozz,91
500,skewnorm,ptm,dummy-z4gf5jq3,4
50,gaussian,ptm,dummy-z4m5lqno,81
50,ptm,ptm,dummy-z4rnaq3p,42
100,u-shaped,ptm,dummy-z4t197fz,87
500,unif,ptm,dummy-z517itqk,51
100,unif,ptm,dummy-z60vnfwf,95
25,mixture,ptm,dummy-z6h4k4dh,60
25,skewnorm,ptm,dummy-z70o45qj,39
100,skewnorm,ptm,dummy-z75lvxd1,74
500,gaussian,ptm,dummy-z78poybo,79
100,skewnorm,ptm,dummy-z7mhvld8,9
500,ptm,ptm,dummy-z8jk2jdw,94
50,ptm,ptm,dummy-zamabrr9,78
25,u-shaped,ptm,dummy-zb1d9k0r,1
100,u-shaped,ptm,dummy-zbi4251k,15
25,mixture,ptm,dummy-zc0rvjfn,24
25,unif,ptm,dummy-zc85e4n3,38
500,ptm,ptm,dummy-zcnph7j1,1
25,skewnorm,ptm,dummy-zddlnpur,63
25,u-shaped,ptm,dummy-zdzz4mek,98
100,mixture,ptm,dummy-ze9pcltp,34
50,skewnorm,ptm,dummy-zfjouycq,57
50,skewnorm,ptm,dummy-zfngbe09,10
500,unif,ptm,dummy-zfo2jwpf,25
50,gaussian,ptm,dummy-zgqv3jnf,50
50,skewnorm,ptm,dummy-zgw1i9qu,37
100,unif,ptm,dummy-zi7t4b47,46
25,unif,ptm,dummy-zi7v4hf7,81
50,gaussian,ptm,dummy-zj1ilw10,6
500,mixture,ptm,dummy-zji1925f,66
100,ptm,ptm,dummy-zkc06wc6,51
100,mixture,ptm,dummy-zkg6ruca,64
25,unif,ptm,dummy-zkrvwiy0,90
50,unif,ptm,dummy-zlsvut6c,19
25,mixture,ptm,dummy-znqyrqa0,86
25,skewnorm,ptm,dummy-znuoo7y2,97
25,skewnorm,ptm,dummy-zo44os8i,21
500,unif,ptm,dummy-zogy978s,82
50,gaussian,ptm,dummy-zp4vf2s9,5
25,unif,ptm,dummy-zq0eyalq,86
100,u-shaped,ptm,dummy-zqps3msb,84
500,mixture,ptm,dummy-zs8dsr0e,75
50,mixture,ptm,dummy-zsd2a3tw,83
100,unif,ptm,dummy-zsm00rk3,30
25,unif,ptm,dummy-zsudny9p,96
25,ptm,ptm,dummy-zt27a1xb,16
100,unif,ptm,dummy-ztfz2c4t,35
100,unif,ptm,dummy-zti63gpl,24
100,gaussian,ptm,dummy-zukk0ab7,38
25,gaussian,ptm,dummy-zuujtn3i,94
50,gaussian,ptm,dummy-zv88whrz,94
100,ptm,ptm,dummy-zv932pw9,71
100,mixture,ptm,dummy-zvnben1m,63
50,unif,ptm,dummy-zw5azosq,16
50,u-shaped,ptm,dummy-zy7vp3hb,66
50,unif,ptm,dummy-zycab8ik,38
25,unif,ptm,dummy-zye4a219,50
50,skewnorm,ptm,dummy-zyq2g5wo,75
500,skewnorm,ptm,dummy-zzut4zsw,76
100,ptm,gaussian,dummy-00liy8qu,12
500,u-shaped,gaussian,dummy-00wuifb0,100
100,mixture,gaussian,dummy-0170drqv,90
500,gaussian,gaussian,dummy-022av7gj,24
50,ptm,gaussian,dummy-025twwk4,47
25,u-shaped,gaussian,dummy-02at6os8,14
50,mixture,gaussian,dummy-02dy9tl6,97
50,skewnorm,gaussian,dummy-02pkmgns,6
500,skewnorm,gaussian,dummy-0387vblt,16
100,ptm,gaussian,dummy-04hkrqgv,53
500,unif,gaussian,dummy-04ktnf40,65
50,u-shaped,gaussian,dummy-050iv9w4,94
500,gaussian,gaussian,dummy-0520kauo,59
25,u-shaped,gaussian,dummy-0578lel7,13
25,ptm,gaussian,dummy-06bm38yf,23
50,gaussian,gaussian,dummy-07vaita9,92
500,skewnorm,gaussian,dummy-09gu2923,39
50,ptm,gaussian,dummy-09j3l7z3,25
50,skewnorm,gaussian,dummy-09m0wgn6,61
500,mixture,gaussian,dummy-0a5ag4vo,43
500,ptm,gaussian,dummy-0cofvs65,100
50,gaussian,gaussian,dummy-0d6x3m6g,13
50,ptm,gaussian,dummy-0drq7ksc,35
25,unif,gaussian,dummy-0edoygo8,81
25,unif,gaussian,dummy-0enrqhwk,1
50,mixture,gaussian,dummy-0ep6x1bd,10
500,skewnorm,gaussian,dummy-0exeo2me,51
100,skewnorm,gaussian,dummy-0gebke21,61
100,u-shaped,gaussian,dummy-0gnde4zy,47
100,mixture,gaussian,dummy-0gyecwrc,22
50,skewnorm,gaussian,dummy-0hzgpslq,50
100,unif,gaussian,dummy-0i7srwzs,42
25,u-shaped,gaussian,dummy-0i93qab7,78
500,u-shaped,gaussian,dummy-0ium5y4b,94
100,skewnorm,gaussian,dummy-0izdbvx8,99
100,unif,gaussian,dummy-0j185l1b,85
50,gaussian,gaussian,dummy-0jrv2w4k,17
100,gaussian,gaussian,dummy-0jw1c66e,33
500,unif,gaussian,dummy-0kx6qusj,67
25,unif,gaussian,dummy-0l1907t3,5
100,u-shaped,gaussian,dummy-0m8bk509,38
25,unif,gaussian,dummy-0nu7ixyn,41
100,skewnorm,gaussian,dummy-0nz3lcov,62
500,unif,gaussian,dummy-0ooqvtvt,66
50,mixture,gaussian,dummy-0pc1laqq,52
100,skewnorm,gaussian,dummy-0pqchbac,17
500,skewnorm,gaussian,dummy-0q0e5v21,65
50,gaussian,gaussian,dummy-0qpk8qxo,82
500,gaussian,gaussian,dummy-0qpz2fxy,60
500,u-shaped,gaussian,dummy-0r3s75tp,37
100,gaussian,gaussian,dummy-0r7p0y87,2
50,ptm,gaussian,dummy-0rk3b75r,31
500,skewnorm,gaussian,dummy-0s2206zz,57
50,unif,gaussian,dummy-0sa145ct,39
100,u-shaped,gaussian,dummy-0szktkes,84
25,mixture,gaussian,dummy-0tutwrh5,15
50,unif,gaussian,dummy-0uh1pdyx,1
25,ptm,gaussian,dummy-0uo68vkl,12
500,mixture,gaussian,dummy-0uus5l4y,15
25,gaussian,gaussian,dummy-0v771zcf,74
50,gaussian,gaussian,dummy-0xc5w9oc,66
500,unif,gaussian,dummy-0y8ytvvo,90
25,skewnorm,gaussian,dummy-0yfykb3s,23
100,u-shaped,gaussian,dummy-0ypha42h,64
25,u-shaped,gaussian,dummy-0yvvd0tr,90
50,gaussian,gaussian,dummy-0z2tfow9,37
50,mixture,gaussian,dummy-0z3usgqr,37
500,ptm,gaussian,dummy-0zdx2lsa,74
100,ptm,gaussian,dummy-0zmy97e1,62
100,unif,gaussian,dummy-0zo946it,94
50,u-shaped,gaussian,dummy-0zws3b8n,77
100,ptm,gaussian,dummy-11fryvrf,96
100,skewnorm,gaussian,dummy-11nqstv2,10
50,u-shaped,gaussian,dummy-12b7heyk,28
500,skewnorm,gaussian,dummy-12dnu6el,32
50,unif,gaussian,dummy-12k8c7b4,16
50,skewnorm,gaussian,dummy-130x2nmz,9
500,skewnorm,gaussian,dummy-13yvyhhf,87
100,skewnorm,gaussian,dummy-167o6cyx,95
500,u-shaped,gaussian,dummy-16gtl60v,4
50,ptm,gaussian,dummy-16hk6ur3,46
50,mixture,gaussian,dummy-16q919sv,67
50,unif,gaussian,dummy-16w6byps,17
25,ptm,gaussian,dummy-17s0fa1z,91
100,skewnorm,gaussian,dummy-18id9gq9,22
100,skewnorm,gaussian,dummy-18qv7dao,87
500,mixture,gaussian,dummy-1bzad2ee,93
50,unif,gaussian,dummy-1clt00v2,4
500,skewnorm,gaussian,dummy-1d8h9inb,56
100,u-shaped,gaussian,dummy-1eavmlfs,55
500,unif,gaussian,dummy-1ewchrhf,4
25,ptm,gaussian,dummy-1ftas325,45
100,gaussian,gaussian,dummy-1hep1bxg,7
100,u-shaped,gaussian,dummy-1hxbu0z9,15
25,u-shaped,gaussian,dummy-1jbzpjxq,44
25,ptm,gaussian,dummy-1jok9u6c,65
500,u-shaped,gaussian,dummy-1ka9ffq3,27
25,skewnorm,gaussian,dummy-1l13eota,47
100,mixture,gaussian,dummy-1la94rf7,44
50,u-shaped,gaussian,dummy-1lkye0rr,10
500,ptm,gaussian,dummy-1nigkpg1,69
50,u-shaped,gaussian,dummy-1oawg5ki,100
100,u-shaped,gaussian,dummy-1ovl8cid,45
500,unif,gaussian,dummy-1p34t3ab,86
100,skewnorm,gaussian,dummy-1p3wbk2v,97
50,u-shaped,gaussian,dummy-1pi997lw,4
50,unif,gaussian,dummy-1px8wqx5,93
100,skewnorm,gaussian,dummy-1qvme7zf,83
25,ptm,gaussian,dummy-1qzaskn7,58
25,unif,gaussian,dummy-1sh0phbu,22
500,mixture,gaussian,dummy-1sl8da6h,78
50,gaussian,gaussian,dummy-1snfokvs,100
100,gaussian,gaussian,dummy-1sngpwvl,34
100,u-shaped,gaussian,dummy-1ss6g9v8,72
100,unif,gaussian,dummy-1tdu00oz,16
25,ptm,gaussian,dummy-1tmp9dcl,44
100,mixture,gaussian,dummy-1u2hfe1l,26
50,mixture,gaussian,dummy-1waq1ffg,40
100,skewnorm,gaussian,dummy-1yh27hhi,32
25,gaussian,gaussian,dummy-1ymm4rrt,20
500,mixture,gaussian,dummy-20j0avnb,80
500,mixture,gaussian,dummy-20pak4yr,63
100,unif,gaussian,dummy-21nlqwng,18
25,mixture,gaussian,dummy-21rf49od,61
100,mixture,gaussian,dummy-21s4wn0n,97
100,u-shaped,gaussian,dummy-22n9a22u,34
50,skewnorm,gaussian,dummy-22ouzqn5,4
500,u-shaped,gaussian,dummy-245klfx4,8
50,unif,gaussian,dummy-24oylk3y,19
25,u-shaped,gaussian,dummy-24rz8dwe,52
100,mixture,gaussian,dummy-25855orw,62
50,mixture,gaussian,dummy-25nt1808,65
25,skewnorm,gaussian,dummy-25uzwmia,25
100,mixture,gaussian,dummy-26s7xhsl,21
100,mixture,gaussian,dummy-272lssb8,96
100,ptm,gaussian,dummy-27liois2,92
100,gaussian,gaussian,dummy-283y2k8w,66
25,u-shaped,gaussian,dummy-28iwbar9,16
500,ptm,gaussian,dummy-28l7uosg,36
50,u-shaped,gaussian,dummy-28udc3bq,73
50,gaussian,gaussian,dummy-2a5xf7qx,78
500,unif,gaussian,dummy-2agwapa5,78
100,u-shaped,gaussian,dummy-2ayeneih,76
500,skewnorm,gaussian,dummy-2cpf4yoj,25
25,u-shaped,gaussian,dummy-2cq9uef8,2
25,mixture,gaussian,dummy-2cza6gzc,10
100,gaussian,gaussian,dummy-2d0189yy,26
25,skewnorm,gaussian,dummy-2daanxym,90
25,unif,gaussian,dummy-2dk2rome,29
25,unif,gaussian,dummy-2dn7xo9s,72
500,gaussian,gaussian,dummy-2exz5tch,3
25,skewnorm,gaussian,dummy-2ezkhg6b,55
500,skewnorm,gaussian,dummy-2f68g176,54
25,u-shaped,gaussian,dummy-2gfq6nn2,4
500,unif,gaussian,dummy-2hkgwo5r,81
50,gaussian,gaussian,dummy-2hmvfh6u,49
500,gaussian,gaussian,dummy-2htsibov,64
100,u-shaped,gaussian,dummy-2ifqs1te,21
100,u-shaped,gaussian,dummy-2im483ka,9
25,ptm,gaussian,dummy-2k199j9g,82
100,u-shaped,gaussian,dummy-2k5j4rc0,66
500,mixture,gaussian,dummy-2kc279w0,70
50,gaussian,gaussian,dummy-2ks38ddv,33
50,mixture,gaussian,dummy-2kyxeafh,9
50,gaussian,gaussian,dummy-2l156nvq,42
25,unif,gaussian,dummy-2lfqz3pt,84
100,u-shaped,gaussian,dummy-2lurfo8a,86
100,skewnorm,gaussian,dummy-2mpz9lep,29
50,ptm,gaussian,dummy-2o7uvzj7,49
50,gaussian,gaussian,dummy-2ok3kq4o,53
100,unif,gaussian,dummy-2ong4ymi,55
100,u-shaped,gaussian,dummy-2p766bq9,82
500,skewnorm,gaussian,dummy-2q5gokpj,73
500,ptm,gaussian,dummy-2q5kb24k,23
25,unif,gaussian,dummy-2qct95th,6
50,ptm,gaussian,dummy-2sfdjk6d,10
100,u-shaped,gaussian,dummy-2u4riivd,30
500,gaussian,gaussian,dummy-2uayokg5,9
50,gaussian,gaussian,dummy-2uv8dmmt,86
500,ptm,gaussian,dummy-2vd84pm9,87
500,skewnorm,gaussian,dummy-2wd3ucaj,7
25,u-shaped,gaussian,dummy-2y9leo8t,28
100,mixture,gaussian,dummy-2yeykf43,1
100,u-shaped,gaussian,dummy-2ymuq2l2,42
100,gaussian,gaussian,dummy-2yo6zlkb,9
100,u-shaped,gaussian,dummy-2yow968k,67
50,ptm,gaussian,dummy-2z081n1b,48
100,mixture,gaussian,dummy-2zet5t07,50
25,gaussian,gaussian,dummy-31ikhchv,91
50,skewnorm,gaussian,dummy-33wu6tf5,81
25,unif,gaussian,dummy-34blsltf,70
500,gaussian,gaussian,dummy-35ttz9le,16
25,skewnorm,gaussian,dummy-36091xsx,21
500,gaussian,gaussian,dummy-374oqd78,67
25,ptm,gaussian,dummy-379bppr6,92
25,skewnorm,gaussian,dummy-388p8e7k,53
50,u-shaped,gaussian,dummy-392x9mvo,89
50,unif,gaussian,dummy-3aqtqysm,43
25,mixture,gaussian,dummy-3b6ud5dh,55
100,mixture,gaussian,dummy-3bqkqgot,66
100,unif,gaussian,dummy-3bru6c42,39
50,skewnorm,gaussian,dummy-3bxvosnd,30
50,skewnorm,gaussian,dummy-3cfkly6c,62
100,u-shaped,gaussian,dummy-3cob1t4q,51
50,unif,gaussian,dummy-3cstfxcn,60
100,skewnorm,gaussian,dummy-3czmj9ix,51
25,u-shaped,gaussian,dummy-3d3isx8g,33
100,gaussian,gaussian,dummy-3das5fox,82
500,unif,gaussian,dummy-3dj899d6,94
500,ptm,gaussian,dummy-3emy4sn6,73
100,ptm,gaussian,dummy-3epv8c87,40
50,skewnorm,gaussian,dummy-3f3gakj6,85
500,mixture,gaussian,dummy-3fe80he8,56
50,gaussian,gaussian,dummy-3foj316v,68
50,skewnorm,gaussian,dummy-3hqqiyo0,31
25,skewnorm,gaussian,dummy-3iw3arhy,60
100,gaussian,gaussian,dummy-3j0sraqw,50
25,unif,gaussian,dummy-3jdfa7y8,36
500,ptm,gaussian,dummy-3jjiu7v9,46
500,skewnorm,gaussian,dummy-3km1bf54,50
100,unif,gaussian,dummy-3lb6n0ct,95
25,mixture,gaussian,dummy-3lhs66ra,47
50,unif,gaussian,dummy-3lrxyzid,89
50,unif,gaussian,dummy-3mh6yvtr,24
500,gaussian,gaussian,dummy-3n3tposx,68
500,mixture,gaussian,dummy-3n584oat,57
25,unif,gaussian,dummy-3n7chrkg,87
50,gaussian,gaussian,dummy-3n7fvnc9,3
500,unif,gaussian,dummy-3oi5le1l,71
100,skewnorm,gaussian,dummy-3oyvhvjh,89
100,mixture,gaussian,dummy-3p9uz6xt,70
500,unif,gaussian,dummy-3pavqeul,44
100,gaussian,gaussian,dummy-3q6hvk3i,67
500,mixture,gaussian,dummy-3r8m9oln,96
100,unif,gaussian,dummy-3rfeqbaa,22
50,u-shaped,gaussian,dummy-3rhk9yqs,40
25,u-shaped,gaussian,dummy-3syu124s,62
100,skewnorm,gaussian,dummy-3t4lp2sz,73
25,u-shaped,gaussian,dummy-3trm10iv,66
25,ptm,gaussian,dummy-3u6dqy3i,8
50,skewnorm,gaussian,dummy-3ubietk8,65
100,ptm,gaussian,dummy-3ue9sker,93
500,u-shaped,gaussian,dummy-3uj2xspu,5
100,unif,gaussian,dummy-3vw25xjh,5
500,u-shaped,gaussian,dummy-3wd1wfgz,59
50,skewnorm,gaussian,dummy-3wqgwu3f,20
100,u-shaped,gaussian,dummy-3wxay4np,28
100,ptm,gaussian,dummy-3x59bzdz,73
500,unif,gaussian,dummy-3xe940y7,55
100,skewnorm,gaussian,dummy-3xk9gk7p,40
500,u-shaped,gaussian,dummy-3xr19cdr,6
500,ptm,gaussian,dummy-3xrisalk,81
100,u-shaped,gaussian,dummy-3z29x7pq,63
500,skewnorm,gaussian,dummy-40xg897o,6
25,mixture,gaussian,dummy-42tk0d1s,43
25,ptm,gaussian,dummy-43pem48c,39
100,mixture,gaussian,dummy-43s5f8ns,23
500,ptm,gaussian,dummy-43znywc1,16
500,u-shaped,gaussian,dummy-44db14io,20
50,unif,gaussian,dummy-44ezo76a,51
25,u-shaped,gaussian,dummy-45uhrtoc,97
100,mixture,gaussian,dummy-472xhueu,30
25,ptm,gaussian,dummy-4902563c,28
100,skewnorm,gaussian,dummy-4967cyd8,94
25,mixture,gaussian,dummy-49p31yjm,91
100,ptm,gaussian,dummy-49x991tk,89
25,u-shaped,gaussian,dummy-4aaqkzrk,42
100,skewnorm,gaussian,dummy-4bsy4kk6,42
50,ptm,gaussian,dummy-4bvcc8zy,38
500,u-shaped,gaussian,dummy-4cwo4mu3,35
25,gaussian,gaussian,dummy-4czsbk6p,88
50,gaussian,gaussian,dummy-4dkdeuh2,12
500,unif,gaussian,dummy-4dnb14oj,16
50,ptm,gaussian,dummy-4dy2cvke,80
25,unif,gaussian,dummy-4envez2a,18
500,ptm,gaussian,dummy-4ffribn2,79
25,mixture,gaussian,dummy-4fg3joan,3
25,ptm,gaussian,dummy-4fs2wz9u,94
100,ptm,gaussian,dummy-4gmnbag3,67
25,mixture,gaussian,dummy-4h3wos36,96
100,unif,gaussian,dummy-4ho1d786,46
500,gaussian,gaussian,dummy-4hqufvhb,73
50,u-shaped,gaussian,dummy-4ie4osdt,14
25,gaussian,gaussian,dummy-4jgn59pn,9
100,u-shaped,gaussian,dummy-4jj99awa,52
50,skewnorm,gaussian,dummy-4jl8j6ge,11
50,skewnorm,gaussian,dummy-4kr52ow4,25
500,mixture,gaussian,dummy-4kyvd2qf,16
500,u-shaped,gaussian,dummy-4lb9kgkf,60
25,unif,gaussian,dummy-4lc91rxr,91
500,u-shaped,gaussian,dummy-4lghu0j8,87
25,unif,gaussian,dummy-4n6r7p15,79
50,unif,gaussian,dummy-4o0zw0pj,97
500,gaussian,gaussian,dummy-4o94im52,34
25,gaussian,gaussian,dummy-4p8l4r0i,97
25,mixture,gaussian,dummy-4pdwdt9v,60
100,skewnorm,gaussian,dummy-4pgivbe4,65
500,skewnorm,gaussian,dummy-4plsfl5f,62
25,unif,gaussian,dummy-4pmdcqku,97
500,unif,gaussian,dummy-4pnfihv8,73
100,unif,gaussian,dummy-4poix5sy,81
500,ptm,gaussian,dummy-4pprg9sh,6
50,u-shaped,gaussian,dummy-4pspco4w,72
100,mixture,gaussian,dummy-4pxkqawg,39
25,gaussian,gaussian,dummy-4q3noj4m,22
25,gaussian,gaussian,dummy-4qgsmueo,43
500,gaussian,gaussian,dummy-4qnj7xbd,38
50,skewnorm,gaussian,dummy-4qtthz43,2
100,mixture,gaussian,dummy-4qvtymdq,12
500,mixture,gaussian,dummy-4rgit2tb,41
50,unif,gaussian,dummy-4s4pufci,88
25,ptm,gaussian,dummy-4sc6az9t,6
50,mixture,gaussian,dummy-4ssvveof,72
100,ptm,gaussian,dummy-4t92akv0,78
500,gaussian,gaussian,dummy-4uiwkzwa,62
25,mixture,gaussian,dummy-4uthj729,81
500,unif,gaussian,dummy-4uzusyx8,33
25,gaussian,gaussian,dummy-4wli61b5,45
25,mixture,gaussian,dummy-4wvkylq1,86
500,skewnorm,gaussian,dummy-4xc75ww8,31
500,skewnorm,gaussian,dummy-4ynduus7,68
50,u-shaped,gaussian,dummy-4yy2r5xm,78
25,unif,gaussian,dummy-4zk4haza,64
100,skewnorm,gaussian,dummy-5041hmnc,14
500,unif,gaussian,dummy-50ghplx9,14
500,ptm,gaussian,dummy-50qcu9iu,55
50,u-shaped,gaussian,dummy-51ms3vad,49
100,unif,gaussian,dummy-51pmqp6b,52
500,unif,gaussian,dummy-51xn6vpy,34
100,skewnorm,gaussian,dummy-52nl8vsm,31
500,unif,gaussian,dummy-52oar1fr,1
100,skewnorm,gaussian,dummy-5350tpmp,43
500,unif,gaussian,dummy-53qa1jkk,19
100,gaussian,gaussian,dummy-53zwp54y,77
500,unif,gaussian,dummy-543ehvra,10
100,unif,gaussian,dummy-548q5ura,58
50,gaussian,gaussian,dummy-54swu00q,46
100,skewnorm,gaussian,dummy-55197gvo,68
50,gaussian,gaussian,dummy-559hybj7,43
25,ptm,gaussian,dummy-55bvll64,31
500,gaussian,gaussian,dummy-565ka9j3,12
25,mixture,gaussian,dummy-576v2xcl,54
25,skewnorm,gaussian,dummy-58p143mi,24
100,gaussian,gaussian,dummy-59gr7col,60
50,u-shaped,gaussian,dummy-59jyazaf,61
25,mixture,gaussian,dummy-5aeovxgu,11
100,unif,gaussian,dummy-5ahdujve,53
50,mixture,gaussian,dummy-5anbjfbs,24
50,gaussian,gaussian,dummy-5awecmrs,47
25,u-shaped,gaussian,dummy-5cd3cwf5,55
50,unif,gaussian,dummy-5cvrqlsk,2
500,mixture,gaussian,dummy-5cz2u20c,52
500,gaussian,gaussian,dummy-5dtebz4v,45
50,u-shaped,gaussian,dummy-5dx05ci0,2
100,u-shaped,gaussian,dummy-5eazrzw0,98
100,mixture,gaussian,dummy-5eqlxcfn,88
500,gaussian,gaussian,dummy-5eyzoafm,86
500,gaussian,gaussian,dummy-5f5yyn7c,84
25,gaussian,gaussian,dummy-5f9a5zf8,65
25,unif,gaussian,dummy-5fafq0x1,59
100,ptm,gaussian,dummy-5fpl5ttt,23
500,ptm,gaussian,dummy-5gu8zqh7,47
100,unif,gaussian,dummy-5h4gn6m8,36
100,ptm,gaussian,dummy-5h5t3azc,64
500,ptm,gaussian,dummy-5hbnp4cv,44
100,skewnorm,gaussian,dummy-5iax3gnh,74
500,ptm,gaussian,dummy-5ixnqqyj,37
25,gaussian,gaussian,dummy-5jtzegot,85
50,mixture,gaussian,dummy-5k5puoq0,71
500,u-shaped,gaussian,dummy-5k96vjt2,1
25,u-shaped,gaussian,dummy-5ko3kbbq,8
50,ptm,gaussian,dummy-5lbdl2w3,53
500,unif,gaussian,dummy-5lnfof86,22
100,u-shaped,gaussian,dummy-5lwtd7z7,4
100,skewnorm,gaussian,dummy-5m57ez4f,91
100,mixture,gaussian,dummy-5mp2ly7l,3
50,mixture,gaussian,dummy-5ncdy70c,20
50,skewnorm,gaussian,dummy-5nkih8xt,51
25,mixture,gaussian,dummy-5o6lgwjg,30
25,ptm,gaussian,dummy-5qp0u1a9,64
50,ptm,gaussian,dummy-5qps29kk,69
50,skewnorm,gaussian,dummy-5r6ste1q,44
25,skewnorm,gaussian,dummy-5r9oj2ak,57
100,unif,gaussian,dummy-5ro313pr,6
25,unif,gaussian,dummy-5shn5yyo,19
25,unif,gaussian,dummy-5tc87ac4,26
500,unif,gaussian,dummy-5tjjcf9l,41
50,ptm,gaussian,dummy-5uzv0z1r,63
500,ptm,gaussian,dummy-5vavn567,58
50,ptm,gaussian,dummy-5voejap6,89
25,skewnorm,gaussian,dummy-5wgruf5i,73
500,mixture,gaussian,dummy-5wnprvee,88
100,unif,gaussian,dummy-5wqsk0gi,51
50,mixture,gaussian,dummy-5x29o7w5,29
25,unif,gaussian,dummy-5xcvkpkj,86
500,unif,gaussian,dummy-5xrq47n6,96
100,skewnorm,gaussian,dummy-5xw48zac,80
500,ptm,gaussian,dummy-5yt3u42v,93
100,gaussian,gaussian,dummy-5z2rfife,42
25,unif,gaussian,dummy-5zksxlr9,31
500,mixture,gaussian,dummy-60kucfy5,87
50,skewnorm,gaussian,dummy-60leyyqj,72
50,u-shaped,gaussian,dummy-60trxd2m,58
25,mixture,gaussian,dummy-60zrl7id,77
50,gaussian,gaussian,dummy-61n73siy,22
25,mixture,gaussian,dummy-61vxdrra,98
25,ptm,gaussian,dummy-63cwdy31,35
500,skewnorm,gaussian,dummy-63wkh8kg,75
50,mixture,gaussian,dummy-64dizr14,93
500,mixture,gaussian,dummy-656tz7oz,27
50,unif,gaussian,dummy-65x2o0lt,61
100,u-shaped,gaussian,dummy-66kt8zdm,32
500,unif,gaussian,dummy-66ti835z,53
500,u-shaped,gaussian,dummy-67pjp9kq,73
100,gaussian,gaussian,dummy-68gynnjk,94
500,mixture,gaussian,dummy-69zmv1e5,86
500,u-shaped,gaussian,dummy-6afa7rmr,9
500,gaussian,gaussian,dummy-6bff0fr5,83
100,gaussian,gaussian,dummy-6bke8jvh,86
25,gaussian,gaussian,dummy-6brc569n,82
25,skewnorm,gaussian,dummy-6c206ok6,33
25,gaussian,gaussian,dummy-6cu661ub,56
100,gaussian,gaussian,dummy-6d31mbx9,63
50,ptm,gaussian,dummy-6e39kf0r,61
25,ptm,gaussian,dummy-6e7rfbgv,27
50,mixture,gaussian,dummy-6fjwqlp6,22
100,unif,gaussian,dummy-6ftjv549,15
500,skewnorm,gaussian,dummy-6hlyd3ce,9
25,gaussian,gaussian,dummy-6i65yavl,93
25,gaussian,gaussian,dummy-6i6ifk3b,63
50,gaussian,gaussian,dummy-6iiwawvv,31
50,skewnorm,gaussian,dummy-6iwm2p3o,27
50,u-shaped,gaussian,dummy-6jm3ger6,86
100,unif,gaussian,dummy-6jnonype,59
500,mixture,gaussian,dummy-6kgn8nbp,68
500,unif,gaussian,dummy-6kskoety,93
500,unif,gaussian,dummy-6ksm17ow,45
500,unif,gaussian,dummy-6lq7ohku,92
25,u-shaped,gaussian,dummy-6mov03tf,29
25,unif,gaussian,dummy-6o15hnwe,99
100,mixture,gaussian,dummy-6o4vtdx3,71
25,skewnorm,gaussian,dummy-6oks8oqu,64
500,skewnorm,gaussian,dummy-6p2uvnra,47
50,u-shaped,gaussian,dummy-6q2kqvcg,85
500,unif,gaussian,dummy-6qa91pzq,80
25,gaussian,gaussian,dummy-6qdyht0q,68
500,gaussian,gaussian,dummy-6qq91xlh,11
100,gaussian,gaussian,dummy-6r0feena,6
50,u-shaped,gaussian,dummy-6rxetwot,79
100,unif,gaussian,dummy-6sqhievj,12
500,gaussian,gaussian,dummy-6swobmcd,44
25,unif,gaussian,dummy-6t8q9qzl,56
25,mixture,gaussian,dummy-6tdt96o0,9
500,ptm,gaussian,dummy-6twik1u2,67
25,ptm,gaussian,dummy-6u05fzus,21
50,skewnorm,gaussian,dummy-6x3dltoo,29
25,unif,gaussian,dummy-6xbmv8h9,92
50,mixture,gaussian,dummy-6xwe946e,8
50,mixture,gaussian,dummy-6yii0lqo,89
25,skewnorm,gaussian,dummy-6ysj2eeo,27
50,ptm,gaussian,dummy-6z8nx9ax,71
100,u-shaped,gaussian,dummy-6ziq3stm,54
25,unif,gaussian,dummy-707a133g,40
50,mixture,gaussian,dummy-70reebhp,31
50,u-shaped,gaussian,dummy-711q7vzc,95
100,gaussian,gaussian,dummy-728clzax,100
500,mixture,gaussian,dummy-72g5gq7u,37
50,gaussian,gaussian,dummy-72yh2pi7,5
50,mixture,gaussian,dummy-735upmm6,87
25,unif,gaussian,dummy-73vl6j2g,39
50,skewnorm,gaussian,dummy-73zmb2k2,40
500,ptm,gaussian,dummy-756evmy9,2
100,skewnorm,gaussian,dummy-75rj9rlh,85
50,skewnorm,gaussian,dummy-76lqd9dx,49
500,gaussian,gaussian,dummy-77pnwli1,51
500,gaussian,gaussian,dummy-78vxxat5,77
100,skewnorm,gaussian,dummy-79wepxki,96
25,mixture,gaussian,dummy-7a6b3n77,58
50,ptm,gaussian,dummy-7ahpy3ln,79
100,gaussian,gaussian,dummy-7c442zvh,98
50,gaussian,gaussian,dummy-7c4bpmzz,6
100,gaussian,gaussian,dummy-7c597d99,40
100,ptm,gaussian,dummy-7cugm852,75
50,unif,gaussian,dummy-7dld6i54,8
25,skewnorm,gaussian,dummy-7eq7hrdv,50
50,unif,gaussian,dummy-7f6mujbn,70
100,gaussian,gaussian,dummy-7fibm15u,80
50,u-shaped,gaussian,dummy-7fpjma2h,23
50,ptm,gaussian,dummy-7giuqwq1,88
25,ptm,gaussian,dummy-7h2xb6xm,5
50,unif,gaussian,dummy-7h3et6zk,49
25,ptm,gaussian,dummy-7iiurgo4,66
500,ptm,gaussian,dummy-7jfrc6hq,32
100,ptm,gaussian,dummy-7jszt8fw,10
500,skewnorm,gaussian,dummy-7kdry6fz,58
100,mixture,gaussian,dummy-7kl69zlf,64
50,u-shaped,gaussian,dummy-7kpl5ycz,76
500,skewnorm,gaussian,dummy-7ku66kd7,79
50,u-shaped,gaussian,dummy-7l4bsakg,43
25,skewnorm,gaussian,dummy-7lj0maa9,82
50,unif,gaussian,dummy-7m165ix1,22
500,ptm,gaussian,dummy-7mtl8g3y,53
25,unif,gaussian,dummy-7mytgulc,17
100,ptm,gaussian,dummy-7pyu0wp3,34
100,mixture,gaussian,dummy-7q74y1rf,20
500,u-shaped,gaussian,dummy-7qbnmf3n,19
100,ptm,gaussian,dummy-7qlgy11m,90
100,unif,gaussian,dummy-7qzm02i2,50
500,gaussian,gaussian,dummy-7rbfuhus,37
500,mixture,gaussian,dummy-7rzqtv1i,95
500,mixture,gaussian,dummy-7s4nono7,6
100,skewnorm,gaussian,dummy-7sg7xl1k,53
100,unif,gaussian,dummy-7sgyf1z6,26
50,u-shaped,gaussian,dummy-7twwrw50,60
100,u-shaped,gaussian,dummy-7u8vgzdh,27
25,mixture,gaussian,dummy-7urtp42x,76
25,unif,gaussian,dummy-7uyvorug,20
500,u-shaped,gaussian,dummy-7vbha15r,93
100,u-shaped,gaussian,dummy-7vvok50c,43
500,u-shaped,gaussian,dummy-7vvr2gwa,38
500,u-shaped,gaussian,dummy-7w9b3gq2,30
500,ptm,gaussian,dummy-7wel46g0,42
100,u-shaped,gaussian,dummy-7x2opny9,41
500,gaussian,gaussian,dummy-7x3ecqvh,48
100,mixture,gaussian,dummy-7x59f8ca,98
100,mixture,gaussian,dummy-7yjhmhnk,15
25,gaussian,gaussian,dummy-7yopuhh2,83
100,ptm,gaussian,dummy-7z1k93qw,74
100,skewnorm,gaussian,dummy-7zfysbzf,3
25,unif,gaussian,dummy-80cd6qg4,67
25,gaussian,gaussian,dummy-80r2ni9a,55
25,mixture,gaussian,dummy-80usi9ck,6
100,unif,gaussian,dummy-810vmqqy,76
50,ptm,gaussian,dummy-81hb60z0,19
25,u-shaped,gaussian,dummy-81jbb2n9,9
100,unif,gaussian,dummy-81m7dp0y,14
500,skewnorm,gaussian,dummy-837dgby7,53
25,gaussian,gaussian,dummy-83l68g75,77
500,mixture,gaussian,dummy-84vdgh2q,77
50,unif,gaussian,dummy-84ymve5r,25
100,skewnorm,gaussian,dummy-86z9lscv,90
50,ptm,gaussian,dummy-884wnqeh,78
500,mixture,gaussian,dummy-896lm7lm,20
500,skewnorm,gaussian,dummy-89ie2t2l,41
100,skewnorm,gaussian,dummy-89zxz0em,15
25,skewnorm,gaussian,dummy-8a40h2lu,39
50,u-shaped,gaussian,dummy-8ajj0z5o,38
500,ptm,gaussian,dummy-8aobrz9k,98
100,u-shaped,gaussian,dummy-8b0wv3q9,11
25,unif,gaussian,dummy-8b6zcedv,90
100,ptm,gaussian,dummy-8bhv4n1a,56
25,ptm,gaussian,dummy-8c9pp6r6,46
100,u-shaped,gaussian,dummy-8cp2twmu,22
100,skewnorm,gaussian,dummy-8da5dor0,8
50,mixture,gaussian,dummy-8ebes8z4,51
25,unif,gaussian,dummy-8ec4lo8q,77
100,u-shaped,gaussian,dummy-8f20g1ob,18
50,skewnorm,gaussian,dummy-8f6fhqp3,73
500,gaussian,gaussian,dummy-8foc8msj,95
500,ptm,gaussian,dummy-8fvcqoyo,41
25,u-shaped,gaussian,dummy-8fz146o5,57
100,skewnorm,gaussian,dummy-8g2tv0mb,63
500,skewnorm,gaussian,dummy-8g8k1tla,81
50,skewnorm,gaussian,dummy-8hhdz0w4,98
50,mixture,gaussian,dummy-8hrfpgi3,69
50,unif,gaussian,dummy-8k3hqtum,52
50,gaussian,gaussian,dummy-8k5o9zef,35
100,gaussian,gaussian,dummy-8kxi27g3,22
500,ptm,gaussian,dummy-8kz8o2ll,38
50,gaussian,gaussian,dummy-8l8tzobk,24
100,gaussian,gaussian,dummy-8leyktkx,74
500,gaussian,gaussian,dummy-8m6jcj85,31
25,mixture,gaussian,dummy-8mz3fo0t,42
100,unif,gaussian,dummy-8n9f38kc,96
100,unif,gaussian,dummy-8nilf7h5,97
25,skewnorm,gaussian,dummy-8nn7jtgy,79
500,mixture,gaussian,dummy-8o0tsig1,5
100,u-shaped,gaussian,dummy-8o5e1cve,10
50,gaussian,gaussian,dummy-8ork2ogn,8
25,mixture,gaussian,dummy-8qa9fvkt,17
500,skewnorm,gaussian,dummy-8r8ili1b,84
50,skewnorm,gaussian,dummy-8s7eg3y6,74
100,unif,gaussian,dummy-8tg9fpzc,20
50,unif,gaussian,dummy-8tjniyaj,12
25,u-shaped,gaussian,dummy-8u1akdc8,99
100,skewnorm,gaussian,dummy-8u71m21z,26
25,gaussian,gaussian,dummy-8uadnpct,46
500,u-shaped,gaussian,dummy-8unjez3w,32
50,unif,gaussian,dummy-8voc8n88,62
500,unif,gaussian,dummy-8vofhscp,11
50,ptm,gaussian,dummy-8wl1qxd5,15
100,mixture,gaussian,dummy-8xoywydu,10
500,skewnorm,gaussian,dummy-8xvc4atp,80
100,skewnorm,gaussian,dummy-8y5473l1,76
25,mixture,gaussian,dummy-8y8qrmnb,99
500,mixture,gaussian,dummy-8ygdqvaz,7
100,mixture,gaussian,dummy-8yqf07eq,58
25,skewnorm,gaussian,dummy-8zo5vsbp,68
500,ptm,gaussian,dummy-8ztc43na,61
100,mixture,gaussian,dummy-8ztpt1gr,35
25,unif,gaussian,dummy-9003bvye,78
100,u-shaped,gaussian,dummy-9068y97v,83
50,skewnorm,gaussian,dummy-9075pxo6,54
25,mixture,gaussian,dummy-90goj0na,8
25,skewnorm,gaussian,dummy-90k4u1gl,93
25,gaussian,gaussian,dummy-91c7ldf4,44
50,gaussian,gaussian,dummy-91l7art9,88
100,mixture,gaussian,dummy-91ni771v,53
50,skewnorm,gaussian,dummy-92llw8pi,78
50,unif,gaussian,dummy-92upm2oh,15
25,unif,gaussian,dummy-934d5mvm,53
50,mixture,gaussian,dummy-9356awnl,82
25,u-shaped,gaussian,dummy-93lkanwr,83
500,unif,gaussian,dummy-93ugcbhl,3
500,skewnorm,gaussian,dummy-94p2gyiq,33
50,ptm,gaussian,dummy-96h0gqd9,62
25,gaussian,gaussian,dummy-96sqrijc,3
50,mixture,gaussian,dummy-96wqgeqv,75
500,unif,gaussian,dummy-989sscjp,88
25,ptm,gaussian,dummy-98o676r8,77
100,mixture,gaussian,dummy-99504sav,47
100,mixture,gaussian,dummy-99osif3b,80
50,mixture,gaussian,dummy-9aklzyod,39
100,gaussian,gaussian,dummy-9awva9pf,43
25,skewnorm,gaussian,dummy-9b2khjv2,91
25,mixture,gaussian,dummy-9b4oadn2,87
25,ptm,gaussian,dummy-9bjnknos,38
100,unif,gaussian,dummy-9bw2hde7,1
25,u-shaped,gaussian,dummy-9enu2y9m,91
50,ptm,gaussian,dummy-9ep78hxd,45
500,ptm,gaussian,dummy-9f9jdh2g,9
50,ptm,gaussian,dummy-9fz8fkxk,36
50,mixture,gaussian,dummy-9gcrd9vy,44
25,u-shaped,gaussian,dummy-9gt61q6s,22
100,skewnorm,gaussian,dummy-9h41xz74,16
100,ptm,gaussian,dummy-9h5itrk5,17
500,ptm,gaussian,dummy-9hc00jn5,31
25,gaussian,gaussian,dummy-9ifkdp9l,62
100,ptm,gaussian,dummy-9ikh4s99,97
50,ptm,gaussian,dummy-9im6atwn,59
25,mixture,gaussian,dummy-9iu7ic75,80
50,ptm,gaussian,dummy-9jjp7f0z,66
50,skewnorm,gaussian,dummy-9kepj1ld,45
50,ptm,gaussian,dummy-9kscyzrp,55
500,unif,gaussian,dummy-9mpvz081,50
500,u-shaped,gaussian,dummy-9ndi6umh,33
100,skewnorm,gaussian,dummy-9nosffhv,92
100,ptm,gaussian,dummy-9nv9mx5i,70
25,mixture,gaussian,dummy-9nvfgyrj,26
100,mixture,gaussian,dummy-9o1srr6e,63
50,gaussian,gaussian,dummy-9ob0jcnk,72
50,u-shaped,gaussian,dummy-9ok5blh1,26
500,skewnorm,gaussian,dummy-9onnvgh1,38
500,skewnorm,gaussian,dummy-9ovyjtk0,94
25,mixture,gaussian,dummy-9owikzoz,69
100,gaussian,gaussian,dummy-9p75sjwy,51
100,gaussian,gaussian,dummy-9pae8pmw,29
500,ptm,gaussian,dummy-9pawfnnh,22
25,u-shaped,gaussian,dummy-9qz0hmc6,34
100,u-shaped,gaussian,dummy-9r52phmw,97
25,mixture,gaussian,dummy-9rykyuea,46
50,u-shaped,gaussian,dummy-9sn14wlu,81
100,u-shaped,gaussian,dummy-9svajvjk,48
50,unif,gaussian,dummy-9tdqokgo,100
500,gaussian,gaussian,dummy-9ux2vyxj,18
500,ptm,gaussian,dummy-9vezgdhl,94
50,ptm,gaussian,dummy-9w6f1si4,99
100,ptm,gaussian,dummy-9xmqql34,69
25,unif,gaussian,dummy-9y6rklji,58
500,mixture,gaussian,dummy-9ynm01zn,64
500,unif,gaussian,dummy-9z9ra5os,26
500,ptm,gaussian,dummy-9zp2551y,15
50,unif,gaussian,dummy-9zw4q1xk,92
25,unif,gaussian,dummy-a0lyzo1j,94
100,gaussian,gaussian,dummy-a19staz6,8
100,skewnorm,gaussian,dummy-a1v3z3a4,39
100,skewnorm,gaussian,dummy-a3lgwqu7,45
500,gaussian,gaussian,dummy-a3qldl41,69
100,gaussian,gaussian,dummy-a3ux22ib,1
50,unif,gaussian,dummy-a4yhk37l,58
25,unif,gaussian,dummy-a5enwdez,16
25,u-shaped,gaussian,dummy-a5ogsebq,48
500,skewnorm,gaussian,dummy-a5xkyuol,67
100,mixture,gaussian,dummy-a6gdt5cb,52
25,mixture,gaussian,dummy-a6oj7rv4,48
100,gaussian,gaussian,dummy-a74wlb8z,95
25,mixture,gaussian,dummy-a7siqnuv,85
100,unif,gaussian,dummy-a7xc0sxp,99
100,ptm,gaussian,dummy-a81h4h6q,86
500,skewnorm,gaussian,dummy-a82nli0w,1
25,skewnorm,gaussian,dummy-a8ae8pw8,35
500,ptm,gaussian,dummy-a8o3yzjm,25
50,ptm,gaussian,dummy-a9e4e2no,22
25,ptm,gaussian,dummy-aa81njrb,1
25,unif,gaussian,dummy-aavbco48,44
50,skewnorm,gaussian,dummy-ab1llr6l,48
100,mixture,gaussian,dummy-abssu0hg,11
100,unif,gaussian,dummy-ad0sw8gb,72
50,u-shaped,gaussian,dummy-ad2ohh3s,87
100,ptm,gaussian,dummy-ae5v322v,13
500,unif,gaussian,dummy-afqd0kte,13
500,mixture,gaussian,dummy-agqy50g1,66
25,unif,gaussian,dummy-ahtbiab3,65
25,unif,gaussian,dummy-ajgb9pe3,23
25,unif,gaussian,dummy-ak1h4ic5,49
25,ptm,gaussian,dummy-akdpng4a,85
50,u-shaped,gaussian,dummy-akqwxwlt,71
100,ptm,gaussian,dummy-al7bbmp3,63
500,ptm,gaussian,dummy-algmvmff,70
100,mixture,gaussian,dummy-alji254d,6
100,mixture,gaussian,dummy-alv190im,86
25,ptm,gaussian,dummy-amyyuubt,79
25,u-shaped,gaussian,dummy-ank76ipb,79
100,skewnorm,gaussian,dummy-ao5i8gbb,20
25,gaussian,gaussian,dummy-ao7dwkeg,23
500,ptm,gaussian,dummy-aoio3clg,33
100,ptm,gaussian,dummy-aojin8gj,46
50,mixture,gaussian,dummy-aou4tmbr,42
25,gaussian,gaussian,dummy-apchs899,24
50,unif,gaussian,dummy-apf7mupx,94
25,gaussian,gaussian,dummy-aptx28kz,59
25,skewnorm,gaussian,dummy-aqbzkdqk,70
100,unif,gaussian,dummy-arb9hqh8,38
100,gaussian,gaussian,dummy-arz169lu,18
100,mixture,gaussian,dummy-as24lgii,2
50,gaussian,gaussian,dummy-as34ymt0,62
25,mixture,gaussian,dummy-as8h9d8v,74
500,unif,gaussian,dummy-at23ugyb,95
25,skewnorm,gaussian,dummy-auvlowcp,31
50,u-shaped,gaussian,dummy-avd96wrh,54
25,mixture,gaussian,dummy-avoukf6g,50
25,ptm,gaussian,dummy-avphnzgg,2
500,mixture,gaussian,dummy-aw65xpuu,49
100,u-shaped,gaussian,dummy-ax1stlkq,19
50,gaussian,gaussian,dummy-axi9ar2g,69
25,u-shaped,gaussian,dummy-aydhloxb,81
100,u-shaped,gaussian,dummy-az29jkqg,5
50,unif,gaussian,dummy-azobstvn,10
25,skewnorm,gaussian,dummy-azp2nunb,26
500,u-shaped,gaussian,dummy-b0fm3l2q,14
100,mixture,gaussian,dummy-b0y3cmqr,27
500,gaussian,gaussian,dummy-b1a7kpmv,66
100,u-shaped,gaussian,dummy-b1bhk7gi,85
100,gaussian,gaussian,dummy-b1g5dkjb,16
100,gaussian,gaussian,dummy-b2pp5f53,49
50,mixture,gaussian,dummy-b2xa7wud,60
500,u-shaped,gaussian,dummy-b36hu5pm,61
25,mixture,gaussian,dummy-b37pwu1o,27
50,ptm,gaussian,dummy-b428tcmz,23
25,u-shaped,gaussian,dummy-b5cavvi7,86
25,mixture,gaussian,dummy-b65oblmi,35
500,gaussian,gaussian,dummy-b68315ff,8
50,unif,gaussian,dummy-b6cwuib1,86
500,skewnorm,gaussian,dummy-b7mkib2m,59
100,gaussian,gaussian,dummy-b7rb3815,53
100,unif,gaussian,dummy-b8p6p76s,73
100,ptm,gaussian,dummy-b8zls7ks,45
500,unif,gaussian,dummy-b9vhx16l,2
25,unif,gaussian,dummy-babshp3k,52
50,mixture,gaussian,dummy-bamta4ny,55
50,u-shaped,gaussian,dummy-bavdcm04,59
50,skewnorm,gaussian,dummy-bb5rqk6m,26
500,mixture,gaussian,dummy-bbc0b8yz,22
500,skewnorm,gaussian,dummy-bbrjj4na,36
25,skewnorm,gaussian,dummy-bbt3ruki,44
100,skewnorm,gaussian,dummy-bc101kdm,41
50,u-shaped,gaussian,dummy-bdgx7pgo,42
25,skewnorm,gaussian,dummy-bdlneh9w,29
25,mixture,gaussian,dummy-bdv5ypug,5
25,mixture,gaussian,dummy-be5csfbh,13
25,mixture,gaussian,dummy-beaulj8i,66
100,u-shaped,gaussian,dummy-bej2661p,87
50,u-shaped,gaussian,dummy-bfg4qq3u,99
500,unif,gaussian,dummy-bg2lhu5t,49
50,skewnorm,gaussian,dummy-bgccl81e,58
25,unif,gaussian,dummy-bgg22pjd,10
25,u-shaped,gaussian,dummy-bhh9pxga,87
100,gaussian,gaussian,dummy-bi3ooz0h,81
50,ptm,gaussian,dummy-bjbl0ujz,56
25,unif,gaussian,dummy-bjcsx8ww,25
100,skewnorm,gaussian,dummy-bjl97v59,98
25,u-shaped,gaussian,dummy-blefd682,26
25,ptm,gaussian,dummy-bln3ucpm,25
25,mixture,gaussian,dummy-bmg3oro6,62
25,u-shaped,gaussian,dummy-bmlw9607,40
25,skewnorm,gaussian,dummy-bpcyrryh,95
100,ptm,gaussian,dummy-bqn78xfq,57
50,gaussian,gaussian,dummy-br0smy10,89
100,mixture,gaussian,dummy-brjrauuz,46
50,ptm,gaussian,dummy-brrwskb1,94
50,mixture,gaussian,dummy-bsfbzbox,83
100,skewnorm,gaussian,dummy-bsv9gwoc,25
500,u-shaped,gaussian,dummy-bu4j22jh,21
500,mixture,gaussian,dummy-butqly86,33
500,gaussian,gaussian,dummy-bvdl641z,50
50,u-shaped,gaussian,dummy-bvmrngwx,50
50,u-shaped,gaussian,dummy-bwhl3amf,6
50,gaussian,gaussian,dummy-bwjp2981,23
500,ptm,gaussian,dummy-bwpn1g1z,30
500,skewnorm,gaussian,dummy-bwqqzlzt,42
100,unif,gaussian,dummy-by7tuti1,56
100,mixture,gaussian,dummy-byq7ru39,38
100,unif,gaussian,dummy-bzpw5x51,86
500,gaussian,gaussian,dummy-c0xkfxg3,7
25,mixture,gaussian,dummy-c17zl8o4,56
50,mixture,gaussian,dummy-c1do60mc,66
25,ptm,gaussian,dummy-c1lirf0k,83
25,skewnorm,gaussian,dummy-c29smmda,99
500,skewnorm,gaussian,dummy-c2ep8agj,78
25,u-shaped,gaussian,dummy-c2gq5scr,1
500,u-shaped,gaussian,dummy-c2w2q5gl,86
50,ptm,gaussian,dummy-c38h1xq7,13
25,skewnorm,gaussian,dummy-c3atgd2z,74
25,skewnorm,gaussian,dummy-c3kmmvdx,48
500,unif,gaussian,dummy-c3qgztyi,29
25,skewnorm,gaussian,dummy-c554v3ci,20
100,unif,gaussian,dummy-c5n01avf,33
100,skewnorm,gaussian,dummy-c5wuys4r,78
100,gaussian,gaussian,dummy-c6c1ys4g,23
25,gaussian,gaussian,dummy-c6dl0kul,60
50,gaussian,gaussian,dummy-c6vzwehs,27
500,gaussian,gaussian,dummy-c7f4d6fi,40
500,unif,gaussian,dummy-c7mnwetq,36
100,skewnorm,gaussian,dummy-c7sqhvv5,7
500,ptm,gaussian,dummy-c8hxg8e5,48
50,skewnorm,gaussian,dummy-c93kwrqn,57
100,unif,gaussian,dummy-c95r77cj,28
50,unif,gaussian,dummy-c9fydr4x,40
25,skewnorm,gaussian,dummy-cady74u0,43
500,ptm,gaussian,dummy-catex5cg,85
25,mixture,gaussian,dummy-ccaa7ovj,68
25,skewnorm,gaussian,dummy-ccix4gqt,8
50,skewnorm,gaussian,dummy-cdcoiabk,100
100,unif,gaussian,dummy-cdxkzx04,8
500,unif,gaussian,dummy-chf5iwvz,60
100,u-shaped,gaussian,dummy-chos38up,40
25,u-shaped,gaussian,dummy-ci7simqt,98
100,ptm,gaussian,dummy-cidiu936,60
25,mixture,gaussian,dummy-cii3yy49,67
500,ptm,gaussian,dummy-circkiw3,35
25,gaussian,gaussian,dummy-cixafblg,40
25,skewnorm,gaussian,dummy-cjnnnegu,42
500,mixture,gaussian,dummy-ck3t4j3i,34
25,gaussian,gaussian,dummy-ckc6i6r6,99
100,ptm,gaussian,dummy-ckni0szt,35
500,gaussian,gaussian,dummy-cksvpvh0,42
50,gaussian,gaussian,dummy-cm3xdaph,51
50,mixture,gaussian,dummy-cmicxugm,48
50,ptm,gaussian,dummy-cmz9kvlj,8
25,gaussian,gaussian,dummy-cn8f7xyp,27
100,gaussian,gaussian,dummy-cocktwjo,96
500,ptm,gaussian,dummy-cpo1vpfh,77
50,unif,gaussian,dummy-cpuxf70d,30
25,gaussian,gaussian,dummy-cq0bwubi,35
100,skewnorm,gaussian,dummy-cq7ca7j9,59
100,ptm,gaussian,dummy-cqfta6gr,42
25,gaussian,gaussian,dummy-cr6d8dts,13
500,gaussian,gaussian,dummy-cr6nab9d,82
50,u-shaped,gaussian,dummy-cr8lqdk4,11
100,ptm,gaussian,dummy-cro6k7lq,39
25,mixture,gaussian,dummy-cs6pc2zi,52
500,mixture,gaussian,dummy-cte71sr3,75
500,u-shaped,gaussian,dummy-ctiox5cc,69
50,u-shaped,gaussian,dummy-ctqgx1b1,32
25,skewnorm,gaussian,dummy-ctt938ec,77
25,gaussian,gaussian,dummy-cug44qm2,42
100,ptm,gaussian,dummy-cvbo43sj,20
100,u-shaped,gaussian,dummy-cvhz0ap4,80
500,u-shaped,gaussian,dummy-cvta7ryy,24
25,mixture,gaussian,dummy-cw792gsp,78
50,unif,gaussian,dummy-cwakcwdm,5
50,gaussian,gaussian,dummy-cx5bradn,32
500,u-shaped,gaussian,dummy-cxf7oy73,76
500,skewnorm,gaussian,dummy-cxnf4amu,11
50,gaussian,gaussian,dummy-cy3y2uy9,21
25,ptm,gaussian,dummy-cycwo22a,70
100,mixture,gaussian,dummy-cyftufmd,68
25,skewnorm,gaussian,dummy-cyua6o9s,81
100,mixture,gaussian,dummy-cz9pjgmf,31
25,u-shaped,gaussian,dummy-czi0uvdr,50
50,mixture,gaussian,dummy-cztbuhjr,81
500,unif,gaussian,dummy-d0297gal,47
25,mixture,gaussian,dummy-d04yro0m,25
25,mixture,gaussian,dummy-d0uchl70,100
50,gaussian,gaussian,dummy-d12nforo,70
50,ptm,gaussian,dummy-d1wlwjee,1
50,gaussian,gaussian,dummy-d2l8tc49,15
25,mixture,gaussian,dummy-d46csb8x,79
50,u-shaped,gaussian,dummy-d5wfaudd,29
25,unif,gaussian,dummy-d6drnge2,89
100,skewnorm,gaussian,dummy-d6gik06u,5
50,unif,gaussian,dummy-d6nry7su,23
50,gaussian,gaussian,dummy-d7i68ri1,95
50,mixture,gaussian,dummy-d7t6wokx,3
25,gaussian,gaussian,dummy-d7x5s942,53
500,gaussian,gaussian,dummy-d92kcwj5,81
25,gaussian,gaussian,dummy-d9bel923,96
50,gaussian,gaussian,dummy-d9f1pmax,4
50,unif,gaussian,dummy-d9fjlgrh,72
25,ptm,gaussian,dummy-d9ggn6bk,55
500,u-shaped,gaussian,dummy-da095vbw,90
500,unif,gaussian,dummy-db4ybs9p,69
25,gaussian,gaussian,dummy-dbyj0stm,98
100,mixture,gaussian,dummy-dc8tvk5m,28
500,unif,gaussian,dummy-dcbmgotl,43
25,ptm,gaussian,dummy-dcuxk1xt,11
25,gaussian,gaussian,dummy-dcycf48u,29
25,mixture,gaussian,dummy-de7fjcj9,71
100,skewnorm,gaussian,dummy-de7p5xlf,77
25,unif,gaussian,dummy-dewy6cf6,66
500,unif,gaussian,dummy-df9us00n,97
500,u-shaped,gaussian,dummy-dfenly5j,97
500,gaussian,gaussian,dummy-dfmdl2vi,88
25,skewnorm,gaussian,dummy-dgndbv88,83
100,ptm,gaussian,dummy-dgvxjq2i,43
500,mixture,gaussian,dummy-dlp95qpg,44
50,unif,gaussian,dummy-dlx97kx6,53
50,unif,gaussian,dummy-dmg0dshi,37
25,skewnorm,gaussian,dummy-dn9r7gzr,36
500,gaussian,gaussian,dummy-dnopbgml,14
25,gaussian,gaussian,dummy-dnxzjttj,36
100,mixture,gaussian,dummy-dpgc8pmq,73
25,ptm,gaussian,dummy-dpnpzovk,34
50,skewnorm,gaussian,dummy-dq0zd47s,18
100,unif,gaussian,dummy-dqfb8opr,84
100,ptm,gaussian,dummy-dqgwdec0,24
50,skewnorm,gaussian,dummy-dqhoi1gu,71
50,skewnorm,gaussian,dummy-dqlnrknm,89
100,ptm,gaussian,dummy-dr1g6sl3,72
25,skewnorm,gaussian,dummy-dr33mqra,59
50,ptm,gaussian,dummy-drnl9sb7,14
100,gaussian,gaussian,dummy-dsowb3xr,47
500,gaussian,gaussian,dummy-dszxz0ho,17
100,mixture,gaussian,dummy-dt70vpgm,9
500,gaussian,gaussian,dummy-dtcphsic,53
500,gaussian,gaussian,dummy-dtvy9fh8,5
50,unif,gaussian,dummy-dujz7ru9,48
100,ptm,gaussian,dummy-dump46sq,54
100,unif,gaussian,dummy-duwqljva,13
25,ptm,gaussian,dummy-dvn3wluj,29
500,mixture,gaussian,dummy-dvx1uw25,47
50,mixture,gaussian,dummy-dwk2s60q,56
500,unif,gaussian,dummy-dwmeqiam,15
50,ptm,gaussian,dummy-dxyaya07,29
500,mixture,gaussian,dummy-dy11dil3,85
500,unif,gaussian,dummy-dylfv157,54
50,u-shaped,gaussian,dummy-dyqbi59i,84
500,mixture,gaussian,dummy-dzfz3kqx,60
100,gaussian,gaussian,dummy-e0qsmvx7,59
500,skewnorm,gaussian,dummy-e0rdxlvh,92
100,skewnorm,gaussian,dummy-e2e6k6az,86
100,unif,gaussian,dummy-e2ewnnzv,34
25,skewnorm,gaussian,dummy-e2ms0nly,46
50,ptm,gaussian,dummy-e2n4csmg,4
100,gaussian,gaussian,dummy-e3uicebj,93
500,u-shaped,gaussian,dummy-e4jse0yx,65
25,ptm,gaussian,dummy-e5gunr7c,4
100,gaussian,gaussian,dummy-e5la6ueq,61
100,skewnorm,gaussian,dummy-e6ruhk3j,81
50,mixture,gaussian,dummy-e6we1f6t,73
500,ptm,gaussian,dummy-e77vy69m,59
50,gaussian,gaussian,dummy-e7hf3f76,84
25,mixture,gaussian,dummy-e7iwlw27,28
50,skewnorm,gaussian,dummy-e8gprwq2,24
25,unif,gaussian,dummy-e9a2bhh4,27
500,skewnorm,gaussian,dummy-e9a5egqw,83
100,u-shaped,gaussian,dummy-e9bpvabx,59
25,ptm,gaussian,dummy-e9egqmrs,98
500,gaussian,gaussian,dummy-e9fir6ym,99
100,u-shaped,gaussian,dummy-eaivmgdr,35
50,gaussian,gaussian,dummy-eb2j32tk,14
100,ptm,gaussian,dummy-ebniod7n,44
500,u-shaped,gaussian,dummy-ebvi26gg,89
100,skewnorm,gaussian,dummy-ec9xt7ig,21
50,ptm,gaussian,dummy-eca8znfn,96
50,gaussian,gaussian,dummy-ech9su0g,73
25,mixture,gaussian,dummy-ecpzai5s,63
500,ptm,gaussian,dummy-edr27g69,90
50,skewnorm,gaussian,dummy-ee4sl85n,90
500,ptm,gaussian,dummy-eetmfe3s,29
100,ptm,gaussian,dummy-ef4p54c7,100
25,ptm,gaussian,dummy-efauon9n,63
100,ptm,gaussian,dummy-ege4z1ra,71
25,unif,gaussian,dummy-egfrufrh,85
50,mixture,gaussian,dummy-eh1wrple,23
500,u-shaped,gaussian,dummy-ehhsm6qy,7
500,mixture,gaussian,dummy-eifziafp,23
100,mixture,gaussian,dummy-ejmrqiys,84
25,gaussian,gaussian,dummy-ekb7f399,11
500,ptm,gaussian,dummy-ekc4fkxr,20
100,mixture,gaussian,dummy-ekuxq4e6,78
500,u-shaped,gaussian,dummy-eldxym1k,43
100,gaussian,gaussian,dummy-elgpkh38,64
50,mixture,gaussian,dummy-eluz9kew,34
500,ptm,gaussian,dummy-en2avv2l,3
100,gaussian,gaussian,dummy-enmx7sdw,13
50,skewnorm,gaussian,dummy-eoeka8wq,33
100,unif,gaussian,dummy-eoztyy3q,65
500,skewnorm,gaussian,dummy-er05e949,52
25,mixture,gaussian,dummy-er41c0o5,20
100,unif,gaussian,dummy-es6cfteq,21
100,ptm,gaussian,dummy-evc08zjr,26
500,u-shaped,gaussian,dummy-ewll9xrw,74
25,skewnorm,gaussian,dummy-ewq8v9na,1
50,unif,gaussian,dummy-ex1y8s8z,55
25,unif,gaussian,dummy-exoyrn4m,80
25,gaussian,gaussian,dummy-extj5qoy,48
100,skewnorm,gaussian,dummy-exz31eur,47
25,unif,gaussian,dummy-exzaf2y3,24
25,mixture,gaussian,dummy-eydlg479,97
25,unif,gaussian,dummy-eygk9n08,88
500,mixture,gaussian,dummy-ezgsxfz2,42
100,gaussian,gaussian,dummy-ezl8aj7l,39
25,ptm,gaussian,dummy-ezvvcjbe,56
100,skewnorm,gaussian,dummy-f17bmn9o,44
500,u-shaped,gaussian,dummy-f1fz5zvp,68
50,gaussian,gaussian,dummy-f2ygprpm,20
500,skewnorm,gaussian,dummy-f42buyu0,19
50,u-shaped,gaussian,dummy-f50j0ahu,47
25,unif,gaussian,dummy-f5wyq6ss,32
50,u-shaped,gaussian,dummy-f749goa8,21
50,mixture,gaussian,dummy-f80uh2n2,14
25,unif,gaussian,dummy-f85qeuna,38
25,gaussian,gaussian,dummy-f87t0lgk,64
25,gaussian,gaussian,dummy-facare61,16
25,ptm,gaussian,dummy-fbk3coci,9
50,u-shaped,gaussian,dummy-fbo76u9b,63
50,ptm,gaussian,dummy-fbzbv0fm,42
25,gaussian,gaussian,dummy-fca9urck,87
25,u-shaped,gaussian,dummy-fcaj91ho,73
500,skewnorm,gaussian,dummy-fcd3k4du,76
500,mixture,gaussian,dummy-fchez6gh,19
100,u-shaped,gaussian,dummy-fci0ne15,8
100,unif,gaussian,dummy-fcpqby92,69
50,u-shaped,gaussian,dummy-fd17rvo0,82
500,mixture,gaussian,dummy-fe50fv4f,67
500,u-shaped,gaussian,dummy-fe5msrl7,55
25,mixture,gaussian,dummy-fesiyo4z,38
500,ptm,gaussian,dummy-fey9tx6q,80
100,mixture,gaussian,dummy-ff3gplbm,93
25,gaussian,gaussian,dummy-ffspghfj,100
100,gaussian,gaussian,dummy-fgchvl9x,38
25,gaussian,gaussian,dummy-fgsbsoj3,17
500,u-shaped,gaussian,dummy-fh2vschs,95
100,unif,gaussian,dummy-fh2wi3e7,98
100,gaussian,gaussian,dummy-fhqi2rms,28
100,gaussian,gaussian,dummy-fi5boe5t,78
25,unif,gaussian,dummy-fiab92jy,11
500,gaussian,gaussian,dummy-fie737a9,75
100,unif,gaussian,dummy-fjaim6d4,91
500,skewnorm,gaussian,dummy-fjq631fr,93
500,u-shaped,gaussian,dummy-fjwjrlfr,96
50,gaussian,gaussian,dummy-fl4vtbhz,79
100,unif,gaussian,dummy-fl5ddutm,62
50,gaussian,gaussian,dummy-flp8ucxw,74
100,gaussian,gaussian,dummy-fmvm5yev,58
50,gaussian,gaussian,dummy-fnad50aj,91
50,unif,gaussian,dummy-fnkp3vuh,44
25,ptm,gaussian,dummy-fnt1y8w1,57
25,skewnorm,gaussian,dummy-fo3gxqpg,11
25,skewnorm,gaussian,dummy-fofcbihm,2
50,u-shaped,gaussian,dummy-fomrm2p3,97
25,u-shaped,gaussian,dummy-foo4wcxb,32
50,ptm,gaussian,dummy-fpkhgjk4,7
50,unif,gaussian,dummy-fpovx8i7,84
100,skewnorm,gaussian,dummy-fpy5mnwy,6
100,mixture,gaussian,dummy-fql6nbtn,82
500,ptm,gaussian,dummy-fraky11e,68
50,gaussian,gaussian,dummy-frzuwaoy,2
50,u-shaped,gaussian,dummy-fsphsrvw,83
50,gaussian,gaussian,dummy-fszsmp90,29
25,mixture,gaussian,dummy-ft5pucb7,16
50,gaussian,gaussian,dummy-ftg4cyox,97
100,mixture,gaussian,dummy-ftqwvize,17
500,skewnorm,gaussian,dummy-fu06hyry,43
50,skewnorm,gaussian,dummy-fud066j2,60
500,unif,gaussian,dummy-fv4cs56d,27
25,ptm,gaussian,dummy-fvmz22wh,95
50,u-shaped,gaussian,dummy-fw26i4kw,39
50,mixture,gaussian,dummy-fwllvrrv,96
500,mixture,gaussian,dummy-fwxlyioc,82
50,skewnorm,gaussian,dummy-fxca2rik,37
25,u-shaped,gaussian,dummy-fxhg84vd,70
100,u-shaped,gaussian,dummy-fxmaolyg,91
50,ptm,gaussian,dummy-fymsv424,34
500,mixture,gaussian,dummy-g0h9p3p0,54
500,u-shaped,gaussian,dummy-g1zjmvcw,77
100,ptm,gaussian,dummy-g2euf9d2,25
500,skewnorm,gaussian,dummy-g2wrlcpl,37
100,ptm,gaussian,dummy-g31bxb2s,83
50,mixture,gaussian,dummy-g6nuyp46,13
100,ptm,gaussian,dummy-g7fxogvk,8
500,u-shaped,gaussian,dummy-g7kj652s,36
500,unif,gaussian,dummy-g7z1wrf5,83
100,u-shaped,gaussian,dummy-g82tsicm,33
500,mixture,gaussian,dummy-g833s6c5,26
500,ptm,gaussian,dummy-g8fufpic,14
50,gaussian,gaussian,dummy-g8kbtdwt,60
500,skewnorm,gaussian,dummy-g9i6mn3t,72
500,skewnorm,gaussian,dummy-g9qvelaw,45
500,u-shaped,gaussian,dummy-ga0mi0t6,85
100,unif,gaussian,dummy-ga92q4in,35
500,u-shaped,gaussian,dummy-gand3kme,99
500,unif,gaussian,dummy-gb24wi0e,48
50,gaussian,gaussian,dummy-gbgptdka,99
500,ptm,gaussian,dummy-gbwq5aum,5
500,mixture,gaussian,dummy-gcq8o6tn,39
50,unif,gaussian,dummy-gcrtwc0s,68
500,unif,gaussian,dummy-gde8zq73,75
100,u-shaped,gaussian,dummy-gdqv9yrq,65
25,gaussian,gaussian,dummy-geaijr1k,61
50,u-shaped,gaussian,dummy-gexhc7p4,56
500,u-shaped,gaussian,dummy-gfgl06fz,51
25,unif,gaussian,dummy-gfna42ma,21
500,mixture,gaussian,dummy-gfo3fiaw,31
100,mixture,gaussian,dummy-gfodrxgc,54
100,gaussian,gaussian,dummy-gg307vfv,73
100,skewnorm,gaussian,dummy-ghwgrg9v,55
100,u-shaped,gaussian,dummy-gizzfjoc,62
25,mixture,gaussian,dummy-gj5d9ecd,22
100,u-shaped,gaussian,dummy-gjdjdsuu,71
25,gaussian,gaussian,dummy-gjgp13cz,15
100,mixture,gaussian,dummy-gkhizsle,29
500,gaussian,gaussian,dummy-gkhq1cto,28
100,u-shaped,gaussian,dummy-gl2k96lj,1
25,ptm,gaussian,dummy-gl2rfipg,33
50,gaussian,gaussian,dummy-gle7uot3,19
50,unif,gaussian,dummy-gm81gmae,50
100,gaussian,gaussian,dummy-gmvm6v77,56
25,skewnorm,gaussian,dummy-gnhcgjyy,19
25,skewnorm,gaussian,dummy-go3p4b1w,32
50,unif,gaussian,dummy-gqbf78mw,26
100,u-shaped,gaussian,dummy-gqpc86tw,31
50,ptm,gaussian,dummy-gr5fyoch,100
100,gaussian,gaussian,dummy-grf07r8o,37
500,gaussian,gaussian,dummy-gskzm9ag,74
50,unif,gaussian,dummy-gtdmwvfe,36
25,ptm,gaussian,dummy-gtkcumuk,22
50,u-shaped,gaussian,dummy-gts5njuc,8
50,mixture,gaussian,dummy-gucgafkc,19
25,u-shaped,gaussian,dummy-gvn0azzw,5
500,gaussian,gaussian,dummy-gxa7kku2,100
25,skewnorm,gaussian,dummy-gxnx2pr2,78
25,u-shaped,gaussian,dummy-gycallr9,59
25,u-shaped,gaussian,dummy-gzb5y4sf,6
100,ptm,gaussian,dummy-gzjfax9c,33
25,ptm,gaussian,dummy-gzve9eeb,18
25,ptm,gaussian,dummy-h0cucdlc,49
50,skewnorm,gaussian,dummy-h0wqjtrz,35
50,skewnorm,gaussian,dummy-h17s4ovd,23
50,mixture,gaussian,dummy-h29xby1s,32
25,skewnorm,gaussian,dummy-h41k5xj3,84
100,u-shaped,gaussian,dummy-h4kjr0cq,56
25,unif,gaussian,dummy-h4pq68q2,100
25,gaussian,gaussian,dummy-h59cndyz,39
100,ptm,gaussian,dummy-h5fokix5,36
50,mixture,gaussian,dummy-h5j5enoo,59
25,u-shaped,gaussian,dummy-h5x9j0wx,56
100,unif,gaussian,dummy-h70g1i92,27
500,unif,gaussian,dummy-h7nk1ufv,72
100,ptm,gaussian,dummy-h7s89f6k,28
500,u-shaped,gaussian,dummy-h815tpmg,23
25,ptm,gaussian,dummy-h8j3q644,76
25,mixture,gaussian,dummy-h8uhmhr1,29
50,gaussian,gaussian,dummy-h90t0yx3,7
100,unif,gaussian,dummy-h9d8dvv2,17
50,unif,gaussian,dummy-haftulx4,77
100,unif,gaussian,dummy-hapwazme,24
100,ptm,gaussian,dummy-hbnojhjq,49
500,gaussian,gaussian,dummy-hbqej79o,91
500,unif,gaussian,dummy-hdhrqfum,63
100,unif,gaussian,dummy-hdvz41ta,57
25,unif,gaussian,dummy-hehwxlr9,45
500,skewnorm,gaussian,dummy-hfjrrxfk,23
50,unif,gaussian,dummy-hftzhe5d,75
50,ptm,gaussian,dummy-hiate1w4,37
100,unif,gaussian,dummy-hinpg91a,79
50,u-shaped,gaussian,dummy-hix2en9d,92
100,ptm,gaussian,dummy-hj6yc84y,14
100,skewnorm,gaussian,dummy-hkg1nt2u,34
25,mixture,gaussian,dummy-hkppwsl1,32
25,unif,gaussian,dummy-hkzyqh6n,3
25,gaussian,gaussian,dummy-hla62gbw,71
25,unif,gaussian,dummy-hloegc4l,12
50,gaussian,gaussian,dummy-hm2qytr3,56
100,mixture,gaussian,dummy-hmx96zd8,79
100,unif,gaussian,dummy-hn2negjx,30
25,gaussian,gaussian,dummy-hn5hjehj,26
100,ptm,gaussian,dummy-hnfafb1y,95
25,ptm,gaussian,dummy-ho1hz4s2,75
500,gaussian,gaussian,dummy-hoeyyngo,4
50,gaussian,gaussian,dummy-hoj5mbzx,52
100,u-shaped,gaussian,dummy-hotpd46k,25
25,unif,gaussian,dummy-hph54tx7,68
500,u-shaped,gaussian,dummy-hr3a6o2f,49
25,unif,gaussian,dummy-hrgv66k5,98
100,unif,gaussian,dummy-hs6t0r9h,23
25,u-shaped,gaussian,dummy-hs7qma8j,45
50,ptm,gaussian,dummy-hsj756q0,81
25,mixture,gaussian,dummy-hsz899xw,51
500,u-shaped,gaussian,dummy-htqrw1p8,13
500,ptm,gaussian,dummy-hub3xlzr,26
25,u-shaped,gaussian,dummy-hui6yqv9,37
50,skewnorm,gaussian,dummy-hv1qmaqs,28
25,ptm,gaussian,dummy-hwqwtmk9,96
50,u-shaped,gaussian,dummy-hwshiz1f,66
50,mixture,gaussian,dummy-hx85nnji,27
500,skewnorm,gaussian,dummy-hxgddmz2,66
100,skewnorm,gaussian,dummy-hyonheft,38
500,ptm,gaussian,dummy-hz0ipcxs,18
500,ptm,gaussian,dummy-hzivmipd,72
500,skewnorm,gaussian,dummy-hzxueov3,10
100,ptm,gaussian,dummy-i087dp3q,29
500,mixture,gaussian,dummy-i0lt7nz5,48
500,u-shaped,gaussian,dummy-i14sll3o,17
50,u-shaped,gaussian,dummy-i1wbdav9,13
500,skewnorm,gaussian,dummy-i22ik6ct,13
50,skewnorm,gaussian,dummy-i2524o1f,36
50,mixture,gaussian,dummy-i2p7ih2s,85
25,skewnorm,gaussian,dummy-i32h1wdt,7
50,skewnorm,gaussian,dummy-i3qigx13,22
100,u-shaped,gaussian,dummy-i3vfvvwx,3
50,unif,gaussian,dummy-i43jtkhn,32
25,mixture,gaussian,dummy-i43tbwx6,37
500,unif,gaussian,dummy-i495hxqg,51
50,mixture,gaussian,dummy-i4p2rer9,46
500,mixture,gaussian,dummy-i5kowdvi,40
50,ptm,gaussian,dummy-i7gy68a2,44
500,u-shaped,gaussian,dummy-i7hnqfri,26
100,gaussian,gaussian,dummy-i997aeot,85
25,skewnorm,gaussian,dummy-iac38i8g,56
100,u-shaped,gaussian,dummy-ic1w8rs7,49
25,ptm,gaussian,dummy-ic8p9fff,74
500,ptm,gaussian,dummy-idlczds4,19
25,skewnorm,gaussian,dummy-idlh6970,62
100,gaussian,gaussian,dummy-ie7liwvs,4
25,u-shaped,gaussian,dummy-ier5p0ic,82
100,skewnorm,gaussian,dummy-ifh1vlsv,49
25,skewnorm,gaussian,dummy-ifo1hqt3,86
50,unif,gaussian,dummy-ifpf19rf,9
50,mixture,gaussian,dummy-igla3pz1,98
500,gaussian,gaussian,dummy-igzkw2ov,93
50,skewnorm,gaussian,dummy-ih3gbz9q,69
500,ptm,gaussian,dummy-ihmlrpx9,24
25,skewnorm,gaussian,dummy-ihqt87p0,5
500,unif,gaussian,dummy-iilw9ta2,87
50,unif,gaussian,dummy-iisodo0b,35
50,u-shaped,gaussian,dummy-ij1f4nt8,3
500,gaussian,gaussian,dummy-ij44d719,94
100,u-shaped,gaussian,dummy-ijfisqkl,37
100,skewnorm,gaussian,dummy-ijiyld1x,66
100,ptm,gaussian,dummy-ijjkne2k,99
25,skewnorm,gaussian,dummy-ijo8ydw7,85
25,mixture,gaussian,dummy-ik032dcf,41
50,unif,gaussian,dummy-ikdgd4c3,71
500,gaussian,gaussian,dummy-ikflggeb,13
25,mixture,gaussian,dummy-il6osyh7,92
25,mixture,gaussian,dummy-imgtx5hk,70
25,unif,gaussian,dummy-imnf6p95,34
500,mixture,gaussian,dummy-imnze28v,8
500,ptm,gaussian,dummy-iofg2ffw,66
100,u-shaped,gaussian,dummy-iooq72z8,99
500,skewnorm,gaussian,dummy-ioqxepp6,97
25,ptm,gaussian,dummy-iotghtll,100
100,u-shaped,gaussian,dummy-iowq3665,58
25,gaussian,gaussian,dummy-ioxxg1fv,49
50,skewnorm,gaussian,dummy-ipht29r8,43
50,gaussian,gaussian,dummy-ipk50zxo,34
50,mixture,gaussian,dummy-iqoepthq,53
25,unif,gaussian,dummy-irdr9rie,82
50,unif,gaussian,dummy-iri7uszn,67
50,mixture,gaussian,dummy-is1w1pc2,11
100,u-shaped,gaussian,dummy-isaqv85d,88
100,skewnorm,gaussian,dummy-isrhts7x,9
500,mixture,gaussian,dummy-itnozwdq,1
500,mixture,gaussian,dummy-itx3tnf7,36
100,ptm,gaussian,dummy-iunjlm54,38
50,unif,gaussian,dummy-iupacc2e,65
500,unif,gaussian,dummy-iv7bgjok,84
25,ptm,gaussian,dummy-ivkw2tfp,87
100,ptm,gaussian,dummy-iwt1yhrz,15
25,u-shaped,gaussian,dummy-ixir8j08,49
500,ptm,gaussian,dummy-ixrafo1a,54
500,unif,gaussian,dummy-ixrcr0ml,82
25,mixture,gaussian,dummy-iykmg8sl,53
25,skewnorm,gaussian,dummy-iyxk0l1r,52
50,skewnorm,gaussian,dummy-izonbgii,77
100,gaussian,gaussian,dummy-j03sn0zc,71
25,gaussian,gaussian,dummy-j0taj5uo,58
500,skewnorm,gaussian,dummy-j0zeppua,88
500,unif,gaussian,dummy-j1rd5uvf,5
100,mixture,gaussian,dummy-j1txd7qs,51
500,mixture,gaussian,dummy-j1y75g5t,100
50,u-shaped,gaussian,dummy-j2ia9r91,69
50,ptm,gaussian,dummy-j2rukfae,6
25,ptm,gaussian,dummy-j474trgp,84
500,gaussian,gaussian,dummy-j4g6tdn9,52
100,skewnorm,gaussian,dummy-j4pbl8ey,23
25,u-shaped,gaussian,dummy-j580fwr5,51
500,mixture,gaussian,dummy-j59jvtjb,74
100,unif,gaussian,dummy-j6txgp18,75
25,ptm,gaussian,dummy-j7f4vbgu,19
50,skewnorm,gaussian,dummy-j7k5syse,8
25,u-shaped,gaussian,dummy-j81ageyc,100
50,ptm,gaussian,dummy-j84fkjkk,28
50,mixture,gaussian,dummy-j8k5q0dq,54
500,mixture,gaussian,dummy-j9izpcfq,10
100,gaussian,gaussian,dummy-jab9tjjt,62
100,ptm,gaussian,dummy-jalwt4os,98
100,gaussian,gaussian,dummy-jaztlv8o,41
25,gaussian,gaussian,dummy-jcewna8r,73
500,u-shaped,gaussian,dummy-jctfkh8k,64
50,ptm,gaussian,dummy-jdpm90bf,72
25,u-shaped,gaussian,dummy-jfenzs0t,46
50,mixture,gaussian,dummy-jh6d2t5d,94
50,gaussian,gaussian,dummy-jhgan7lc,64
500,u-shaped,gaussian,dummy-ji7yu05l,57
100,skewnorm,gaussian,dummy-jioyo0bx,64
100,unif,gaussian,dummy-jiv04qqs,4
50,skewnorm,gaussian,dummy-jjf2xqn7,91
500,gaussian,gaussian,dummy-jkdanvxg,47
50,gaussian,gaussian,dummy-jkg2qfdz,71
500,mixture,gaussian,dummy-jkl7y6qp,51
100,mixture,gaussian,dummy-jlsvzpk0,7
500,unif,gaussian,dummy-jmjifjm9,58
50,skewnorm,gaussian,dummy-jn3uaw1s,12
50,mixture,gaussian,dummy-jn79iqjd,25
500,gaussian,gaussian,dummy-jnicnzuv,56
500,u-shaped,gaussian,dummy-jnx1tdu5,50
50,skewnorm,gaussian,dummy-jolc13xg,88
100,mixture,gaussian,dummy-jowlhxln,59
100,unif,gaussian,dummy-jp40jt6a,80
50,ptm,gaussian,dummy-jps9fmr3,17
100,unif,gaussian,dummy-jpvzlvy5,45
100,mixture,gaussian,dummy-jpxq5gxy,33
25,u-shaped,gaussian,dummy-jqx6v5za,31
500,unif,gaussian,dummy-jrncks2f,59
50,gaussian,gaussian,dummy-js0jx3b1,90
50,u-shaped,gaussian,dummy-jso7iove,34
100,ptm,gaussian,dummy-jtie0kqt,68
50,skewnorm,gaussian,dummy-jtleict9,52
25,gaussian,gaussian,dummy-jut8d24c,50
25,skewnorm,gaussian,dummy-jv5uz6ev,38
100,gaussian,gaussian,dummy-jw9zozf7,89
100,mixture,gaussian,dummy-jwf4tr7u,77
100,u-shaped,gaussian,dummy-jx96vsi9,69
500,u-shaped,gaussian,dummy-jxvsnaul,82
50,unif,gaussian,dummy-jys63x9x,42
500,mixture,gaussian,dummy-jz5qxjc1,71
50,u-shaped,gaussian,dummy-jz9e7zft,53
100,ptm,gaussian,dummy-jzeob3tm,66
25,ptm,gaussian,dummy-jzqhpgpi,20
50,skewnorm,gaussian,dummy-jzziy1ni,53
25,ptm,gaussian,dummy-k0io8sfw,89
50,u-shaped,gaussian,dummy-k0kimbjm,93
50,u-shaped,gaussian,dummy-k0s7svmn,22
500,skewnorm,gaussian,dummy-k17yyutu,2
500,gaussian,gaussian,dummy-k1ecxp15,72
100,mixture,gaussian,dummy-k1hijvrs,100
25,unif,gaussian,dummy-k1p50zmf,28
50,ptm,gaussian,dummy-k3czyj6y,43
500,unif,gaussian,dummy-k3i8hj8h,32
500,mixture,gaussian,dummy-k5lcc3rr,3
50,unif,gaussian,dummy-k5va4azh,69
100,gaussian,gaussian,dummy-k63zemph,14
50,gaussian,gaussian,dummy-k6fmvh57,10
25,skewnorm,gaussian,dummy-k6mi3qlt,67
25,u-shaped,gaussian,dummy-k7z43vlr,3
500,u-shaped,gaussian,dummy-k8yoogaw,22
500,u-shaped,gaussian,dummy-kafx3jz4,54
500,mixture,gaussian,dummy-kaj547pe,92
50,skewnorm,gaussian,dummy-kb53mcmu,10
500,u-shaped,gaussian,dummy-kb67buwm,12
50,skewnorm,gaussian,dummy-kb696tuy,19
100,skewnorm,gaussian,dummy-kbdixtul,88
50,ptm,gaussian,dummy-kdzc3zp9,97
500,ptm,gaussian,dummy-ke1e354e,12
50,unif,gaussian,dummy-kfaaj4km,38
50,ptm,gaussian,dummy-kfbitpvu,2
100,gaussian,gaussian,dummy-kfg77syl,91
25,gaussian,gaussian,dummy-kgqqiei2,25
25,u-shaped,gaussian,dummy-kgs6c49m,43
50,u-shaped,gaussian,dummy-khi4uj3o,52
500,skewnorm,gaussian,dummy-kigswvjf,27
25,u-shaped,gaussian,dummy-kivx86ly,89
500,skewnorm,gaussian,dummy-kjaocyj3,89
100,mixture,gaussian,dummy-kkb87cz7,92
100,unif,gaussian,dummy-klbutmll,71
500,ptm,gaussian,dummy-kljqxuhe,21
100,u-shaped,gaussian,dummy-kmfclut4,24
500,ptm,gaussian,dummy-kmzy06mx,95
50,u-shaped,gaussian,dummy-knl3f4s7,48
50,skewnorm,gaussian,dummy-ko37bivm,39
50,gaussian,gaussian,dummy-kp4lqdo5,94
50,mixture,gaussian,dummy-kpbadqc7,30
500,gaussian,gaussian,dummy-kpem7wa9,30
25,mixture,gaussian,dummy-kpwjyotx,83
100,mixture,gaussian,dummy-kqgsmdmg,32
500,gaussian,gaussian,dummy-kqh7h228,27
500,gaussian,gaussian,dummy-kqvjruso,36
500,u-shaped,gaussian,dummy-kskmog1g,34
50,unif,gaussian,dummy-ksm95v1g,56
50,unif,gaussian,dummy-ksxyj7ey,59
100,ptm,gaussian,dummy-ktmptj41,27
50,mixture,gaussian,dummy-ktncuxgs,18
25,skewnorm,gaussian,dummy-kv3nktn5,49
25,skewnorm,gaussian,dummy-kv6bc82g,41
50,skewnorm,gaussian,dummy-kvbnth89,32
50,unif,gaussian,dummy-kvlswlvi,41
500,ptm,gaussian,dummy-kvpsn1cx,27
500,ptm,gaussian,dummy-kw7th4s7,76
50,gaussian,gaussian,dummy-kwe7myei,58
50,gaussian,gaussian,dummy-kwkqj43y,26
100,ptm,gaussian,dummy-kwpdtio8,7
500,skewnorm,gaussian,dummy-kwqhz81a,91
500,u-shaped,gaussian,dummy-kxfx4psb,45
500,u-shaped,gaussian,dummy-kxo0t2no,78
500,gaussian,gaussian,dummy-ky4dwszp,39
25,gaussian,gaussian,dummy-kzv9nn1v,4
25,unif,gaussian,dummy-l0jw0y1l,14
50,gaussian,gaussian,dummy-l0yrydci,65
500,ptm,gaussian,dummy-l32b1ktk,78
500,u-shaped,gaussian,dummy-l3tczkns,98
500,u-shaped,gaussian,dummy-l4uh2kcg,25
100,u-shaped,gaussian,dummy-l5cy711v,13
50,gaussian,gaussian,dummy-l680aags,30
25,skewnorm,gaussian,dummy-l6awg7i6,34
100,mixture,gaussian,dummy-l6j4lgx2,36
100,unif,gaussian,dummy-l6qkbo6n,66
100,ptm,gaussian,dummy-l7pa7afq,19
500,skewnorm,gaussian,dummy-l9jc800t,70
100,u-shaped,gaussian,dummy-l9rs7e2p,70
500,u-shaped,gaussian,dummy-lagx12fj,52
500,mixture,gaussian,dummy-lc2dkpnk,89
25,gaussian,gaussian,dummy-lcc9kilj,10
50,unif,gaussian,dummy-lcjxzotq,76
50,u-shaped,gaussian,dummy-lcn0stw5,20
100,skewnorm,gaussian,dummy-ld1pbotl,36
25,ptm,gaussian,dummy-ldo8jcjc,26
500,mixture,gaussian,dummy-le1wdfm7,17
100,skewnorm,gaussian,dummy-le3nzblv,2
50,unif,gaussian,dummy-lgl7p7nn,85
50,u-shaped,gaussian,dummy-lhgv4abn,17
100,unif,gaussian,dummy-lix26q0t,31
500,unif,gaussian,dummy-liymzqdb,17
25,unif,gaussian,dummy-lj3fckqf,83
500,skewnorm,gaussian,dummy-ljlwt99l,100
25,ptm,gaussian,dummy-lktyvdyc,59
500,unif,gaussian,dummy-llnakf9s,37
25,gaussian,gaussian,dummy-lm58gn3s,6
100,u-shaped,gaussian,dummy-lml958ak,95
100,ptm,gaussian,dummy-lojgnczj,32
25,gaussian,gaussian,dummy-loldbivo,66
25,gaussian,gaussian,dummy-lp2gmb3s,69
25,mixture,gaussian,dummy-lq4jxwwc,24
25,u-shaped,gaussian,dummy-lr3d8nzd,61
50,unif,gaussian,dummy-lr5qsbft,21
50,ptm,gaussian,dummy-lsewa3cf,11
500,ptm,gaussian,dummy-lskrv53c,89
25,mixture,gaussian,dummy-lsmb7115,64
100,skewnorm,gaussian,dummy-lsn5nwma,100
500,skewnorm,gaussian,dummy-ltlftmjz,8
500,ptm,gaussian,dummy-lu0cq4cm,4
25,unif,gaussian,dummy-lugsos0c,95
100,u-shaped,gaussian,dummy-lupcxbdh,46
25,mixture,gaussian,dummy-luv1ygwa,93
100,skewnorm,gaussian,dummy-lvb4cvjo,69
500,gaussian,gaussian,dummy-lvogb1wy,71
100,unif,gaussian,dummy-lvueimka,68
500,skewnorm,gaussian,dummy-lvww96vn,55
25,mixture,gaussian,dummy-lx7o5ycd,14
100,skewnorm,gaussian,dummy-lxf2geqn,82
100,ptm,gaussian,dummy-lxwchpgz,11
100,ptm,gaussian,dummy-lykzh67b,52
25,skewnorm,gaussian,dummy-lzxbif0d,45
100,unif,gaussian,dummy-m1sq59jh,78
25,skewnorm,gaussian,dummy-m1ucpais,88
50,u-shaped,gaussian,dummy-m2xfem03,30
50,gaussian,gaussian,dummy-m2yiva4v,75
100,mixture,gaussian,dummy-m3dotuo3,5
50,ptm,gaussian,dummy-m3fqxvn9,92
500,skewnorm,gaussian,dummy-m3gzlckc,18
500,u-shaped,gaussian,dummy-m3vttnvg,63
500,skewnorm,gaussian,dummy-m44zlib3,82
50,u-shaped,gaussian,dummy-m4k73i99,74
500,ptm,gaussian,dummy-m4u5fm0r,10
50,ptm,gaussian,dummy-m5olkwwb,82
25,ptm,gaussian,dummy-m5v9ozya,47
500,ptm,gaussian,dummy-m6ocnefw,34
50,ptm,gaussian,dummy-m73fdtnb,60
50,mixture,gaussian,dummy-m774sxvv,12
100,skewnorm,gaussian,dummy-m7fvp3e8,79
500,unif,gaussian,dummy-m89mfael,42
500,ptm,gaussian,dummy-m8ffu645,65
50,ptm,gaussian,dummy-m8nwdtgp,90
25,gaussian,gaussian,dummy-m8ppdopy,32
500,skewnorm,gaussian,dummy-m8yfag3a,74
25,ptm,gaussian,dummy-m8zbs41b,43
50,skewnorm,gaussian,dummy-man3skfs,75
50,mixture,gaussian,dummy-mauduffe,63
100,skewnorm,gaussian,dummy-mbt0qhz2,70
50,unif,gaussian,dummy-mdtkjvig,95
500,skewnorm,gaussian,dummy-mely961t,40
50,unif,gaussian,dummy-mens85pz,79
50,ptm,gaussian,dummy-mft4wdwx,3
500,mixture,gaussian,dummy-mfvw5r66,91
25,gaussian,gaussian,dummy-mh8jezvn,76
100,skewnorm,gaussian,dummy-mhv2r2b8,11
500,unif,gaussian,dummy-miu6ddnf,35
50,u-shaped,gaussian,dummy-miz6v96e,98
25,mixture,gaussian,dummy-mj4l3ut5,84
100,unif,gaussian,dummy-mjri0xdt,2
100,u-shaped,gaussian,dummy-mjwzhpq7,36
50,mixture,gaussian,dummy-mletn1f5,70
100,gaussian,gaussian,dummy-mlfww33t,27
50,gaussian,gaussian,dummy-mn9bglkf,39
50,mixture,gaussian,dummy-mn9n7q7t,99
500,u-shaped,gaussian,dummy-moe1su7o,71
100,gaussian,gaussian,dummy-moemeglp,55
25,gaussian,gaussian,dummy-mp6mx8bg,34
50,skewnorm,gaussian,dummy-mp9aranq,55
500,ptm,gaussian,dummy-mq3i15g0,17
50,mixture,gaussian,dummy-mqiopvtf,15
25,u-shaped,gaussian,dummy-mqrhtd7i,11
500,unif,gaussian,dummy-mr95x1r4,68
500,gaussian,gaussian,dummy-mrgn0mfa,35
25,ptm,gaussian,dummy-ms5jjdqj,53
50,gaussian,gaussian,dummy-msfb9in8,67
500,u-shaped,gaussian,dummy-msppqea9,56
50,ptm,gaussian,dummy-mstsn83c,86
25,u-shaped,gaussian,dummy-mtyprq9r,71
100,ptm,gaussian,dummy-mumvivvx,1
25,u-shaped,gaussian,dummy-mv05k2o0,38
500,ptm,gaussian,dummy-mv93q9uf,51
100,unif,gaussian,dummy-mwtaq3ja,29
500,unif,gaussian,dummy-mxzsquha,20
25,ptm,gaussian,dummy-mydbuw52,97
100,skewnorm,gaussian,dummy-mystilc6,67
500,u-shaped,gaussian,dummy-mytuikcj,58
25,skewnorm,gaussian,dummy-myyef5ag,40
100,mixture,gaussian,dummy-mzf8pdcp,75
50,u-shaped,gaussian,dummy-mzjzd9cf,62
50,unif,gaussian,dummy-mzt4jvxw,7
100,gaussian,gaussian,dummy-n09bbgbq,45
500,mixture,gaussian,dummy-n0t5pyaz,83
25,gaussian,gaussian,dummy-n3iip7fg,80
50,u-shaped,gaussian,dummy-n3njar45,31
100,ptm,gaussian,dummy-n6oc5txv,87
50,u-shaped,gaussian,dummy-n6ut4bks,37
25,u-shaped,gaussian,dummy-n72efrnb,27
500,gaussian,gaussian,dummy-n7rqkeld,10
500,unif,gaussian,dummy-n85imolc,6
500,mixture,gaussian,dummy-n8k1ul9l,59
100,unif,gaussian,dummy-n90q7mfc,32
100,unif,gaussian,dummy-n9cg5cuj,47
25,mixture,gaussian,dummy-namk4awn,90
50,mixture,gaussian,dummy-naruix8f,78
100,ptm,gaussian,dummy-nbkrrnux,6
100,mixture,gaussian,dummy-nbl62se9,72
25,u-shaped,gaussian,dummy-ncgbezor,12
25,gaussian,gaussian,dummy-ncizet7l,78
50,gaussian,gaussian,dummy-ncjcn2cf,80
100,skewnorm,gaussian,dummy-nclzzzgy,58
25,unif,gaussian,dummy-ncuge6fl,8
25,ptm,gaussian,dummy-ncy04lu3,30
100,u-shaped,gaussian,dummy-ndtxzeen,29
100,ptm,gaussian,dummy-newj95g4,76
500,u-shaped,gaussian,dummy-nfa3osap,11
50,mixture,gaussian,dummy-nfc5kwj2,84
25,ptm,gaussian,dummy-nfwdy72y,42
500,gaussian,gaussian,dummy-ngh2laww,65
100,unif,gaussian,dummy-ngy5zalq,74
25,ptm,gaussian,dummy-nh152l4m,16
50,mixture,gaussian,dummy-nh6qjzxv,5
25,skewnorm,gaussian,dummy-nie41cv0,72
500,skewnorm,gaussian,dummy-niucrl3h,96
25,skewnorm,gaussian,dummy-njckouiq,10
500,ptm,gaussian,dummy-nkxoo310,97
500,ptm,gaussian,dummy-nlb77st4,75
25,skewnorm,gaussian,dummy-nllwowak,9
25,gaussian,gaussian,dummy-nmjrdo3y,31
100,ptm,gaussian,dummy-nmnh6fq6,61
25,gaussian,gaussian,dummy-nmqws9l8,7
50,mixture,gaussian,dummy-nmwwxhrq,49
25,ptm,gaussian,dummy-nn9874n2,10
100,mixture,gaussian,dummy-nnnoh9ps,45
500,mixture,gaussian,dummy-no54zq8o,14
100,gaussian,gaussian,dummy-np0q914b,99
100,unif,gaussian,dummy-np5au73i,40
50,mixture,gaussian,dummy-nphbr97a,57
25,gaussian,gaussian,dummy-npi641d6,54
100,u-shaped,gaussian,dummy-npv2uh7h,74
500,gaussian,gaussian,dummy-npyrz13y,70
100,unif,gaussian,dummy-nrdzrsj9,83
50,u-shaped,gaussian,dummy-nrjvhvr6,88
25,gaussian,gaussian,dummy-nt55w3qp,51
500,gaussian,gaussian,dummy-ntse6wle,2
25,ptm,gaussian,dummy-numto9or,61
100,u-shaped,gaussian,dummy-nwgbm3s6,94
25,unif,gaussian,dummy-nxvokuxo,30
100,ptm,gaussian,dummy-nyb5u721,91
100,unif,gaussian,dummy-nyr1s7p8,44
50,gaussian,gaussian,dummy-nz32usen,50
100,mixture,gaussian,dummy-nz9i3112,34
25,u-shaped,gaussian,dummy-o0qiv3zs,75
500,mixture,gaussian,dummy-o1c56zwk,25
500,u-shaped,gaussian,dummy-o1xfw0fs,84
25,ptm,gaussian,dummy-o2an5omw,67
50,skewnorm,gaussian,dummy-o2ohd06r,34
500,skewnorm,gaussian,dummy-o3cy4me5,12
100,unif,gaussian,dummy-o3e8bnpf,48
50,u-shaped,gaussian,dummy-o3f4tm6e,41
50,gaussian,gaussian,dummy-o3p2mqv9,9
50,mixture,gaussian,dummy-o3vy2in3,47
50,unif,gaussian,dummy-o6f62gtr,33
100,unif,gaussian,dummy-o6l2tf55,93
25,skewnorm,gaussian,dummy-o7181byq,17
50,u-shaped,gaussian,dummy-o7o3wgg5,24
50,unif,gaussian,dummy-o7qq3dk1,20
50,ptm,gaussian,dummy-o8txspav,16
500,skewnorm,gaussian,dummy-o98o42bp,5
50,unif,gaussian,dummy-oc61w2rt,90
100,ptm,gaussian,dummy-oc9nvzd7,22
500,gaussian,gaussian,dummy-ocvmosuj,58
500,ptm,gaussian,dummy-odwbvh2p,52
500,u-shaped,gaussian,dummy-oea9gaiz,18
500,u-shaped,gaussian,dummy-oel9n5ux,15
500,mixture,gaussian,dummy-ofieq1pm,62
500,u-shaped,gaussian,dummy-og9q5mao,91
25,u-shaped,gaussian,dummy-oghfr3uh,35
50,skewnorm,gaussian,dummy-ogilaupa,93
25,ptm,gaussian,dummy-oifp4ij5,14
25,u-shaped,gaussian,dummy-oj75879c,30
25,u-shaped,gaussian,dummy-ojefq2p9,53
25,u-shaped,gaussian,dummy-ok40vqag,74
100,skewnorm,gaussian,dummy-oke16at3,56
100,gaussian,gaussian,dummy-oket7brp,83
500,gaussian,gaussian,dummy-ollbiibc,61
25,gaussian,gaussian,dummy-omga1wg7,38
500,gaussian,gaussian,dummy-omhfmosv,98
50,u-shaped,gaussian,dummy-ommvlfa7,35
50,skewnorm,gaussian,dummy-ompawmza,42
50,ptm,gaussian,dummy-omtu1ctf,58
50,unif,gaussian,dummy-on4pgy5f,64
500,unif,gaussian,dummy-on8m4xrb,91
100,ptm,gaussian,dummy-onenm460,5
25,ptm,gaussian,dummy-onj7z38i,62
500,mixture,gaussian,dummy-oom9koab,32
25,skewnorm,gaussian,dummy-oqd3li7f,69
25,u-shaped,gaussian,dummy-oqhm4px7,63
500,gaussian,gaussian,dummy-ory89qpu,46
25,ptm,gaussian,dummy-os49iaiu,99
500,skewnorm,gaussian,dummy-osqe3j78,85
100,mixture,gaussian,dummy-oudfbabm,25
50,ptm,gaussian,dummy-ovm2djla,65
500,gaussian,gaussian,dummy-owa69ax0,6
50,ptm,gaussian,dummy-owee0dmf,27
500,mixture,gaussian,dummy-owh1csyf,53
500,u-shaped,gaussian,dummy-owwyv5dl,80
25,skewnorm,gaussian,dummy-oy08isio,75
100,gaussian,gaussian,dummy-p01navf4,46
500,u-shaped,gaussian,dummy-p022zofq,66
100,gaussian,gaussian,dummy-p0c7it5z,35
50,ptm,gaussian,dummy-p14y6shl,5
50,skewnorm,gaussian,dummy-p1bl11ia,67
50,mixture,gaussian,dummy-p4z40sog,38
500,skewnorm,gaussian,dummy-p5cvjjfn,48
50,skewnorm,gaussian,dummy-p5jbsb5i,99
25,gaussian,gaussian,dummy-p5stuggj,41
50,gaussian,gaussian,dummy-p60m0agr,57
500,skewnorm,gaussian,dummy-p69ie7nd,26
500,mixture,gaussian,dummy-p6h8z4tr,35
500,mixture,gaussian,dummy-p6r7fbsv,65
100,skewnorm,gaussian,dummy-p6w8okod,37
50,gaussian,gaussian,dummy-p7bfylkb,16
500,skewnorm,gaussian,dummy-p86h3h3o,77
50,mixture,gaussian,dummy-p87fisb8,1
500,gaussian,gaussian,dummy-p9el3oky,97
500,ptm,gaussian,dummy-p9keh1j8,56
100,gaussian,gaussian,dummy-pa00r525,76
50,skewnorm,gaussian,dummy-pa4w3ojh,80
25,gaussian,gaussian,dummy-paaf5fee,86
500,mixture,gaussian,dummy-padjwyah,18
100,unif,gaussian,dummy-pajjt0fv,61
500,mixture,gaussian,dummy-pbzc1to6,4
50,mixture,gaussian,dummy-pc7nh7oz,4
500,ptm,gaussian,dummy-pd2fyvee,1
25,skewnorm,gaussian,dummy-pg18tep4,61
500,skewnorm,gaussian,dummy-ph2qt7e0,30
50,skewnorm,gaussian,dummy-pi93g58t,16
25,gaussian,gaussian,dummy-pijuv25i,89
25,skewnorm,gaussian,dummy-pittf96y,92
100,ptm,gaussian,dummy-piypqzel,59
100,mixture,gaussian,dummy-pkfamlq2,13
500,mixture,gaussian,dummy-pkjvotca,50
25,unif,gaussian,dummy-pmwb7x0i,35
25,u-shaped,gaussian,dummy-pncwe4vf,20
500,unif,gaussian,dummy-pndr209b,70
500,ptm,gaussian,dummy-pnn5jpl2,99
500,unif,gaussian,dummy-pp5gzlxq,38
500,mixture,gaussian,dummy-ppknolle,21
500,skewnorm,gaussian,dummy-pq0jaigc,90
25,ptm,gaussian,dummy-pq707kfy,78
25,ptm,gaussian,dummy-pqejw222,81
100,u-shaped,gaussian,dummy-pqgvlipj,23
50,u-shaped,gaussian,dummy-pqi5dzz2,33
500,mixture,gaussian,dummy-pqpi6sib,73
100,u-shaped,gaussian,dummy-prdntthf,96
25,gaussian,gaussian,dummy-ps66ou0a,8
25,mixture,gaussian,dummy-psal38x2,94
25,u-shaped,gaussian,dummy-psw82dum,67
500,u-shaped,gaussian,dummy-pt764q6c,44
500,u-shaped,gaussian,dummy-ptoobp14,70
25,gaussian,gaussian,dummy-pud2cwik,47
25,skewnorm,gaussian,dummy-pw792bzw,80
25,ptm,gaussian,dummy-px9wa8pp,17
25,mixture,gaussian,dummy-pxh55set,4
50,skewnorm,gaussian,dummy-pxtq9txs,15
50,gaussian,gaussian,dummy-pxuwnm1y,61
100,unif,gaussian,dummy-pxwtey4c,60
50,gaussian,gaussian,dummy-pycnmv70,36
100,u-shaped,gaussian,dummy-pyen2y2c,50
25,skewnorm,gaussian,dummy-pyjyx3h0,54
500,skewnorm,gaussian,dummy-pym3qyu4,28
100,u-shaped,gaussian,dummy-pz2vrc2u,81
100,gaussian,gaussian,dummy-pzwsskzp,30
500,u-shaped,gaussian,dummy-pzz6z21z,41
500,ptm,gaussian,dummy-q0pc941n,45
500,gaussian,gaussian,dummy-q0v6lxcp,80
500,unif,gaussian,dummy-q1l3vmx2,9
25,mixture,gaussian,dummy-q1sd9xbe,31
25,ptm,gaussian,dummy-q2gcj3go,7
25,u-shaped,gaussian,dummy-q2toyv1a,76
50,skewnorm,gaussian,dummy-q3ngthqb,46
500,mixture,gaussian,dummy-q4igyw2d,11
100,u-shaped,gaussian,dummy-q4k2xz5i,16
500,u-shaped,gaussian,dummy-q4ndb6n4,81
500,unif,gaussian,dummy-q4u6ybrt,40
50,skewnorm,gaussian,dummy-q5eudjfo,66
100,gaussian,gaussian,dummy-q5s7fc2s,12
25,skewnorm,gaussian,dummy-q5usf3g1,51
500,ptm,gaussian,dummy-q83brau2,57
500,skewnorm,gaussian,dummy-q8ajxkl5,99
25,unif,gaussian,dummy-q8mbxk5i,75
50,u-shaped,gaussian,dummy-q94wfrd5,1
100,skewnorm,gaussian,dummy-q9dv27qf,33
25,u-shaped,gaussian,dummy-q9xz76mk,64
25,unif,gaussian,dummy-qa2cngaz,4
25,skewnorm,gaussian,dummy-qa4a5f87,18
500,u-shaped,gaussian,dummy-qa51llwm,46
50,u-shaped,gaussian,dummy-qazluyzm,12
50,u-shaped,gaussian,dummy-qb7vn0sw,96
25,gaussian,gaussian,dummy-qc65mh09,28
100,gaussian,gaussian,dummy-qcebate3,44
100,u-shaped,gaussian,dummy-qduhlwdc,12
25,u-shaped,gaussian,dummy-qe7tkurs,18
100,unif,gaussian,dummy-qedxvumb,92
100,unif,gaussian,dummy-qgfeaivn,63
25,mixture,gaussian,dummy-qgkri0y6,75
25,mixture,gaussian,dummy-qhglwz14,34
500,skewnorm,gaussian,dummy-qhireyhv,71
500,mixture,gaussian,dummy-qhiu4bn7,61
50,mixture,gaussian,dummy-qhixl7ld,50
100,unif,gaussian,dummy-qizzxz18,41
50,ptm,gaussian,dummy-qja29475,70
50,unif,gaussian,dummy-qjcwr2vz,45
500,gaussian,gaussian,dummy-qki3rxgu,85
100,u-shaped,gaussian,dummy-qkrj2dfu,57
25,mixture,gaussian,dummy-qlgx3wn7,23
50,mixture,gaussian,dummy-qlk5k7gt,43
500,gaussian,gaussian,dummy-qmphyvr9,78
100,u-shaped,gaussian,dummy-qmuusqao,75
50,gaussian,gaussian,dummy-qnznr0n7,38
100,ptm,gaussian,dummy-qo228dtm,4
500,ptm,gaussian,dummy-qorwrf47,28
500,unif,gaussian,dummy-qp04h06k,18
25,gaussian,gaussian,dummy-qqkuzvv3,21
100,u-shaped,gaussian,dummy-qs9ccy1f,100
50,gaussian,gaussian,dummy-qstsiofh,77
50,ptm,gaussian,dummy-qszoun5x,24
25,u-shaped,gaussian,dummy-qtdhqd0i,21
100,unif,gaussian,dummy-qubvsc6m,64
500,gaussian,gaussian,dummy-quormitl,90
50,mixture,gaussian,dummy-quzkd2k9,16
25,unif,gaussian,dummy-qv707o06,50
50,u-shaped,gaussian,dummy-qvhygjnd,45
50,u-shaped,gaussian,dummy-qvqvsila,64
500,unif,gaussian,dummy-qvznd64j,89
500,mixture,gaussian,dummy-qwq078jf,46
50,ptm,gaussian,dummy-qxj4u31z,73
50,u-shaped,gaussian,dummy-qxx4jvff,55
25,mixture,gaussian,dummy-qxxak26o,2
50,gaussian,gaussian,dummy-qy0ltyjz,40
500,ptm,gaussian,dummy-qznz7nxh,13
50,unif,gaussian,dummy-qzoniceu,99
100,unif,gaussian,dummy-r00n0llp,9
25,ptm,gaussian,dummy-r0709wlh,32
100,ptm,gaussian,dummy-r0fertmf,80
50,unif,gaussian,dummy-r1vss1yh,6
50,skewnorm,gaussian,dummy-r2077xjw,5
25,u-shaped,gaussian,dummy-r2zcl7nc,96
100,skewnorm,gaussian,dummy-r3aik3zx,84
500,mixture,gaussian,dummy-r3or43x7,69
100,mixture,gaussian,dummy-r447ut6x,40
500,unif,gaussian,dummy-r4p5c0mn,28
25,unif,gaussian,dummy-r61sbhjx,48
50,mixture,gaussian,dummy-r6rmnah6,6
50,gaussian,gaussian,dummy-r6tup21h,11
500,ptm,gaussian,dummy-r6z7w3k9,50
50,u-shaped,gaussian,dummy-r727f3uy,18
50,u-shaped,gaussian,dummy-r765z57l,36
100,u-shaped,gaussian,dummy-r89im5hb,53
25,u-shaped,gaussian,dummy-r8dmisr9,24
500,mixture,gaussian,dummy-r8u5gjgt,45
500,u-shaped,gaussian,dummy-r8yve5y1,88
25,gaussian,gaussian,dummy-r94f4bcc,94
500,skewnorm,gaussian,dummy-ra9xlycv,17
500,unif,gaussian,dummy-ratp9dse,85
50,ptm,gaussian,dummy-rb65bpoy,67
25,unif,gaussian,dummy-rbe7l4en,46
25,gaussian,gaussian,dummy-rbhs48cy,30
25,mixture,gaussian,dummy-rd7t9pod,7
50,skewnorm,gaussian,dummy-rdc13a1o,94
25,u-shaped,gaussian,dummy-rdd08bpa,39
50,mixture,gaussian,dummy-rde2eo6o,58
100,ptm,gaussian,dummy-rdfg6sa9,3
25,ptm,gaussian,dummy-re90unph,41
100,u-shaped,gaussian,dummy-recy88f0,2
500,skewnorm,gaussian,dummy-reei0pwk,98
500,skewnorm,gaussian,dummy-rethfv98,3
100,skewnorm,gaussian,dummy-rewqkojn,1
500,ptm,gaussian,dummy-rexcq891,92
25,gaussian,gaussian,dummy-rez53607,2
25,mixture,gaussian,dummy-rfjcnhan,33
50,mixture,gaussian,dummy-rgwxcxzt,35
500,skewnorm,gaussian,dummy-rhp9a5c1,95
100,gaussian,gaussian,dummy-ri00mera,97
25,ptm,gaussian,dummy-rjg4oraw,69
500,mixture,gaussian,dummy-rk1t4kuk,13
25,unif,gaussian,dummy-rk6j7pg3,2
500,mixture,gaussian,dummy-rkfuv2qf,79
25,skewnorm,gaussian,dummy-rl31yezp,12
100,skewnorm,gaussian,dummy-rl79ysxk,24
25,skewnorm,gaussian,dummy-rmrs1pqc,14
500,ptm,gaussian,dummy-rogf6ran,91
500,unif,gaussian,dummy-rooqwgh5,100
25,gaussian,gaussian,dummy-rou0158k,33
100,mixture,gaussian,dummy-rpq74tt4,55
25,gaussian,gaussian,dummy-rr2h5pep,12
500,skewnorm,gaussian,dummy-rr6e1ktj,20
500,unif,gaussian,dummy-rrbdd0ld,56
100,unif,gaussian,dummy-rre39m6o,100
100,gaussian,gaussian,dummy-rrqsfcaf,90
50,ptm,gaussian,dummy-rs02awn1,98
50,gaussian,gaussian,dummy-rs9odr3o,45
500,mixture,gaussian,dummy-rsebqns4,58
25,skewnorm,gaussian,dummy-rtjpf0ni,87
500,gaussian,gaussian,dummy-rtr7ch75,43
25,gaussian,gaussian,dummy-rul4z1ro,70
500,unif,gaussian,dummy-rum4c3yn,79
500,mixture,gaussian,dummy-rwizxiuc,29
100,ptm,gaussian,dummy-rwko5cf2,41
500,mixture,gaussian,dummy-rwzit80o,90
25,unif,gaussian,dummy-rx012rkj,33
500,u-shaped,gaussian,dummy-rx5634ar,28
25,mixture,gaussian,dummy-rxhhbdqg,12
50,gaussian,gaussian,dummy-rxmvvysz,83
100,u-shaped,gaussian,dummy-ryubli4i,20
50,ptm,gaussian,dummy-rzx9w4sa,64
100,mixture,gaussian,dummy-s02lvyly,67
50,skewnorm,gaussian,dummy-s0cgfkiu,96
25,mixture,gaussian,dummy-s0h1ty8c,95
500,skewnorm,gaussian,dummy-s0i8p17e,44
100,gaussian,gaussian,dummy-s0kjk080,20
500,gaussian,gaussian,dummy-s0ury2l1,96
100,mixture,gaussian,dummy-s1dpfqom,95
100,ptm,gaussian,dummy-s1lvrcao,84
100,ptm,gaussian,dummy-s2xdowss,50
50,gaussian,gaussian,dummy-s3b8r8f9,25
100,mixture,gaussian,dummy-s3gv42yz,16
100,u-shaped,gaussian,dummy-s4ct2v24,26
500,mixture,gaussian,dummy-s50hpq0l,84
100,ptm,gaussian,dummy-s6l8x6c8,9
500,gaussian,gaussian,dummy-s730onro,87
100,ptm,gaussian,dummy-s740tnm2,65
25,unif,gaussian,dummy-s7rfh3t5,74
500,u-shaped,gaussian,dummy-s8ai2l2z,62
100,gaussian,gaussian,dummy-s9p90btq,5
500,unif,gaussian,dummy-sckcwi4x,76
25,unif,gaussian,dummy-se173ldi,7
25,unif,gaussian,dummy-se2h4pwl,55
25,mixture,gaussian,dummy-se6uakdw,19
25,gaussian,gaussian,dummy-sfqc9uve,19
25,unif,gaussian,dummy-sfrpm8c1,57
25,unif,gaussian,dummy-sg0ew7ip,60
25,ptm,gaussian,dummy-sgnu8vf1,86
500,ptm,gaussian,dummy-sgzcp04f,11
500,mixture,gaussian,dummy-sgzglh2q,30
25,gaussian,gaussian,dummy-sh6zp04d,37
25,u-shaped,gaussian,dummy-si0hd37m,54
500,gaussian,gaussian,dummy-si1b808x,15
25,mixture,gaussian,dummy-si1kch8p,45
25,u-shaped,gaussian,dummy-si8d8kvr,10
100,gaussian,gaussian,dummy-sjchxo7r,69
50,ptm,gaussian,dummy-skaono2p,33
500,u-shaped,gaussian,dummy-skeci5vl,10
100,u-shaped,gaussian,dummy-smsex3fu,60
100,gaussian,gaussian,dummy-snagt7vp,88
500,u-shaped,gaussian,dummy-snsx8teg,75
25,ptm,gaussian,dummy-soent5zb,48
25,ptm,gaussian,dummy-sq5bsc13,50
100,u-shaped,gaussian,dummy-sqho5kzr,6
100,unif,gaussian,dummy-sqk7yct8,77
500,u-shaped,gaussian,dummy-sqo0z4p8,83
500,skewnorm,gaussian,dummy-sr48xrom,29
50,gaussian,gaussian,dummy-sr4e0xtc,85
50,ptm,gaussian,dummy-sr7tskx9,77
25,ptm,gaussian,dummy-ss0xoj6e,72
25,gaussian,gaussian,dummy-ss6lkjh1,81
100,mixture,gaussian,dummy-ssbqv6hm,99
50,gaussian,gaussian,dummy-st0jhyhf,81
100,u-shaped,gaussian,dummy-st2bhvc8,17
25,unif,gaussian,dummy-swb74lih,69
500,gaussian,gaussian,dummy-sx2gwkws,23
50,ptm,gaussian,dummy-sx8uz2cb,12
100,mixture,gaussian,dummy-sxd5ciqg,24
50,gaussian,gaussian,dummy-sxjk1jk8,48
50,skewnorm,gaussian,dummy-sxzqn25k,82
50,unif,gaussian,dummy-syit6z5y,27
500,unif,gaussian,dummy-sz0e76rg,46
25,mixture,gaussian,dummy-t0f17omd,72
25,unif,gaussian,dummy-t14xdfdf,51
25,gaussian,gaussian,dummy-t1fsczdz,14
25,gaussian,gaussian,dummy-t1jl8rtl,5
50,unif,gaussian,dummy-t1qtnl3r,54
25,skewnorm,gaussian,dummy-t1rjjjns,96
50,mixture,gaussian,dummy-t2bqgffs,77
100,gaussian,gaussian,dummy-t2s0qao9,10
25,ptm,gaussian,dummy-t34r1gqv,93
25,ptm,gaussian,dummy-t39p1h95,13
25,u-shaped,gaussian,dummy-t3i37i3d,84
50,ptm,gaussian,dummy-t3v4zu7d,52
500,unif,gaussian,dummy-t56til8t,23
50,unif,gaussian,dummy-t64m3oo7,81
500,gaussian,gaussian,dummy-t6xd5wrh,29
500,skewnorm,gaussian,dummy-t6yh66t9,64
100,skewnorm,gaussian,dummy-t9dn7rvf,57
100,u-shaped,gaussian,dummy-t9lhywim,39
50,skewnorm,gaussian,dummy-tagpwvfs,41
100,mixture,gaussian,dummy-taizp8i7,43
100,ptm,gaussian,dummy-tal1j430,77
500,unif,gaussian,dummy-taxuq720,77
25,skewnorm,gaussian,dummy-tb300lkr,63
500,mixture,gaussian,dummy-tctdtf5r,24
25,ptm,gaussian,dummy-te8k4gn1,52
500,skewnorm,gaussian,dummy-teqgfva1,60
50,gaussian,gaussian,dummy-tesy3a6b,87
100,mixture,gaussian,dummy-teuijjf6,87
100,skewnorm,gaussian,dummy-tfvxz1ae,13
25,ptm,gaussian,dummy-thks1v8z,37
500,ptm,gaussian,dummy-ti0gsnv7,60
25,u-shaped,gaussian,dummy-tj2x0cyx,65
100,ptm,gaussian,dummy-tjarpuuw,30
50,u-shaped,gaussian,dummy-tjcpwi1e,67
500,ptm,gaussian,dummy-tl24pu6u,82
50,mixture,gaussian,dummy-tll7eb5y,91
100,unif,gaussian,dummy-tm9yumh2,43
25,u-shaped,gaussian,dummy-tn11ch44,25
100,u-shaped,gaussian,dummy-tp4bioft,68
100,mixture,gaussian,dummy-tp7gaerh,69
25,skewnorm,gaussian,dummy-tpb3yq1y,76
500,mixture,gaussian,dummy-tpnal0fr,97
25,unif,gaussian,dummy-tpncvqzc,96
50,unif,gaussian,dummy-tq93kxcb,83
25,ptm,gaussian,dummy-tqmvmqn2,15
50,gaussian,gaussian,dummy-tr4sa7zy,96
500,unif,gaussian,dummy-trst2ef0,52
100,gaussian,gaussian,dummy-truwcqvj,92
50,unif,gaussian,dummy-tsj2avpp,31
500,skewnorm,gaussian,dummy-tt2uox8p,46
500,skewnorm,gaussian,dummy-ttju50ct,34
500,skewnorm,gaussian,dummy-ttqmiakw,24
25,gaussian,gaussian,dummy-tu6ufvzz,67
500,gaussian,gaussian,dummy-tu7qixym,26
100,gaussian,gaussian,dummy-tx3v0e8z,19
25,ptm,gaussian,dummy-tximr7dk,80
100,gaussian,gaussian,dummy-txt62mwm,75
500,ptm,gaussian,dummy-txyyqldn,40
50,mixture,gaussian,dummy-tyava5rv,76
25,skewnorm,gaussian,dummy-tygnytp3,97
100,mixture,gaussian,dummy-tykpxx84,65
25,u-shaped,gaussian,dummy-tyoqtvfv,58
25,mixture,gaussian,dummy-tyx80t4z,89
25,ptm,gaussian,dummy-tz3euxpq,51
500,ptm,gaussian,dummy-tznpbcea,64
25,skewnorm,gaussian,dummy-u0hiigjn,13
500,mixture,gaussian,dummy-u0saq14h,76
25,ptm,gaussian,dummy-u1ade4gn,90
500,u-shaped,gaussian,dummy-u1gihig9,47
500,gaussian,gaussian,dummy-u1z52o5e,79
500,unif,gaussian,dummy-u2vol121,12
50,skewnorm,gaussian,dummy-u3q2mnji,59
50,unif,gaussian,dummy-u4igwfuw,98
50,unif,gaussian,dummy-u4q943c1,13
500,skewnorm,gaussian,dummy-u4zp07m3,15
500,gaussian,gaussian,dummy-u6j5n0ls,89
25,u-shaped,gaussian,dummy-u7f86xi6,94
50,gaussian,gaussian,dummy-u7u3nmx4,55
25,skewnorm,gaussian,dummy-u8r8xy3s,6
50,mixture,gaussian,dummy-u8uk2mw7,45
100,gaussian,gaussian,dummy-u9admj2l,36
25,mixture,gaussian,dummy-uaphn8et,40
50,mixture,gaussian,dummy-uax8kk0i,64
25,mixture,gaussian,dummy-uazdeqvl,73
50,unif,gaussian,dummy-uby4fnno,47
500,ptm,gaussian,dummy-uczhlyn3,63
100,gaussian,gaussian,dummy-udvyqvlc,54
100,mixture,gaussian,dummy-ueaa61qd,74
500,unif,gaussian,dummy-ufr9bkd6,62
100,unif,gaussian,dummy-ufz1u2u9,25
100,mixture,gaussian,dummy-ug6534h8,42
100,mixture,gaussian,dummy-ugiidyfu,85
100,u-shaped,gaussian,dummy-uimao7z8,89
50,ptm,gaussian,dummy-uj6b0kku,9
500,unif,gaussian,dummy-ujxahryz,99
50,ptm,gaussian,dummy-uk7af1w2,74
50,mixture,gaussian,dummy-ukgjd77i,92
100,ptm,gaussian,dummy-ula6n0v3,82
50,u-shaped,gaussian,dummy-ulbqnw4f,44
25,skewnorm,gaussian,dummy-ulxn6ltb,30
500,gaussian,gaussian,dummy-um0za96y,33
50,unif,gaussian,dummy-umbuw7s7,29
25,u-shaped,gaussian,dummy-umrryw1o,47
50,ptm,gaussian,dummy-umycfx3o,40
100,skewnorm,gaussian,dummy-uoy93fj7,50
50,mixture,gaussian,dummy-uq7dmy7v,74
50,u-shaped,gaussian,dummy-uqa4sf6b,90
50,ptm,gaussian,dummy-urd6aee2,75
25,skewnorm,gaussian,dummy-ushjlao2,100
50,unif,gaussian,dummy-ushx03jn,46
100,ptm,gaussian,dummy-usidrchy,21
100,skewnorm,gaussian,dummy-usn200kj,28
50,mixture,gaussian,dummy-ut4z5iw2,41
50,skewnorm,gaussian,dummy-uuaz4145,3
500,u-shaped,gaussian,dummy-uuqb1ujt,48
100,ptm,gaussian,dummy-uv09s4de,94
50,mixture,gaussian,dummy-uvjmq4f2,36
50,ptm,gaussian,dummy-uwpgl5ku,30
100,skewnorm,gaussian,dummy-uwuxfl5j,12
50,mixture,gaussian,dummy-uwyuy7t5,61
50,unif,gaussian,dummy-ux5qdw6n,14
25,ptm,gaussian,dummy-uxgjz673,88
50,ptm,gaussian,dummy-uy066rfn,95
50,unif,gaussian,dummy-uychxwfg,82
25,unif,gaussian,dummy-uymaitst,62
25,skewnorm,gaussian,dummy-uza62si6,4
50,unif,gaussian,dummy-uzfbsgux,80
100,unif,gaussian,dummy-uzll6jsv,87
50,ptm,gaussian,dummy-v1grrr8u,18
25,u-shaped,gaussian,dummy-v2yrd8bc,85
25,unif,gaussian,dummy-v36t85yu,63
500,u-shaped,gaussian,dummy-v3seul93,2
100,mixture,gaussian,dummy-v3w7h3if,14
500,ptm,gaussian,dummy-v4bf4rus,84
100,mixture,gaussian,dummy-v4odwz25,57
50,ptm,gaussian,dummy-v5f6bg7m,93
500,ptm,gaussian,dummy-v5gflqdv,39
100,mixture,gaussian,dummy-v5kbec8j,94
25,u-shaped,gaussian,dummy-v5s5llhh,93
50,gaussian,gaussian,dummy-v5yw3dug,18
25,unif,gaussian,dummy-v6r4bjx9,43
100,mixture,gaussian,dummy-v758misy,60
25,u-shaped,gaussian,dummy-v7993qli,92
25,unif,gaussian,dummy-v7vkx9s7,93
100,gaussian,gaussian,dummy-v98u4p3f,70
100,mixture,gaussian,dummy-v9dnxzdt,91
100,mixture,gaussian,dummy-v9duggc0,56
100,skewnorm,gaussian,dummy-v9logzaa,4
50,u-shaped,gaussian,dummy-va5cwygk,51
25,u-shaped,gaussian,dummy-va8o4v77,36
50,skewnorm,gaussian,dummy-vayl0dre,87
50,unif,gaussian,dummy-vaz60ull,66
500,skewnorm,gaussian,dummy-vbq7r08d,4
50,mixture,gaussian,dummy-ve4lxd1u,68
25,mixture,gaussian,dummy-vf2cp30l,39
50,u-shaped,gaussian,dummy-vfj5anh5,68
25,ptm,gaussian,dummy-vg9s44do,3
100,u-shaped,gaussian,dummy-vgd11z6o,14
25,mixture,gaussian,dummy-vhnlla6x,44
25,gaussian,gaussian,dummy-vhr9eagn,84
50,u-shaped,gaussian,dummy-vj6rvyty,19
500,unif,gaussian,dummy-vjsnos24,25
50,u-shaped,gaussian,dummy-vk059g31,15
100,u-shaped,gaussian,dummy-vkkpu4mz,44
50,skewnorm,gaussian,dummy-vkktn0ut,38
50,unif,gaussian,dummy-vlj9r6id,11
50,skewnorm,gaussian,dummy-vlxfziqx,21
50,u-shaped,gaussian,dummy-vn1mnh43,80
100,mixture,gaussian,dummy-vn4ig4mk,81
25,gaussian,gaussian,dummy-vnduzwhi,75
25,u-shaped,gaussian,dummy-vpc47b3q,77
25,skewnorm,gaussian,dummy-vpjl6x6j,98
25,mixture,gaussian,dummy-vpn7domd,36
500,u-shaped,gaussian,dummy-vponigwp,79
500,unif,gaussian,dummy-vq2tmpuq,24
50,skewnorm,gaussian,dummy-vqclr26a,56
25,unif,gaussian,dummy-vqf1hb8u,54
50,skewnorm,gaussian,dummy-vqtptqmy,83
500,unif,gaussian,dummy-vqyum49g,98
500,u-shaped,gaussian,dummy-vrc3rcqg,3
25,gaussian,gaussian,dummy-vs8ypcoa,52
100,gaussian,gaussian,dummy-vtlbyxq0,57
50,mixture,gaussian,dummy-vtmblmbo,88
500,gaussian,gaussian,dummy-vubvhpwp,41
500,ptm,gaussian,dummy-vuqp7jxq,88
50,skewnorm,gaussian,dummy-vv6erh6g,86
500,u-shaped,gaussian,dummy-vvr0b3la,29
25,ptm,gaussian,dummy-vvw41gcy,71
50,ptm,gaussian,dummy-vvxgpn83,85
25,u-shaped,gaussian,dummy-vwf81jug,7
50,unif,gaussian,dummy-vwol369i,34
50,unif,gaussian,dummy-vx48q4qf,28
100,unif,gaussian,dummy-vx6t7onn,90
50,ptm,gaussian,dummy-w08sljh1,83
500,u-shaped,gaussian,dummy-w0h9xbk8,67
500,mixture,gaussian,dummy-w16ah376,12
50,ptm,gaussian,dummy-w1b48b8u,50
25,gaussian,gaussian,dummy-w24vywn8,72
25,unif,gaussian,dummy-w35j2daa,42
50,skewnorm,gaussian,dummy-w3d28ynu,92
100,ptm,gaussian,dummy-w3en8n98,48
100,skewnorm,gaussian,dummy-w4236lfs,72
100,skewnorm,gaussian,dummy-w49atsye,35
100,unif,gaussian,dummy-w4k5olft,89
25,mixture,gaussian,dummy-w4yfgmck,82
500,mixture,gaussian,dummy-w5dfn8hv,9
25,mixture,gaussian,dummy-w6d1uojj,57
100,gaussian,gaussian,dummy-w6fzhyg1,72
50,mixture,gaussian,dummy-w6yhoq7h,86
25,unif,gaussian,dummy-w791mi9p,47
50,u-shaped,gaussian,dummy-w7qbrauj,65
50,mixture,gaussian,dummy-w88conmf,26
500,gaussian,gaussian,dummy-w8f1gh3s,57
50,unif,gaussian,dummy-w9gfhr4k,3
100,ptm,gaussian,dummy-w9mf1au6,85
500,skewnorm,gaussian,dummy-w9n09g67,63
500,unif,gaussian,dummy-waz1u7xk,21
50,ptm,gaussian,dummy-wb6eq6dd,76
25,ptm,gaussian,dummy-wbpd4adf,40
500,skewnorm,gaussian,dummy-wch2bzo1,61
500,skewnorm,gaussian,dummy-wdl5kzxv,69
100,u-shaped,gaussian,dummy-wewaw8dt,7
100,unif,gaussian,dummy-wexcv3ek,3
500,gaussian,gaussian,dummy-wf06v98m,25
50,skewnorm,gaussian,dummy-wgghja6o,79
500,skewnorm,gaussian,dummy-whrf96ee,14
50,unif,gaussian,dummy-wisesibw,78
50,ptm,gaussian,dummy-wja12y5g,68
50,ptm,gaussian,dummy-wjhhoy1i,20
25,unif,gaussian,dummy-wk36epyz,73
50,u-shaped,gaussian,dummy-wkfh0t4j,57
50,unif,gaussian,dummy-wkr14ur1,18
500,mixture,gaussian,dummy-wkwf2eqp,81
100,ptm,gaussian,dummy-wlc3m7z3,79
50,u-shaped,gaussian,dummy-wlfx44tg,27
50,skewnorm,gaussian,dummy-wlzr6avk,47
100,unif,gaussian,dummy-wmzrhcwn,54
500,gaussian,gaussian,dummy-wndw69ex,21
100,gaussian,gaussian,dummy-wne2o2b7,32
50,mixture,gaussian,dummy-wny5lhi3,80
100,unif,gaussian,dummy-wnyrwc4j,82
25,u-shaped,gaussian,dummy-woc18g85,68
25,ptm,gaussian,dummy-wou0rz07,60
50,gaussian,gaussian,dummy-woz6a5px,98
500,unif,gaussian,dummy-wp5obmqv,57
50,u-shaped,gaussian,dummy-wq2wjwqj,46
25,unif,gaussian,dummy-wqggswm3,13
500,gaussian,gaussian,dummy-wr5cpqzh,20
500,ptm,gaussian,dummy-ws5vaqyz,62
50,unif,gaussian,dummy-ws7crdya,73
100,gaussian,gaussian,dummy-wu6d86uf,31
25,skewnorm,gaussian,dummy-wuidpupt,15
25,gaussian,gaussian,dummy-wuntjwty,90
50,unif,gaussian,dummy-wv5brafp,57
100,skewnorm,gaussian,dummy-wv9pq3sh,46
50,mixture,gaussian,dummy-wviuwhvr,95
25,skewnorm,gaussian,dummy-wvpsm53q,65
500,gaussian,gaussian,dummy-wvv7l2o9,55
50,skewnorm,gaussian,dummy-ww5fzfnu,68
25,skewnorm,gaussian,dummy-ww74v2u0,16
50,ptm,gaussian,dummy-wxgjugtz,84
500,gaussian,gaussian,dummy-wxglin01,22
500,gaussian,gaussian,dummy-wyemrnnm,54
50,gaussian,gaussian,dummy-wyola6eq,93
100,skewnorm,gaussian,dummy-wzb01p37,52
25,u-shaped,gaussian,dummy-wzcphsas,19
500,unif,gaussian,dummy-wzhd0hdw,7
500,mixture,gaussian,dummy-x0te6zj1,2
25,ptm,gaussian,dummy-x18qk2am,54
50,mixture,gaussian,dummy-x1hyeb4s,28
500,mixture,gaussian,dummy-x1il8e30,28
100,skewnorm,gaussian,dummy-x1xkjoof,71
100,gaussian,gaussian,dummy-x2115yhr,24
500,skewnorm,gaussian,dummy-x2ahus0l,22
25,u-shaped,gaussian,dummy-x2eq0xg5,60
50,mixture,gaussian,dummy-x2kcn819,17
500,u-shaped,gaussian,dummy-x385hkl0,31
100,mixture,gaussian,dummy-x3kdfy22,83
50,skewnorm,gaussian,dummy-x3ybi3tg,13
100,mixture,gaussian,dummy-x4tj8x9i,18
25,skewnorm,gaussian,dummy-x59jqx5f,89
50,mixture,gaussian,dummy-x5cxep6w,100
50,skewnorm,gaussian,dummy-x5uonkyl,63
25,u-shaped,gaussian,dummy-x6tvhlom,17
500,mixture,gaussian,dummy-x7jrisjg,72
25,u-shaped,gaussian,dummy-x8rmn8vj,41
100,ptm,gaussian,dummy-x9gw9eu3,47
100,skewnorm,gaussian,dummy-xa4isqvy,18
50,mixture,gaussian,dummy-xb1fjl8w,79
50,gaussian,gaussian,dummy-xb2tmj1b,44
50,skewnorm,gaussian,dummy-xb4dd2qv,64
50,mixture,gaussian,dummy-xc3azcyf,21
100,ptm,gaussian,dummy-xc5n57ce,37
100,skewnorm,gaussian,dummy-xcr59083,27
500,gaussian,gaussian,dummy-xdpdyf1e,76
500,unif,gaussian,dummy-xf61na9g,74
100,mixture,gaussian,dummy-xfhkmmh3,19
25,gaussian,gaussian,dummy-xfunf1zn,79
50,ptm,gaussian,dummy-xgal6z84,51
100,unif,gaussian,dummy-xgebh0gs,67
100,u-shaped,gaussian,dummy-xhbamntj,77
25,mixture,gaussian,dummy-xi5jjas3,21
50,ptm,gaussian,dummy-xjnrnfey,54
25,u-shaped,gaussian,dummy-xjv98eel,15
100,skewnorm,gaussian,dummy-xlyrrwtp,54
50,gaussian,gaussian,dummy-xmzombx2,76
50,gaussian,gaussian,dummy-xn5ecvfm,59
25,skewnorm,gaussian,dummy-xocecee2,94
100,mixture,gaussian,dummy-xooelnsf,89
50,unif,gaussian,dummy-xoquinrv,96
100,mixture,gaussian,dummy-xowbzeiu,41
100,u-shaped,gaussian,dummy-xpshaaav,90
500,unif,gaussian,dummy-xq6kn3at,64
500,unif,gaussian,dummy-xqh2c4sl,8
100,unif,gaussian,dummy-xr6muqnc,19
500,ptm,gaussian,dummy-xrer4bkc,7
50,ptm,gaussian,dummy-xssj0fnp,32
500,u-shaped,gaussian,dummy-xu1ija0s,92
500,skewnorm,gaussian,dummy-xu1iticd,21
50,ptm,gaussian,dummy-xurhyoum,26
25,mixture,gaussian,dummy-xuykk0fc,59
100,mixture,gaussian,dummy-xvg9oafh,76
100,unif,gaussian,dummy-xwfjmrf7,88
50,mixture,gaussian,dummy-xxdqm33t,2
50,skewnorm,gaussian,dummy-xy5xph8t,76
100,u-shaped,gaussian,dummy-xye29kay,92
500,u-shaped,gaussian,dummy-xyec0zp2,42
100,unif,gaussian,dummy-xzh70ak6,7
25,unif,gaussian,dummy-y0bil603,9
100,mixture,gaussian,dummy-y24e15s0,49
500,skewnorm,gaussian,dummy-y24xv1m7,86
100,ptm,gaussian,dummy-y2fdp1ha,16
100,gaussian,gaussian,dummy-y2j8k4bc,79
25,skewnorm,gaussian,dummy-y2lcdnk6,37
50,u-shaped,gaussian,dummy-y38z8o9f,75
50,u-shaped,gaussian,dummy-y3o57e6x,5
25,u-shaped,gaussian,dummy-y40ot204,72
500,gaussian,gaussian,dummy-y46wht44,1
25,gaussian,gaussian,dummy-y4na4jdy,57
50,skewnorm,gaussian,dummy-y5kdc9tn,14
500,ptm,gaussian,dummy-y5nknl7o,43
50,gaussian,gaussian,dummy-y6tilnh6,54
100,mixture,gaussian,dummy-y74k1w4l,61
500,ptm,gaussian,dummy-y7wy6dhh,96
100,ptm,gaussian,dummy-y7z8s5cv,18
500,u-shaped,gaussian,dummy-y8qrcsiq,39
50,mixture,gaussian,dummy-y9i9vwyi,7
50,ptm,gaussian,dummy-ya7doqqc,91
25,unif,gaussian,dummy-yazdp9yw,71
500,skewnorm,gaussian,dummy-yb3chkjy,35
500,unif,gaussian,dummy-ybiiy7sp,61
25,u-shaped,gaussian,dummy-yclt21sv,69
100,ptm,gaussian,dummy-ycqmpj86,55
50,u-shaped,gaussian,dummy-ycwpbxyi,7
25,skewnorm,gaussian,dummy-yd5zkqe1,22
50,u-shaped,gaussian,dummy-ydah92y8,70
100,ptm,gaussian,dummy-ydgp3dsm,31
50,ptm,gaussian,dummy-yea0rjn0,39
100,u-shaped,gaussian,dummy-yf58r10k,61
100,mixture,gaussian,dummy-yf7znpte,4
50,unif,gaussian,dummy-yfkvjvgb,63
25,unif,gaussian,dummy-yg7pmwh9,76
50,u-shaped,gaussian,dummy-ygwqczoe,9
100,u-shaped,gaussian,dummy-yh8w2zwn,78
25,u-shaped,gaussian,dummy-yhml1mnl,95
25,mixture,gaussian,dummy-yj1jjzx3,49
25,skewnorm,gaussian,dummy-ykktbv9k,71
25,u-shaped,gaussian,dummy-ym8yy83l,23
50,skewnorm,gaussian,dummy-ymoj36sp,1
50,unif,gaussian,dummy-ymv1hf31,87
100,unif,gaussian,dummy-ymwi3vzo,11
500,ptm,gaussian,dummy-yniv1lzp,49
100,gaussian,gaussian,dummy-ynyofkht,52
25,u-shaped,gaussian,dummy-yp2yfo6g,88
50,gaussian,gaussian,dummy-yp6bmwbs,1
100,gaussian,gaussian,dummy-yq0f9gix,48
50,ptm,gaussian,dummy-yqkep93a,87
100,skewnorm,gaussian,dummy-yqmlesig,75
50,skewnorm,gaussian,dummy-yr1szfqs,17
50,unif,gaussian,dummy-yreb6dl2,91
50,gaussian,gaussian,dummy-ysmqrshp,41
100,gaussian,gaussian,dummy-yt2opsd3,3
100,ptm,gaussian,dummy-yt49g3yj,51
25,skewnorm,gaussian,dummy-ytnzhb1l,66
100,u-shaped,gaussian,dummy-ytv0poud,93
100,gaussian,gaussian,dummy-ytwbjjte,65
100,gaussian,gaussian,dummy-yu34wabh,17
500,u-shaped,gaussian,dummy-yu7qxu66,53
50,skewnorm,gaussian,dummy-yv1m1kbj,84
500,gaussian,gaussian,dummy-yv441xas,19
25,mixture,gaussian,dummy-yvfk89w7,1
25,ptm,gaussian,dummy-ywajierp,36
100,mixture,gaussian,dummy-ywcwup93,37
25,skewnorm,gaussian,dummy-ywq5a7pm,3
100,gaussian,gaussian,dummy-ywy4xp5v,21
25,ptm,gaussian,dummy-ywyvd1jl,68
100,ptm,gaussian,dummy-yy4chhkq,58
100,mixture,gaussian,dummy-yytrv1oz,8
50,u-shaped,gaussian,dummy-yz8ecfe5,16
500,mixture,gaussian,dummy-yzi5y5hg,98
50,unif,gaussian,dummy-yzokbzt4,74
25,ptm,gaussian,dummy-z07l1xpf,73
25,unif,gaussian,dummy-z1i9yloi,37
100,gaussian,gaussian,dummy-z1vjdsmw,84
50,ptm,gaussian,dummy-z36gxadg,57
50,gaussian,gaussian,dummy-z3cfuij6,63
50,skewnorm,gaussian,dummy-z3sst4fa,95
50,skewnorm,gaussian,dummy-z3w1dgb7,97
100,skewnorm,gaussian,dummy-z5ef2fyq,19
25,mixture,gaussian,dummy-z6lpiwx8,65
500,gaussian,gaussian,dummy-z6ltomzd,92
500,ptm,gaussian,dummy-z6p8x97l,83
500,mixture,gaussian,dummy-z6t4lrsi,99
25,unif,gaussian,dummy-z72tlnn9,15
25,gaussian,gaussian,dummy-z7n4kdpt,1
100,u-shaped,gaussian,dummy-z7n86381,79
500,gaussian,gaussian,dummy-z86xngv3,32
25,unif,gaussian,dummy-z8kfzhj4,61
500,ptm,gaussian,dummy-z9iktesh,71
50,skewnorm,gaussian,dummy-z9oy0hdr,70
500,unif,gaussian,dummy-z9qhn8qr,31
100,skewnorm,gaussian,dummy-za7q2l8x,30
100,skewnorm,gaussian,dummy-zbbxk512,93
100,skewnorm,gaussian,dummy-zbmrs3sr,60
25,u-shaped,gaussian,dummy-zc1lm7dt,80
500,ptm,gaussian,dummy-zdtsp2al,86
500,mixture,gaussian,dummy-zel9gij3,38
50,gaussian,gaussian,dummy-zeqr3g0s,28
500,u-shaped,gaussian,dummy-zeu1479b,40
500,unif,gaussian,dummy-zfjlq4di,39
50,ptm,gaussian,dummy-zgehh2nc,21
500,mixture,gaussian,dummy-zheocrdo,94
25,skewnorm,gaussian,dummy-zhs0ucg0,28
25,skewnorm,gaussian,dummy-zhw8eoym,58
100,unif,gaussian,dummy-zib51vhh,49
50,mixture,gaussian,dummy-zifyqt6p,90
50,ptm,gaussian,dummy-zig9v3i7,41
25,mixture,gaussian,dummy-zigrjwwq,18
25,gaussian,gaussian,dummy-zitpl6gq,18
25,gaussian,gaussian,dummy-zj5qclm4,95
500,ptm,gaussian,dummy-zlffnpu4,8
100,ptm,gaussian,dummy-zln16433,88
25,ptm,gaussian,dummy-znh6j47f,24
25,mixture,gaussian,dummy-zofnqg5n,88
50,u-shaped,gaussian,dummy-zp43y7ig,91
100,u-shaped,gaussian,dummy-zq5lzzq1,73
100,ptm,gaussian,dummy-zqb2ywrb,81
100,gaussian,gaussian,dummy-zqn1v4e7,87
50,mixture,gaussian,dummy-zqvtpdob,62
100,gaussian,gaussian,dummy-zr2chmiv,68
500,unif,gaussian,dummy-zr71siu2,30
100,skewnorm,gaussian,dummy-zrbwlao7,48
500,gaussian,gaussian,dummy-zrya9jc3,63
500,mixture,gaussian,dummy-zrzqhcrd,55
100,unif,gaussian,dummy-zrzs4e6u,10
500,u-shaped,gaussian,dummy-zssgoc25,72
50,u-shaped,gaussian,dummy-zswu1gh2,25
100,ptm,gaussian,dummy-zt582en5,2
100,mixture,gaussian,dummy-ztcr2mrx,48
500,gaussian,gaussian,dummy-ztq7z6rn,49
100,gaussian,gaussian,dummy-zts5bhv7,15
500,u-shaped,gaussian,dummy-zttr09m3,16
100,gaussian,gaussian,dummy-zv7x9l4z,11
100,unif,gaussian,dummy-zvqfgo3k,37
50,mixture,gaussian,dummy-zwdwkbpo,33
50,skewnorm,gaussian,dummy-zx98on1o,7
100,unif,gaussian,dummy-zxq7rggp,70
25,gaussian,gaussian,dummy-zyambvmh,92
100,gaussian,gaussian,dummy-zz8mtzkb,25
500,skewnorm,gaussian,dummy-zzc0w4mn,49
50,u-shaped,ptm-J30,dummy-001nvwlj,52
50,ptm,ptm-J30,dummy-00itidl5,48
100,skewnorm,ptm-J30,dummy-02cawu6w,31
25,mixture,ptm-J30,dummy-03txcfdc,19
25,skewnorm,ptm-J30,dummy-051p8bph,45
100,mixture,ptm-J30,dummy-095ncbal,6
500,ptm,ptm-J30,dummy-09xllyxi,12
100,mixture,ptm-J30,dummy-0aitytfc,7
100,ptm,ptm-J30,dummy-0atqdkc2,61
50,skewnorm,ptm-J30,dummy-0bik8dv2,14
100,ptm,ptm-J30,dummy-0bymjzfz,56
25,mixture,ptm-J30,dummy-0cipilcz,43
25,u-shaped,ptm-J30,dummy-0dzf9the,77
50,mixture,ptm-J30,dummy-0eha4wc5,74
100,unif,ptm-J30,dummy-0ff6dxlb,44
100,mixture,ptm-J30,dummy-0ftjn1cj,68
50,skewnorm,ptm-J30,dummy-0fvdw7cu,66
100,gaussian,ptm-J30,dummy-0fy4zzmj,30
50,gaussian,ptm-J30,dummy-0hc7y6e0,58
100,gaussian,ptm-J30,dummy-0hxwlwy8,7
500,skewnorm,ptm-J30,dummy-0i3hrcmj,59
25,gaussian,ptm-J30,dummy-0ib0tbbx,54
500,skewnorm,ptm-J30,dummy-0ihlpo3k,1
100,ptm,ptm-J30,dummy-0ik98wgc,66
100,gaussian,ptm-J30,dummy-0jstor9t,4
100,mixture,ptm-J30,dummy-0kithcvx,30
25,mixture,ptm-J30,dummy-0kps3wvu,40
500,gaussian,ptm-J30,dummy-0mmoq5i8,32
50,gaussian,ptm-J30,dummy-0mzzf6my,14
500,unif,ptm-J30,dummy-0n4e26lx,80
500,gaussian,ptm-J30,dummy-0nxywa3t,14
50,skewnorm,ptm-J30,dummy-0o23twu6,2
500,ptm,ptm-J30,dummy-0r14nmsm,50
50,mixture,ptm-J30,dummy-0rpv0l15,73
25,skewnorm,ptm-J30,dummy-0rre3b39,65
50,ptm,ptm-J30,dummy-0spultar,64
100,mixture,ptm-J30,dummy-0t3ic80z,44
100,gaussian,ptm-J30,dummy-0ukhz2mx,6
500,skewnorm,ptm-J30,dummy-0wwnptuh,73
100,u-shaped,ptm-J30,dummy-0wz48sef,33
25,mixture,ptm-J30,dummy-0y0o09qh,2
25,mixture,ptm-J30,dummy-0yer4tgo,61
100,gaussian,ptm-J30,dummy-0yscu2ao,15
50,u-shaped,ptm-J30,dummy-0yu9cpvd,64
25,gaussian,ptm-J30,dummy-0z1fbr5a,49
25,unif,ptm-J30,dummy-112yrq6f,72
25,skewnorm,ptm-J30,dummy-113m3p3y,71
100,u-shaped,ptm-J30,dummy-119yqysj,62
100,mixture,ptm-J30,dummy-11be5cm0,60
100,gaussian,ptm-J30,dummy-11nv4mde,33
50,mixture,ptm-J30,dummy-12cbcmuw,85
25,ptm,ptm-J30,dummy-12e2ilqq,55
50,u-shaped,ptm-J30,dummy-12ru8shb,25
500,unif,ptm-J30,dummy-12ym534o,20
500,mixture,ptm-J30,dummy-13zfmxqc,46
500,mixture,ptm-J30,dummy-146qvnc1,60
25,ptm,ptm-J30,dummy-158omiip,32
25,u-shaped,ptm-J30,dummy-17529yyq,39
500,skewnorm,ptm-J30,dummy-17dbv9la,9
25,skewnorm,ptm-J30,dummy-17sbcb39,39
100,u-shaped,ptm-J30,dummy-18oqgtgw,85
100,ptm,ptm-J30,dummy-18w34anh,9
50,skewnorm,ptm-J30,dummy-1a35hx1h,84
500,ptm,ptm-J30,dummy-1a9hpw1q,33
50,u-shaped,ptm-J30,dummy-1aapi1v5,65
100,ptm,ptm-J30,dummy-1ahhgatt,10
25,ptm,ptm-J30,dummy-1bpmorh9,52
25,u-shaped,ptm-J30,dummy-1cj06wx4,79
50,ptm,ptm-J30,dummy-1da4rmi2,56
25,u-shaped,ptm-J30,dummy-1eowhnqq,43
500,mixture,ptm-J30,dummy-1f9vw8rx,41
500,gaussian,ptm-J30,dummy-1fwz1h95,50
25,gaussian,ptm-J30,dummy-1g8mgdn2,67
25,unif,ptm-J30,dummy-1hjp8l08,37
50,ptm,ptm-J30,dummy-1iuhfx9c,62
500,mixture,ptm-J30,dummy-1jblkttx,48
100,skewnorm,ptm-J30,dummy-1jo9z8qy,79
100,u-shaped,ptm-J30,dummy-1k6f3vm7,27
500,unif,ptm-J30,dummy-1le61poe,72
25,unif,ptm-J30,dummy-1lrnroa3,80
500,ptm,ptm-J30,dummy-1mfd8fd9,20
25,gaussian,ptm-J30,dummy-1ncv3f1y,13
25,u-shaped,ptm-J30,dummy-1ndj7mpv,3
100,gaussian,ptm-J30,dummy-1omsc9m9,78
500,gaussian,ptm-J30,dummy-1oohw2ac,66
500,mixture,ptm-J30,dummy-1oudd7gf,40
25,u-shaped,ptm-J30,dummy-1p4umlg5,8
25,gaussian,ptm-J30,dummy-1p9kts5p,5
100,skewnorm,ptm-J30,dummy-1r33mtsn,83
50,u-shaped,ptm-J30,dummy-1sh2k9eq,43
500,u-shaped,ptm-J30,dummy-1tn3yaxr,20
100,u-shaped,ptm-J30,dummy-1uqrl7wy,67
100,skewnorm,ptm-J30,dummy-1urhyboc,12
50,u-shaped,ptm-J30,dummy-1v0xkk4d,15
100,gaussian,ptm-J30,dummy-1w7bdasl,56
500,unif,ptm-J30,dummy-1wcbjybj,76
500,mixture,ptm-J30,dummy-1wheffvu,26
50,gaussian,ptm-J30,dummy-1wlyhkfx,26
50,gaussian,ptm-J30,dummy-1ya4lyp2,16
25,ptm,ptm-J30,dummy-1ycqrr04,37
50,gaussian,ptm-J30,dummy-1zmu3q4d,57
25,unif,ptm-J30,dummy-20g8o0nr,27
500,skewnorm,ptm-J30,dummy-20jgovuj,51
100,unif,ptm-J30,dummy-20xe7xml,6
500,ptm,ptm-J30,dummy-21ed7u6h,60
500,skewnorm,ptm-J30,dummy-21owuuob,41
50,unif,ptm-J30,dummy-23uuwlgw,18
500,ptm,ptm-J30,dummy-24wpl9b1,41
50,skewnorm,ptm-J30,dummy-25ja319m,48
500,mixture,ptm-J30,dummy-26cu2t0s,49
100,u-shaped,ptm-J30,dummy-298c519b,52
100,ptm,ptm-J30,dummy-29unb9pw,6
500,ptm,ptm-J30,dummy-2abe5rp9,69
500,unif,ptm-J30,dummy-2bowp9op,45
25,skewnorm,ptm-J30,dummy-2co0sr1q,72
100,u-shaped,ptm-J30,dummy-2d1ivqxq,80
100,ptm,ptm-J30,dummy-2doh2v1s,40
50,ptm,ptm-J30,dummy-2e0niufg,77
50,u-shaped,ptm-J30,dummy-2e7pd6me,27
500,ptm,ptm-J30,dummy-2ejj68kk,64
25,gaussian,ptm-J30,dummy-2evhlmg1,31
25,mixture,ptm-J30,dummy-2fj2i6or,37
500,ptm,ptm-J30,dummy-2fkcznjs,14
100,ptm,ptm-J30,dummy-2fsm4gb9,38
50,u-shaped,ptm-J30,dummy-2g5m5v6w,71
50,ptm,ptm-J30,dummy-2g6n5y6k,81
500,unif,ptm-J30,dummy-2gcjcnpx,27
50,gaussian,ptm-J30,dummy-2gofi40y,6
25,u-shaped,ptm-J30,dummy-2i8djke9,74
500,unif,ptm-J30,dummy-2iz6qz7k,39
50,skewnorm,ptm-J30,dummy-2jbvv7v9,42
500,ptm,ptm-J30,dummy-2jq4yiy4,77
25,unif,ptm-J30,dummy-2jwsxwjh,77
100,skewnorm,ptm-J30,dummy-2kuz6gmm,52
50,u-shaped,ptm-J30,dummy-2lbef529,3
25,u-shaped,ptm-J30,dummy-2m55bpbj,18
25,mixture,ptm-J30,dummy-2mupfypf,32
50,gaussian,ptm-J30,dummy-2muz68tk,43
100,u-shaped,ptm-J30,dummy-2mww2gy4,20
500,ptm,ptm-J30,dummy-2nlrwiwo,4
100,mixture,ptm-J30,dummy-2q34im8d,39
100,gaussian,ptm-J30,dummy-2qewvrpp,62
100,u-shaped,ptm-J30,dummy-2qg1sds3,18
100,unif,ptm-J30,dummy-2r24j0kj,19
50,gaussian,ptm-J30,dummy-2rktcpqg,37
25,skewnorm,ptm-J30,dummy-2sq1zqq7,7
50,gaussian,ptm-J30,dummy-2sts9t9c,8
500,unif,ptm-J30,dummy-2sudfoc5,5
100,skewnorm,ptm-J30,dummy-2t4x82w1,57
50,skewnorm,ptm-J30,dummy-2t963mf6,55
50,ptm,ptm-J30,dummy-2tp97c95,32
25,gaussian,ptm-J30,dummy-2v8zdejm,72
50,mixture,ptm-J30,dummy-2vck9zum,22
500,unif,ptm-J30,dummy-2vzro2uk,16
500,ptm,ptm-J30,dummy-2wui765d,27
100,u-shaped,ptm-J30,dummy-2x1xztk2,29
500,skewnorm,ptm-J30,dummy-2xae2ngw,14
25,gaussian,ptm-J30,dummy-2xjqzm7h,41
100,gaussian,ptm-J30,dummy-2xvljg9h,10
100,skewnorm,ptm-J30,dummy-2y10om4r,26
25,u-shaped,ptm-J30,dummy-2yif6qtp,6
100,mixture,ptm-J30,dummy-2yp6oky6,32
50,unif,ptm-J30,dummy-30ncy1bx,17
100,u-shaped,ptm-J30,dummy-30q0kf7u,12
100,ptm,ptm-J30,dummy-316gj9fc,58
500,gaussian,ptm-J30,dummy-319lalim,31
25,ptm,ptm-J30,dummy-32br13rg,44
100,u-shaped,ptm-J30,dummy-32vah1i9,55
100,skewnorm,ptm-J30,dummy-346owv65,74
100,ptm,ptm-J30,dummy-35fufpu4,62
500,unif,ptm-J30,dummy-35uaqp0e,47
50,ptm,ptm-J30,dummy-36ra6x0j,71
25,ptm,ptm-J30,dummy-386pgr8c,54
50,u-shaped,ptm-J30,dummy-38lw1glh,20
25,gaussian,ptm-J30,dummy-38ru0hx3,27
500,u-shaped,ptm-J30,dummy-396lv45c,85
25,u-shaped,ptm-J30,dummy-39iln0m4,82
50,skewnorm,ptm-J30,dummy-3a2uyz6n,75
50,gaussian,ptm-J30,dummy-3abddqg4,25
500,unif,ptm-J30,dummy-3astrj73,18
100,gaussian,ptm-J30,dummy-3awwv314,66
500,unif,ptm-J30,dummy-3azjm99y,9
500,skewnorm,ptm-J30,dummy-3azv6qtj,32
500,ptm,ptm-J30,dummy-3b6jwtgi,76
500,unif,ptm-J30,dummy-3brtnqgt,7
500,gaussian,ptm-J30,dummy-3cqmoiiv,40
25,ptm,ptm-J30,dummy-3d9cqcfr,29
25,mixture,ptm-J30,dummy-3dbu4xr4,72
500,unif,ptm-J30,dummy-3f8xo01e,23
50,skewnorm,ptm-J30,dummy-3fkdqga1,3
500,skewnorm,ptm-J30,dummy-3gbclzi6,19
25,mixture,ptm-J30,dummy-3hhr4chn,24
25,skewnorm,ptm-J30,dummy-3k1cx2ib,49
500,ptm,ptm-J30,dummy-3kna3bna,3
100,skewnorm,ptm-J30,dummy-3lg6glt4,47
500,u-shaped,ptm-J30,dummy-3m18ayld,57
50,gaussian,ptm-J30,dummy-3m8szj8t,48
100,u-shaped,ptm-J30,dummy-3mae4hbw,48
500,ptm,ptm-J30,dummy-3n1rsstd,47
100,mixture,ptm-J30,dummy-3n9gb5ce,2
25,ptm,ptm-J30,dummy-3nxbjafi,43
500,unif,ptm-J30,dummy-3psrodri,44
25,ptm,ptm-J30,dummy-3pz76ph9,74
100,skewnorm,ptm-J30,dummy-3q2rm2ji,67
500,ptm,ptm-J30,dummy-3qajjzif,85
500,u-shaped,ptm-J30,dummy-3qw83uv3,82
25,u-shaped,ptm-J30,dummy-3tjgvftz,25
25,mixture,ptm-J30,dummy-3udeaspl,6
50,ptm,ptm-J30,dummy-3uo52vzc,44
500,skewnorm,ptm-J30,dummy-3v25hic5,34
100,u-shaped,ptm-J30,dummy-3v7gaa87,9
25,ptm,ptm-J30,dummy-3wdsvbl7,64
50,unif,ptm-J30,dummy-3wvmw8p7,2
50,ptm,ptm-J30,dummy-3xt7lzwa,45
500,ptm,ptm-J30,dummy-3ylnusv6,65
100,ptm,ptm-J30,dummy-3z3pe6au,54
25,unif,ptm-J30,dummy-40akvv56,58
100,ptm,ptm-J30,dummy-40ygzle1,36
100,gaussian,ptm-J30,dummy-411eya04,11
25,ptm,ptm-J30,dummy-416c7nco,34
100,mixture,ptm-J30,dummy-41ggh6ut,37
25,ptm,ptm-J30,dummy-428sroqs,11
500,unif,ptm-J30,dummy-42cj67h8,33
25,u-shaped,ptm-J30,dummy-42wakts8,54
50,unif,ptm-J30,dummy-438ifwnx,15
50,mixture,ptm-J30,dummy-43gboi5h,40
100,gaussian,ptm-J30,dummy-4471wzu5,42
50,gaussian,ptm-J30,dummy-460im3wu,52
25,u-shaped,ptm-J30,dummy-46iqpm41,10
500,skewnorm,ptm-J30,dummy-48mpvhwd,7
25,mixture,ptm-J30,dummy-49k3ob5t,29
25,ptm,ptm-J30,dummy-4a07xcl2,9
25,gaussian,ptm-J30,dummy-4amh4hf0,29
25,skewnorm,ptm-J30,dummy-4b00sfco,32
50,ptm,ptm-J30,dummy-4b805lhh,24
500,mixture,ptm-J30,dummy-4bk21ukh,31
50,skewnorm,ptm-J30,dummy-4ddxjihb,22
25,unif,ptm-J30,dummy-4dp2ir4z,3
25,ptm,ptm-J30,dummy-4eide2dn,56
50,gaussian,ptm-J30,dummy-4epbzme9,46
25,gaussian,ptm-J30,dummy-4evmiqx6,26
500,ptm,ptm-J30,dummy-4f3gj4tf,54
500,gaussian,ptm-J30,dummy-4f5rdmld,68
50,skewnorm,ptm-J30,dummy-4fh9ghoc,27
25,ptm,ptm-J30,dummy-4gi6jcbx,85
50,mixture,ptm-J30,dummy-4h7nlkdb,25
50,u-shaped,ptm-J30,dummy-4htmedwc,73
25,u-shaped,ptm-J30,dummy-4ijv1lek,68
50,ptm,ptm-J30,dummy-4iqpdl8v,7
50,mixture,ptm-J30,dummy-4iqxfgiq,72
100,u-shaped,ptm-J30,dummy-4j15uiq0,59
50,u-shaped,ptm-J30,dummy-4j6fdnqy,54
25,unif,ptm-J30,dummy-4kz579be,78
500,ptm,ptm-J30,dummy-4ldinmcg,80
100,u-shaped,ptm-J30,dummy-4mj82f0r,26
100,unif,ptm-J30,dummy-4mxqg5wv,45
50,unif,ptm-J30,dummy-4njoltd9,58
500,ptm,ptm-J30,dummy-4olg2y71,8
50,u-shaped,ptm-J30,dummy-4otpt3db,78
100,gaussian,ptm-J30,dummy-4psf0gvn,25
500,u-shaped,ptm-J30,dummy-4q7a204a,36
50,gaussian,ptm-J30,dummy-4qedm2f0,2
50,u-shaped,ptm-J30,dummy-4qw0mxeu,39
50,unif,ptm-J30,dummy-4r0tr487,52
50,ptm,ptm-J30,dummy-4rtpqiu7,39
100,ptm,ptm-J30,dummy-4s0cb26v,63
25,gaussian,ptm-J30,dummy-4ts5l60t,14
500,mixture,ptm-J30,dummy-4txp6esp,21
100,unif,ptm-J30,dummy-4u54bfnq,3
100,u-shaped,ptm-J30,dummy-4wjkhtt1,34
25,unif,ptm-J30,dummy-4xam4gtf,34
25,gaussian,ptm-J30,dummy-4xjs5g7p,39
25,unif,ptm-J30,dummy-4yqmkfgz,9
25,unif,ptm-J30,dummy-4z08zcu7,32
25,unif,ptm-J30,dummy-4z1wk309,31
25,skewnorm,ptm-J30,dummy-4znxrqw2,36
500,mixture,ptm-J30,dummy-50qc7oyy,6
25,mixture,ptm-J30,dummy-50ss5t5e,12
500,u-shaped,ptm-J30,dummy-51hxdymf,14
25,u-shaped,ptm-J30,dummy-52glby2g,32
100,unif,ptm-J30,dummy-543wznmr,62
50,skewnorm,ptm-J30,dummy-545a7sa2,67
100,unif,ptm-J30,dummy-54l42lib,26
25,u-shaped,ptm-J30,dummy-54u6int8,20
100,u-shaped,ptm-J30,dummy-55pi7xbw,84
25,mixture,ptm-J30,dummy-56v131qn,27
100,unif,ptm-J30,dummy-57p6tlb6,59
25,unif,ptm-J30,dummy-57wd1h6o,45
100,unif,ptm-J30,dummy-58i54dd8,14
50,gaussian,ptm-J30,dummy-58s9ywky,17
25,u-shaped,ptm-J30,dummy-5a80bope,13
50,unif,ptm-J30,dummy-5anfmubk,10
500,ptm,ptm-J30,dummy-5axpkf0o,9
500,skewnorm,ptm-J30,dummy-5brgq80r,69
500,unif,ptm-J30,dummy-5bz7jhb1,22
100,ptm,ptm-J30,dummy-5csrz4tm,27
25,mixture,ptm-J30,dummy-5dbz5fpm,67
100,unif,ptm-J30,dummy-5dhr71lo,34
25,unif,ptm-J30,dummy-5en1867q,38
100,skewnorm,ptm-J30,dummy-5fx6etje,16
100,gaussian,ptm-J30,dummy-5fxyi7wr,81
25,ptm,ptm-J30,dummy-5hci2p7l,20
50,mixture,ptm-J30,dummy-5he8y33p,3
100,ptm,ptm-J30,dummy-5hi60usv,75
25,u-shaped,ptm-J30,dummy-5hnre082,28
25,mixture,ptm-J30,dummy-5ihpnabi,4
50,gaussian,ptm-J30,dummy-5ivxqaze,18
100,gaussian,ptm-J30,dummy-5jh3w8f9,41
100,ptm,ptm-J30,dummy-5k5dga0x,14
50,u-shaped,ptm-J30,dummy-5kuajoen,45
100,u-shaped,ptm-J30,dummy-5kwcurw7,53
500,mixture,ptm-J30,dummy-5mf80cvq,45
50,unif,ptm-J30,dummy-5mw5urm9,67
50,unif,ptm-J30,dummy-5nsxg28v,75
25,mixture,ptm-J30,dummy-5o4old6i,45
100,ptm,ptm-J30,dummy-5ohpvxu9,51
100,unif,ptm-J30,dummy-5omiv655,71
500,unif,ptm-J30,dummy-5otddofe,15
50,skewnorm,ptm-J30,dummy-5ozdvilf,54
50,ptm,ptm-J30,dummy-5phofc7r,43
100,mixture,ptm-J30,dummy-5pnmb3o7,21
500,gaussian,ptm-J30,dummy-5qcqlab3,7
100,unif,ptm-J30,dummy-5qi2dv5l,49
25,u-shaped,ptm-J30,dummy-5qo734ir,52
100,ptm,ptm-J30,dummy-5qr8klka,42
500,skewnorm,ptm-J30,dummy-5s935yd4,61
50,mixture,ptm-J30,dummy-5s9ud2gb,60
50,unif,ptm-J30,dummy-5tbae8lp,3
100,skewnorm,ptm-J30,dummy-5thf0vw4,50
50,gaussian,ptm-J30,dummy-5tpjzb1o,49
50,gaussian,ptm-J30,dummy-5utwruyq,38
50,unif,ptm-J30,dummy-5v4kvscf,56
500,ptm,ptm-J30,dummy-5v7gnbg4,31
25,unif,ptm-J30,dummy-5vdahdbs,51
100,u-shaped,ptm-J30,dummy-5vjyl7m4,4
500,u-shaped,ptm-J30,dummy-5yilcikz,10
50,skewnorm,ptm-J30,dummy-5yk3igx6,31
50,mixture,ptm-J30,dummy-602nuj8f,58
50,ptm,ptm-J30,dummy-60ncb4ad,25
100,gaussian,ptm-J30,dummy-60ynn2r0,61
50,ptm,ptm-J30,dummy-622ekwou,49
25,u-shaped,ptm-J30,dummy-63txtij1,72
50,ptm,ptm-J30,dummy-640uhamz,38
500,mixture,ptm-J30,dummy-64cs9byd,76
50,skewnorm,ptm-J30,dummy-64g7wqgi,79
500,unif,ptm-J30,dummy-659u40gj,63
50,mixture,ptm-J30,dummy-65onsov5,15
100,ptm,ptm-J30,dummy-667e8iez,68
25,gaussian,ptm-J30,dummy-66m8alad,4
100,ptm,ptm-J30,dummy-66nwpfby,22
500,u-shaped,ptm-J30,dummy-6739q8ln,67
50,mixture,ptm-J30,dummy-6781ot77,77
500,u-shaped,ptm-J30,dummy-67rq19jj,32
50,unif,ptm-J30,dummy-68uqig0k,5
500,u-shaped,ptm-J30,dummy-6atb1xnw,33
50,u-shaped,ptm-J30,dummy-6awnslzl,40
25,skewnorm,ptm-J30,dummy-6az3xa0d,80
100,gaussian,ptm-J30,dummy-6bpninll,12
500,gaussian,ptm-J30,dummy-6buppgbv,74
50,unif,ptm-J30,dummy-6d00wnfy,64
100,mixture,ptm-J30,dummy-6ddbdyeg,63
100,skewnorm,ptm-J30,dummy-6dg7m1do,5
500,u-shaped,ptm-J30,dummy-6duutb3l,72
50,u-shaped,ptm-J30,dummy-6e1oxc0u,51
25,unif,ptm-J30,dummy-6e7nadf6,22
100,skewnorm,ptm-J30,dummy-6eg2uk2v,65
500,gaussian,ptm-J30,dummy-6elfa087,79
500,unif,ptm-J30,dummy-6fb6viwo,36
50,skewnorm,ptm-J30,dummy-6hga47i5,39
500,u-shaped,ptm-J30,dummy-6hikw7u5,18
50,mixture,ptm-J30,dummy-6igz3l30,62
100,ptm,ptm-J30,dummy-6j7u1w4b,77
100,gaussian,ptm-J30,dummy-6k7w1f2y,28
50,gaussian,ptm-J30,dummy-6knzpb9j,54
100,mixture,ptm-J30,dummy-6kyvmvi0,40
100,gaussian,ptm-J30,dummy-6m0e5l8y,51
500,u-shaped,ptm-J30,dummy-6mdaf3d6,44
50,ptm,ptm-J30,dummy-6mt09q8s,29
25,unif,ptm-J30,dummy-6nfyu82s,47
100,ptm,ptm-J30,dummy-6pyefnar,85
25,skewnorm,ptm-J30,dummy-6qrdqjyo,24
25,u-shaped,ptm-J30,dummy-6qy8ygxz,76
25,unif,ptm-J30,dummy-6s6ov0ku,55
25,skewnorm,ptm-J30,dummy-6sbifne8,56
100,ptm,ptm-J30,dummy-6tufn2d3,49
100,u-shaped,ptm-J30,dummy-6u2fiu57,75
50,mixture,ptm-J30,dummy-6uvzwc0i,49
50,skewnorm,ptm-J30,dummy-6whq8968,51
100,ptm,ptm-J30,dummy-6xlx4d9g,64
25,unif,ptm-J30,dummy-6yxgh08b,70
25,ptm,ptm-J30,dummy-6z9p9a32,41
500,unif,ptm-J30,dummy-6zl6um3h,2
500,gaussian,ptm-J30,dummy-70bt9j3s,1
50,unif,ptm-J30,dummy-70gho4jd,41
25,mixture,ptm-J30,dummy-70i78ba7,35
500,unif,ptm-J30,dummy-70omvrc7,3
500,gaussian,ptm-J30,dummy-7199e5h1,36
50,mixture,ptm-J30,dummy-72kqk95b,42
50,ptm,ptm-J30,dummy-72uyiany,2
500,gaussian,ptm-J30,dummy-738enqqs,81
25,unif,ptm-J30,dummy-75tj4bar,57
25,skewnorm,ptm-J30,dummy-76216dkq,19
50,gaussian,ptm-J30,dummy-76oy728d,12
500,unif,ptm-J30,dummy-76qmevn0,32
100,u-shaped,ptm-J30,dummy-77jeukdo,46
100,mixture,ptm-J30,dummy-782ix7t3,1
100,mixture,ptm-J30,dummy-78pjt6cm,12
500,u-shaped,ptm-J30,dummy-78s0uaja,73
500,mixture,ptm-J30,dummy-78xpujjv,4
500,unif,ptm-J30,dummy-79khw3y1,24
50,skewnorm,ptm-J30,dummy-7a565maa,77
25,u-shaped,ptm-J30,dummy-7a6pvts1,46
50,gaussian,ptm-J30,dummy-7bt5u131,85
100,u-shaped,ptm-J30,dummy-7cmyfuup,47
50,unif,ptm-J30,dummy-7d9i15hk,20
25,skewnorm,ptm-J30,dummy-7dlr2bto,51
50,unif,ptm-J30,dummy-7esd96dl,7
100,unif,ptm-J30,dummy-7ezk4asc,29
500,gaussian,ptm-J30,dummy-7fcdb1hb,69
100,u-shaped,ptm-J30,dummy-7fgef3an,56
50,ptm,ptm-J30,dummy-7fy598oc,17
500,gaussian,ptm-J30,dummy-7g1lwni9,23
25,mixture,ptm-J30,dummy-7gix8947,11
500,unif,ptm-J30,dummy-7hkzovcc,82
100,mixture,ptm-J30,dummy-7ivoogy7,15
500,ptm,ptm-J30,dummy-7jh4l5je,40
500,unif,ptm-J30,dummy-7jstiky5,29
25,unif,ptm-J30,dummy-7jw52m7g,29
25,unif,ptm-J30,dummy-7l59t8eu,52
50,mixture,ptm-J30,dummy-7libu97k,12
25,unif,ptm-J30,dummy-7lq0lj0l,66
25,unif,ptm-J30,dummy-7mp0op0e,46
100,ptm,ptm-J30,dummy-7phnuuxg,28
100,unif,ptm-J30,dummy-7qj7hq6h,85
100,ptm,ptm-J30,dummy-7r2le08j,19
50,u-shaped,ptm-J30,dummy-7r36wrtr,32
500,skewnorm,ptm-J30,dummy-7r6cu4a0,78
500,skewnorm,ptm-J30,dummy-7sr3yecj,3
100,skewnorm,ptm-J30,dummy-7sr4xw3f,77
100,u-shaped,ptm-J30,dummy-7sy9spe5,45
500,u-shaped,ptm-J30,dummy-7t58q60l,55
25,ptm,ptm-J30,dummy-7tbib9d9,81
25,unif,ptm-J30,dummy-7tuhvdfn,21
100,u-shaped,ptm-J30,dummy-7uc54gvh,17
100,mixture,ptm-J30,dummy-7uhw4jh8,27
50,unif,ptm-J30,dummy-7v899k3l,39
500,ptm,ptm-J30,dummy-7vdwplyk,39
50,skewnorm,ptm-J30,dummy-7vk7sp1j,38
500,mixture,ptm-J30,dummy-7vzw70m1,73
50,u-shaped,ptm-J30,dummy-7w1b4g0y,9
100,unif,ptm-J30,dummy-7w67wr8k,64
500,skewnorm,ptm-J30,dummy-7wnbd8qd,36
25,ptm,ptm-J30,dummy-7wt88to6,8
100,skewnorm,ptm-J30,dummy-7wxaqw32,27
100,unif,ptm-J30,dummy-7wyjxixe,61
100,gaussian,ptm-J30,dummy-7xodijkl,59
100,unif,ptm-J30,dummy-7xtr472a,31
50,u-shaped,ptm-J30,dummy-7z1xw8ql,29
25,mixture,ptm-J30,dummy-7z8csas1,25
100,mixture,ptm-J30,dummy-7zkrn3x9,43
50,ptm,ptm-J30,dummy-7znvguri,31
50,mixture,ptm-J30,dummy-818bgy2n,65
50,unif,ptm-J30,dummy-81vf38mf,68
500,ptm,ptm-J30,dummy-82km7gd5,7
50,ptm,ptm-J30,dummy-82wzcqg1,27
50,skewnorm,ptm-J30,dummy-833xxfo2,9
500,u-shaped,ptm-J30,dummy-842r7e6y,35
100,u-shaped,ptm-J30,dummy-84e6dps4,78
50,gaussian,ptm-J30,dummy-84jrp7g3,1
100,skewnorm,ptm-J30,dummy-86ct5jel,28
50,ptm,ptm-J30,dummy-86gtcmth,9
50,skewnorm,ptm-J30,dummy-86keuqm9,58
25,u-shaped,ptm-J30,dummy-86scqc3z,27
25,skewnorm,ptm-J30,dummy-87hzmcaj,11
500,u-shaped,ptm-J30,dummy-8934uj8e,17
500,unif,ptm-J30,dummy-89kq4b06,79
50,gaussian,ptm-J30,dummy-8a2k9r9d,9
25,unif,ptm-J30,dummy-8cb2ae93,83
25,u-shaped,ptm-J30,dummy-8cuf4q71,63
500,mixture,ptm-J30,dummy-8e6gmae6,74
25,unif,ptm-J30,dummy-8ehirqij,4
50,u-shaped,ptm-J30,dummy-8es7h65h,81
500,u-shaped,ptm-J30,dummy-8f7fyehz,1
50,ptm,ptm-J30,dummy-8fodjowm,74
50,u-shaped,ptm-J30,dummy-8gdrub6l,72
50,gaussian,ptm-J30,dummy-8ggcacqd,24
25,u-shaped,ptm-J30,dummy-8imvho5w,83
50,skewnorm,ptm-J30,dummy-8iq69v4d,43
50,mixture,ptm-J30,dummy-8j3n9ydr,29
25,mixture,ptm-J30,dummy-8jml7cr9,55
50,ptm,ptm-J30,dummy-8jqcxo7z,67
500,u-shaped,ptm-J30,dummy-8jwbiea4,39
500,u-shaped,ptm-J30,dummy-8lfvpr54,54
25,mixture,ptm-J30,dummy-8lgltt74,26
500,mixture,ptm-J30,dummy-8ltszrnq,78
500,skewnorm,ptm-J30,dummy-8lvbmvtu,26
25,skewnorm,ptm-J30,dummy-8me8dvvv,79
500,unif,ptm-J30,dummy-8mfz7x2v,42
50,unif,ptm-J30,dummy-8mnxieqv,22
50,unif,ptm-J30,dummy-8mynsokw,63
500,unif,ptm-J30,dummy-8owdqqny,1
500,u-shaped,ptm-J30,dummy-8p4ccw18,48
25,gaussian,ptm-J30,dummy-8pk3rkoz,9
25,unif,ptm-J30,dummy-8pm1sjcx,85
50,ptm,ptm-J30,dummy-8qvudr6r,78
500,u-shaped,ptm-J30,dummy-8s30lg6g,38
100,skewnorm,ptm-J30,dummy-8sch84oh,59
100,gaussian,ptm-J30,dummy-8shrp8l8,3
25,u-shaped,ptm-J30,dummy-8stbf2zi,59
25,mixture,ptm-J30,dummy-8styye5c,76
50,gaussian,ptm-J30,dummy-8tx7nmqd,56
25,skewnorm,ptm-J30,dummy-8us8cny7,37
100,mixture,ptm-J30,dummy-8v46fqf9,54
50,mixture,ptm-J30,dummy-8w7n6p54,6
500,ptm,ptm-J30,dummy-8wv91hjc,26
50,u-shaped,ptm-J30,dummy-8x6d684c,75
100,ptm,ptm-J30,dummy-8yw0rgje,45
25,u-shaped,ptm-J30,dummy-910q0zhn,14
50,unif,ptm-J30,dummy-91cpfrd5,11
500,u-shaped,ptm-J30,dummy-91vtzp78,11
100,mixture,ptm-J30,dummy-95fi08hh,67
100,skewnorm,ptm-J30,dummy-98jkdgwt,40
100,unif,ptm-J30,dummy-994zjqeo,9
50,skewnorm,ptm-J30,dummy-99j7kbce,30
500,skewnorm,ptm-J30,dummy-9ayoe0nq,66
500,u-shaped,ptm-J30,dummy-9bmliuhy,61
50,mixture,ptm-J30,dummy-9cteol2j,50
50,mixture,ptm-J30,dummy-9dz2te6p,51
25,ptm,ptm-J30,dummy-9ff918z2,47
50,skewnorm,ptm-J30,dummy-9fqnt77e,13
100,gaussian,ptm-J30,dummy-9g5ih4p4,57
100,unif,ptm-J30,dummy-9gjbqzg7,51
25,skewnorm,ptm-J30,dummy-9gkn2vwv,78
50,mixture,ptm-J30,dummy-9gksnpwf,59
500,ptm,ptm-J30,dummy-9hdxvri4,49
50,unif,ptm-J30,dummy-9hhn6q2q,44
50,ptm,ptm-J30,dummy-9icldl51,35
500,skewnorm,ptm-J30,dummy-9ie61v7c,46
100,gaussian,ptm-J30,dummy-9jxcwphf,69
25,u-shaped,ptm-J30,dummy-9kccsadu,4
500,u-shaped,ptm-J30,dummy-9lj4f0f5,79
100,ptm,ptm-J30,dummy-9lxri6xr,30
500,skewnorm,ptm-J30,dummy-9maazrop,42
50,unif,ptm-J30,dummy-9mf68265,23
500,gaussian,ptm-J30,dummy-9mfmfvfa,64
25,unif,ptm-J30,dummy-9nwl1uob,64
25,unif,ptm-J30,dummy-9ohfje6o,84
100,ptm,ptm-J30,dummy-9phft3qr,72
100,u-shaped,ptm-J30,dummy-9pkg5dlm,72
500,mixture,ptm-J30,dummy-9pv0l1cc,44
500,unif,ptm-J30,dummy-9pwyk5qu,70
100,ptm,ptm-J30,dummy-9qogkti1,84
50,u-shaped,ptm-J30,dummy-9s7q6vsn,17
100,mixture,ptm-J30,dummy-9samk9ig,72
25,mixture,ptm-J30,dummy-9slxmu7n,1
500,gaussian,ptm-J30,dummy-9tgey1u4,48
500,skewnorm,ptm-J30,dummy-9tthvf7q,83
100,unif,ptm-J30,dummy-9tzevxbk,32
50,u-shaped,ptm-J30,dummy-9uzsj4c5,68
100,mixture,ptm-J30,dummy-9vmr67ql,28
500,mixture,ptm-J30,dummy-9vpqe50x,63
25,u-shaped,ptm-J30,dummy-9vse1ix7,49
25,mixture,ptm-J30,dummy-9wwpazue,47
100,u-shaped,ptm-J30,dummy-9x4f6b00,39
100,skewnorm,ptm-J30,dummy-9xoyrxen,51
500,u-shaped,ptm-J30,dummy-9y4jypnr,46
500,gaussian,ptm-J30,dummy-9ytu7qea,80
500,gaussian,ptm-J30,dummy-a0b3cit4,35
100,gaussian,ptm-J30,dummy-a3c4cw27,50
500,mixture,ptm-J30,dummy-a3kvc2py,54
25,gaussian,ptm-J30,dummy-a4i2gauy,69
500,u-shaped,ptm-J30,dummy-a4yuvepn,53
50,u-shaped,ptm-J30,dummy-a5ddqhnv,10
100,unif,ptm-J30,dummy-a608cawv,13
50,ptm,ptm-J30,dummy-a7557xfd,83
25,ptm,ptm-J30,dummy-a7y027ec,66
25,skewnorm,ptm-J30,dummy-a8geync1,83
100,ptm,ptm-J30,dummy-a90maavs,34
500,unif,ptm-J30,dummy-aahq4svf,58
50,skewnorm,ptm-J30,dummy-aaxvleik,6
500,gaussian,ptm-J30,dummy-abb9608u,61
100,mixture,ptm-J30,dummy-absbu3ow,83
25,u-shaped,ptm-J30,dummy-adq7j08p,69
50,skewnorm,ptm-J30,dummy-adztgwh5,83
500,ptm,ptm-J30,dummy-aegcl6oz,84
500,ptm,ptm-J30,dummy-afxjzzyd,75
500,gaussian,ptm-J30,dummy-agdg25ya,28
50,u-shaped,ptm-J30,dummy-agp207yj,82
50,skewnorm,ptm-J30,dummy-ahtakkrr,72
500,ptm,ptm-J30,dummy-ainz50ao,52
100,mixture,ptm-J30,dummy-aj2hcj9x,61
500,skewnorm,ptm-J30,dummy-aj44k74m,48
500,gaussian,ptm-J30,dummy-aj6jdzal,75
500,mixture,ptm-J30,dummy-ajetvb5e,37
100,skewnorm,ptm-J30,dummy-ajl0ahcd,1
100,unif,ptm-J30,dummy-akutmm7o,39
25,skewnorm,ptm-J30,dummy-algprz7y,66
500,gaussian,ptm-J30,dummy-alni875y,8
25,u-shaped,ptm-J30,dummy-alvk3r6g,29
50,unif,ptm-J30,dummy-alvt203c,62
50,unif,ptm-J30,dummy-an1900om,82
500,u-shaped,ptm-J30,dummy-an2b525v,7
25,gaussian,ptm-J30,dummy-ant4ch56,66
100,mixture,ptm-J30,dummy-aollznuf,9
100,skewnorm,ptm-J30,dummy-aoruhls3,11
500,u-shaped,ptm-J30,dummy-arfhvr3b,40
500,unif,ptm-J30,dummy-arrc8dzx,48
25,gaussian,ptm-J30,dummy-atcaddbv,61
100,skewnorm,ptm-J30,dummy-atmkyxts,64
25,mixture,ptm-J30,dummy-au4ngvjh,16
25,mixture,ptm-J30,dummy-aum2s7zj,22
50,gaussian,ptm-J30,dummy-av4xx5vt,29
500,u-shaped,ptm-J30,dummy-avac37dw,3
50,gaussian,ptm-J30,dummy-avaozmov,10
500,gaussian,ptm-J30,dummy-awb3isqy,39
50,mixture,ptm-J30,dummy-awv8164v,36
50,unif,ptm-J30,dummy-ax8d8oh6,61
50,skewnorm,ptm-J30,dummy-axmamuvn,44
100,skewnorm,ptm-J30,dummy-ayx3logr,69
25,gaussian,ptm-J30,dummy-ayxxudbe,65
50,gaussian,ptm-J30,dummy-azl1d5o5,77
500,skewnorm,ptm-J30,dummy-azn7v5g4,31
500,mixture,ptm-J30,dummy-b159aqu3,62
50,skewnorm,ptm-J30,dummy-b16vm8uu,35
25,skewnorm,ptm-J30,dummy-b17c1jy2,8
500,gaussian,ptm-J30,dummy-b1zm7hw8,71
25,unif,ptm-J30,dummy-b2cgkum3,79
25,mixture,ptm-J30,dummy-b2lt86tf,84
500,u-shaped,ptm-J30,dummy-b2q8n28h,56
25,mixture,ptm-J30,dummy-b36mrh94,82
50,u-shaped,ptm-J30,dummy-b36v970z,55
25,gaussian,ptm-J30,dummy-b3y693y9,77
500,u-shaped,ptm-J30,dummy-b4bk2g3z,21
50,unif,ptm-J30,dummy-b4psj90z,28
25,unif,ptm-J30,dummy-b5dh7bmb,30
25,skewnorm,ptm-J30,dummy-b5v3fcrt,17
50,mixture,ptm-J30,dummy-b60s8b2y,71
500,u-shaped,ptm-J30,dummy-b7r4q917,75
25,mixture,ptm-J30,dummy-b7rvf0yx,71
100,unif,ptm-J30,dummy-b9akxchn,1
50,unif,ptm-J30,dummy-b9o6c6td,6
100,u-shaped,ptm-J30,dummy-bbct2vve,43
25,skewnorm,ptm-J30,dummy-bbk9fuku,50
100,mixture,ptm-J30,dummy-bbwxwqpy,76
25,gaussian,ptm-J30,dummy-bc72eeax,59
50,skewnorm,ptm-J30,dummy-bc80swvs,50
100,mixture,ptm-J30,dummy-bc974raz,59
500,gaussian,ptm-J30,dummy-bcj9zxlt,30
500,ptm,ptm-J30,dummy-bcyvqroo,68
25,gaussian,ptm-J30,dummy-bdeqek76,46
500,gaussian,ptm-J30,dummy-be0vvjpv,2
100,gaussian,ptm-J30,dummy-bek4uune,29
100,gaussian,ptm-J30,dummy-beokirw3,49
500,mixture,ptm-J30,dummy-bextmrco,11
100,u-shaped,ptm-J30,dummy-bez41rlc,66
100,ptm,ptm-J30,dummy-bf7zfuy8,59
25,ptm,ptm-J30,dummy-bg2utobg,60
25,gaussian,ptm-J30,dummy-bg43laue,42
25,ptm,ptm-J30,dummy-bgcn1dow,72
50,unif,ptm-J30,dummy-bho8nasz,51
100,skewnorm,ptm-J30,dummy-bhv7544r,66
50,skewnorm,ptm-J30,dummy-bidv76ye,29
500,gaussian,ptm-J30,dummy-bii5v6km,60
25,unif,ptm-J30,dummy-bjx6q84c,81
500,ptm,ptm-J30,dummy-bk9e424y,10
500,unif,ptm-J30,dummy-bkbgptd3,37
50,ptm,ptm-J30,dummy-bllciv9q,3
50,unif,ptm-J30,dummy-blt8owyb,79
25,gaussian,ptm-J30,dummy-blxlp9xt,44
50,u-shaped,ptm-J30,dummy-bm43c8a1,6
500,ptm,ptm-J30,dummy-bmlc4c8a,5
500,mixture,ptm-J30,dummy-bmv0dnzp,9
100,u-shaped,ptm-J30,dummy-bnhmt6ba,57
500,ptm,ptm-J30,dummy-boiaq3bl,34
500,skewnorm,ptm-J30,dummy-bppk2ihb,44
25,gaussian,ptm-J30,dummy-bqi747ko,63
50,skewnorm,ptm-J30,dummy-br6w75vm,69
50,u-shaped,ptm-J30,dummy-brkqkhsy,14
25,u-shaped,ptm-J30,dummy-brto3chu,34
25,ptm,ptm-J30,dummy-bse792n8,12
500,ptm,ptm-J30,dummy-bslf1eno,6
500,unif,ptm-J30,dummy-btqo94ck,12
50,unif,ptm-J30,dummy-btuuac6m,33
25,mixture,ptm-J30,dummy-buolbmb5,20
100,skewnorm,ptm-J30,dummy-bvos39ec,70
100,ptm,ptm-J30,dummy-bxj4mi4y,44
500,skewnorm,ptm-J30,dummy-by31638z,53
100,skewnorm,ptm-J30,dummy-byz5dnlp,43
50,unif,ptm-J30,dummy-bzottbj0,84
500,skewnorm,ptm-J30,dummy-c1gvp2l9,47
100,u-shaped,ptm-J30,dummy-c1t0x7vc,1
100,unif,ptm-J30,dummy-c2g0enog,38
25,ptm,ptm-J30,dummy-c2jjno5p,62
500,unif,ptm-J30,dummy-c36glg1z,62
500,ptm,ptm-J30,dummy-c3i3qpou,79
25,gaussian,ptm-J30,dummy-c4cifedv,12
25,unif,ptm-J30,dummy-c6ukg89s,59
500,mixture,ptm-J30,dummy-c7rtou6v,15
50,skewnorm,ptm-J30,dummy-c7wsijfh,60
50,gaussian,ptm-J30,dummy-c8c9a9q4,81
100,unif,ptm-J30,dummy-c8cng9w8,11
25,ptm,ptm-J30,dummy-c92qab1e,84
25,mixture,ptm-J30,dummy-cb03foho,64
500,u-shaped,ptm-J30,dummy-cc2peg5g,68
50,ptm,ptm-J30,dummy-cc6o8ebp,12
25,unif,ptm-J30,dummy-ccjllr6t,48
50,mixture,ptm-J30,dummy-cd3hbdk7,11
50,u-shaped,ptm-J30,dummy-cda6i840,49
50,u-shaped,ptm-J30,dummy-cdmas78z,34
100,gaussian,ptm-J30,dummy-celealct,35
100,u-shaped,ptm-J30,dummy-cgoelmv6,3
50,mixture,ptm-J30,dummy-chkhnm3g,79
500,ptm,ptm-J30,dummy-ciem40la,51
25,unif,ptm-J30,dummy-cik2uzw0,73
500,mixture,ptm-J30,dummy-cjcf83wb,24
500,mixture,ptm-J30,dummy-ck76hrs0,23
100,mixture,ptm-J30,dummy-ck7nnttw,22
50,unif,ptm-J30,dummy-ckqpmcou,54
25,unif,ptm-J30,dummy-cl9cv6gp,44
100,unif,ptm-J30,dummy-cmqztgao,2
100,u-shaped,ptm-J30,dummy-cofgwmxm,28
50,ptm,ptm-J30,dummy-cpl00fys,68
100,gaussian,ptm-J30,dummy-cq1rym85,48
50,mixture,ptm-J30,dummy-cq41famc,83
50,gaussian,ptm-J30,dummy-cq75bsaf,7
500,gaussian,ptm-J30,dummy-cqgl30ws,85
100,mixture,ptm-J30,dummy-cqqdst2i,78
50,ptm,ptm-J30,dummy-cr76q667,37
100,gaussian,ptm-J30,dummy-crpurzcm,38
25,skewnorm,ptm-J30,dummy-crtfifeh,35
50,ptm,ptm-J30,dummy-crxdv8g2,16
100,gaussian,ptm-J30,dummy-ct1a4sg8,34
100,skewnorm,ptm-J30,dummy-cwa0fscq,35
50,mixture,ptm-J30,dummy-cz4b2c9c,4
25,gaussian,ptm-J30,dummy-d0b8e00d,53
100,skewnorm,ptm-J30,dummy-d0ptt6aw,44
25,ptm,ptm-J30,dummy-d0s9egba,73
50,gaussian,ptm-J30,dummy-d1cylofm,4
25,mixture,ptm-J30,dummy-d41j96i2,13
100,ptm,ptm-J30,dummy-d47wphbh,21
100,mixture,ptm-J30,dummy-d4tj7htg,5
25,ptm,ptm-J30,dummy-d4vml67s,18
50,ptm,ptm-J30,dummy-d4zhwclp,10
500,u-shaped,ptm-J30,dummy-d6ot1ezr,60
25,unif,ptm-J30,dummy-d7ktokdw,75
100,gaussian,ptm-J30,dummy-d7q6g3qc,32
50,gaussian,ptm-J30,dummy-d81wjh2w,13
500,u-shaped,ptm-J30,dummy-d8653hme,25
25,skewnorm,ptm-J30,dummy-d8af36u4,43
100,gaussian,ptm-J30,dummy-d8sf57n9,82
100,ptm,ptm-J30,dummy-d91qicjn,31
25,u-shaped,ptm-J30,dummy-daejzibt,44
100,gaussian,ptm-J30,dummy-dag4wwh6,5
500,unif,ptm-J30,dummy-dahxp958,21
100,unif,ptm-J30,dummy-dc8z2raz,70
50,skewnorm,ptm-J30,dummy-dddyojh7,59
500,mixture,ptm-J30,dummy-ddurx02s,71
500,unif,ptm-J30,dummy-dehiw18d,64
500,gaussian,ptm-J30,dummy-depoqq8h,9
25,mixture,ptm-J30,dummy-deqxj7d2,60
500,mixture,ptm-J30,dummy-dgtf16qt,70
500,unif,ptm-J30,dummy-dif924ke,11
25,unif,ptm-J30,dummy-dj7fc58u,53
50,ptm,ptm-J30,dummy-dj8w2qep,54
50,gaussian,ptm-J30,dummy-djqrpl0b,65
25,skewnorm,ptm-J30,dummy-dkgartxy,41
25,unif,ptm-J30,dummy-dkuqzu19,39
100,u-shaped,ptm-J30,dummy-dln1hk4u,51
25,unif,ptm-J30,dummy-dlzvfg79,35
500,u-shaped,ptm-J30,dummy-do8vevtu,80
100,gaussian,ptm-J30,dummy-dojovq01,31
100,gaussian,ptm-J30,dummy-doq2zu84,75
100,u-shaped,ptm-J30,dummy-doxfi7oa,54
100,unif,ptm-J30,dummy-dp2rcc6t,5
100,ptm,ptm-J30,dummy-dpejlyjw,48
500,ptm,ptm-J30,dummy-dqtu8kh8,71
50,unif,ptm-J30,dummy-dqxz2bj7,14
500,gaussian,ptm-J30,dummy-dr29ubie,65
25,mixture,ptm-J30,dummy-drp4jhlp,48
500,u-shaped,ptm-J30,dummy-dry7fd1b,51
100,mixture,ptm-J30,dummy-dtbc1rpe,85
25,skewnorm,ptm-J30,dummy-du9vc0o1,55
50,mixture,ptm-J30,dummy-dubo75bv,35
25,u-shaped,ptm-J30,dummy-dulw0rie,48
500,mixture,ptm-J30,dummy-dvgo4cgt,50
500,skewnorm,ptm-J30,dummy-dvq2t7c1,24
100,gaussian,ptm-J30,dummy-dwbjcwor,63
500,skewnorm,ptm-J30,dummy-dwgp4l66,67
500,u-shaped,ptm-J30,dummy-dxjwaokt,62
100,skewnorm,ptm-J30,dummy-dyzraad2,56
25,u-shaped,ptm-J30,dummy-dza20qd0,11
500,unif,ptm-J30,dummy-dzy8o19j,77
50,mixture,ptm-J30,dummy-dzze80vm,37
50,mixture,ptm-J30,dummy-e14yzcgc,52
25,gaussian,ptm-J30,dummy-e1vv9thy,17
100,ptm,ptm-J30,dummy-e20i2sbk,55
50,skewnorm,ptm-J30,dummy-e29jmdhv,71
25,mixture,ptm-J30,dummy-e4qd5jt0,57
500,unif,ptm-J30,dummy-e6dwamcg,51
50,gaussian,ptm-J30,dummy-e6ki6n7i,36
500,u-shaped,ptm-J30,dummy-e7jkhgb2,34
100,u-shaped,ptm-J30,dummy-e7vh2qjg,35
25,u-shaped,ptm-J30,dummy-e830ch0k,23
25,mixture,ptm-J30,dummy-e8dohu9a,15
100,u-shaped,ptm-J30,dummy-e93i1jpa,32
25,unif,ptm-J30,dummy-ea00cujd,65
50,u-shaped,ptm-J30,dummy-ea1lwe6p,62
500,skewnorm,ptm-J30,dummy-ea63hteg,77
500,mixture,ptm-J30,dummy-eakq9jod,13
25,u-shaped,ptm-J30,dummy-ecel424v,2
50,skewnorm,ptm-J30,dummy-ecetl118,41
500,gaussian,ptm-J30,dummy-edatzcjc,21
25,skewnorm,ptm-J30,dummy-eew2otuq,18
500,u-shaped,ptm-J30,dummy-ef2p8vjo,23
500,mixture,ptm-J30,dummy-efgwdyq4,17
100,skewnorm,ptm-J30,dummy-efk85qf4,24
25,ptm,ptm-J30,dummy-egucw8d9,70
100,gaussian,ptm-J30,dummy-ehqtm0uo,45
500,u-shaped,ptm-J30,dummy-ei5q91zi,13
25,gaussian,ptm-J30,dummy-ei63lbxm,43
500,unif,ptm-J30,dummy-eix8kbv5,40
50,mixture,ptm-J30,dummy-eje6fwhp,32
100,gaussian,ptm-J30,dummy-ejq5kovm,14
50,unif,ptm-J30,dummy-ekmmjc3f,25
500,mixture,ptm-J30,dummy-ekx404kc,52
100,ptm,ptm-J30,dummy-elf75wm1,23
500,unif,ptm-J30,dummy-envvgn4l,59
50,skewnorm,ptm-J30,dummy-eo5fskti,21
100,u-shaped,ptm-J30,dummy-eogewkdf,40
50,unif,ptm-J30,dummy-eohyqmlc,38
100,gaussian,ptm-J30,dummy-eptr6yzl,79
500,skewnorm,ptm-J30,dummy-eqcpkx8v,2
50,mixture,ptm-J30,dummy-eqgm7yvh,48
100,skewnorm,ptm-J30,dummy-es3htce9,85
500,unif,ptm-J30,dummy-et2cys51,14
500,skewnorm,ptm-J30,dummy-ev2a2hef,63
50,gaussian,ptm-J30,dummy-evl1vbtb,67
50,skewnorm,ptm-J30,dummy-evv7rdyt,65
100,skewnorm,ptm-J30,dummy-evx9ffp6,38
25,ptm,ptm-J30,dummy-ewmw8pf2,19
100,unif,ptm-J30,dummy-ewo0veez,76
25,u-shaped,ptm-J30,dummy-ey5otahl,47
25,u-shaped,ptm-J30,dummy-ey85hav5,85
500,gaussian,ptm-J30,dummy-ezejk0os,33
25,u-shaped,ptm-J30,dummy-f04b0bnb,80
500,skewnorm,ptm-J30,dummy-f06syv77,54
50,mixture,ptm-J30,dummy-f0lgbgke,17
500,gaussian,ptm-J30,dummy-f0ys28kf,55
25,u-shaped,ptm-J30,dummy-f173fqbw,41
25,mixture,ptm-J30,dummy-f34pxpek,51
50,gaussian,ptm-J30,dummy-f3zk4bwv,19
500,gaussian,ptm-J30,dummy-f5oxqgpg,52
25,mixture,ptm-J30,dummy-f8ycbc3x,46
100,mixture,ptm-J30,dummy-fa75f7xp,8
500,ptm,ptm-J30,dummy-fanni68z,56
100,unif,ptm-J30,dummy-fayflzb0,69
100,mixture,ptm-J30,dummy-fb2ltcnk,57
100,skewnorm,ptm-J30,dummy-fc0f4cpb,53
50,gaussian,ptm-J30,dummy-fc1f4svl,53
500,gaussian,ptm-J30,dummy-fceyce98,10
100,ptm,ptm-J30,dummy-fcwxktgw,82
50,skewnorm,ptm-J30,dummy-fczsbzev,81
25,u-shaped,ptm-J30,dummy-fdu94ia3,53
50,unif,ptm-J30,dummy-fe648z8p,55
50,skewnorm,ptm-J30,dummy-fg345tx8,10
50,skewnorm,ptm-J30,dummy-fg95iuhe,25
100,unif,ptm-J30,dummy-fgg6t9mi,23
50,skewnorm,ptm-J30,dummy-fgkab48c,73
25,mixture,ptm-J30,dummy-fgusothh,56
25,gaussian,ptm-J30,dummy-fhakh1i1,28
50,u-shaped,ptm-J30,dummy-fiqvg368,26
25,ptm,ptm-J30,dummy-fk1fjqxk,25
25,skewnorm,ptm-J30,dummy-fl0kbaou,40
50,unif,ptm-J30,dummy-flasny7i,43
25,gaussian,ptm-J30,dummy-flnbtq1h,30
100,ptm,ptm-J30,dummy-flsf7dn6,74
50,u-shaped,ptm-J30,dummy-fmm3kf9j,24
25,mixture,ptm-J30,dummy-fmz2lt7e,33
50,u-shaped,ptm-J30,dummy-fn5vxv23,67
500,skewnorm,ptm-J30,dummy-fn9x7gu3,10
50,u-shaped,ptm-J30,dummy-fnsbgj17,46
100,skewnorm,ptm-J30,dummy-fp9na4mn,20
50,gaussian,ptm-J30,dummy-fpzbx9hp,50
25,skewnorm,ptm-J30,dummy-fqfnuxoa,20
50,ptm,ptm-J30,dummy-fqusz81l,8
25,unif,ptm-J30,dummy-fsays4t1,50
500,gaussian,ptm-J30,dummy-ftksh2qa,42
100,mixture,ptm-J30,dummy-fu5qdfvh,77
500,mixture,ptm-J30,dummy-fv15vyi3,35
50,skewnorm,ptm-J30,dummy-fvi76xpz,1
100,unif,ptm-J30,dummy-fwjzg0ur,53
25,unif,ptm-J30,dummy-fwqq4vpj,28
100,gaussian,ptm-J30,dummy-fxh5zhq2,17
500,unif,ptm-J30,dummy-fydin52r,28
50,unif,ptm-J30,dummy-fyfe1eoj,27
500,unif,ptm-J30,dummy-fyhw90in,54
25,unif,ptm-J30,dummy-fyozu7cd,61
50,gaussian,ptm-J30,dummy-fz8xhtqh,47
500,skewnorm,ptm-J30,dummy-fzaebtwf,72
100,skewnorm,ptm-J30,dummy-fzdnqlh1,48
50,unif,ptm-J30,dummy-fzobap39,57
50,unif,ptm-J30,dummy-g0hxbd9v,4
500,gaussian,ptm-J30,dummy-g2br26wa,19
50,gaussian,ptm-J30,dummy-g31dasqi,62
500,gaussian,ptm-J30,dummy-g48jktpx,78
500,skewnorm,ptm-J30,dummy-g5feojs1,4
50,skewnorm,ptm-J30,dummy-g5rjamdi,52
500,skewnorm,ptm-J30,dummy-g6n48ngs,81
50,ptm,ptm-J30,dummy-g78djnt0,6
100,ptm,ptm-J30,dummy-g79xwr5k,70
50,u-shaped,ptm-J30,dummy-g8jkpqmm,11
100,ptm,ptm-J30,dummy-g9b1r6c8,53
50,unif,ptm-J30,dummy-g9zv7vs4,71
25,skewnorm,ptm-J30,dummy-gaculli9,44
500,unif,ptm-J30,dummy-gba7iwpl,19
25,mixture,ptm-J30,dummy-gcyuleee,74
100,u-shaped,ptm-J30,dummy-ge7gbue1,68
100,ptm,ptm-J30,dummy-geb1yyh9,60
50,gaussian,ptm-J30,dummy-geyi0sb4,35
100,skewnorm,ptm-J30,dummy-gezrwwhj,55
500,skewnorm,ptm-J30,dummy-gf06qbd4,79
50,ptm,ptm-J30,dummy-gfw5g4g0,1
100,unif,ptm-J30,dummy-gfyx95fr,4
25,mixture,ptm-J30,dummy-ghu8gb4x,5
25,ptm,ptm-J30,dummy-ghzrfpaa,77
500,gaussian,ptm-J30,dummy-gifs84ea,15
50,skewnorm,ptm-J30,dummy-gj8qqem7,76
50,skewnorm,ptm-J30,dummy-gjh23jcm,20
50,gaussian,ptm-J30,dummy-gkgvi1ec,70
100,u-shaped,ptm-J30,dummy-glup5dum,16
25,unif,ptm-J30,dummy-gn3annox,69
500,u-shaped,ptm-J30,dummy-go93lkja,12
25,unif,ptm-J30,dummy-gof8hz94,60
50,skewnorm,ptm-J30,dummy-gpnjzcma,57
50,mixture,ptm-J30,dummy-gqa3ckxf,80
100,u-shaped,ptm-J30,dummy-gr2svecq,70
100,mixture,ptm-J30,dummy-grbedwzz,11
500,mixture,ptm-J30,dummy-gs2npcrd,12
50,mixture,ptm-J30,dummy-gsibh5sv,8
25,unif,ptm-J30,dummy-gt2v9wl5,36
25,mixture,ptm-J30,dummy-guecjbdr,54
100,mixture,ptm-J30,dummy-gunfrmcz,73
25,gaussian,ptm-J30,dummy-guu5azcq,74
500,gaussian,ptm-J30,dummy-gv4svq1m,51
25,skewnorm,ptm-J30,dummy-gwbv038n,85
25,skewnorm,ptm-J30,dummy-gwq0l48b,67
100,mixture,ptm-J30,dummy-gx51ctnj,65
500,ptm,ptm-J30,dummy-gy64mckc,62
100,u-shaped,ptm-J30,dummy-gyb0wsap,76
50,mixture,ptm-J30,dummy-gzb34xr8,76
100,unif,ptm-J30,dummy-gzwyl1bn,63
500,u-shaped,ptm-J30,dummy-h0dmt4m6,81
500,skewnorm,ptm-J30,dummy-h0dpc16t,38
100,skewnorm,ptm-J30,dummy-h0re8yaw,8
50,gaussian,ptm-J30,dummy-h0xv5kzq,74
500,unif,ptm-J30,dummy-h2b2im10,55
100,mixture,ptm-J30,dummy-h2e0j7jg,34
500,mixture,ptm-J30,dummy-h3ywzvgq,83
50,gaussian,ptm-J30,dummy-h4klnlew,42
100,ptm,ptm-J30,dummy-h5orma78,79
50,unif,ptm-J30,dummy-h6r7hr04,74
500,u-shaped,ptm-J30,dummy-h7at59er,59
100,ptm,ptm-J30,dummy-habf1ozl,17
25,skewnorm,ptm-J30,dummy-hbdjobbs,6
500,u-shaped,ptm-J30,dummy-hbrxbcw0,65
25,mixture,ptm-J30,dummy-hc1m5a8r,66
100,unif,ptm-J30,dummy-hd9y4r1k,7
25,ptm,ptm-J30,dummy-hfijx2jf,57
25,ptm,ptm-J30,dummy-hfjdd0te,79
50,skewnorm,ptm-J30,dummy-hg64abiy,37
100,ptm,ptm-J30,dummy-hgrnes5t,50
100,mixture,ptm-J30,dummy-hh3zlyqj,66
100,unif,ptm-J30,dummy-hi968536,10
25,mixture,ptm-J30,dummy-hidu8q3k,42
25,ptm,ptm-J30,dummy-hj5lv2k3,4
25,unif,ptm-J30,dummy-hjhoywzs,15
100,u-shaped,ptm-J30,dummy-hjk3xgdp,71
500,gaussian,ptm-J30,dummy-hkli0dvr,22
50,unif,ptm-J30,dummy-hlbvorsm,60
100,u-shaped,ptm-J30,dummy-hlpaarkc,24
100,skewnorm,ptm-J30,dummy-hluydrqp,37
100,unif,ptm-J30,dummy-hmcbgic8,35
100,unif,ptm-J30,dummy-hn1ypntv,24
50,gaussian,ptm-J30,dummy-hnavku9d,3
500,skewnorm,ptm-J30,dummy-hnrews8l,21
50,mixture,ptm-J30,dummy-hohd0xc5,20
25,ptm,ptm-J30,dummy-hqk211rx,53
100,u-shaped,ptm-J30,dummy-hsiurdww,63
25,skewnorm,ptm-J30,dummy-hswhy2el,29
100,mixture,ptm-J30,dummy-hth7reeu,13
500,unif,ptm-J30,dummy-hunzjcsu,78
50,unif,ptm-J30,dummy-hv80anyl,31
100,unif,ptm-J30,dummy-hv81pff7,25
100,skewnorm,ptm-J30,dummy-hvp7nfly,78
25,ptm,ptm-J30,dummy-hvqjhyic,51
100,skewnorm,ptm-J30,dummy-hw2fzr37,63
500,unif,ptm-J30,dummy-hwzamtfq,53
100,u-shaped,ptm-J30,dummy-hx345v9n,37
100,u-shaped,ptm-J30,dummy-hyf2tnkf,79
25,u-shaped,ptm-J30,dummy-hzci7xtv,38
500,ptm,ptm-J30,dummy-i00pb5bo,53
500,mixture,ptm-J30,dummy-i0crbgog,81
50,gaussian,ptm-J30,dummy-i0lhzw1d,73
25,gaussian,ptm-J30,dummy-i0penmqz,16
50,unif,ptm-J30,dummy-i18lk3qp,26
500,ptm,ptm-J30,dummy-i2u5gcch,36
25,u-shaped,ptm-J30,dummy-i40apzbb,60
25,skewnorm,ptm-J30,dummy-i424ik36,42
500,skewnorm,ptm-J30,dummy-i4hp2v70,33
500,u-shaped,ptm-J30,dummy-i4rneq3w,77
50,ptm,ptm-J30,dummy-i5aidnkd,14
100,gaussian,ptm-J30,dummy-i5sei8vb,47
50,gaussian,ptm-J30,dummy-i6y72nk1,27
500,skewnorm,ptm-J30,dummy-i7u7tr6z,74
500,mixture,ptm-J30,dummy-i8fjvuvi,28
25,gaussian,ptm-J30,dummy-i8yk0yq2,37
25,gaussian,ptm-J30,dummy-i9972r4c,75
500,skewnorm,ptm-J30,dummy-i9az78ej,71
50,ptm,ptm-J30,dummy-i9n8rty3,21
100,mixture,ptm-J30,dummy-i9nd3xlz,49
25,gaussian,ptm-J30,dummy-ib1q0bst,23
25,unif,ptm-J30,dummy-id387rva,1
25,gaussian,ptm-J30,dummy-iddlli8p,76
25,unif,ptm-J30,dummy-idfrfu99,62
25,ptm,ptm-J30,dummy-iebmndnv,2
50,u-shaped,ptm-J30,dummy-ifcfchkt,60
100,unif,ptm-J30,dummy-ifn8vz4j,84
50,mixture,ptm-J30,dummy-igzecsr9,28
500,skewnorm,ptm-J30,dummy-ihhwelyk,16
500,skewnorm,ptm-J30,dummy-iio8ixxb,55
50,u-shaped,ptm-J30,dummy-iiqdqyev,50
100,ptm,ptm-J30,dummy-ij0nra3n,76
25,gaussian,ptm-J30,dummy-ijnojvm2,1
50,skewnorm,ptm-J30,dummy-ikp3rlgy,19
25,unif,ptm-J30,dummy-iktigs9g,68
100,u-shaped,ptm-J30,dummy-iktprrfa,10
50,gaussian,ptm-J30,dummy-il4ezv81,55
25,u-shaped,ptm-J30,dummy-il9g7gco,26
50,gaussian,ptm-J30,dummy-ilbrbzi6,32
500,skewnorm,ptm-J30,dummy-impmj4zx,70
100,mixture,ptm-J30,dummy-imx8xiae,17
50,skewnorm,ptm-J30,dummy-insj58hc,85
500,gaussian,ptm-J30,dummy-inuintbz,5
500,mixture,ptm-J30,dummy-iosv1rl4,16
25,skewnorm,ptm-J30,dummy-ioxyaau4,2
100,gaussian,ptm-J30,dummy-ip5itw6v,13
25,gaussian,ptm-J30,dummy-ip7w82cf,32
500,skewnorm,ptm-J30,dummy-ipilifhm,25
25,u-shaped,ptm-J30,dummy-ipn772m2,31
500,mixture,ptm-J30,dummy-iqone76z,59
500,unif,ptm-J30,dummy-ir79o0gj,83
100,u-shaped,ptm-J30,dummy-ir8szz08,13
25,u-shaped,ptm-J30,dummy-irlqi5ll,62
25,gaussian,ptm-J30,dummy-iu6o3aym,83
50,u-shaped,ptm-J30,dummy-iuif3wht,76
500,skewnorm,ptm-J30,dummy-iulv4fc9,80
500,skewnorm,ptm-J30,dummy-iupwb2gc,15
500,skewnorm,ptm-J30,dummy-iuy3wz6c,18
25,ptm,ptm-J30,dummy-ivcuu81x,21
25,unif,ptm-J30,dummy-iw8332wb,19
50,ptm,ptm-J30,dummy-ixks5j3e,79
500,gaussian,ptm-J30,dummy-iy609e60,45
50,mixture,ptm-J30,dummy-iyaxuybn,16
50,skewnorm,ptm-J30,dummy-iyfj541f,49
25,mixture,ptm-J30,dummy-iyzj2jcs,77
500,mixture,ptm-J30,dummy-iz6o3w1e,34
50,ptm,ptm-J30,dummy-j0ysspei,61
100,skewnorm,ptm-J30,dummy-j15usb3f,60
25,mixture,ptm-J30,dummy-j17q7dn7,53
100,u-shaped,ptm-J30,dummy-j1ed6b7s,25
50,ptm,ptm-J30,dummy-j1gdlp3l,76
50,u-shaped,ptm-J30,dummy-j203zpf7,38
500,gaussian,ptm-J30,dummy-j24lop0t,76
50,ptm,ptm-J30,dummy-j2bzi6w5,22
50,mixture,ptm-J30,dummy-j3izrbdt,47
100,gaussian,ptm-J30,dummy-j4m3o0ni,54
500,unif,ptm-J30,dummy-j4ywkqgj,65
50,mixture,ptm-J30,dummy-j69284zm,81
100,skewnorm,ptm-J30,dummy-j6l0mnuf,9
100,skewnorm,ptm-J30,dummy-j6urb5gi,49
50,skewnorm,ptm-J30,dummy-j739jr80,28
500,u-shaped,ptm-J30,dummy-j7w073w7,47
50,skewnorm,ptm-J30,dummy-j9flu4gy,80
500,skewnorm,ptm-J30,dummy-j9unq93x,30
100,skewnorm,ptm-J30,dummy-jag7aij5,17
500,u-shaped,ptm-J30,dummy-jbkdsnvo,43
500,u-shaped,ptm-J30,dummy-jbrx3s4s,30
25,ptm,ptm-J30,dummy-jbvfz5bi,14
500,unif,ptm-J30,dummy-jdi6m7vg,17
50,skewnorm,ptm-J30,dummy-jdvp8yb4,26
25,u-shaped,ptm-J30,dummy-jeapgqhk,1
500,skewnorm,ptm-J30,dummy-jeo6aklk,64
100,ptm,ptm-J30,dummy-jf2u3uez,83
25,mixture,ptm-J30,dummy-jg8qac12,83
25,ptm,ptm-J30,dummy-jg9c6uo7,46
100,gaussian,ptm-J30,dummy-jghg64dz,26
500,unif,ptm-J30,dummy-jgmcftfg,46
500,unif,ptm-J30,dummy-jh58oxbf,75
500,ptm,ptm-J30,dummy-jh8dczn4,28
100,unif,ptm-J30,dummy-jhcnduw2,15
50,ptm,ptm-J30,dummy-jhudw4jc,60
50,skewnorm,ptm-J30,dummy-jhut5h7d,64
50,unif,ptm-J30,dummy-jibnhogm,19
500,mixture,ptm-J30,dummy-jirlpo8r,51
100,unif,ptm-J30,dummy-jivky5by,74
50,gaussian,ptm-J30,dummy-jj9iguea,30
25,skewnorm,ptm-J30,dummy-jje3pvx7,1
100,ptm,ptm-J30,dummy-jjohopts,39
50,u-shaped,ptm-J30,dummy-jjxp1w18,63
25,gaussian,ptm-J30,dummy-jjy7mg21,48
50,skewnorm,ptm-J30,dummy-jk3rlvpo,15
500,mixture,ptm-J30,dummy-jkb4vekb,20
100,ptm,ptm-J30,dummy-jkg94v49,26
500,u-shaped,ptm-J30,dummy-jkpgu143,28
50,unif,ptm-J30,dummy-jl84u6da,83
25,mixture,ptm-J30,dummy-jlf01or2,68
25,u-shaped,ptm-J30,dummy-jnca67lb,24
500,mixture,ptm-J30,dummy-jnsbcqcl,67
100,u-shaped,ptm-J30,dummy-jol6irdq,44
50,skewnorm,ptm-J30,dummy-jozz9r5x,18
50,u-shaped,ptm-J30,dummy-jp1yfsu7,30
100,u-shaped,ptm-J30,dummy-jq68s2k1,49
100,u-shaped,ptm-J30,dummy-jqa5aa2z,21
50,u-shaped,ptm-J30,dummy-jqczcx3c,48
500,unif,ptm-J30,dummy-jqxgwnbc,13
100,mixture,ptm-J30,dummy-jrjkhlqm,18
100,unif,ptm-J30,dummy-jrp50owr,18
500,skewnorm,ptm-J30,dummy-jrwrv05h,76
100,skewnorm,ptm-J30,dummy-jrz5omwe,14
50,mixture,ptm-J30,dummy-js1d9ywi,66
50,gaussian,ptm-J30,dummy-js4oxtjl,45
500,gaussian,ptm-J30,dummy-jsavxo93,3
100,mixture,ptm-J30,dummy-jslpuo8n,26
500,mixture,ptm-J30,dummy-jsvqf90e,29
100,mixture,ptm-J30,dummy-jtuso9wi,81
100,u-shaped,ptm-J30,dummy-jux7u8ep,83
25,skewnorm,ptm-J30,dummy-jvrh0xyt,28
25,ptm,ptm-J30,dummy-jwhwfczz,83
100,u-shaped,ptm-J30,dummy-jxk6qzcb,64
25,unif,ptm-J30,dummy-jxznpk9a,14
25,u-shaped,ptm-J30,dummy-jz4v2a2w,81
500,u-shaped,ptm-J30,dummy-jzyeo574,70
500,u-shaped,ptm-J30,dummy-k0ewuv4d,45
25,gaussian,ptm-J30,dummy-k0fsxvrh,84
50,u-shaped,ptm-J30,dummy-k0ldbu89,4
100,mixture,ptm-J30,dummy-k30s2hk9,69
25,gaussian,ptm-J30,dummy-k3czwut2,22
50,u-shaped,ptm-J30,dummy-k3lsyqla,80
100,gaussian,ptm-J30,dummy-k3mmw05l,58
50,mixture,ptm-J30,dummy-k3qxj2rs,43
25,mixture,ptm-J30,dummy-k4brb17h,58
25,ptm,ptm-J30,dummy-k6dgdyrc,63
25,unif,ptm-J30,dummy-k7xm9l3h,33
100,gaussian,ptm-J30,dummy-k8s478xw,71
50,ptm,ptm-J30,dummy-k8ur8n09,15
25,ptm,ptm-J30,dummy-kb5n8z0m,69
100,ptm,ptm-J30,dummy-kca4bokc,69
500,mixture,ptm-J30,dummy-kcnuj6dk,42
50,gaussian,ptm-J30,dummy-kdhntpx2,60
500,gaussian,ptm-J30,dummy-kdp36hg5,16
50,mixture,ptm-J30,dummy-keux0kek,13
50,gaussian,ptm-J30,dummy-kf17vn43,64
50,u-shaped,ptm-J30,dummy-kfpgif6v,36
25,unif,ptm-J30,dummy-kg48gj0b,63
100,skewnorm,ptm-J30,dummy-kgp0lplz,72
25,ptm,ptm-J30,dummy-khkmjwc2,49
25,skewnorm,ptm-J30,dummy-ki48g658,63
100,gaussian,ptm-J30,dummy-kizozwao,1
500,u-shaped,ptm-J30,dummy-kj40ngto,16
500,skewnorm,ptm-J30,dummy-kjz7v65j,20
25,skewnorm,ptm-J30,dummy-kkd9p7cz,60
25,ptm,ptm-J30,dummy-kkoxla3s,76
500,unif,ptm-J30,dummy-klmfbrij,52
25,unif,ptm-J30,dummy-km62i2po,42
500,u-shaped,ptm-J30,dummy-kmw0s4xc,63
100,mixture,ptm-J30,dummy-kne2t1ek,64
50,unif,ptm-J30,dummy-knnsmf1h,8
50,unif,ptm-J30,dummy-kp24d2bl,16
100,u-shaped,ptm-J30,dummy-kp2omxom,22
100,unif,ptm-J30,dummy-kppnzh7b,28
50,u-shaped,ptm-J30,dummy-kpvxgqle,69
100,skewnorm,ptm-J30,dummy-kq3h05sm,13
25,u-shaped,ptm-J30,dummy-kq9hjqgb,71
50,unif,ptm-J30,dummy-kqlza9qo,36
100,u-shaped,ptm-J30,dummy-kqqh4yyo,60
50,gaussian,ptm-J30,dummy-krg5888g,75
500,ptm,ptm-J30,dummy-kt76dksj,46
25,mixture,ptm-J30,dummy-ktpy8340,44
500,ptm,ptm-J30,dummy-ku07wpju,29
25,gaussian,ptm-J30,dummy-ku7wx10q,15
50,mixture,ptm-J30,dummy-ku90zhxl,82
100,ptm,ptm-J30,dummy-kv52n8ys,47
25,ptm,ptm-J30,dummy-kwlhtpai,33
500,mixture,ptm-J30,dummy-kwnto78a,56
50,unif,ptm-J30,dummy-ky1x1vid,65
100,unif,ptm-J30,dummy-kyrsgurj,68
50,mixture,ptm-J30,dummy-kzqcu1fu,64
100,unif,ptm-J30,dummy-l12tfjae,57
100,skewnorm,ptm-J30,dummy-l159vo51,23
25,gaussian,ptm-J30,dummy-l1yyuglp,2
100,gaussian,ptm-J30,dummy-l2a6c813,21
100,skewnorm,ptm-J30,dummy-l3xkmnay,68
25,mixture,ptm-J30,dummy-l4hlsw4o,65
100,skewnorm,ptm-J30,dummy-l4op0sch,10
500,mixture,ptm-J30,dummy-l5187xw8,1
25,gaussian,ptm-J30,dummy-l5mjr2v4,33
100,unif,ptm-J30,dummy-l69wttgq,72
500,gaussian,ptm-J30,dummy-l72kqzx0,17
500,skewnorm,ptm-J30,dummy-l7t97aoj,28
500,unif,ptm-J30,dummy-l7wnnp8o,25
100,unif,ptm-J30,dummy-l96d5cdq,40
25,ptm,ptm-J30,dummy-l987b5sq,1
25,mixture,ptm-J30,dummy-la38pluy,28
50,unif,ptm-J30,dummy-laa6xwf8,42
500,mixture,ptm-J30,dummy-lb782u73,47
100,unif,ptm-J30,dummy-lcpbpkj0,54
100,gaussian,ptm-J30,dummy-ld0w2r4a,83
25,skewnorm,ptm-J30,dummy-ld3l1hfi,30
25,unif,ptm-J30,dummy-ld6ro4fj,17
500,ptm,ptm-J30,dummy-ldtkk6w3,83
25,gaussian,ptm-J30,dummy-ldu56stx,6
25,skewnorm,ptm-J30,dummy-ldw73hcy,64
500,gaussian,ptm-J30,dummy-le7zsn6r,82
500,gaussian,ptm-J30,dummy-le90qfvu,4
50,mixture,ptm-J30,dummy-lg2cjut6,21
100,skewnorm,ptm-J30,dummy-lib6b48e,22
50,ptm,ptm-J30,dummy-ljfjm7ek,46
25,skewnorm,ptm-J30,dummy-lk36df60,52
25,u-shaped,ptm-J30,dummy-lk91ph40,5
50,gaussian,ptm-J30,dummy-lm4gnkqd,63
100,gaussian,ptm-J30,dummy-lmapfski,68
25,mixture,ptm-J30,dummy-lmn90kow,70
500,u-shaped,ptm-J30,dummy-ln4pbez4,6
100,unif,ptm-J30,dummy-lnlsg0h4,52
50,ptm,ptm-J30,dummy-lokyowrg,52
500,gaussian,ptm-J30,dummy-lp4ldbdm,11
100,gaussian,ptm-J30,dummy-lprg1ij5,73
100,ptm,ptm-J30,dummy-lqmooszm,46
50,gaussian,ptm-J30,dummy-lqynf31e,34
50,skewnorm,ptm-J30,dummy-lr1svagk,78
500,skewnorm,ptm-J30,dummy-lryw71yx,65
50,skewnorm,ptm-J30,dummy-ls9t8fts,8
25,u-shaped,ptm-J30,dummy-lskfa59p,66
50,skewnorm,ptm-J30,dummy-lwaud1gh,46
100,gaussian,ptm-J30,dummy-lws8bypf,53
500,skewnorm,ptm-J30,dummy-lxh4em9a,85
50,mixture,ptm-J30,dummy-m03jyyva,9
500,unif,ptm-J30,dummy-m07r22x0,41
50,ptm,ptm-J30,dummy-m22jw0in,30
25,gaussian,ptm-J30,dummy-m28ule73,40
500,u-shaped,ptm-J30,dummy-m2ok5y17,84
25,u-shaped,ptm-J30,dummy-m2tx22nn,16
25,skewnorm,ptm-J30,dummy-m2vxr65x,76
500,mixture,ptm-J30,dummy-m3amttnm,7
500,gaussian,ptm-J30,dummy-m4id8gje,83
25,skewnorm,ptm-J30,dummy-m59me699,38
25,gaussian,ptm-J30,dummy-m5jdsemr,45
25,mixture,ptm-J30,dummy-m60wo0kq,80
25,ptm,ptm-J30,dummy-m7efigqj,30
500,u-shaped,ptm-J30,dummy-m7xsj2kc,71
100,gaussian,ptm-J30,dummy-m8bnkh06,37
25,u-shaped,ptm-J30,dummy-m8grsbvv,67
100,skewnorm,ptm-J30,dummy-m8nus9wm,29
25,unif,ptm-J30,dummy-m9y7axi1,24
50,mixture,ptm-J30,dummy-maamfuil,24
500,unif,ptm-J30,dummy-malie1y8,50
25,u-shaped,ptm-J30,dummy-mautyxra,15
100,mixture,ptm-J30,dummy-mbhvdkn1,25
50,ptm,ptm-J30,dummy-mc2oynup,23
500,unif,ptm-J30,dummy-mc52sfzx,30
500,u-shaped,ptm-J30,dummy-mcihr9x7,5
25,skewnorm,ptm-J30,dummy-mcqbjmtl,47
500,unif,ptm-J30,dummy-mcsnyua7,67
100,u-shaped,ptm-J30,dummy-mczoeh0j,81
100,unif,ptm-J30,dummy-mdlefkgo,16
25,u-shaped,ptm-J30,dummy-mdu1ssbd,33
100,mixture,ptm-J30,dummy-mere082u,82
25,ptm,ptm-J30,dummy-mf8k9c2k,23
100,mixture,ptm-J30,dummy-mg86bb50,50
50,u-shaped,ptm-J30,dummy-mgyt0w8b,42
100,skewnorm,ptm-J30,dummy-miir07im,6
50,ptm,ptm-J30,dummy-mit6fw0q,20
500,u-shaped,ptm-J30,dummy-mji2rsvy,49
100,mixture,ptm-J30,dummy-ml8oab4g,42
100,ptm,ptm-J30,dummy-mlgwyleh,33
50,gaussian,ptm-J30,dummy-mm3ynh69,59
25,gaussian,ptm-J30,dummy-mnrwcff3,70
50,unif,ptm-J30,dummy-mojk1s6r,45
50,gaussian,ptm-J30,dummy-mpfxgb1c,61
500,u-shaped,ptm-J30,dummy-mptdknji,41
100,unif,ptm-J30,dummy-mq0zdg4o,60
50,u-shaped,ptm-J30,dummy-mqb12xhl,70
500,ptm,ptm-J30,dummy-mtgwu4ul,57
500,mixture,ptm-J30,dummy-mtsbtczc,30
500,ptm,ptm-J30,dummy-mtzeliu3,63
100,unif,ptm-J30,dummy-mu8hhj34,77
50,u-shaped,ptm-J30,dummy-mu93zshe,2
25,gaussian,ptm-J30,dummy-muhrwcn2,55
50,skewnorm,ptm-J30,dummy-muhyjrp4,32
50,gaussian,ptm-J30,dummy-mwkrcxah,41
50,unif,ptm-J30,dummy-mwq71u5m,40
50,unif,ptm-J30,dummy-mwt6dsge,76
500,unif,ptm-J30,dummy-mxv48gev,71
25,gaussian,ptm-J30,dummy-mz4rio0y,57
25,u-shaped,ptm-J30,dummy-mzbtfale,64
100,unif,ptm-J30,dummy-mzq09fyl,17
100,u-shaped,ptm-J30,dummy-n0tru4cf,7
50,ptm,ptm-J30,dummy-n22ht3lx,57
100,unif,ptm-J30,dummy-n2per7jm,22
50,mixture,ptm-J30,dummy-n2r2uf5u,34
500,skewnorm,ptm-J30,dummy-n30txuvq,45
500,skewnorm,ptm-J30,dummy-n39sos8b,27
25,gaussian,ptm-J30,dummy-n4hkp4jp,10
100,u-shaped,ptm-J30,dummy-n6jcdplc,58
100,gaussian,ptm-J30,dummy-n6ts6o2i,74
50,unif,ptm-J30,dummy-naard2v8,73
100,u-shaped,ptm-J30,dummy-naryc12z,5
25,skewnorm,ptm-J30,dummy-nb0wxvjp,46
25,skewnorm,ptm-J30,dummy-nc5zg0xt,27
25,u-shaped,ptm-J30,dummy-ncdr0xo3,9
100,skewnorm,ptm-J30,dummy-ncfg37xj,73
25,u-shaped,ptm-J30,dummy-ncjortpz,37
25,ptm,ptm-J30,dummy-ndaappks,17
500,u-shaped,ptm-J30,dummy-ndhkkxew,66
100,ptm,ptm-J30,dummy-neef70af,41
25,mixture,ptm-J30,dummy-nejrcyfw,7
25,skewnorm,ptm-J30,dummy-nf6o51k3,13
500,ptm,ptm-J30,dummy-nfppmuu2,35
500,mixture,ptm-J30,dummy-ng0ifdp8,82
25,u-shaped,ptm-J30,dummy-ng854w7d,22
500,ptm,ptm-J30,dummy-ngz3ds50,37
500,ptm,ptm-J30,dummy-nhk9y6co,43
500,u-shaped,ptm-J30,dummy-ni1pizy5,74
500,mixture,ptm-J30,dummy-ni4bpjnz,68
100,unif,ptm-J30,dummy-nieotv7e,21
50,gaussian,ptm-J30,dummy-nj1ls6j1,11
25,skewnorm,ptm-J30,dummy-nj9ehxse,53
500,ptm,ptm-J30,dummy-njl6hfsw,66
25,skewnorm,ptm-J30,dummy-nk00xv6g,84
100,unif,ptm-J30,dummy-nlhpw9qo,12
100,ptm,ptm-J30,dummy-nn09pfna,3
50,unif,ptm-J30,dummy-nn9fyroj,35
100,unif,ptm-J30,dummy-nnlhd4o4,30
25,unif,ptm-J30,dummy-nnxaobf3,12
50,u-shaped,ptm-J30,dummy-nq5c5m0e,31
100,mixture,ptm-J30,dummy-nrk8rh6c,38
50,gaussian,ptm-J30,dummy-ntdvjgll,68
50,ptm,ptm-J30,dummy-nucn35dn,55
50,u-shaped,ptm-J30,dummy-nvan5fpb,37
100,mixture,ptm-J30,dummy-nwm7expr,55
50,u-shaped,ptm-J30,dummy-nwqwgb5o,41
100,skewnorm,ptm-J30,dummy-nwt4poal,61
50,unif,ptm-J30,dummy-nx5n92pi,66
100,u-shaped,ptm-J30,dummy-nxmqnspc,11
100,mixture,ptm-J30,dummy-nzea17hu,75
25,gaussian,ptm-J30,dummy-nzx36wes,82
500,mixture,ptm-J30,dummy-o03q9i5p,85
100,u-shaped,ptm-J30,dummy-o0iqhmos,31
50,mixture,ptm-J30,dummy-o0sj8wlf,45
25,gaussian,ptm-J30,dummy-o0yycwfc,52
25,skewnorm,ptm-J30,dummy-o1oll4bp,25
50,ptm,ptm-J30,dummy-o2t421rx,5
100,unif,ptm-J30,dummy-o30la2pa,8
500,mixture,ptm-J30,dummy-o3oktivr,18
50,gaussian,ptm-J30,dummy-o4wtnxgn,83
25,mixture,ptm-J30,dummy-o5nkirzn,31
500,ptm,ptm-J30,dummy-o5ts2ba4,18
50,skewnorm,ptm-J30,dummy-o60lb3y4,47
50,mixture,ptm-J30,dummy-o67dkqwq,39
100,u-shaped,ptm-J30,dummy-o71l3h63,69
25,unif,ptm-J30,dummy-o7i798wd,82
50,skewnorm,ptm-J30,dummy-o8g607k1,68
100,gaussian,ptm-J30,dummy-o8qs2nk8,72
500,gaussian,ptm-J30,dummy-o8s73mv4,56
25,unif,ptm-J30,dummy-o9fr7blk,41
500,skewnorm,ptm-J30,dummy-o9uz0dsc,12
50,mixture,ptm-J30,dummy-oaaon6ae,23
500,mixture,ptm-J30,dummy-oaviwk2g,43
50,gaussian,ptm-J30,dummy-oblqied8,76
25,skewnorm,ptm-J30,dummy-obsw9o7y,69
100,mixture,ptm-J30,dummy-obv41gnx,45
50,gaussian,ptm-J30,dummy-od7svnrt,66
500,mixture,ptm-J30,dummy-od93vja1,5
50,mixture,ptm-J30,dummy-odg6gqzi,5
50,ptm,ptm-J30,dummy-odgmfvcb,34
100,unif,ptm-J30,dummy-odzzq771,75
50,ptm,ptm-J30,dummy-of7p80in,75
500,u-shaped,ptm-J30,dummy-oge50j34,9
50,ptm,ptm-J30,dummy-ogjs42lg,18
25,u-shaped,ptm-J30,dummy-ohip0wuu,30
25,ptm,ptm-J30,dummy-ojih91cm,65
100,u-shaped,ptm-J30,dummy-ok6dlsjz,42
500,gaussian,ptm-J30,dummy-ok8v6lsg,59
50,skewnorm,ptm-J30,dummy-ompx4ywe,82
500,u-shaped,ptm-J30,dummy-omzefmmp,27
500,unif,ptm-J30,dummy-onbc2jok,60
50,skewnorm,ptm-J30,dummy-oos273s5,70
50,ptm,ptm-J30,dummy-op3loleo,58
100,gaussian,ptm-J30,dummy-oplns0xc,20
25,unif,ptm-J30,dummy-opvm2gir,67
25,skewnorm,ptm-J30,dummy-oqgg1tr2,34
100,gaussian,ptm-J30,dummy-orqtt36a,67
500,ptm,ptm-J30,dummy-orxgxmsb,24
100,u-shaped,ptm-J30,dummy-os2itn0p,19
25,skewnorm,ptm-J30,dummy-os6trmap,21
25,ptm,ptm-J30,dummy-osk9nswo,16
100,u-shaped,ptm-J30,dummy-oujngsxn,50
500,u-shaped,ptm-J30,dummy-oulz4h1g,15
50,gaussian,ptm-J30,dummy-ov1ngqmy,39
25,u-shaped,ptm-J30,dummy-ov25qpk3,84
50,mixture,ptm-J30,dummy-ovfafy11,7
50,gaussian,ptm-J30,dummy-ovink8jk,84
500,ptm,ptm-J30,dummy-ow546r6n,72
500,u-shaped,ptm-J30,dummy-owa4r93p,31
25,gaussian,ptm-J30,dummy-owdr2fgu,36
100,gaussian,ptm-J30,dummy-owjr0p77,27
500,unif,ptm-J30,dummy-oxjg7zid,69
25,skewnorm,ptm-J30,dummy-oybzwx3s,33
25,ptm,ptm-J30,dummy-oz85q01p,42
25,ptm,ptm-J30,dummy-oz950plk,82
50,mixture,ptm-J30,dummy-ozex8qbc,69
50,unif,ptm-J30,dummy-p16qexdq,1
100,ptm,ptm-J30,dummy-p1lv2r4x,71
50,mixture,ptm-J30,dummy-p1tygx5t,67
500,gaussian,ptm-J30,dummy-p27656qn,38
25,unif,ptm-J30,dummy-p2n1qp4t,5
500,ptm,ptm-J30,dummy-p3avix7i,25
100,u-shaped,ptm-J30,dummy-p3nnxvg8,41
50,u-shaped,ptm-J30,dummy-p47duewk,85
50,mixture,ptm-J30,dummy-p4grzs92,61
50,u-shaped,ptm-J30,dummy-p4y0tc7e,66
25,gaussian,ptm-J30,dummy-p6bu6j7g,85
50,mixture,ptm-J30,dummy-p6c5jxjf,78
500,skewnorm,ptm-J30,dummy-p6gr4ctf,49
500,u-shaped,ptm-J30,dummy-p6m6zc0j,22
50,unif,ptm-J30,dummy-p7ez89pl,78
100,u-shaped,ptm-J30,dummy-p7oxp6pl,65
500,mixture,ptm-J30,dummy-p85923x5,25
25,ptm,ptm-J30,dummy-p8teghra,48
100,gaussian,ptm-J30,dummy-p91ma5n6,65
50,unif,ptm-J30,dummy-p9fo1u9v,77
25,mixture,ptm-J30,dummy-p9r4latw,14
25,mixture,ptm-J30,dummy-p9zwi6q3,50
50,ptm,ptm-J30,dummy-paehbupn,19
25,gaussian,ptm-J30,dummy-pavd7ixp,34
25,unif,ptm-J30,dummy-pb1wxbqy,7
25,mixture,ptm-J30,dummy-pb5r606k,85
25,gaussian,ptm-J30,dummy-pbxiovhy,20
500,unif,ptm-J30,dummy-pc6px97l,31
500,ptm,ptm-J30,dummy-pcsb8vkd,45
25,mixture,ptm-J30,dummy-pcyh1r2g,41
100,u-shaped,ptm-J30,dummy-pe1x0jk0,14
500,mixture,ptm-J30,dummy-pehi3n4m,22
25,gaussian,ptm-J30,dummy-peshy3bo,60
25,gaussian,ptm-J30,dummy-pfiahodp,25
50,u-shaped,ptm-J30,dummy-pg1oz5z5,74
100,unif,ptm-J30,dummy-pg3e9qhp,73
100,ptm,ptm-J30,dummy-phbbvuyj,43
50,skewnorm,ptm-J30,dummy-phrgwyad,17
50,u-shaped,ptm-J30,dummy-piyyt9re,35
100,skewnorm,ptm-J30,dummy-pjxy8ae5,2
500,unif,ptm-J30,dummy-pm8skytx,38
500,mixture,ptm-J30,dummy-pmeh4jmy,72
25,unif,ptm-J30,dummy-pmlrsblh,25
100,gaussian,ptm-J30,dummy-pmtol8pt,52
50,u-shaped,ptm-J30,dummy-pocufag5,22
50,unif,ptm-J30,dummy-pp40lzet,29
500,skewnorm,ptm-J30,dummy-ppszve40,60
500,u-shaped,ptm-J30,dummy-ppuwh06o,26
25,skewnorm,ptm-J30,dummy-pqe7uij1,82
25,skewnorm,ptm-J30,dummy-pqj5cx0u,23
50,mixture,ptm-J30,dummy-prufy81e,38
100,ptm,ptm-J30,dummy-psz381yd,65
25,u-shaped,ptm-J30,dummy-ptiep88p,61
25,mixture,ptm-J30,dummy-ptikmy2i,49
25,gaussian,ptm-J30,dummy-pui88xwy,18
50,mixture,ptm-J30,dummy-pwlr0fxl,53
25,mixture,ptm-J30,dummy-pwqp7982,23
100,mixture,ptm-J30,dummy-pxriw1ey,56
25,ptm,ptm-J30,dummy-pydmkmrb,71
50,gaussian,ptm-J30,dummy-pyqguj3x,21
50,gaussian,ptm-J30,dummy-q08gkr5y,28
500,gaussian,ptm-J30,dummy-q0jyu3nf,72
50,gaussian,ptm-J30,dummy-q0my21ce,40
500,gaussian,ptm-J30,dummy-q0xl4780,54
25,gaussian,ptm-J30,dummy-q2m1kvaf,73
500,u-shaped,ptm-J30,dummy-q3vj6vg4,78
25,u-shaped,ptm-J30,dummy-q466zij2,70
100,unif,ptm-J30,dummy-q4opx79e,42
100,skewnorm,ptm-J30,dummy-q4qlgduw,32
25,gaussian,ptm-J30,dummy-q6vtr5iu,68
100,skewnorm,ptm-J30,dummy-q7nryary,46
25,skewnorm,ptm-J30,dummy-q8hzbbdi,48
50,mixture,ptm-J30,dummy-q916sffp,70
500,u-shaped,ptm-J30,dummy-q9bags9k,24
25,ptm,ptm-J30,dummy-q9e10z7n,22
25,unif,ptm-J30,dummy-q9f5zdo1,56
25,skewnorm,ptm-J30,dummy-qa8j1frx,62
500,gaussian,ptm-J30,dummy-qajnj7i7,62
25,ptm,ptm-J30,dummy-qaoygt90,10
100,ptm,ptm-J30,dummy-qdc12yoa,5
500,skewnorm,ptm-J30,dummy-qdjhef5x,68
500,u-shaped,ptm-J30,dummy-qe7lo6f6,8
50,mixture,ptm-J30,dummy-qfzcc5co,31
50,mixture,ptm-J30,dummy-qg5jm2w1,41
100,gaussian,ptm-J30,dummy-qgukw9lz,76
50,mixture,ptm-J30,dummy-qhnamiwf,1
50,unif,ptm-J30,dummy-qhvhumvm,13
25,u-shaped,ptm-J30,dummy-qib6km9z,75
50,u-shaped,ptm-J30,dummy-qiiw6jyk,28
500,mixture,ptm-J30,dummy-qivpdgfz,69
50,unif,ptm-J30,dummy-qjf1etgl,69
25,unif,ptm-J30,dummy-qjp8guua,18
50,unif,ptm-J30,dummy-qk1ijbl5,59
25,unif,ptm-J30,dummy-qk2nup4e,10
500,skewnorm,ptm-J30,dummy-qk351nve,57
50,u-shaped,ptm-J30,dummy-qkaytq7x,21
500,mixture,ptm-J30,dummy-qkgryo9z,27
100,unif,ptm-J30,dummy-qmbrc1ze,36
25,skewnorm,ptm-J30,dummy-qmchcsoo,9
500,gaussian,ptm-J30,dummy-qmvraq30,49
50,mixture,ptm-J30,dummy-qn0303m2,26
500,u-shaped,ptm-J30,dummy-qnkrguxx,76
500,unif,ptm-J30,dummy-qohep26r,57
500,u-shaped,ptm-J30,dummy-qpidcf3l,50
100,ptm,ptm-J30,dummy-qppuzur4,32
50,unif,ptm-J30,dummy-qqjay18k,49
100,unif,ptm-J30,dummy-qqqqlqw7,79
50,skewnorm,ptm-J30,dummy-qreomy5z,5
500,skewnorm,ptm-J30,dummy-qsruvv5s,35
25,unif,ptm-J30,dummy-qt67kcia,23
500,u-shaped,ptm-J30,dummy-quvk5aga,64
50,ptm,ptm-J30,dummy-qv54689r,69
100,u-shaped,ptm-J30,dummy-qw1ek7lw,82
500,unif,ptm-J30,dummy-qwdlr2j2,81
500,ptm,ptm-J30,dummy-qwis5rbk,17
25,ptm,ptm-J30,dummy-qwjr11be,31
50,mixture,ptm-J30,dummy-qx8veeux,68
500,gaussian,ptm-J30,dummy-qyym8lvw,27
25,mixture,ptm-J30,dummy-qzdo6l5a,62
25,mixture,ptm-J30,dummy-qzjjkw9v,34
100,skewnorm,ptm-J30,dummy-qzumhsvf,62
25,skewnorm,ptm-J30,dummy-r067p301,61
100,gaussian,ptm-J30,dummy-r0j7dacc,64
100,skewnorm,ptm-J30,dummy-r24ga678,3
100,mixture,ptm-J30,dummy-r419eln3,46
50,u-shaped,ptm-J30,dummy-r5xtgpwf,8
25,mixture,ptm-J30,dummy-r6qfrxr8,59
25,u-shaped,ptm-J30,dummy-r8jhfkh5,65
50,mixture,ptm-J30,dummy-r8n1hnsb,10
50,ptm,ptm-J30,dummy-ra47du57,42
100,gaussian,ptm-J30,dummy-ra9dnxjm,16
100,mixture,ptm-J30,dummy-rbepg6q5,36
25,gaussian,ptm-J30,dummy-rbhdnz5a,7
25,skewnorm,ptm-J30,dummy-rbr1loap,57
100,mixture,ptm-J30,dummy-rceeq6o2,29
50,u-shaped,ptm-J30,dummy-rcm8gk97,56
500,ptm,ptm-J30,dummy-rdgk50vm,22
25,skewnorm,ptm-J30,dummy-rdk8brna,3
25,ptm,ptm-J30,dummy-rdoxmpiz,61
50,ptm,ptm-J30,dummy-re3n5np5,70
50,skewnorm,ptm-J30,dummy-re9219uu,61
500,mixture,ptm-J30,dummy-rehkcl85,33
25,skewnorm,ptm-J30,dummy-remd69q5,75
50,ptm,ptm-J30,dummy-remjz6tu,28
25,ptm,ptm-J30,dummy-rh13h42k,27
100,skewnorm,ptm-J30,dummy-rhqbn0hx,80
500,ptm,ptm-J30,dummy-rhugmq7r,38
50,ptm,ptm-J30,dummy-rib5mz9y,41
50,u-shaped,ptm-J30,dummy-rk13font,33
50,unif,ptm-J30,dummy-rl55c5d3,12
25,gaussian,ptm-J30,dummy-rlkbhlkl,64
100,mixture,ptm-J30,dummy-rm1c585u,71
100,mixture,ptm-J30,dummy-ro57a3pa,52
500,ptm,ptm-J30,dummy-rog4ygg8,78
500,gaussian,ptm-J30,dummy-rozvfavl,18
25,ptm,ptm-J30,dummy-rpwy7kbk,36
500,ptm,ptm-J30,dummy-rq9xz3xw,74
50,skewnorm,ptm-J30,dummy-rqc8l2bz,11
500,mixture,ptm-J30,dummy-rr7yr79j,3
500,skewnorm,ptm-J30,dummy-rsq7jvqi,5
500,mixture,ptm-J30,dummy-rss6ozod,80
100,mixture,ptm-J30,dummy-rsz786va,80
25,u-shaped,ptm-J30,dummy-rtahyl7l,42
25,mixture,ptm-J30,dummy-rtb1jm2v,17
500,gaussian,ptm-J30,dummy-rtbet4ke,84
100,ptm,ptm-J30,dummy-rtmvn3hg,13
50,skewnorm,ptm-J30,dummy-ruay2y0d,62
25,mixture,ptm-J30,dummy-rvvt0wqq,86
100,ptm,ptm-J30,dummy-rw99oixz,7
50,mixture,ptm-J30,dummy-rx0p1ym1,56
50,u-shaped,ptm-J30,dummy-rx66ylcw,19
500,gaussian,ptm-J30,dummy-rxjfx6nk,20
500,gaussian,ptm-J30,dummy-rxmtloj7,44
25,gaussian,ptm-J30,dummy-ry5n2epj,81
50,gaussian,ptm-J30,dummy-ryexfsb8,69
25,ptm,ptm-J30,dummy-ryhm8t9q,78
50,skewnorm,ptm-J30,dummy-ryo228po,34
25,mixture,ptm-J30,dummy-ryzieiju,81
100,ptm,ptm-J30,dummy-s0c5uxtg,25
50,skewnorm,ptm-J30,dummy-s0ke78i3,74
500,skewnorm,ptm-J30,dummy-s23ramyf,82
50,skewnorm,ptm-J30,dummy-s2at00nw,4
50,unif,ptm-J30,dummy-s304i2f4,30
500,skewnorm,ptm-J30,dummy-s4raora3,6
25,skewnorm,ptm-J30,dummy-s53c2x5o,31
500,u-shaped,ptm-J30,dummy-s5eytcyx,4
50,mixture,ptm-J30,dummy-s5mq7qdx,18
100,skewnorm,ptm-J30,dummy-s5nq21h3,33
25,skewnorm,ptm-J30,dummy-s5yn3stw,26
100,u-shaped,ptm-J30,dummy-s6f33wfp,38
50,gaussian,ptm-J30,dummy-s854peo0,23
25,mixture,ptm-J30,dummy-s9thm4ce,69
50,mixture,ptm-J30,dummy-s9z31px2,84
500,u-shaped,ptm-J30,dummy-sbn8ecp7,19
100,ptm,ptm-J30,dummy-scj6wlzl,37
25,gaussian,ptm-J30,dummy-scwlyaw7,19
25,mixture,ptm-J30,dummy-sdf2f4x9,38
50,unif,ptm-J30,dummy-se4mp3m7,34
50,unif,ptm-J30,dummy-sgo322b5,80
500,skewnorm,ptm-J30,dummy-sgs5d25m,29
100,skewnorm,ptm-J30,dummy-sh5hywty,18
500,gaussian,ptm-J30,dummy-sh9g3a7n,63
50,mixture,ptm-J30,dummy-shz98ygs,2
100,gaussian,ptm-J30,dummy-siiub7di,19
500,gaussian,ptm-J30,dummy-sion2iwp,12
25,skewnorm,ptm-J30,dummy-siw3uyjv,10
100,u-shaped,ptm-J30,dummy-sju5ddc6,15
25,skewnorm,ptm-J30,dummy-sjzdurf2,70
100,gaussian,ptm-J30,dummy-sksilkx0,44
25,u-shaped,ptm-J30,dummy-sl2f60yq,55
25,ptm,ptm-J30,dummy-sn442sw4,3
50,gaussian,ptm-J30,dummy-sn537wi7,44
100,u-shaped,ptm-J30,dummy-so6lolp6,36
50,u-shaped,ptm-J30,dummy-sojmisge,13
100,ptm,ptm-J30,dummy-sp0d3zx2,11
100,skewnorm,ptm-J30,dummy-sralutid,36
25,unif,ptm-J30,dummy-srez4qbr,40
25,u-shaped,ptm-J30,dummy-ss8dyyy7,40
100,ptm,ptm-J30,dummy-ssfm9rgl,15
500,u-shaped,ptm-J30,dummy-sskcje2m,42
25,unif,ptm-J30,dummy-ssx33dml,71
50,ptm,ptm-J30,dummy-st3hbfsz,73
25,ptm,ptm-J30,dummy-stkc7uup,26
100,mixture,ptm-J30,dummy-stow8qgf,74
25,u-shaped,ptm-J30,dummy-sulgbqwr,50
500,unif,ptm-J30,dummy-supg07ml,43
25,u-shaped,ptm-J30,dummy-sw1bukk7,12
25,gaussian,ptm-J30,dummy-swggnspe,11
100,mixture,ptm-J30,dummy-swgqqz1c,51
25,ptm,ptm-J30,dummy-swx26olu,5
25,mixture,ptm-J30,dummy-sxe2gsvg,18
500,ptm,ptm-J30,dummy-sxmldka1,1
25,gaussian,ptm-J30,dummy-syuoh0b2,58
50,ptm,ptm-J30,dummy-szix4m8h,63
50,unif,ptm-J30,dummy-t0cdc82p,32
25,skewnorm,ptm-J30,dummy-t0r1kes1,14
100,unif,ptm-J30,dummy-t0twbb38,27
25,ptm,ptm-J30,dummy-t0unlddf,24
100,unif,ptm-J30,dummy-t2e5yrth,48
100,ptm,ptm-J30,dummy-t2ylzlwf,78
50,gaussian,ptm-J30,dummy-t36suubv,78
50,skewnorm,ptm-J30,dummy-t39klzp7,24
100,skewnorm,ptm-J30,dummy-t3zsk374,39
25,gaussian,ptm-J30,dummy-t4ok6due,50
100,mixture,ptm-J30,dummy-t633i22p,14
50,ptm,ptm-J30,dummy-t72v5wrs,26
25,ptm,ptm-J30,dummy-t7g3hkaf,75
500,skewnorm,ptm-J30,dummy-t7o61qe0,39
100,ptm,ptm-J30,dummy-t7uzi659,35
25,gaussian,ptm-J30,dummy-t9og7rnf,71
50,u-shaped,ptm-J30,dummy-tbpyxdjb,12
500,skewnorm,ptm-J30,dummy-tdyve4z6,75
100,unif,ptm-J30,dummy-tdzvawjg,37
50,mixture,ptm-J30,dummy-te5hveb2,14
25,ptm,ptm-J30,dummy-te7k4xj2,80
500,mixture,ptm-J30,dummy-tekzsnu7,77
50,u-shaped,ptm-J30,dummy-tevzd6hx,58
500,unif,ptm-J30,dummy-tf74mcav,10
500,ptm,ptm-J30,dummy-tfc0glip,48
100,gaussian,ptm-J30,dummy-tfrzjlb5,39
25,mixture,ptm-J30,dummy-thfi1gvn,52
50,mixture,ptm-J30,dummy-tjbgr22z,19
50,ptm,ptm-J30,dummy-tkvyelm3,66
25,gaussian,ptm-J30,dummy-tkx3i656,78
100,ptm,ptm-J30,dummy-tmnqqi60,12
25,u-shaped,ptm-J30,dummy-tmtnedue,51
100,u-shaped,ptm-J30,dummy-tmzd2gbd,23
500,unif,ptm-J30,dummy-tn4h9s2f,84
500,gaussian,ptm-J30,dummy-tnwk8yb8,77
100,skewnorm,ptm-J30,dummy-tp5tmbul,54
25,skewnorm,ptm-J30,dummy-tpngmu57,12
50,mixture,ptm-J30,dummy-tqfhfstl,46
500,skewnorm,ptm-J30,dummy-tr64a6us,84
500,u-shaped,ptm-J30,dummy-tr7ixinn,37
25,u-shaped,ptm-J30,dummy-trbyl0cj,7
100,skewnorm,ptm-J30,dummy-tsux0mc6,82
50,u-shaped,ptm-J30,dummy-tsxz7qce,61
100,mixture,ptm-J30,dummy-ttb5jv05,31
25,unif,ptm-J30,dummy-tu5qx0wo,49
100,gaussian,ptm-J30,dummy-tuw800md,23
50,ptm,ptm-J30,dummy-tv5tk0dv,82
500,mixture,ptm-J30,dummy-tvpjx22e,58
25,skewnorm,ptm-J30,dummy-twhsilox,58
25,u-shaped,ptm-J30,dummy-ty7kcb6f,35
25,mixture,ptm-J30,dummy-typ97lbg,10
100,skewnorm,ptm-J30,dummy-tzyf2b8o,15
50,ptm,ptm-J30,dummy-u07sgmjs,40
500,ptm,ptm-J30,dummy-u0cgsbt3,23
50,ptm,ptm-J30,dummy-u0j2i45j,33
500,mixture,ptm-J30,dummy-u0j9inw5,19
25,gaussian,ptm-J30,dummy-u2w3ncdg,47
500,unif,ptm-J30,dummy-u56irbyn,26
100,gaussian,ptm-J30,dummy-u59o38wb,24
500,unif,ptm-J30,dummy-u5ars264,56
25,ptm,ptm-J30,dummy-u5v5wrk2,15
25,mixture,ptm-J30,dummy-u668d89a,30
500,unif,ptm-J30,dummy-u7v42pq2,4
500,gaussian,ptm-J30,dummy-u9m3ft7x,47
500,unif,ptm-J30,dummy-u9n40lwb,66
100,gaussian,ptm-J30,dummy-ua4vty70,40
100,skewnorm,ptm-J30,dummy-uahjuweu,41
100,u-shaped,ptm-J30,dummy-ubmpl2u2,73
25,u-shaped,ptm-J30,dummy-ucjfsihc,78
50,ptm,ptm-J30,dummy-udldev5f,11
100,u-shaped,ptm-J30,dummy-udsbjq0f,2
500,ptm,ptm-J30,dummy-ue3oz51r,13
50,u-shaped,ptm-J30,dummy-uekyyb2c,84
500,unif,ptm-J30,dummy-uepkgt4a,68
500,ptm,ptm-J30,dummy-ug6ss9r9,2
100,skewnorm,ptm-J30,dummy-ug8osb4b,25
50,gaussian,ptm-J30,dummy-uj9a9vxa,51
100,gaussian,ptm-J30,dummy-uk8b51mc,22
25,mixture,ptm-J30,dummy-ukzh91ft,75
100,mixture,ptm-J30,dummy-ulr3z31p,10
25,gaussian,ptm-J30,dummy-umvgkxzv,62
25,mixture,ptm-J30,dummy-unfksd6d,78
25,ptm,ptm-J30,dummy-unh2y14g,7
50,mixture,ptm-J30,dummy-unl5wclr,55
100,mixture,ptm-J30,dummy-uo9kvo57,79
50,ptm,ptm-J30,dummy-uohitcl4,80
500,ptm,ptm-J30,dummy-uox8cqc9,19
25,u-shaped,ptm-J30,dummy-up4jhfcy,36
100,gaussian,ptm-J30,dummy-uq58thsk,84
500,mixture,ptm-J30,dummy-uvgiasma,10
100,mixture,ptm-J30,dummy-uvt8cn8j,24
500,ptm,ptm-J30,dummy-ux5t2day,67
500,ptm,ptm-J30,dummy-uxb0yvhn,70
25,u-shaped,ptm-J30,dummy-uxk8l93o,17
500,u-shaped,ptm-J30,dummy-uy2p8cas,29
100,gaussian,ptm-J30,dummy-uyw1lo3d,36
500,mixture,ptm-J30,dummy-v01wne2i,64
25,mixture,ptm-J30,dummy-v12nydgv,63
500,mixture,ptm-J30,dummy-v1gpqe5w,57
25,skewnorm,ptm-J30,dummy-v1he7dmx,16
25,gaussian,ptm-J30,dummy-v258ny1y,8
25,mixture,ptm-J30,dummy-v26nu4z1,39
50,gaussian,ptm-J30,dummy-v278q2z9,82
50,mixture,ptm-J30,dummy-v42vpfup,30
100,u-shaped,ptm-J30,dummy-v5cbvu14,30
25,ptm,ptm-J30,dummy-v60nq6gx,40
50,ptm,ptm-J30,dummy-v6gj435o,13
100,gaussian,ptm-J30,dummy-v6jrxq3c,55
100,unif,ptm-J30,dummy-v6s8y4su,65
25,mixture,ptm-J30,dummy-v7d8lsuv,3
50,u-shaped,ptm-J30,dummy-v7fdblhw,16
25,u-shaped,ptm-J30,dummy-v7x76q9d,19
500,gaussian,ptm-J30,dummy-v8n1ze0a,24
50,gaussian,ptm-J30,dummy-va1xeyyz,31
25,ptm,ptm-J30,dummy-va74y5q8,38
100,ptm,ptm-J30,dummy-vcgjgld5,24
100,gaussian,ptm-J30,dummy-vct9dvyt,77
100,ptm,ptm-J30,dummy-vdbkrwmf,18
500,u-shaped,ptm-J30,dummy-vek0j2dc,2
500,gaussian,ptm-J30,dummy-veubzj73,70
50,ptm,ptm-J30,dummy-vi7njm2u,47
25,gaussian,ptm-J30,dummy-vibd1tw4,38
500,mixture,ptm-J30,dummy-vj4vqt3h,36
500,gaussian,ptm-J30,dummy-vjerqu46,73
100,u-shaped,ptm-J30,dummy-vkhgyq95,74
100,mixture,ptm-J30,dummy-vkye39y1,19
500,u-shaped,ptm-J30,dummy-vkzp2348,58
500,gaussian,ptm-J30,dummy-vlskcx11,25
50,u-shaped,ptm-J30,dummy-vmbmqguw,77
100,mixture,ptm-J30,dummy-vn0hwhb0,3
100,u-shaped,ptm-J30,dummy-vn3nwd81,6
50,gaussian,ptm-J30,dummy-vn9atxed,72
100,unif,ptm-J30,dummy-vngiepsj,78
100,mixture,ptm-J30,dummy-vofryvg8,16
50,skewnorm,ptm-J30,dummy-vp8m14tg,23
500,ptm,ptm-J30,dummy-vpdcfug5,30
500,skewnorm,ptm-J30,dummy-vqdgre5a,11
100,unif,ptm-J30,dummy-vqz6fbs2,20
100,u-shaped,ptm-J30,dummy-vr7z6mu7,77
500,gaussian,ptm-J30,dummy-vrvwfuq3,26
100,unif,ptm-J30,dummy-vspdgaxg,56
100,ptm,ptm-J30,dummy-vtdtxm3e,29
100,ptm,ptm-J30,dummy-vtja1g9x,73
100,mixture,ptm-J30,dummy-vu0p3shd,35
500,unif,ptm-J30,dummy-vudvldzb,34
500,skewnorm,ptm-J30,dummy-vuqg37fm,40
500,ptm,ptm-J30,dummy-vuztvstg,81
100,mixture,ptm-J30,dummy-vwwwpgy9,4
100,mixture,ptm-J30,dummy-vy54uuqo,33
25,skewnorm,ptm-J30,dummy-vz3ksvlv,74
500,ptm,ptm-J30,dummy-w06wpb9b,44
50,skewnorm,ptm-J30,dummy-w0gh32tj,33
50,u-shaped,ptm-J30,dummy-w0h6tvk8,83
500,skewnorm,ptm-J30,dummy-w1uu42bj,50
100,skewnorm,ptm-J30,dummy-w2qi29nu,58
500,skewnorm,ptm-J30,dummy-w2tuaw7p,37
100,skewnorm,ptm-J30,dummy-w31s2l6a,19
50,unif,ptm-J30,dummy-w422y36p,21
50,ptm,ptm-J30,dummy-w44q2pjt,36
50,ptm,ptm-J30,dummy-w4fdg5vw,53
500,mixture,ptm-J30,dummy-w5nm0511,75
50,u-shaped,ptm-J30,dummy-w65v8mhl,18
100,unif,ptm-J30,dummy-w6d6cwhl,43
500,ptm,ptm-J30,dummy-w7nvqskr,59
500,u-shaped,ptm-J30,dummy-w80jq8nw,83
500,skewnorm,ptm-J30,dummy-w9lz9jgj,23
25,unif,ptm-J30,dummy-wb0qkuxz,8
25,unif,ptm-J30,dummy-wb252wt9,20
100,skewnorm,ptm-J30,dummy-wb4dlb8d,30
500,mixture,ptm-J30,dummy-wbgkk83o,61
100,ptm,ptm-J30,dummy-wc70zru2,16
25,ptm,ptm-J30,dummy-wcct6t1g,45
500,mixture,ptm-J30,dummy-wdocgtij,84
50,skewnorm,ptm-J30,dummy-wdzif3ms,53
100,mixture,ptm-J30,dummy-wf2ajyt9,47
50,u-shaped,ptm-J30,dummy-wgnyi7f5,53
25,skewnorm,ptm-J30,dummy-wgvzy9fb,73
500,mixture,ptm-J30,dummy-whbzqjpi,14
25,ptm,ptm-J30,dummy-witn2ggx,28
500,gaussian,ptm-J30,dummy-wiv5mirz,29
500,gaussian,ptm-J30,dummy-wja4e52h,67
500,mixture,ptm-J30,dummy-wkiivc08,53
50,ptm,ptm-J30,dummy-wl1k1bau,50
100,gaussian,ptm-J30,dummy-wlr8lxjb,70
25,unif,ptm-J30,dummy-wlrl1xy9,74
100,skewnorm,ptm-J30,dummy-wm79xfzr,84
50,ptm,ptm-J30,dummy-wmgodpgb,4
100,skewnorm,ptm-J30,dummy-wmivqkzj,4
25,ptm,ptm-J30,dummy-wn12x9hw,58
500,u-shaped,ptm-J30,dummy-wntch5jf,52
50,unif,ptm-J30,dummy-wnwweed2,70
50,gaussian,ptm-J30,dummy-woz2oicc,33
25,gaussian,ptm-J30,dummy-wpmrjj9w,35
100,unif,ptm-J30,dummy-wqp9ccs8,80
100,unif,ptm-J30,dummy-wr6duqjk,46
25,ptm,ptm-J30,dummy-wrgsb2cv,6
500,gaussian,ptm-J30,dummy-wsjp5txf,58
25,unif,ptm-J30,dummy-wtdts32c,16
500,mixture,ptm-J30,dummy-wv9uapvu,66
25,gaussian,ptm-J30,dummy-wvc3ds1w,24
50,unif,ptm-J30,dummy-wvchf5tc,48
25,unif,ptm-J30,dummy-wvfga7wf,54
100,skewnorm,ptm-J30,dummy-wvjk7pm8,75
500,mixture,ptm-J30,dummy-wvqmrkdp,2
500,unif,ptm-J30,dummy-ww8mczo1,8
50,mixture,ptm-J30,dummy-wx0tv0gn,44
50,skewnorm,ptm-J30,dummy-wxxzhgdk,45
500,unif,ptm-J30,dummy-wxy1afbx,35
50,skewnorm,ptm-J30,dummy-wy4la3h2,56
100,mixture,ptm-J30,dummy-x00brzat,23
50,u-shaped,ptm-J30,dummy-x0sggatw,44
50,ptm,ptm-J30,dummy-x19d84mj,59
500,ptm,ptm-J30,dummy-x1igtmja,55
500,ptm,ptm-J30,dummy-x1m1z8wo,82
25,ptm,ptm-J30,dummy-x1ngysxx,68
500,ptm,ptm-J30,dummy-x2eeca9a,61
100,ptm,ptm-J30,dummy-x2kvk0wq,1
100,skewnorm,ptm-J30,dummy-x3pow48v,21
500,skewnorm,ptm-J30,dummy-x5ixtyd9,52
500,skewnorm,ptm-J30,dummy-x5whqdq2,56
500,gaussian,ptm-J30,dummy-x6rzke7h,46
25,u-shaped,ptm-J30,dummy-x73lfl8l,58
25,gaussian,ptm-J30,dummy-x8od6h9i,21
500,ptm,ptm-J30,dummy-xa4a1jb3,11
500,unif,ptm-J30,dummy-xa6db6ig,61
50,mixture,ptm-J30,dummy-xacf1nat,33
100,skewnorm,ptm-J30,dummy-xbgqby7t,45
25,ptm,ptm-J30,dummy-xbjr3emq,35
50,unif,ptm-J30,dummy-xbrkjtys,81
25,skewnorm,ptm-J30,dummy-xcvd8kpn,15
25,mixture,ptm-J30,dummy-xd8rfawa,36
500,skewnorm,ptm-J30,dummy-xgtq5onw,58
100,gaussian,ptm-J30,dummy-xgv2l8uo,18
500,gaussian,ptm-J30,dummy-xgvtp6zo,6
500,skewnorm,ptm-J30,dummy-xgwmwqqt,8
25,ptm,ptm-J30,dummy-xjgu87rt,67
500,ptm,ptm-J30,dummy-xkgy3dug,32
100,unif,ptm-J30,dummy-xkniiu42,67
100,u-shaped,ptm-J30,dummy-xm8tk4by,8
50,mixture,ptm-J30,dummy-xn3rm415,63
100,mixture,ptm-J30,dummy-xn5r6m94,62
50,unif,ptm-J30,dummy-xn6capa9,46
100,unif,ptm-J30,dummy-xni4za09,33
25,mixture,ptm-J30,dummy-xo2n44ax,79
100,gaussian,ptm-J30,dummy-xph58guk,8
500,gaussian,ptm-J30,dummy-xrliayxk,41
50,u-shaped,ptm-J30,dummy-xrp54k3s,7
25,unif,ptm-J30,dummy-xrvxed32,11
500,unif,ptm-J30,dummy-xtc2qlki,73
50,mixture,ptm-J30,dummy-xtpxnjtf,57
25,skewnorm,ptm-J30,dummy-xttzgpo2,77
100,ptm,ptm-J30,dummy-xtwrlcaz,81
50,ptm,ptm-J30,dummy-xuhkbn94,85
25,unif,ptm-J30,dummy-xwdqbgyy,13
100,ptm,ptm-J30,dummy-xwrvwecv,20
100,skewnorm,ptm-J30,dummy-xxglvmpi,34
100,skewnorm,ptm-J30,dummy-xyxwxxbv,76
500,ptm,ptm-J30,dummy-xzp4g7bb,16
100,mixture,ptm-J30,dummy-y0axh4z2,41
25,skewnorm,ptm-J30,dummy-y2g051pj,4
25,gaussian,ptm-J30,dummy-y37wwcez,80
25,mixture,ptm-J30,dummy-y3yyxn5n,73
25,unif,ptm-J30,dummy-y4zf1lev,43
50,ptm,ptm-J30,dummy-y5e54v0s,51
50,u-shaped,ptm-J30,dummy-y5fuvkf2,5
50,unif,ptm-J30,dummy-y5r7fufn,50
50,mixture,ptm-J30,dummy-y5sgcy9m,75
100,unif,ptm-J30,dummy-y5yya3hi,58
100,unif,ptm-J30,dummy-y62919u0,83
500,skewnorm,ptm-J30,dummy-y63uhhay,43
100,unif,ptm-J30,dummy-y85cf7g1,55
50,skewnorm,ptm-J30,dummy-y8uppuqr,16
50,gaussian,ptm-J30,dummy-yacj929n,71
100,skewnorm,ptm-J30,dummy-yarf25fe,7
25,u-shaped,ptm-J30,dummy-yau2gf8y,45
100,mixture,ptm-J30,dummy-ybc9qq0a,48
25,gaussian,ptm-J30,dummy-ybga8xb3,3
100,ptm,ptm-J30,dummy-yd7ia7tb,52
100,ptm,ptm-J30,dummy-yer8stam,2
500,gaussian,ptm-J30,dummy-yfxaujhw,34
50,skewnorm,ptm-J30,dummy-ygpcrc3o,36
50,ptm,ptm-J30,dummy-yh2teigy,72
100,skewnorm,ptm-J30,dummy-yhhbp4cv,42
50,unif,ptm-J30,dummy-yin7fu5p,72
25,skewnorm,ptm-J30,dummy-yj54qtdk,81
100,gaussian,ptm-J30,dummy-yn1goz2u,85
50,u-shaped,ptm-J30,dummy-yok5hbas,47
25,skewnorm,ptm-J30,dummy-ypieyer8,22
25,skewnorm,ptm-J30,dummy-yqd80i9f,68
500,unif,ptm-J30,dummy-yqi8is5w,85
500,unif,ptm-J30,dummy-yqxl87yp,6
25,unif,ptm-J30,dummy-yrjc15al,2
500,unif,ptm-J30,dummy-ys8083i1,49
50,gaussian,ptm-J30,dummy-yshzq6ez,79
500,skewnorm,ptm-J30,dummy-ysjvt3ov,17
500,mixture,ptm-J30,dummy-ysonzwv0,79
500,gaussian,ptm-J30,dummy-yswoy8dp,13
50,gaussian,ptm-J30,dummy-ytilrark,80
50,unif,ptm-J30,dummy-yutvmur3,53
100,mixture,ptm-J30,dummy-ywjloos7,53
500,ptm,ptm-J30,dummy-ywnwsp0b,21
500,skewnorm,ptm-J30,dummy-ywt0b53x,62
50,gaussian,ptm-J30,dummy-yx6wwt6r,5
500,gaussian,ptm-J30,dummy-yxr7ven3,43
50,u-shaped,ptm-J30,dummy-yy8b8jps,79
500,mixture,ptm-J30,dummy-yynkpn3p,65
500,gaussian,ptm-J30,dummy-yyzcdr50,57
50,unif,ptm-J30,dummy-yzet48u3,9
50,ptm,ptm-J30,dummy-yzmow9dt,65
50,unif,ptm-J30,dummy-z0z82cnr,37
50,gaussian,ptm-J30,dummy-z1a4mcuc,15
50,u-shaped,ptm-J30,dummy-z1iex08j,59
100,unif,ptm-J30,dummy-z2brvr3e,81
50,skewnorm,ptm-J30,dummy-z2zpfhrr,40
50,ptm,ptm-J30,dummy-z3gmi4n9,84
500,ptm,ptm-J30,dummy-z3j1eisa,58
50,skewnorm,ptm-J30,dummy-z3w9zcf3,7
25,mixture,ptm-J30,dummy-z50m9a3u,21
25,skewnorm,ptm-J30,dummy-z5soe6bs,59
100,skewnorm,ptm-J30,dummy-z5xr3j41,71
100,mixture,ptm-J30,dummy-z5xwdz1x,70
50,skewnorm,ptm-J30,dummy-z5z47wls,12
25,ptm,ptm-J30,dummy-z62u132e,13
25,mixture,ptm-J30,dummy-z6y2o0yq,9
100,ptm,ptm-J30,dummy-z7hlkg6z,80
25,u-shaped,ptm-J30,dummy-z7uwtjka,57
500,mixture,ptm-J30,dummy-z8g6ynfq,39
100,gaussian,ptm-J30,dummy-z8nyi2ki,60
100,gaussian,ptm-J30,dummy-z94y27qk,2
25,skewnorm,ptm-J30,dummy-z9rdo87m,54
25,ptm,ptm-J30,dummy-za0c6m1h,50
100,unif,ptm-J30,dummy-za7aq5nx,47
100,unif,ptm-J30,dummy-zat1c2c8,66
25,unif,ptm-J30,dummy-zb54nop6,6
500,unif,ptm-J30,dummy-zbdlmhwd,74
50,skewnorm,ptm-J30,dummy-zcu8j2uy,63
100,mixture,ptm-J30,dummy-zcue5zit,84
100,mixture,ptm-J30,dummy-zd346yv3,58
100,unif,ptm-J30,dummy-zdq78ppq,41
25,mixture,ptm-J30,dummy-ze1nr3ik,8
50,gaussian,ptm-J30,dummy-ze56cn3i,22
500,ptm,ptm-J30,dummy-ze65mn0a,42
25,u-shaped,ptm-J30,dummy-zefxa7et,56
100,ptm,ptm-J30,dummy-zfj4rtiu,67
25,u-shaped,ptm-J30,dummy-zgkq9u3w,21
25,unif,ptm-J30,dummy-zhe8tqgq,76
25,gaussian,ptm-J30,dummy-zhhzov7o,51
25,gaussian,ptm-J30,dummy-zhw8kp1v,79
500,mixture,ptm-J30,dummy-zin7rn1e,38
100,gaussian,ptm-J30,dummy-zioq2etd,80
50,u-shaped,ptm-J30,dummy-zjqwqi8v,57
50,unif,ptm-J30,dummy-zju2bcas,47
100,skewnorm,ptm-J30,dummy-zjx2nk72,81
500,u-shaped,ptm-J30,dummy-zkla1i5q,69
500,ptm,ptm-J30,dummy-zlmestza,73
100,gaussian,ptm-J30,dummy-zmblnqu4,9
25,ptm,ptm-J30,dummy-zmbnepi5,59
500,mixture,ptm-J30,dummy-zmfzwt02,8
500,gaussian,ptm-J30,dummy-zn3ffypo,37
50,mixture,ptm-J30,dummy-znk8qxls,54
50,unif,ptm-J30,dummy-zovhk37z,24
500,gaussian,ptm-J30,dummy-zphvo56w,53
25,u-shaped,ptm-J30,dummy-zq3t9khw,73
25,skewnorm,ptm-J30,dummy-zrziyln5,5
100,mixture,ptm-J30,dummy-zs8kad8x,20
100,gaussian,ptm-J30,dummy-zskk3s1d,46
500,mixture,ptm-J30,dummy-zt44gg4l,55
50,u-shaped,ptm-J30,dummy-zthbjsnl,1
25,ptm,ptm-J30,dummy-ztphkj57,39
50,u-shaped,ptm-J30,dummy-ztyv5909,23
500,mixture,ptm-J30,dummy-zud3nl0y,32
100,gaussian,ptm-J30,dummy-zurb33r1,43
50,mixture,ptm-J30,dummy-zvie7pll,27
500,skewnorm,ptm-J30,dummy-zvvlpepb,13
100,unif,ptm-J30,dummy-zwkfn6pn,82
100,unif,ptm-J30,dummy-zwmyt3wi,50
50,unif,ptm-J30,dummy-zwt6fpld,85
100,ptm,ptm-J30,dummy-zx01wgqa,57
500,ptm,ptm-J30,dummy-zxr70phl,15
100,ptm,ptm-J30,dummy-zxyvtx92,4
500,skewnorm,ptm-J30,dummy-zy12e8ss,22
50,gaussian,ptm-J30,dummy-zy1687ql,20
25,unif,ptm-J30,dummy-zyc3w59n,26
100,u-shaped,ptm-J30,dummy-zz2eobzw,61
25,gaussian,ptm-J30,dummy-zz2zlan9,56
100,ptm,ptm-J30,dummy-zzcdxxbt,8
