kld_test,mad_test,run,in_hdi_cdf,in_hdi_prob,in_ci_cdf,in_ci_prob,width_hdi_cdf,width_hdi_prob,width_ci_cdf,width_ci_prob
0.01547839989490077,0.02670523621654998,dummy-000kltpi,NA,NA,NA,NA,NA,NA,NA,NA
0.20580075605988504,0.03089987878665523,dummy-00cqv4pk,NA,NA,NA,NA,NA,NA,NA,NA
0.08748900218575527,0.0595622632877931,dummy-00jij9dz,NA,NA,NA,NA,NA,NA,NA,NA
0.02547748767372327,0.01865866636369363,dummy-00yziisg,NA,NA,NA,NA,NA,NA,NA,NA
0.00808342517042707,0.0216954839275699,dummy-01kug0kc,NA,NA,NA,NA,NA,NA,NA,NA
0.03817426547766378,0.05352109092404612,dummy-01tblfht,NA,NA,NA,NA,NA,NA,NA,NA
0.06699515716778028,0.08003055634938377,dummy-01tdjukh,NA,NA,NA,NA,NA,NA,NA,NA
0.03233843085529812,0.04261896990170228,dummy-028unrcd,NA,NA,NA,NA,NA,NA,NA,NA
0.0036138076727665,0.01196845109476126,dummy-02hzwrcj,NA,NA,NA,NA,NA,NA,NA,NA
0.07692761787520501,0.05479488802152413,dummy-02klltb4,NA,NA,NA,NA,NA,NA,NA,NA
0.02335481376046637,0.04600614581510395,dummy-02n1rfu5,NA,NA,NA,NA,NA,NA,NA,NA
0.05103310623306,0.01990370309451259,dummy-02ultb5e,NA,NA,NA,NA,NA,NA,NA,NA
0.0347876086319818,0.03846928137590656,dummy-02v4nsku,NA,NA,NA,NA,NA,NA,NA,NA
0.1751575492172303,0.10238783870829106,dummy-02yoxd5q,NA,NA,NA,NA,NA,NA,NA,NA
0.02057261952764181,0.036021086970591,dummy-033uy5fl,NA,NA,NA,NA,NA,NA,NA,NA
0.05827582618911951,0.06380156858851761,dummy-03f3t0gt,NA,NA,NA,NA,NA,NA,NA,NA
0.05040453239028111,0.05325842579700611,dummy-03fxkto6,NA,NA,NA,NA,NA,NA,NA,NA
0.14647357983564935,0.01782632811177643,dummy-03nciyz0,NA,NA,NA,NA,NA,NA,NA,NA
0.05831235531288714,0.03383393609713503,dummy-03zpuky5,NA,NA,NA,NA,NA,NA,NA,NA
0.17298945223628492,0.05963736010332465,dummy-041jfo38,NA,NA,NA,NA,NA,NA,NA,NA
0.06187046978317441,0.03616574585425356,dummy-047andk7,NA,NA,NA,NA,NA,NA,NA,NA
0.00778924634346393,0.01366622967513179,dummy-04824crt,NA,NA,NA,NA,NA,NA,NA,NA
0.12356221863680944,0.05815417802301981,dummy-04h4w67o,NA,NA,NA,NA,NA,NA,NA,NA
0.00962868982851019,0.02434374158137908,dummy-04odh54s,NA,NA,NA,NA,NA,NA,NA,NA
0.19850166716699855,0.077194333964753,dummy-0553zbvr,NA,NA,NA,NA,NA,NA,NA,NA
0.01138660762608983,0.02049947807850581,dummy-06ntn84t,NA,NA,NA,NA,NA,NA,NA,NA
0.02493378111807801,0.01876828251434529,dummy-06u4ilsv,NA,NA,NA,NA,NA,NA,NA,NA
0.017121047996272,0.01461151360792614,dummy-06wsmy36,NA,NA,NA,NA,NA,NA,NA,NA
0.14876478288828804,0.05492110147618376,dummy-06yt0crk,NA,NA,NA,NA,NA,NA,NA,NA
0.03241883438351886,0.04550903677541077,dummy-071n4hy8,NA,NA,NA,NA,NA,NA,NA,NA
0.10637577054490352,0.07611169152098507,dummy-07azybna,NA,NA,NA,NA,NA,NA,NA,NA
0.19861550910253695,0.05226364882752192,dummy-07czowyp,NA,NA,NA,NA,NA,NA,NA,NA
0.02683860995601346,0.02618390739641287,dummy-07livwzz,NA,NA,NA,NA,NA,NA,NA,NA
0.13734092337967235,0.04860034692278844,dummy-07t3s4x6,NA,NA,NA,NA,NA,NA,NA,NA
0.07589590714715669,0.1015553187857315,dummy-07tb594p,NA,NA,NA,NA,NA,NA,NA,NA
0.1817537369413873,0.08092451896596226,dummy-0870xn8m,NA,NA,NA,NA,NA,NA,NA,NA
0.07255775415841115,0.08321378031935146,dummy-09hjmkk7,NA,NA,NA,NA,NA,NA,NA,NA
0.1100128704076332,0.06854064713907462,dummy-09ud5rn2,NA,NA,NA,NA,NA,NA,NA,NA
0.00474667044757856,0.01317052983843544,dummy-09vab21b,NA,NA,NA,NA,NA,NA,NA,NA
0.01153335406354476,0.01430748826304055,dummy-0a5uwbml,NA,NA,NA,NA,NA,NA,NA,NA
0.12234256170885076,0.04866600971646782,dummy-0adchodn,NA,NA,NA,NA,NA,NA,NA,NA
0.059490689839639,0.03134496888305622,dummy-0avkprot,NA,NA,NA,NA,NA,NA,NA,NA
0.00959163048663182,0.02967574500391531,dummy-0be30l4x,NA,NA,NA,NA,NA,NA,NA,NA
0.13272765708964704,0.06234994576406858,dummy-0bgb44ff,NA,NA,NA,NA,NA,NA,NA,NA
0.02918877315984583,0.03146077289165189,dummy-0c0yenm7,NA,NA,NA,NA,NA,NA,NA,NA
0.01517865421808992,0.02626900627285801,dummy-0c4y0sw3,NA,NA,NA,NA,NA,NA,NA,NA
0.04529655949510765,0.04543184313273803,dummy-0c9zyocr,NA,NA,NA,NA,NA,NA,NA,NA
0.02899297099338912,0.04321929242807597,dummy-0cbff8b5,NA,NA,NA,NA,NA,NA,NA,NA
0.1677474170586313,0.05115850097025546,dummy-0cd8smwf,NA,NA,NA,NA,NA,NA,NA,NA
0.1425158515774196,0.05489741630883432,dummy-0cjbtbmy,NA,NA,NA,NA,NA,NA,NA,NA
0.00277776025172173,0.01207659582620477,dummy-0cr3e1w0,NA,NA,NA,NA,NA,NA,NA,NA
0.00394112052150934,0.01624522959257931,dummy-0d0zbluk,NA,NA,NA,NA,NA,NA,NA,NA
0.1491432136402714,0.12453075812635396,dummy-0d1gu7ay,NA,NA,NA,NA,NA,NA,NA,NA
0.11134910508118756,0.07481787401154334,dummy-0d3tr3te,NA,NA,NA,NA,NA,NA,NA,NA
0.13400100621149402,0.04530787100553658,dummy-0d6jw7l9,NA,NA,NA,NA,NA,NA,NA,NA
0.32002980254834146,0.07489670332894205,dummy-0dhcu2qh,NA,NA,NA,NA,NA,NA,NA,NA
0.01033122716913907,0.02451113200751097,dummy-0dk17loh,NA,NA,NA,NA,NA,NA,NA,NA
0.00619883561197959,0.02105332064163184,dummy-0dth1cix,NA,NA,NA,NA,NA,NA,NA,NA
0.07178124151342757,0.06215561676070479,dummy-0e2ag4rb,NA,NA,NA,NA,NA,NA,NA,NA
0.07015303056589231,0.07564987131872722,dummy-0e9gvesn,NA,NA,NA,NA,NA,NA,NA,NA
0.04635253334148277,0.04017401231886751,dummy-0ejkmlqe,NA,NA,NA,NA,NA,NA,NA,NA
0.39998236278269783,0.1524717968314448,dummy-0f4pce05,NA,NA,NA,NA,NA,NA,NA,NA
0.1509683459814676,0.07800671225646523,dummy-0fof1stt,NA,NA,NA,NA,NA,NA,NA,NA
0.01849784263345194,0.03346543332733715,dummy-0g13605o,NA,NA,NA,NA,NA,NA,NA,NA
0.14881378644668206,0.10095252405064847,dummy-0gbcs5bk,NA,NA,NA,NA,NA,NA,NA,NA
0.1815273240926087,0.09623481338820518,dummy-0gyeuof0,NA,NA,NA,NA,NA,NA,NA,NA
0.03120516056372463,0.01540158699951797,dummy-0h8j47si,NA,NA,NA,NA,NA,NA,NA,NA
0.04105816564577869,0.05119439806687452,dummy-0hi1mkka,NA,NA,NA,NA,NA,NA,NA,NA
0.00545292012774349,0.01385812608266686,dummy-0hn27rjm,NA,NA,NA,NA,NA,NA,NA,NA
0.03927543870369104,0.03772555479940603,dummy-0i8kjiri,NA,NA,NA,NA,NA,NA,NA,NA
0.0461918252576984,0.05241225205757075,dummy-0igvd97s,NA,NA,NA,NA,NA,NA,NA,NA
0.14427750089249328,0.06519350869766188,dummy-0ird9vf3,NA,NA,NA,NA,NA,NA,NA,NA
0.06647389755045044,0.10119409988620227,dummy-0j1qw0xo,NA,NA,NA,NA,NA,NA,NA,NA
0.1370657174483244,0.0641222287049971,dummy-0ja4ezkh,NA,NA,NA,NA,NA,NA,NA,NA
0.03578525362671685,0.0440291043131175,dummy-0jkjadgh,NA,NA,NA,NA,NA,NA,NA,NA
0.13902249358837496,0.07132584367193144,dummy-0jlt7jvk,NA,NA,NA,NA,NA,NA,NA,NA
0.1048987939503769,0.0366694727780392,dummy-0jpmgulp,NA,NA,NA,NA,NA,NA,NA,NA
0.18077417144872607,0.07084614249377076,dummy-0jw7iz6t,NA,NA,NA,NA,NA,NA,NA,NA
0.09371726999178157,0.06304807902406699,dummy-0jw8i3sp,NA,NA,NA,NA,NA,NA,NA,NA
0.0925570817647744,0.04435806221811101,dummy-0k6aswal,NA,NA,NA,NA,NA,NA,NA,NA
0.04721601689366193,0.04098248728712767,dummy-0k6m800e,NA,NA,NA,NA,NA,NA,NA,NA
0.06782215643595399,0.07200668908959443,dummy-0k7jemv9,NA,NA,NA,NA,NA,NA,NA,NA
0.15640206448937383,0.0856964799813162,dummy-0l4h7usd,NA,NA,NA,NA,NA,NA,NA,NA
0.02010043959385498,0.01725716341504675,dummy-0laepmmo,NA,NA,NA,NA,NA,NA,NA,NA
0.03451330119392832,0.05186418601474407,dummy-0lchp6o0,NA,NA,NA,NA,NA,NA,NA,NA
0.01443166120896717,0.03011689705228873,dummy-0lgnm0bp,NA,NA,NA,NA,NA,NA,NA,NA
0.02084507544057641,0.03273305655150647,dummy-0lot9hao,NA,NA,NA,NA,NA,NA,NA,NA
0.08379926090625023,0.0383022171359717,dummy-0lwfdw5v,NA,NA,NA,NA,NA,NA,NA,NA
0.02441613319760739,0.02852673329626658,dummy-0m5qke9r,NA,NA,NA,NA,NA,NA,NA,NA
0.04063981865320746,0.03286706727695218,dummy-0mi8e87u,NA,NA,NA,NA,NA,NA,NA,NA
0.22413541304453863,0.08328197582323442,dummy-0mu3snmy,NA,NA,NA,NA,NA,NA,NA,NA
0.02990369561694525,0.04925981806694059,dummy-0mwa9bv2,NA,NA,NA,NA,NA,NA,NA,NA
0.02826540613348153,0.01468769116658697,dummy-0n45fhja,NA,NA,NA,NA,NA,NA,NA,NA
0.06609965833556139,0.03133039500022137,dummy-0n7m2usw,NA,NA,NA,NA,NA,NA,NA,NA
0.13091353212563842,0.06389306505947458,dummy-0o3xuk2a,NA,NA,NA,NA,NA,NA,NA,NA
0.08667563153956512,0.04861740888614006,dummy-0o43sa6e,NA,NA,NA,NA,NA,NA,NA,NA
0.00958347807345094,0.02974518208449446,dummy-0obx34pk,NA,NA,NA,NA,NA,NA,NA,NA
0.0946127289075566,0.05984611791633016,dummy-0od6xbp4,NA,NA,NA,NA,NA,NA,NA,NA
0.03033308339621583,0.04164888524202285,dummy-0od8oxq0,NA,NA,NA,NA,NA,NA,NA,NA
0.172222132419824,0.06183170230115404,dummy-0ohytqlx,NA,NA,NA,NA,NA,NA,NA,NA
0.15748064720220914,0.07018940724591403,dummy-0orgvq5h,NA,NA,NA,NA,NA,NA,NA,NA
0.00262736470015532,0.0116212313621156,dummy-0owf91m8,NA,NA,NA,NA,NA,NA,NA,NA
0.11247081885627994,0.04820384331036966,dummy-0p9in8ii,NA,NA,NA,NA,NA,NA,NA,NA
0.07850318716597271,0.03237728129822478,dummy-0p9r12wb,NA,NA,NA,NA,NA,NA,NA,NA
0.1370575416253802,0.01607129179104404,dummy-0pl8piw9,NA,NA,NA,NA,NA,NA,NA,NA
0.07615511964362282,0.04335080786809742,dummy-0ptt5e46,NA,NA,NA,NA,NA,NA,NA,NA
0.08292230058781434,0.04289878294708887,dummy-0pu8cvz1,NA,NA,NA,NA,NA,NA,NA,NA
0.01809545849752078,0.02269792768861947,dummy-0q1kusfo,NA,NA,NA,NA,NA,NA,NA,NA
0.05832923140289817,0.03319155575860987,dummy-0r1m9gy3,NA,NA,NA,NA,NA,NA,NA,NA
0.0989431986937546,0.03942982020561015,dummy-0rjuuhaf,NA,NA,NA,NA,NA,NA,NA,NA
0.01543397691782479,0.03110047069114312,dummy-0rlue8el,NA,NA,NA,NA,NA,NA,NA,NA
0.0621926735421453,0.06756579774143008,dummy-0rpa1w9b,NA,NA,NA,NA,NA,NA,NA,NA
0.09391282747655498,0.035055958543746,dummy-0rw84kyb,NA,NA,NA,NA,NA,NA,NA,NA
0.18912995610962657,0.04469278182342077,dummy-0ryu1dnp,NA,NA,NA,NA,NA,NA,NA,NA
0.06555312191089555,0.05897589790585407,dummy-0rzelqid,NA,NA,NA,NA,NA,NA,NA,NA
0.1813184732513477,0.02015518928392672,dummy-0s0j74jc,NA,NA,NA,NA,NA,NA,NA,NA
0.0969012662571846,0.06444011021329729,dummy-0s38tlz0,NA,NA,NA,NA,NA,NA,NA,NA
0.02935997369979914,0.04234143389056089,dummy-0s4a5awi,NA,NA,NA,NA,NA,NA,NA,NA
0.12405513237312962,0.07771106682274721,dummy-0s82g80h,NA,NA,NA,NA,NA,NA,NA,NA
0.0392960927666398,0.04954818149358539,dummy-0sebeg6q,NA,NA,NA,NA,NA,NA,NA,NA
0.00493801046863323,0.01474371586132738,dummy-0sgnbhk7,NA,NA,NA,NA,NA,NA,NA,NA
0.11696518806848866,0.04777306332872787,dummy-0spqceq8,NA,NA,NA,NA,NA,NA,NA,NA
0.00477639188888492,0.01560664494218478,dummy-0t5r37wv,NA,NA,NA,NA,NA,NA,NA,NA
0.00543834372690711,0.01858040558787526,dummy-0tifbcn0,NA,NA,NA,NA,NA,NA,NA,NA
0.00524664182147369,0.02049115477887489,dummy-0tkif19c,NA,NA,NA,NA,NA,NA,NA,NA
0.259838745504324,0.07761964358546737,dummy-0u4r7lxf,NA,NA,NA,NA,NA,NA,NA,NA
0.25119951698059184,0.06551267676606702,dummy-0ub93gbu,NA,NA,NA,NA,NA,NA,NA,NA
0.02003167878148764,0.01557861264267234,dummy-0ukxvmov,NA,NA,NA,NA,NA,NA,NA,NA
0.02243092359669365,0.01365173470794144,dummy-0uq2admo,NA,NA,NA,NA,NA,NA,NA,NA
0.01827694415250206,0.01795756121527219,dummy-0usc22ek,NA,NA,NA,NA,NA,NA,NA,NA
0.2795980027693275,0.08840645840567193,dummy-0uze0w8o,NA,NA,NA,NA,NA,NA,NA,NA
0.02990369561694525,0.04925981806694059,dummy-0v5yrfv5,NA,NA,NA,NA,NA,NA,NA,NA
0.22057964335993,0.12387174111476852,dummy-0vcvjeel,NA,NA,NA,NA,NA,NA,NA,NA
0.03915871771600394,0.03155007214116273,dummy-0w61voqr,NA,NA,NA,NA,NA,NA,NA,NA
0.08585292610752536,0.06408131547680847,dummy-0waxt1tl,NA,NA,NA,NA,NA,NA,NA,NA
0.02995519642894226,0.02984291417205385,dummy-0wuewmlc,NA,NA,NA,NA,NA,NA,NA,NA
0.17464163040407416,0.03251932533219136,dummy-0wwdxxkc,NA,NA,NA,NA,NA,NA,NA,NA
0.0592640747860281,0.04864601395013069,dummy-0xhi34t8,NA,NA,NA,NA,NA,NA,NA,NA
0.04156567693342437,0.03856730913255997,dummy-0xjv4a0v,NA,NA,NA,NA,NA,NA,NA,NA
0.00517327601634922,0.0150384162428139,dummy-0xndf3ga,NA,NA,NA,NA,NA,NA,NA,NA
0.0190122973264223,0.02584540735923835,dummy-0xvzh6iw,NA,NA,NA,NA,NA,NA,NA,NA
0.00285154095783342,0.01871416009233443,dummy-0xxqb7xk,NA,NA,NA,NA,NA,NA,NA,NA
0.04237877039013429,0.03188635940233122,dummy-0y703p9w,NA,NA,NA,NA,NA,NA,NA,NA
0.00708404026007819,0.01473294742785283,dummy-0yyc25vq,NA,NA,NA,NA,NA,NA,NA,NA
0.252669056975214,0.06746726615381032,dummy-0z4k8z3z,NA,NA,NA,NA,NA,NA,NA,NA
0.1124907651606121,0.04998887217500243,dummy-0z51fi62,NA,NA,NA,NA,NA,NA,NA,NA
0.05743195294137734,0.03213775774508072,dummy-0zjtcj7k,NA,NA,NA,NA,NA,NA,NA,NA
0.08177716958616203,0.0207899926606799,dummy-0zlho6f8,NA,NA,NA,NA,NA,NA,NA,NA
0.03272946575135326,0.04700683198827064,dummy-0zyht5qg,NA,NA,NA,NA,NA,NA,NA,NA
0.03474605827059639,0.01712711976146427,dummy-10asikxg,NA,NA,NA,NA,NA,NA,NA,NA
0.04970084768408133,0.06123104343380579,dummy-10l7v8oc,NA,NA,NA,NA,NA,NA,NA,NA
0.01293377670601457,0.02657531068396495,dummy-10lqq9i9,NA,NA,NA,NA,NA,NA,NA,NA
0.5391318982382671,0.10314619598281022,dummy-10lrxax5,NA,NA,NA,NA,NA,NA,NA,NA
0.09954292873319288,0.03349143534775137,dummy-10zcrzg1,NA,NA,NA,NA,NA,NA,NA,NA
0.01271925912931007,0.02990411148647493,dummy-11knlz1g,NA,NA,NA,NA,NA,NA,NA,NA
0.01106983225768482,0.01443518564171912,dummy-11p5dqdr,NA,NA,NA,NA,NA,NA,NA,NA
0.13861307430697614,0.05714773079747274,dummy-1215j925,NA,NA,NA,NA,NA,NA,NA,NA
0.05260236928391089,0.0143382690048381,dummy-126w5hkm,NA,NA,NA,NA,NA,NA,NA,NA
0.0388650140550527,0.0559477915527657,dummy-12kl65lb,NA,NA,NA,NA,NA,NA,NA,NA
0.09159482754088268,0.07674307200887967,dummy-12sr9li8,NA,NA,NA,NA,NA,NA,NA,NA
0.2716057519952301,0.11114741505894436,dummy-133f7bne,NA,NA,NA,NA,NA,NA,NA,NA
0.0163311183200111,0.03114022594075164,dummy-139lnnpt,NA,NA,NA,NA,NA,NA,NA,NA
0.0227184393730077,0.01600373346057151,dummy-13btrsjf,NA,NA,NA,NA,NA,NA,NA,NA
0.08145669040580147,0.06986435762165916,dummy-13mu9tji,NA,NA,NA,NA,NA,NA,NA,NA
0.03782890064573416,0.04822712727745145,dummy-13nyxu61,NA,NA,NA,NA,NA,NA,NA,NA
0.01931860072698525,0.01584136385655476,dummy-13zgmqqz,NA,NA,NA,NA,NA,NA,NA,NA
0.06740735170378326,0.07593855656451064,dummy-142w8e2f,NA,NA,NA,NA,NA,NA,NA,NA
0.05104534659850456,0.03187655486390672,dummy-14evls88,NA,NA,NA,NA,NA,NA,NA,NA
0.01850365486875652,0.03304683849414166,dummy-14icdzsi,NA,NA,NA,NA,NA,NA,NA,NA
0.11490354492955396,0.06399161131429097,dummy-14jydpy6,NA,NA,NA,NA,NA,NA,NA,NA
0.05532897628072106,0.03961400539103193,dummy-14nqjp8j,NA,NA,NA,NA,NA,NA,NA,NA
0.01181941167776337,0.02068281252731045,dummy-14zehlok,NA,NA,NA,NA,NA,NA,NA,NA
0.13227927557034275,0.09722201928173962,dummy-151jpkt3,NA,NA,NA,NA,NA,NA,NA,NA
0.11554271927884124,0.06399161105007148,dummy-156j6560,NA,NA,NA,NA,NA,NA,NA,NA
0.11876305851662458,0.02907060007489281,dummy-159poi90,NA,NA,NA,NA,NA,NA,NA,NA
0.07243359685183967,0.04501561452476817,dummy-15w10qru,NA,NA,NA,NA,NA,NA,NA,NA
0.03996199127342918,0.01667080104044628,dummy-16dtsdy2,NA,NA,NA,NA,NA,NA,NA,NA
0.04282757230991591,0.04461752590370013,dummy-16jzoovu,NA,NA,NA,NA,NA,NA,NA,NA
0.02807423679377363,0.03689877820483423,dummy-16ygl1xz,NA,NA,NA,NA,NA,NA,NA,NA
0.3915344620467513,0.03190225012470604,dummy-174d72wg,NA,NA,NA,NA,NA,NA,NA,NA
0.05238425552008816,0.03136491260712115,dummy-17cb077k,NA,NA,NA,NA,NA,NA,NA,NA
0.09491680733801926,0.05415745509360174,dummy-17m7ts9c,NA,NA,NA,NA,NA,NA,NA,NA
0.0072255652031238,0.01298144162683622,dummy-184qtety,NA,NA,NA,NA,NA,NA,NA,NA
0.1374156243300214,0.01605366132671898,dummy-18kn4idx,NA,NA,NA,NA,NA,NA,NA,NA
0.0302057894359568,0.03786250469606169,dummy-18w3j3ib,NA,NA,NA,NA,NA,NA,NA,NA
0.00279814713124153,0.01172374825868582,dummy-19p7p3zh,NA,NA,NA,NA,NA,NA,NA,NA
0.11272107760845956,0.04167627160131441,dummy-1a1dpjv1,NA,NA,NA,NA,NA,NA,NA,NA
0.03309321893201809,0.03962968673455281,dummy-1a3ekaz0,NA,NA,NA,NA,NA,NA,NA,NA
0.04717781067468134,0.03862840159645196,dummy-1aqlbe32,NA,NA,NA,NA,NA,NA,NA,NA
0.1091516567209663,0.04586426151280871,dummy-1asfhkd4,NA,NA,NA,NA,NA,NA,NA,NA
0.01228255826414631,0.02546707264001654,dummy-1b0afaa7,NA,NA,NA,NA,NA,NA,NA,NA
0.05255077325719387,0.05120178446656389,dummy-1b17fmyh,NA,NA,NA,NA,NA,NA,NA,NA
0.07148941646598071,0.03264848102802514,dummy-1b3i1gmo,NA,NA,NA,NA,NA,NA,NA,NA
0.26578818342449434,0.07428866291010916,dummy-1b858kkx,NA,NA,NA,NA,NA,NA,NA,NA
0.08978544069389391,0.06490266406509121,dummy-1bfs5nzv,NA,NA,NA,NA,NA,NA,NA,NA
0.0653579088701739,0.04364109963687551,dummy-1bldp9wf,NA,NA,NA,NA,NA,NA,NA,NA
0.01048662600659909,0.01547819652367336,dummy-1c59xvag,NA,NA,NA,NA,NA,NA,NA,NA
0.01426849398204573,0.03018445995738674,dummy-1chop1aq,NA,NA,NA,NA,NA,NA,NA,NA
0.00546952680107572,0.01854977426525412,dummy-1cidtsmx,NA,NA,NA,NA,NA,NA,NA,NA
0.5962478340781889,0.10710464702353,dummy-1cphk8qo,NA,NA,NA,NA,NA,NA,NA,NA
0.00267094381135104,0.01349596154784008,dummy-1dqur92y,NA,NA,NA,NA,NA,NA,NA,NA
0.05747832738327236,0.05096457507307844,dummy-1dtd2skh,NA,NA,NA,NA,NA,NA,NA,NA
0.06090704145071356,0.04579296689980827,dummy-1dvjx5gh,NA,NA,NA,NA,NA,NA,NA,NA
0.18226704596913043,0.06890509754035519,dummy-1eeiif8f,NA,NA,NA,NA,NA,NA,NA,NA
0.1318178652314788,0.09745054950343474,dummy-1egowl2a,NA,NA,NA,NA,NA,NA,NA,NA
0.01484980292259528,0.02582699689094761,dummy-1eu80330,NA,NA,NA,NA,NA,NA,NA,NA
0.00788723734156495,0.0219740597676908,dummy-1f9xei3p,NA,NA,NA,NA,NA,NA,NA,NA
0.03817426547766378,0.05352109092404612,dummy-1fqe9vn9,NA,NA,NA,NA,NA,NA,NA,NA
0.01255164156538608,0.03432826160411689,dummy-1fqn9gra,NA,NA,NA,NA,NA,NA,NA,NA
0.4562462862613793,0.04604587787374648,dummy-1g5wmzk1,NA,NA,NA,NA,NA,NA,NA,NA
0.22137457485301976,0.10940157912529584,dummy-1g6f0ptt,NA,NA,NA,NA,NA,NA,NA,NA
0.1211000764832222,0.01707592309415233,dummy-1gfqwece,NA,NA,NA,NA,NA,NA,NA,NA
0.18216058680968897,0.06681701752870751,dummy-1h4ptdn4,NA,NA,NA,NA,NA,NA,NA,NA
0.24180802417038183,0.06816154012961703,dummy-1ic366c7,NA,NA,NA,NA,NA,NA,NA,NA
0.0479935394069544,0.03795901885994549,dummy-1iwb7fnr,NA,NA,NA,NA,NA,NA,NA,NA
0.11579913595361116,0.06067033415235235,dummy-1jz5qzx3,NA,NA,NA,NA,NA,NA,NA,NA
0.01358699669642405,0.01564410101329603,dummy-1k8407y8,NA,NA,NA,NA,NA,NA,NA,NA
0.1118903713107596,0.0747972819624642,dummy-1kazugen,NA,NA,NA,NA,NA,NA,NA,NA
3.0806712441836637,0.1132084757548712,dummy-1kjtorml,NA,NA,NA,NA,NA,NA,NA,NA
0.21459652922786496,0.06760680389028613,dummy-1l1td8th,NA,NA,NA,NA,NA,NA,NA,NA
0.00248299165789262,0.01289743821211947,dummy-1l1xlvql,NA,NA,NA,NA,NA,NA,NA,NA
0.01067503690559783,0.02409904415987665,dummy-1l3td3yx,NA,NA,NA,NA,NA,NA,NA,NA
0.01125365305600638,0.02556956006418139,dummy-1l4fzt8g,NA,NA,NA,NA,NA,NA,NA,NA
0.01659120520989008,0.0355349239688287,dummy-1l895tvp,NA,NA,NA,NA,NA,NA,NA,NA
0.1446771956824579,0.04352763553198656,dummy-1lpvsscm,NA,NA,NA,NA,NA,NA,NA,NA
0.03374075234866362,0.03510230704605861,dummy-1ly56y5x,NA,NA,NA,NA,NA,NA,NA,NA
0.11207222976365842,0.06893420502246433,dummy-1mhgk6j9,NA,NA,NA,NA,NA,NA,NA,NA
0.1188599753664586,0.05319529468658748,dummy-1mnp15cx,NA,NA,NA,NA,NA,NA,NA,NA
0.19114351737312923,0.08243752188960075,dummy-1mnqi81b,NA,NA,NA,NA,NA,NA,NA,NA
0.12086664100905084,0.03833895370177584,dummy-1n9mt9u5,NA,NA,NA,NA,NA,NA,NA,NA
0.09568302469138557,0.04977057615621651,dummy-1oaqtxga,NA,NA,NA,NA,NA,NA,NA,NA
0.09548382057273216,0.05432207630262467,dummy-1ofc13q9,NA,NA,NA,NA,NA,NA,NA,NA
0.00296329731765022,0.01983435335022987,dummy-1oihoj5a,NA,NA,NA,NA,NA,NA,NA,NA
0.14816418667870393,0.09263782013656968,dummy-1okkeeu8,NA,NA,NA,NA,NA,NA,NA,NA
0.00458902832591402,0.01415424856515995,dummy-1oonu209,NA,NA,NA,NA,NA,NA,NA,NA
0.06782215643595399,0.07200668908959443,dummy-1owiz7fh,NA,NA,NA,NA,NA,NA,NA,NA
0.1708423049223422,0.07247505792329101,dummy-1ox9zi8z,NA,NA,NA,NA,NA,NA,NA,NA
0.01565541499638447,0.02584089746825978,dummy-1p75mwro,NA,NA,NA,NA,NA,NA,NA,NA
0.13599495353554997,0.04704376400954734,dummy-1qaf6849,NA,NA,NA,NA,NA,NA,NA,NA
0.10716320606859872,0.05623547433057244,dummy-1qdng8ms,NA,NA,NA,NA,NA,NA,NA,NA
0.27297139093835066,0.08496656737571505,dummy-1qrj7b1t,NA,NA,NA,NA,NA,NA,NA,NA
0.13409174111708114,0.07016850216503456,dummy-1rcetno0,NA,NA,NA,NA,NA,NA,NA,NA
0.07536360190991515,0.06388301839863265,dummy-1s8n3bpe,NA,NA,NA,NA,NA,NA,NA,NA
0.12007967571820737,0.02907059943013047,dummy-1soztimv,NA,NA,NA,NA,NA,NA,NA,NA
0.06562520514601032,0.04497219575051661,dummy-1sxox4lt,NA,NA,NA,NA,NA,NA,NA,NA
0.09629299343669352,0.04452203491623612,dummy-1t05yl2l,NA,NA,NA,NA,NA,NA,NA,NA
0.06535919402992531,0.04808502348824738,dummy-1t5e2r7v,NA,NA,NA,NA,NA,NA,NA,NA
0.01684878061037508,0.02992027468627794,dummy-1tdsrr0q,NA,NA,NA,NA,NA,NA,NA,NA
0.00989329468989496,0.024454418612002,dummy-1u69boe4,NA,NA,NA,NA,NA,NA,NA,NA
0.02306435481683494,0.03291453715862091,dummy-1uqjpg5k,NA,NA,NA,NA,NA,NA,NA,NA
0.2072032040914825,0.03137759995309227,dummy-1v8ahqgi,NA,NA,NA,NA,NA,NA,NA,NA
0.1704827109011827,0.04293478377548455,dummy-1vamvp31,NA,NA,NA,NA,NA,NA,NA,NA
0.11178923629351604,0.09098556997973968,dummy-1vdg1ujw,NA,NA,NA,NA,NA,NA,NA,NA
0.03915712903890867,0.04496554492227024,dummy-1vmxok92,NA,NA,NA,NA,NA,NA,NA,NA
0.03523580329122572,0.0159952839953664,dummy-1vy1ysml,NA,NA,NA,NA,NA,NA,NA,NA
0.02791261304298598,0.03926397839976199,dummy-1wjz0wwc,NA,NA,NA,NA,NA,NA,NA,NA
0.09568302469138557,0.04977057615621651,dummy-1wrszez2,NA,NA,NA,NA,NA,NA,NA,NA
0.15564223994918758,0.11813769938256968,dummy-1wyhahqj,NA,NA,NA,NA,NA,NA,NA,NA
0.00294351514554692,0.01347639871002583,dummy-1wyvhisi,NA,NA,NA,NA,NA,NA,NA,NA
0.03287709136892433,0.03022046879832937,dummy-1x0bu4m5,NA,NA,NA,NA,NA,NA,NA,NA
0.03871418486316634,0.04354082284332831,dummy-1x0yk6wp,NA,NA,NA,NA,NA,NA,NA,NA
0.05718474466538764,0.03942663976357824,dummy-1xj2cimi,NA,NA,NA,NA,NA,NA,NA,NA
0.0474707939747204,0.03096672507703499,dummy-1xoft42z,NA,NA,NA,NA,NA,NA,NA,NA
0.05781232279628824,0.03568306799513064,dummy-1xvnb8kd,NA,NA,NA,NA,NA,NA,NA,NA
0.20873706948642867,0.11754345474759847,dummy-1yfkywt1,NA,NA,NA,NA,NA,NA,NA,NA
0.00300017204041553,0.01364925285838914,dummy-1yqf05ui,NA,NA,NA,NA,NA,NA,NA,NA
0.01398914940914325,0.05037847156460184,dummy-1yvurhkn,NA,NA,NA,NA,NA,NA,NA,NA
0.22413541304453863,0.08328197582323442,dummy-1zacji5t,NA,NA,NA,NA,NA,NA,NA,NA
0.0658042415270438,0.01413477831364857,dummy-1zrx9lgb,NA,NA,NA,NA,NA,NA,NA,NA
0.8304638418284874,0.05850996031356496,dummy-207rlkf1,NA,NA,NA,NA,NA,NA,NA,NA
0.0383129440499645,0.01663343511198261,dummy-20ff0ip9,NA,NA,NA,NA,NA,NA,NA,NA
0.02650588082841863,0.02144730001413028,dummy-213jpg5d,NA,NA,NA,NA,NA,NA,NA,NA
0.02460733062089853,0.04622379132534479,dummy-21anp3c4,NA,NA,NA,NA,NA,NA,NA,NA
0.0453505737939914,0.05312357618375832,dummy-21enoz3l,NA,NA,NA,NA,NA,NA,NA,NA
0.05189715929007489,0.03574843331234925,dummy-21kl34rg,NA,NA,NA,NA,NA,NA,NA,NA
0.28935430746746216,0.01708023522250785,dummy-21koqq06,NA,NA,NA,NA,NA,NA,NA,NA
0.03373390711267173,0.03265537729084487,dummy-21q4uqi6,NA,NA,NA,NA,NA,NA,NA,NA
0.0322477056262026,0.03130103263814383,dummy-21tb0qia,NA,NA,NA,NA,NA,NA,NA,NA
0.01264007940516131,0.02794099521828803,dummy-22c23cz6,NA,NA,NA,NA,NA,NA,NA,NA
0.00882503126212174,0.02385260650699414,dummy-22jcpv4m,NA,NA,NA,NA,NA,NA,NA,NA
0.05189615607632915,0.03925946926581947,dummy-22m7a3gk,NA,NA,NA,NA,NA,NA,NA,NA
0.12548201719862256,0.06083995120872897,dummy-22wl6iby,NA,NA,NA,NA,NA,NA,NA,NA
0.19587859468018348,0.05950183170218699,dummy-22wvl43x,NA,NA,NA,NA,NA,NA,NA,NA
0.00542042085965686,0.01588540464631094,dummy-238nz587,NA,NA,NA,NA,NA,NA,NA,NA
0.01667297090569649,0.01991933444104145,dummy-23ib30yu,NA,NA,NA,NA,NA,NA,NA,NA
0.2632087540876521,0.04633758350149482,dummy-23lnb3sh,NA,NA,NA,NA,NA,NA,NA,NA
0.0189390825391291,0.03467788881348185,dummy-23p0lny6,NA,NA,NA,NA,NA,NA,NA,NA
0.1160089937147162,0.05219284079513266,dummy-24ka5ijs,NA,NA,NA,NA,NA,NA,NA,NA
0.08879472569285561,0.04863488948480059,dummy-2514djdm,NA,NA,NA,NA,NA,NA,NA,NA
0.3798988223501903,0.03036387574546418,dummy-252dwq5d,NA,NA,NA,NA,NA,NA,NA,NA
0.10097855590618506,0.05297298323203243,dummy-25mnas1m,NA,NA,NA,NA,NA,NA,NA,NA
0.01325955042878471,0.01603889121346892,dummy-25zqujmo,NA,NA,NA,NA,NA,NA,NA,NA
0.03455411347165466,0.04724949105009756,dummy-262cg73z,NA,NA,NA,NA,NA,NA,NA,NA
0.05154076756247382,0.01460308445613357,dummy-26iepbxr,NA,NA,NA,NA,NA,NA,NA,NA
0.01344591039403896,0.02671567076047481,dummy-27sweiln,NA,NA,NA,NA,NA,NA,NA,NA
0.01019768586333104,0.02423887975671933,dummy-27ut0b0y,NA,NA,NA,NA,NA,NA,NA,NA
0.00874905531930318,0.01700606653498171,dummy-28cwf91k,NA,NA,NA,NA,NA,NA,NA,NA
0.03751968924448987,0.0162828018280925,dummy-28pgsay8,NA,NA,NA,NA,NA,NA,NA,NA
0.19440538183535563,0.06431053246550537,dummy-28wrqtjk,NA,NA,NA,NA,NA,NA,NA,NA
0.04002874725712088,0.01668755859819846,dummy-290s8vqr,NA,NA,NA,NA,NA,NA,NA,NA
0.06800488126585262,0.04902297114443679,dummy-293y6sby,NA,NA,NA,NA,NA,NA,NA,NA
0.0592640747860281,0.04864601395013069,dummy-29kpg0y9,NA,NA,NA,NA,NA,NA,NA,NA
0.01129199399745492,0.02428442343856548,dummy-29l2w80o,NA,NA,NA,NA,NA,NA,NA,NA
0.27275412451105774,0.06835978086571226,dummy-2a17ixno,NA,NA,NA,NA,NA,NA,NA,NA
0.15538324085337196,0.0813264613932449,dummy-2a5zqft0,NA,NA,NA,NA,NA,NA,NA,NA
0.13055328064621646,0.11153953134287832,dummy-2abstf1j,NA,NA,NA,NA,NA,NA,NA,NA
0.01577687124615508,0.0253612165387179,dummy-2aezkpdp,NA,NA,NA,NA,NA,NA,NA,NA
0.0146509341802294,0.02727469456455671,dummy-2b5pdvmh,NA,NA,NA,NA,NA,NA,NA,NA
0.06407126609876122,0.07543483066030367,dummy-2blhyalv,NA,NA,NA,NA,NA,NA,NA,NA
0.01203362740224572,0.02629767255388887,dummy-2bq7xq27,NA,NA,NA,NA,NA,NA,NA,NA
0.01961061728955369,0.01733613805024631,dummy-2br3sm9q,NA,NA,NA,NA,NA,NA,NA,NA
0.3281982399039236,0.13239023986133053,dummy-2bwq44v8,NA,NA,NA,NA,NA,NA,NA,NA
0.03120516056372463,0.01540158699951797,dummy-2bxblnyf,NA,NA,NA,NA,NA,NA,NA,NA
0.00705601669190792,0.01528005649510547,dummy-2c939liv,NA,NA,NA,NA,NA,NA,NA,NA
0.04805889367544679,0.05332258127220422,dummy-2cab06pp,NA,NA,NA,NA,NA,NA,NA,NA
0.20215386877997496,0.11265667712103827,dummy-2cx2c3hl,NA,NA,NA,NA,NA,NA,NA,NA
0.05260731980646854,0.01995872375992339,dummy-2d6y9ku7,NA,NA,NA,NA,NA,NA,NA,NA
0.00722116507539783,0.01483906086157275,dummy-2d95irqb,NA,NA,NA,NA,NA,NA,NA,NA
0.02624860035283223,0.01598118354346119,dummy-2dr72nq9,NA,NA,NA,NA,NA,NA,NA,NA
0.02679319504041928,0.02149094007288759,dummy-2dw0j8za,NA,NA,NA,NA,NA,NA,NA,NA
0.12361605463074052,0.04938306547270525,dummy-2dyfpxhm,NA,NA,NA,NA,NA,NA,NA,NA
0.07300265740294143,0.03178817102289006,dummy-2edenpp9,NA,NA,NA,NA,NA,NA,NA,NA
0.07268985805674882,0.01685214754534238,dummy-2en7l38h,NA,NA,NA,NA,NA,NA,NA,NA
0.3251167076345988,0.14760338814910728,dummy-2f3dufjp,NA,NA,NA,NA,NA,NA,NA,NA
0.07526155539906512,0.07957422682090594,dummy-2fbkdbz1,NA,NA,NA,NA,NA,NA,NA,NA
0.12370850670496734,0.11150839835360196,dummy-2flu42ez,NA,NA,NA,NA,NA,NA,NA,NA
0.10195061744321927,0.05370362699606584,dummy-2fo2tm7t,NA,NA,NA,NA,NA,NA,NA,NA
0.00742181525452827,0.01943609504459845,dummy-2frz0udw,NA,NA,NA,NA,NA,NA,NA,NA
0.01245526250394753,0.03347035407017719,dummy-2fxotqgs,NA,NA,NA,NA,NA,NA,NA,NA
0.08526990428881173,0.05322268988897474,dummy-2geojkgd,NA,NA,NA,NA,NA,NA,NA,NA
0.2141819069688055,0.07508033717294041,dummy-2ghwowui,NA,NA,NA,NA,NA,NA,NA,NA
0.07192622267814752,0.09299602369196754,dummy-2gxt8jop,NA,NA,NA,NA,NA,NA,NA,NA
0.01512914230649394,0.01383411959071778,dummy-2h2czz2g,NA,NA,NA,NA,NA,NA,NA,NA
0.11532508977674244,0.07294720759406118,dummy-2hhkrbq9,NA,NA,NA,NA,NA,NA,NA,NA
0.06296699491262911,0.04680053546639827,dummy-2i1ioqz1,NA,NA,NA,NA,NA,NA,NA,NA
0.02803301205643594,0.03975293702507438,dummy-2i8h5cfw,NA,NA,NA,NA,NA,NA,NA,NA
0.14246430108143796,0.07826045946187801,dummy-2ic234pg,NA,NA,NA,NA,NA,NA,NA,NA
0.24666112259209455,0.07223839090293753,dummy-2iggnnsm,NA,NA,NA,NA,NA,NA,NA,NA
0.21239933133579472,0.07620516599263252,dummy-2il3bcjb,NA,NA,NA,NA,NA,NA,NA,NA
0.08385820886730704,0.06067038290871699,dummy-2invaqwg,NA,NA,NA,NA,NA,NA,NA,NA
0.07701749724202488,0.04254763722425642,dummy-2j1nh05d,NA,NA,NA,NA,NA,NA,NA,NA
0.06361402810360235,0.04577389619849605,dummy-2j1qlewe,NA,NA,NA,NA,NA,NA,NA,NA
0.00600705578440593,0.02096136738642919,dummy-2j3pskzm,NA,NA,NA,NA,NA,NA,NA,NA
0.14312986700348165,0.07249819679928149,dummy-2j6u0xgo,NA,NA,NA,NA,NA,NA,NA,NA
0.05314137854541556,0.05812102489948005,dummy-2j9jyl2l,NA,NA,NA,NA,NA,NA,NA,NA
0.04071562545002746,0.0498180620669242,dummy-2jegvjip,NA,NA,NA,NA,NA,NA,NA,NA
0.08978544069389391,0.06490266406509121,dummy-2jty1fww,NA,NA,NA,NA,NA,NA,NA,NA
0.1020313568747594,0.03458553901355461,dummy-2kdkonkk,NA,NA,NA,NA,NA,NA,NA,NA
0.06746245768646707,0.0797357751107936,dummy-2kpoo9ae,NA,NA,NA,NA,NA,NA,NA,NA
0.00708275816447222,0.01396539887435707,dummy-2l9uoroq,NA,NA,NA,NA,NA,NA,NA,NA
0.00491302856044509,0.01321409290686887,dummy-2lmjed4a,NA,NA,NA,NA,NA,NA,NA,NA
0.0113215656066345,0.02562051575770804,dummy-2lyiz97l,NA,NA,NA,NA,NA,NA,NA,NA
0.02027559853537857,0.03519131677189215,dummy-2m0cixuo,NA,NA,NA,NA,NA,NA,NA,NA
0.13302585183446902,0.06501660548603058,dummy-2m45whso,NA,NA,NA,NA,NA,NA,NA,NA
0.14804878481177913,0.09263782074604009,dummy-2m6j9hn9,NA,NA,NA,NA,NA,NA,NA,NA
0.00546092787145728,0.019845367365966,dummy-2m9ij4y5,NA,NA,NA,NA,NA,NA,NA,NA
0.00642912578845015,0.01852707717690833,dummy-2mjzu88g,NA,NA,NA,NA,NA,NA,NA,NA
0.00940573973546019,0.02502230447026298,dummy-2mzftbas,NA,NA,NA,NA,NA,NA,NA,NA
0.04360131742568878,0.02739654168063168,dummy-2na03lu4,NA,NA,NA,NA,NA,NA,NA,NA
0.10454319243878148,0.04662878131257213,dummy-2nhsopol,NA,NA,NA,NA,NA,NA,NA,NA
0.02228703907422968,0.04756835097334815,dummy-2nrvbsd3,NA,NA,NA,NA,NA,NA,NA,NA
0.00378225754612026,0.01281206444624931,dummy-2nu8ruqy,NA,NA,NA,NA,NA,NA,NA,NA
0.03819487418630312,0.01889770938440238,dummy-2nyz6i10,NA,NA,NA,NA,NA,NA,NA,NA
0.02008591238293786,0.02241854449193689,dummy-2o47oos2,NA,NA,NA,NA,NA,NA,NA,NA
0.14266222265506512,0.02023607843156637,dummy-2occn23k,NA,NA,NA,NA,NA,NA,NA,NA
0.20426272983958052,0.08351504464121441,dummy-2oytgb7n,NA,NA,NA,NA,NA,NA,NA,NA
0.1153551898475966,0.04212008948349208,dummy-2pptsvmt,NA,NA,NA,NA,NA,NA,NA,NA
0.07441131583346862,0.03269120101349759,dummy-2pz4ndzm,NA,NA,NA,NA,NA,NA,NA,NA
0.00708569538360196,0.01472764275436346,dummy-2q64j9tx,NA,NA,NA,NA,NA,NA,NA,NA
0.18076059952820311,0.0601522248446535,dummy-2qbidtpa,NA,NA,NA,NA,NA,NA,NA,NA
0.06629266730602847,0.04922171306738433,dummy-2qgp4hfb,NA,NA,NA,NA,NA,NA,NA,NA
0.00251426418700519,0.01223942956353653,dummy-2r0fouo0,NA,NA,NA,NA,NA,NA,NA,NA
0.00314999955233289,0.01978524799330368,dummy-2r41iii9,NA,NA,NA,NA,NA,NA,NA,NA
0.08231307657185175,0.04349250093878517,dummy-2r7s2o35,NA,NA,NA,NA,NA,NA,NA,NA
0.13734092337967235,0.04860034692278844,dummy-2rfrab0y,NA,NA,NA,NA,NA,NA,NA,NA
0.01422619162695013,0.01449823700987417,dummy-2rghkbzv,NA,NA,NA,NA,NA,NA,NA,NA
0.22812447644672537,0.08554424302211416,dummy-2rhe622i,NA,NA,NA,NA,NA,NA,NA,NA
0.01039159477663792,0.02790797237477551,dummy-2rxqq69u,NA,NA,NA,NA,NA,NA,NA,NA
0.13105730778013416,0.06145741222426052,dummy-2s2oways,NA,NA,NA,NA,NA,NA,NA,NA
0.02968046154767506,0.04810175755700319,dummy-2s3r3uoq,NA,NA,NA,NA,NA,NA,NA,NA
0.13400100621149402,0.04530787100553658,dummy-2si16glk,NA,NA,NA,NA,NA,NA,NA,NA
0.08967231393941953,0.04906004660196283,dummy-2t2v8c4t,NA,NA,NA,NA,NA,NA,NA,NA
0.03849208051859044,0.01722350993882972,dummy-2tbesf9b,NA,NA,NA,NA,NA,NA,NA,NA
0.02288672839722644,0.04282447578309872,dummy-2thuenuh,NA,NA,NA,NA,NA,NA,NA,NA
0.02912155446532919,0.03916381027719467,dummy-2ufi169r,NA,NA,NA,NA,NA,NA,NA,NA
0.01507529672299463,0.02159968311453063,dummy-2v43o0a8,NA,NA,NA,NA,NA,NA,NA,NA
0.04625141904794026,0.04708379533417151,dummy-2w7ilisp,NA,NA,NA,NA,NA,NA,NA,NA
0.01441501689494459,0.01789444379678581,dummy-2wcm8w9g,NA,NA,NA,NA,NA,NA,NA,NA
0.04847274651633523,0.05410236864403063,dummy-2wg2q2yb,NA,NA,NA,NA,NA,NA,NA,NA
0.00383420618554183,0.01247671213562228,dummy-2wnqhy0e,NA,NA,NA,NA,NA,NA,NA,NA
0.00416663142464166,0.01422410475429729,dummy-2wy9nwc2,NA,NA,NA,NA,NA,NA,NA,NA
0.09200036043080248,0.0168534193680352,dummy-2x6eky9p,NA,NA,NA,NA,NA,NA,NA,NA
0.03523580329122572,0.0159952839953664,dummy-2xkpu1t5,NA,NA,NA,NA,NA,NA,NA,NA
0.07828438313368996,0.05475383295639506,dummy-2xrv40v3,NA,NA,NA,NA,NA,NA,NA,NA
0.0946127289075566,0.05984611791633016,dummy-2yccfz26,NA,NA,NA,NA,NA,NA,NA,NA
0.03790300583402534,0.03385903912469158,dummy-2yhaczrm,NA,NA,NA,NA,NA,NA,NA,NA
0.19840116983890377,0.06141330838532186,dummy-2ze0gmpa,NA,NA,NA,NA,NA,NA,NA,NA
0.07894022406024995,0.04100704130854154,dummy-2zoo0hke,NA,NA,NA,NA,NA,NA,NA,NA
0.0737680874438017,0.05056709907448956,dummy-2zxzpmh7,NA,NA,NA,NA,NA,NA,NA,NA
0.03256626601986241,0.03747812641193634,dummy-305opib7,NA,NA,NA,NA,NA,NA,NA,NA
0.08098704668388136,0.05711955436504043,dummy-30mupkg4,NA,NA,NA,NA,NA,NA,NA,NA
0.1953336810403854,0.03255440551657655,dummy-30u8834s,NA,NA,NA,NA,NA,NA,NA,NA
0.02271445919385409,0.04152531882247692,dummy-31gg08xo,NA,NA,NA,NA,NA,NA,NA,NA
0.00125660426826238,0.012933073609293671,dummy-31h13v6k,NA,NA,NA,NA,NA,NA,NA,NA
0.07223384740232593,0.01775963535157706,dummy-31qcpylh,NA,NA,NA,NA,NA,NA,NA,NA
0.0410486551665564,0.05386796838891509,dummy-32audnwe,NA,NA,NA,NA,NA,NA,NA,NA
0.06038429797043286,0.03640213007876717,dummy-32p5n9xe,NA,NA,NA,NA,NA,NA,NA,NA
0.01534086197278281,0.03199522278915646,dummy-32t4anx4,NA,NA,NA,NA,NA,NA,NA,NA
0.07484620338845425,0.07221490508984454,dummy-32v1qbcw,NA,NA,NA,NA,NA,NA,NA,NA
0.08148736868216334,0.05271772605194073,dummy-33ep7f9n,NA,NA,NA,NA,NA,NA,NA,NA
0.40724164766427423,0.03460749853151169,dummy-33sq1hjr,NA,NA,NA,NA,NA,NA,NA,NA
0.06837674451771353,0.04137026375283883,dummy-33tz39qu,NA,NA,NA,NA,NA,NA,NA,NA
0.2548954954271951,0.06546999753160737,dummy-34gk19go,NA,NA,NA,NA,NA,NA,NA,NA
0.19612250503467485,0.0600744580370422,dummy-34grgv4l,NA,NA,NA,NA,NA,NA,NA,NA
0.2093992675603745,0.03999457226244359,dummy-34jcxygf,NA,NA,NA,NA,NA,NA,NA,NA
0.0415807286575245,0.05421486653438724,dummy-34jocgfu,NA,NA,NA,NA,NA,NA,NA,NA
0.07614823253391231,0.05291654117665705,dummy-34t1j4rq,NA,NA,NA,NA,NA,NA,NA,NA
1.202680059966857,0.04295550791711212,dummy-34v5jvwa,NA,NA,NA,NA,NA,NA,NA,NA
0.03005898204093989,0.0384582603069134,dummy-3575qzj8,NA,NA,NA,NA,NA,NA,NA,NA
0.02145919239539114,0.0468356698185722,dummy-35fbo42j,NA,NA,NA,NA,NA,NA,NA,NA
0.0195352493642277,0.0363170368976163,dummy-35p484ov,NA,NA,NA,NA,NA,NA,NA,NA
0.13019405656942304,0.01547404355961887,dummy-35yf9ntw,NA,NA,NA,NA,NA,NA,NA,NA
0.09323780994717468,0.01974124311178247,dummy-361jgwme,NA,NA,NA,NA,NA,NA,NA,NA
0.00569591840716811,0.01314160421161775,dummy-36ecor72,NA,NA,NA,NA,NA,NA,NA,NA
0.12279926513021568,0.07599548283724605,dummy-36xzrxbj,NA,NA,NA,NA,NA,NA,NA,NA
0.01500750990274786,0.0164435019534998,dummy-377oikxv,NA,NA,NA,NA,NA,NA,NA,NA
0.03804273340740384,0.04927058254830032,dummy-37adxv78,NA,NA,NA,NA,NA,NA,NA,NA
0.14897459954464998,0.0714903351244032,dummy-37n2j968,NA,NA,NA,NA,NA,NA,NA,NA
0.04707477378165745,0.01422750800758143,dummy-37oiakbt,NA,NA,NA,NA,NA,NA,NA,NA
0.07199252099816181,0.07256814036852656,dummy-37q5evn0,NA,NA,NA,NA,NA,NA,NA,NA
0.01427684354115018,0.03444989846957477,dummy-3849z6gz,NA,NA,NA,NA,NA,NA,NA,NA
0.03804273340740384,0.04927058254830032,dummy-387qgkp7,NA,NA,NA,NA,NA,NA,NA,NA
0.06663997869672468,0.06375299910330584,dummy-38csfbxz,NA,NA,NA,NA,NA,NA,NA,NA
0.0480087467664884,0.03726197838025406,dummy-38lmq8k4,NA,NA,NA,NA,NA,NA,NA,NA
0.11780631257888556,0.05054631680219709,dummy-399vuqdt,NA,NA,NA,NA,NA,NA,NA,NA
0.03664213342678821,0.03943296211461951,dummy-39dicnsb,NA,NA,NA,NA,NA,NA,NA,NA
0.17778941500635798,0.10333167379904228,dummy-39fxkaxu,NA,NA,NA,NA,NA,NA,NA,NA
0.00659517048838028,0.01906332001077445,dummy-39lr2ci2,NA,NA,NA,NA,NA,NA,NA,NA
0.03875011773919625,0.04807111350545854,dummy-39u8vnkg,NA,NA,NA,NA,NA,NA,NA,NA
0.11002379294968198,0.05509424013280669,dummy-3a8hex7n,NA,NA,NA,NA,NA,NA,NA,NA
0.17178886366908638,0.07026138801780214,dummy-3avvsjco,NA,NA,NA,NA,NA,NA,NA,NA
0.15443571193352343,0.02757490032687643,dummy-3b8xoc7n,NA,NA,NA,NA,NA,NA,NA,NA
0.00501497070421408,0.0191001141952617,dummy-3bixaevx,NA,NA,NA,NA,NA,NA,NA,NA
0.21957291490567535,0.11458679259855828,dummy-3bq2ra34,NA,NA,NA,NA,NA,NA,NA,NA
0.02272247867113331,0.01544877384737928,dummy-3bqjsbsj,NA,NA,NA,NA,NA,NA,NA,NA
0.02580079442253263,0.03454881200503842,dummy-3c26p6ms,NA,NA,NA,NA,NA,NA,NA,NA
0.14802349181511437,0.06777081946348579,dummy-3cicbkn5,NA,NA,NA,NA,NA,NA,NA,NA
0.00379493520226066,0.01513960522734339,dummy-3clx0cqf,NA,NA,NA,NA,NA,NA,NA,NA
0.1338575070581249,0.06238664694910015,dummy-3csokqpm,NA,NA,NA,NA,NA,NA,NA,NA
0.0046297049413471,0.01835991130110495,dummy-3dgxw32u,NA,NA,NA,NA,NA,NA,NA,NA
0.04901737366555917,0.04389643409982034,dummy-3dso8nqa,NA,NA,NA,NA,NA,NA,NA,NA
0.02317908104164861,0.01423171128256614,dummy-3dvatux1,NA,NA,NA,NA,NA,NA,NA,NA
0.06400401502727703,0.04547797494541101,dummy-3e373gjk,NA,NA,NA,NA,NA,NA,NA,NA
0.11133682414439344,0.01654099513285054,dummy-3e578qwh,NA,NA,NA,NA,NA,NA,NA,NA
0.07302804308772051,0.0318738659647102,dummy-3e8m6opu,NA,NA,NA,NA,NA,NA,NA,NA
0.106994105334897,0.07881631176395877,dummy-3egkmk8k,NA,NA,NA,NA,NA,NA,NA,NA
0.02911766134569862,0.01631251919559333,dummy-3em9b6nu,NA,NA,NA,NA,NA,NA,NA,NA
0.01257990380756072,0.02626155164502236,dummy-3ezk7za9,NA,NA,NA,NA,NA,NA,NA,NA
0.07270200667762668,0.03627930187667041,dummy-3f1rupm3,NA,NA,NA,NA,NA,NA,NA,NA
0.04016995908801261,0.0300491264609805,dummy-3f5v13aw,NA,NA,NA,NA,NA,NA,NA,NA
0.16421826270997072,0.06753090029269813,dummy-3f7vbcu5,NA,NA,NA,NA,NA,NA,NA,NA
0.02272548953236869,0.01551628238742031,dummy-3f9qpdua,NA,NA,NA,NA,NA,NA,NA,NA
0.13871771773426597,0.03212928472091543,dummy-3fbxywud,NA,NA,NA,NA,NA,NA,NA,NA
0.04830788885164927,0.04634544951015065,dummy-3fnl925q,NA,NA,NA,NA,NA,NA,NA,NA
0.8587283982831126,0.06811807002482645,dummy-3fx24kld,NA,NA,NA,NA,NA,NA,NA,NA
0.1410639579777651,0.01569043443981552,dummy-3g5xhyi1,NA,NA,NA,NA,NA,NA,NA,NA
0.07194526215268454,0.04079163821747348,dummy-3g7ito47,NA,NA,NA,NA,NA,NA,NA,NA
0.00626682631022911,0.01514769189847822,dummy-3grwjzz4,NA,NA,NA,NA,NA,NA,NA,NA
0.225296034938679,0.05040128385221935,dummy-3gy95q4l,NA,NA,NA,NA,NA,NA,NA,NA
0.11948448347885592,0.07163917092346184,dummy-3h3lpzw5,NA,NA,NA,NA,NA,NA,NA,NA
0.04415123303789917,0.0674833156061524,dummy-3h3os26o,NA,NA,NA,NA,NA,NA,NA,NA
0.136538209460567,0.0551720472784579,dummy-3hhbwhgd,NA,NA,NA,NA,NA,NA,NA,NA
0.00407107701988332,0.012387894969534,dummy-3hns9q5k,NA,NA,NA,NA,NA,NA,NA,NA
0.02574181810080246,0.04339637796829387,dummy-3i5kkqaw,NA,NA,NA,NA,NA,NA,NA,NA
0.12473611526476588,0.05862007272822674,dummy-3i9i1djh,NA,NA,NA,NA,NA,NA,NA,NA
0.01033122716913907,0.02451113200751097,dummy-3ik7v5zl,NA,NA,NA,NA,NA,NA,NA,NA
0.07410548247094174,0.07666246094706654,dummy-3iuojmkv,NA,NA,NA,NA,NA,NA,NA,NA
0.16635448009226325,0.06714907812153194,dummy-3iuqy3sq,NA,NA,NA,NA,NA,NA,NA,NA
0.02465658436631962,0.02777155426183104,dummy-3jbys871,NA,NA,NA,NA,NA,NA,NA,NA
0.04527945740275715,0.04025774379520334,dummy-3ji74gw9,NA,NA,NA,NA,NA,NA,NA,NA
0.0897198301035945,0.05305391622868016,dummy-3jtb2ibp,NA,NA,NA,NA,NA,NA,NA,NA
0.00308761822787549,0.01453897556087249,dummy-3jukhtbi,NA,NA,NA,NA,NA,NA,NA,NA
0.14915123512248293,0.05588741611440386,dummy-3jymogpw,NA,NA,NA,NA,NA,NA,NA,NA
0.13150414286012985,0.04744243178737241,dummy-3k86yxes,NA,NA,NA,NA,NA,NA,NA,NA
0.02009655441519865,0.03299695319972791,dummy-3kr6vvvw,NA,NA,NA,NA,NA,NA,NA,NA
0.02546025216969628,0.0330534193347031,dummy-3lvv6n9d,NA,NA,NA,NA,NA,NA,NA,NA
0.06941940726044389,0.05433254250935832,dummy-3m7mu2qm,NA,NA,NA,NA,NA,NA,NA,NA
0.07893120918110763,0.04426340658039176,dummy-3mi2jpqc,NA,NA,NA,NA,NA,NA,NA,NA
0.01525885656763053,0.0215727203469726,dummy-3n1nk845,NA,NA,NA,NA,NA,NA,NA,NA
0.01934127994067925,0.04645669109002106,dummy-3nni9vrp,NA,NA,NA,NA,NA,NA,NA,NA
0.13942466226786465,0.05120620254780612,dummy-3nnpmfr6,NA,NA,NA,NA,NA,NA,NA,NA
0.03227772938204223,0.0183321823689132,dummy-3np3k19h,NA,NA,NA,NA,NA,NA,NA,NA
0.09358769832883566,0.09825278836198692,dummy-3o87t8wa,NA,NA,NA,NA,NA,NA,NA,NA
0.1398211685046192,0.04270927578866011,dummy-3ocygln7,NA,NA,NA,NA,NA,NA,NA,NA
0.06910005795553723,0.05448920221401116,dummy-3os2pbjg,NA,NA,NA,NA,NA,NA,NA,NA
0.01987154204852718,0.01583927009376377,dummy-3p11ynbj,NA,NA,NA,NA,NA,NA,NA,NA
0.06520662703245822,0.10105526851771376,dummy-3p2a5f2h,NA,NA,NA,NA,NA,NA,NA,NA
0.12848715210813524,0.0615628034036436,dummy-3p66na1x,NA,NA,NA,NA,NA,NA,NA,NA
0.04467065449235803,0.01725050476868009,dummy-3p8h80ew,NA,NA,NA,NA,NA,NA,NA,NA
0.1491432136402714,0.12453075812635396,dummy-3pjdfars,NA,NA,NA,NA,NA,NA,NA,NA
0.04858550508504308,0.07038560836645556,dummy-3plktge0,NA,NA,NA,NA,NA,NA,NA,NA
0.3834258270178055,0.04614860062361474,dummy-3pviw3ub,NA,NA,NA,NA,NA,NA,NA,NA
0.02384697124488536,0.01423718761245575,dummy-3pwo00ki,NA,NA,NA,NA,NA,NA,NA,NA
0.10333340863206504,0.01619314128868633,dummy-3q8ud5gk,NA,NA,NA,NA,NA,NA,NA,NA
0.1035936070458381,0.05858611201465322,dummy-3qefsxpg,NA,NA,NA,NA,NA,NA,NA,NA
0.03647054899673394,0.04939331351423354,dummy-3qkkx12j,NA,NA,NA,NA,NA,NA,NA,NA
0.10637577054490352,0.07611169152098507,dummy-3qzhobtb,NA,NA,NA,NA,NA,NA,NA,NA
0.14872416524843582,0.07800671320941163,dummy-3r5sl3y7,NA,NA,NA,NA,NA,NA,NA,NA
0.06631605928921665,0.0492217128935547,dummy-3r8tc0sz,NA,NA,NA,NA,NA,NA,NA,NA
0.04123348972983097,0.01649158825019262,dummy-3r98gq38,NA,NA,NA,NA,NA,NA,NA,NA
0.00324464432185027,0.01513808590030466,dummy-3rbym00s,NA,NA,NA,NA,NA,NA,NA,NA
0.01114145056114744,0.02684168792647251,dummy-3rk83z0k,NA,NA,NA,NA,NA,NA,NA,NA
0.03005898204093989,0.0384582603069134,dummy-3rm3rve2,NA,NA,NA,NA,NA,NA,NA,NA
0.12875171955004464,0.04271910745270812,dummy-3rpr6b4q,NA,NA,NA,NA,NA,NA,NA,NA
0.08417865461430056,0.04737984068196795,dummy-3rqi91oq,NA,NA,NA,NA,NA,NA,NA,NA
0.00291877870939129,0.0149153338396731,dummy-3s0nnwtm,NA,NA,NA,NA,NA,NA,NA,NA
0.00598487555000069,0.01448093165534058,dummy-3s3bwjsb,NA,NA,NA,NA,NA,NA,NA,NA
0.12369889081717347,0.01721768762701666,dummy-3s6krtt9,NA,NA,NA,NA,NA,NA,NA,NA
0.9327936973982052,0.06840192356545438,dummy-3stgdg3k,NA,NA,NA,NA,NA,NA,NA,NA
0.01484980292259528,0.02582699689094761,dummy-3szy11vh,NA,NA,NA,NA,NA,NA,NA,NA
0.0563285673597931,0.05806209279746677,dummy-3taar8sl,NA,NA,NA,NA,NA,NA,NA,NA
0.1280354438566438,0.04637551873466348,dummy-3td9qyp3,NA,NA,NA,NA,NA,NA,NA,NA
0.04399953530321032,0.04547754426806969,dummy-3tkfnc1z,NA,NA,NA,NA,NA,NA,NA,NA
0.00867404099019409,0.0154267543679305,dummy-3tum8bei,NA,NA,NA,NA,NA,NA,NA,NA
0.0421916793232994,0.03736201688659713,dummy-3twjs3gf,NA,NA,NA,NA,NA,NA,NA,NA
0.2452349362194369,0.08777308014680747,dummy-3u2w4yab,NA,NA,NA,NA,NA,NA,NA,NA
0.06772296779826419,0.05931549398748903,dummy-3u9hjn2n,NA,NA,NA,NA,NA,NA,NA,NA
0.02751051854655953,0.01630001907263857,dummy-3uvb7e91,NA,NA,NA,NA,NA,NA,NA,NA
0.00347555207014532,0.01208151846571423,dummy-3uw4cx5m,NA,NA,NA,NA,NA,NA,NA,NA
0.00349460303469911,0.02411996007141504,dummy-3veopxdw,NA,NA,NA,NA,NA,NA,NA,NA
0.0773757425412045,0.05553997679651931,dummy-3vkgn6k3,NA,NA,NA,NA,NA,NA,NA,NA
0.02297927191719673,0.04203422714080754,dummy-3w3fxc4m,NA,NA,NA,NA,NA,NA,NA,NA
0.05033092537380958,0.05619917633368113,dummy-3wvze0cj,NA,NA,NA,NA,NA,NA,NA,NA
0.01826532347120995,0.01849767393157764,dummy-3wynz3no,NA,NA,NA,NA,NA,NA,NA,NA
0.03434795770028475,0.04654017281367584,dummy-3x022urs,NA,NA,NA,NA,NA,NA,NA,NA
0.2619623338808157,0.06703413536366433,dummy-3xbc49dz,NA,NA,NA,NA,NA,NA,NA,NA
0.07579044935436187,0.03269444819024869,dummy-3y392zdk,NA,NA,NA,NA,NA,NA,NA,NA
0.00659128177032594,0.01478051275684405,dummy-3y5jncge,NA,NA,NA,NA,NA,NA,NA,NA
0.01671059312994686,0.03860054236331008,dummy-3yvfabp9,NA,NA,NA,NA,NA,NA,NA,NA
0.12444622494224448,0.04948256528671856,dummy-3zapp9qs,NA,NA,NA,NA,NA,NA,NA,NA
0.1461890361847902,0.05825350569961588,dummy-40kkv41n,NA,NA,NA,NA,NA,NA,NA,NA
0.0537196665872828,0.05450371577127039,dummy-40u4qyig,NA,NA,NA,NA,NA,NA,NA,NA
0.01720804111473079,0.02142637986249892,dummy-40y4e5ia,NA,NA,NA,NA,NA,NA,NA,NA
0.11955477531902169,0.02911930058313016,dummy-410xjypd,NA,NA,NA,NA,NA,NA,NA,NA
0.01577848544185611,0.01477159221548319,dummy-415yblfa,NA,NA,NA,NA,NA,NA,NA,NA
0.02305399725051772,0.03730959370478604,dummy-41onljmo,NA,NA,NA,NA,NA,NA,NA,NA
0.03505520321260966,0.01715056564546773,dummy-422oxsfv,NA,NA,NA,NA,NA,NA,NA,NA
0.44338709651932234,0.04118100753312389,dummy-42a896bh,NA,NA,NA,NA,NA,NA,NA,NA
0.06947016524832626,0.07029042096045693,dummy-42l8ftoh,NA,NA,NA,NA,NA,NA,NA,NA
0.0471832211876879,0.04729119670181928,dummy-42qmsvtn,NA,NA,NA,NA,NA,NA,NA,NA
0.00316293103679575,0.01457828402582143,dummy-42xmw1yc,NA,NA,NA,NA,NA,NA,NA,NA
0.3101556673873971,0.1252372366863146,dummy-438w7oop,NA,NA,NA,NA,NA,NA,NA,NA
0.02108208930061657,0.01587976241538783,dummy-43qpefdy,NA,NA,NA,NA,NA,NA,NA,NA
0.06851637909454665,0.06946996939490169,dummy-44gqa51r,NA,NA,NA,NA,NA,NA,NA,NA
0.01271925912931007,0.02990411148647493,dummy-45ig9trw,NA,NA,NA,NA,NA,NA,NA,NA
0.02708125651676,0.05146978921590747,dummy-45pqjx9r,NA,NA,NA,NA,NA,NA,NA,NA
0.04324154165249666,0.03125675967199984,dummy-45wmfs6m,NA,NA,NA,NA,NA,NA,NA,NA
0.0800010342928928,0.07731731528167245,dummy-46c6y0mf,NA,NA,NA,NA,NA,NA,NA,NA
0.1260528931645673,0.07651819197570522,dummy-46hx4m7z,NA,NA,NA,NA,NA,NA,NA,NA
0.00632939818695758,0.01510599514313569,dummy-46mp57m2,NA,NA,NA,NA,NA,NA,NA,NA
0.0371514064462763,0.04918775319083965,dummy-46uuh092,NA,NA,NA,NA,NA,NA,NA,NA
0.01502282572172014,0.03281072565307716,dummy-4707uimk,NA,NA,NA,NA,NA,NA,NA,NA
0.3870045148834181,0.07722334495098217,dummy-470qk5sd,NA,NA,NA,NA,NA,NA,NA,NA
0.00422239200430063,0.01571272508607541,dummy-473oliww,NA,NA,NA,NA,NA,NA,NA,NA
0.14545709828772277,0.01793174344703398,dummy-47hfwjl1,NA,NA,NA,NA,NA,NA,NA,NA
0.03840263776934782,0.01634835637906323,dummy-47lchkpx,NA,NA,NA,NA,NA,NA,NA,NA
0.6698129699118643,0.06280085421042295,dummy-47lgp9m4,NA,NA,NA,NA,NA,NA,NA,NA
0.00500487205221284,0.01910482737349661,dummy-47lv3ay4,NA,NA,NA,NA,NA,NA,NA,NA
0.01451146315278777,0.03721497565073951,dummy-47ywt7mz,NA,NA,NA,NA,NA,NA,NA,NA
0.15442375208791106,0.04071197498158828,dummy-483h42uv,NA,NA,NA,NA,NA,NA,NA,NA
0.03715529083427186,0.06003211543679867,dummy-484iyowf,NA,NA,NA,NA,NA,NA,NA,NA
0.01024775553266384,0.0168690117561748,dummy-4857y22j,NA,NA,NA,NA,NA,NA,NA,NA
0.01410777270824034,0.02842564346679397,dummy-48hzgrz8,NA,NA,NA,NA,NA,NA,NA,NA
0.45490382626862824,0.09929613036483365,dummy-493vhgre,NA,NA,NA,NA,NA,NA,NA,NA
0.16962073023856794,0.0429347941056871,dummy-49avsfkb,NA,NA,NA,NA,NA,NA,NA,NA
0.04152969494048182,0.05154232114935926,dummy-49epti5x,NA,NA,NA,NA,NA,NA,NA,NA
0.04696018007050975,0.03482194968159177,dummy-49n1j9o6,NA,NA,NA,NA,NA,NA,NA,NA
0.03925751731454434,0.03082182091645767,dummy-4a5jkw6p,NA,NA,NA,NA,NA,NA,NA,NA
0.1932965041690614,0.115448782762493,dummy-4acphhlu,NA,NA,NA,NA,NA,NA,NA,NA
0.00336784125342898,0.01458426033373719,dummy-4aj1jtar,NA,NA,NA,NA,NA,NA,NA,NA
0.00959163048663182,0.02967574500391531,dummy-4alx46n9,NA,NA,NA,NA,NA,NA,NA,NA
0.116500298937344,0.06428477837124884,dummy-4b057yo0,NA,NA,NA,NA,NA,NA,NA,NA
0.16097388543867852,0.04143726841375655,dummy-4b1wig8x,NA,NA,NA,NA,NA,NA,NA,NA
0.00335795909123518,0.01311241441875257,dummy-4b8sb12y,NA,NA,NA,NA,NA,NA,NA,NA
0.02999473503186761,0.04382262624074696,dummy-4bc1mg41,NA,NA,NA,NA,NA,NA,NA,NA
0.07031154904845362,0.05980234804931358,dummy-4big7tzd,NA,NA,NA,NA,NA,NA,NA,NA
0.06699515716778028,0.08003055634938377,dummy-4bl7314u,NA,NA,NA,NA,NA,NA,NA,NA
0.16078170168846492,0.01773660001881228,dummy-4bs8xdea,NA,NA,NA,NA,NA,NA,NA,NA
0.06597541766741358,0.032635940233558,dummy-4bzabgsk,NA,NA,NA,NA,NA,NA,NA,NA
0.0151803206115997,0.01558338298988396,dummy-4cmamwin,NA,NA,NA,NA,NA,NA,NA,NA
0.514371182370026,0.04894845535942021,dummy-4cvvuj8c,NA,NA,NA,NA,NA,NA,NA,NA
0.02972592495303336,0.02978919275986115,dummy-4dph6ftz,NA,NA,NA,NA,NA,NA,NA,NA
0.06548493904911624,0.07084560413816107,dummy-4dqbyuhs,NA,NA,NA,NA,NA,NA,NA,NA
0.02959535121542913,0.03176714080171162,dummy-4dw88ml7,NA,NA,NA,NA,NA,NA,NA,NA
0.06041554749482117,0.08711635300418921,dummy-4dwjzqhu,NA,NA,NA,NA,NA,NA,NA,NA
0.20361953645113404,0.05989115994552069,dummy-4e3pwz9o,NA,NA,NA,NA,NA,NA,NA,NA
0.06074302902610429,0.06099404969350783,dummy-4e601wwv,NA,NA,NA,NA,NA,NA,NA,NA
0.1612853247609146,0.02646223459651137,dummy-4eg5q07e,NA,NA,NA,NA,NA,NA,NA,NA
0.01850365486875652,0.03304683849414166,dummy-4ejaxqry,NA,NA,NA,NA,NA,NA,NA,NA
0.13725495151581632,0.06989785476424101,dummy-4emti11h,NA,NA,NA,NA,NA,NA,NA,NA
0.02269810044480658,0.03728334701489545,dummy-4et54ltb,NA,NA,NA,NA,NA,NA,NA,NA
0.06544256207029496,0.07634820473441259,dummy-4ey82ygt,NA,NA,NA,NA,NA,NA,NA,NA
0.14049584874531423,0.07871389880472505,dummy-4f0sumvy,NA,NA,NA,NA,NA,NA,NA,NA
0.15071809035582673,0.0631106420056898,dummy-4fmgxbza,NA,NA,NA,NA,NA,NA,NA,NA
0.05117862343867031,0.04566828533178329,dummy-4g0phngw,NA,NA,NA,NA,NA,NA,NA,NA
0.00258301866901725,0.01691430086405604,dummy-4g5086br,NA,NA,NA,NA,NA,NA,NA,NA
0.02019274564420066,0.01714396259776798,dummy-4gl8duje,NA,NA,NA,NA,NA,NA,NA,NA
0.09524358749898117,0.04862676105734769,dummy-4grabali,NA,NA,NA,NA,NA,NA,NA,NA
0.05950443346813815,0.04724546146663212,dummy-4gvt7xkc,NA,NA,NA,NA,NA,NA,NA,NA
0.20753152467410751,0.06059047472043062,dummy-4gzo21uu,NA,NA,NA,NA,NA,NA,NA,NA
0.05036800707014782,0.05213242352691424,dummy-4h79q9gu,NA,NA,NA,NA,NA,NA,NA,NA
0.02389311056959493,0.02329058485082819,dummy-4hibbi21,NA,NA,NA,NA,NA,NA,NA,NA
0.05514687868565349,0.05368101993109344,dummy-4hkhrn4a,NA,NA,NA,NA,NA,NA,NA,NA
0.14908128927491218,0.03193091508849332,dummy-4hvotqm1,NA,NA,NA,NA,NA,NA,NA,NA
0.01999107397776033,0.01704395626713307,dummy-4izyb6de,NA,NA,NA,NA,NA,NA,NA,NA
0.13669031152213276,0.05940067189484677,dummy-4j2syh4s,NA,NA,NA,NA,NA,NA,NA,NA
0.2226917144977697,0.07258636974053652,dummy-4j8ze7yf,NA,NA,NA,NA,NA,NA,NA,NA
0.00297372548111407,0.01792650646572068,dummy-4jiygrhc,NA,NA,NA,NA,NA,NA,NA,NA
0.01525769309313245,0.01556319408851505,dummy-4jj7pnm6,NA,NA,NA,NA,NA,NA,NA,NA
0.10086228416914254,0.02968804483315107,dummy-4jjcrapc,NA,NA,NA,NA,NA,NA,NA,NA
0.02297086748433961,0.01596319766298351,dummy-4jzyni3u,NA,NA,NA,NA,NA,NA,NA,NA
0.0182614512620112,0.03516917423563256,dummy-4k2flzyo,NA,NA,NA,NA,NA,NA,NA,NA
0.03287091739574221,0.04739834408023171,dummy-4k8dn4a0,NA,NA,NA,NA,NA,NA,NA,NA
0.00472749370210174,0.01610063614163301,dummy-4kqz26nr,NA,NA,NA,NA,NA,NA,NA,NA
0.17656041637805064,0.05903909768443232,dummy-4ktitpdb,NA,NA,NA,NA,NA,NA,NA,NA
0.02664947936353342,0.01675127648029211,dummy-4lokgd7n,NA,NA,NA,NA,NA,NA,NA,NA
0.14852705993059184,0.06572685967954285,dummy-4m07d9qn,NA,NA,NA,NA,NA,NA,NA,NA
0.06560670499028161,0.03115719511611893,dummy-4mgrpbju,NA,NA,NA,NA,NA,NA,NA,NA
0.02115910278142493,0.0327910511256635,dummy-4molkqju,NA,NA,NA,NA,NA,NA,NA,NA
0.4868435331806706,0.05092150699889942,dummy-4mrx4mf2,NA,NA,NA,NA,NA,NA,NA,NA
0.07569394555663421,0.05030376439302647,dummy-4mwht1wg,NA,NA,NA,NA,NA,NA,NA,NA
0.05816585891014497,0.05452436904717443,dummy-4mxol5u6,NA,NA,NA,NA,NA,NA,NA,NA
0.05471869503424082,0.05995124286355523,dummy-4neak81h,NA,NA,NA,NA,NA,NA,NA,NA
0.03087311843299469,0.03513453075462018,dummy-4njl0f5j,NA,NA,NA,NA,NA,NA,NA,NA
0.04172286108927815,0.03828048211913908,dummy-4nrn0fj6,NA,NA,NA,NA,NA,NA,NA,NA
0.02460733062089853,0.04622379132534479,dummy-4ny98sb2,NA,NA,NA,NA,NA,NA,NA,NA
0.08818860068423434,0.05645638866919485,dummy-4oi77m29,NA,NA,NA,NA,NA,NA,NA,NA
0.10933664277961708,0.02182741509649885,dummy-4oirctcr,NA,NA,NA,NA,NA,NA,NA,NA
0.25899944577703077,0.0943573189243648,dummy-4onyht5y,NA,NA,NA,NA,NA,NA,NA,NA
0.05844248382657643,0.07029713491403053,dummy-4p4z8p72,NA,NA,NA,NA,NA,NA,NA,NA
0.05154870002872923,0.06548002881915431,dummy-4pm45y91,NA,NA,NA,NA,NA,NA,NA,NA
0.03631269866103366,0.01532657640844956,dummy-4pry6gl4,NA,NA,NA,NA,NA,NA,NA,NA
0.07802808520104744,0.0710638301080034,dummy-4q9k93pg,NA,NA,NA,NA,NA,NA,NA,NA
0.175390104313682,0.02057216243824886,dummy-4qi9dbeb,NA,NA,NA,NA,NA,NA,NA,NA
0.1305015895444662,0.03788989402274109,dummy-4qkbmodi,NA,NA,NA,NA,NA,NA,NA,NA
0.00416859821160867,0.01456706500276908,dummy-4qlrtvw2,NA,NA,NA,NA,NA,NA,NA,NA
0.05189715929007489,0.03574843331234925,dummy-4qv6t9ov,NA,NA,NA,NA,NA,NA,NA,NA
0.1004536573685623,0.0550251951076948,dummy-4r3i9cv2,NA,NA,NA,NA,NA,NA,NA,NA
0.3200206927778837,0.05239576081181981,dummy-4r8dxrs9,NA,NA,NA,NA,NA,NA,NA,NA
0.03457135671412561,0.04645869201325993,dummy-4rfqm1ji,NA,NA,NA,NA,NA,NA,NA,NA
0.00774258405378876,0.01437357606210286,dummy-4rmh8ae0,NA,NA,NA,NA,NA,NA,NA,NA
0.02460733062089853,0.04622379132534479,dummy-4rrdxg94,NA,NA,NA,NA,NA,NA,NA,NA
0.08342607480624555,0.04273086658832863,dummy-4s6z2a9h,NA,NA,NA,NA,NA,NA,NA,NA
0.0974148938127535,0.06207018054903895,dummy-4s87widx,NA,NA,NA,NA,NA,NA,NA,NA
0.05630327305494986,0.06035825635683237,dummy-4slwvcok,NA,NA,NA,NA,NA,NA,NA,NA
0.1659339146828181,0.0858528344241125,dummy-4ssfmk5m,NA,NA,NA,NA,NA,NA,NA,NA
0.00546092787145728,0.019845367365966,dummy-4t0d8sc5,NA,NA,NA,NA,NA,NA,NA,NA
0.00807415475471045,0.01881747731381352,dummy-4t6e0txb,NA,NA,NA,NA,NA,NA,NA,NA
0.25794796251663377,0.05776345738711507,dummy-4to9j3de,NA,NA,NA,NA,NA,NA,NA,NA
0.00370694786629089,0.01704751166376019,dummy-4u7dm2iz,NA,NA,NA,NA,NA,NA,NA,NA
0.18063198958644172,0.07328184952982505,dummy-4uhnhnk9,NA,NA,NA,NA,NA,NA,NA,NA
0.3729823312147677,0.07713328889546874,dummy-4uk6thse,NA,NA,NA,NA,NA,NA,NA,NA
0.01355550696195434,0.03266983353979785,dummy-4v2us1eo,NA,NA,NA,NA,NA,NA,NA,NA
0.00796919296229532,0.01956531809977641,dummy-4v68renj,NA,NA,NA,NA,NA,NA,NA,NA
0.02317908104164861,0.01423171128256614,dummy-4vsw3hap,NA,NA,NA,NA,NA,NA,NA,NA
0.20215386877997496,0.11265667712103827,dummy-4wydcbpd,NA,NA,NA,NA,NA,NA,NA,NA
0.09378718496834695,0.05554621248624211,dummy-4x6fktww,NA,NA,NA,NA,NA,NA,NA,NA
0.1466722230117422,0.01778260103523251,dummy-4x9domk9,NA,NA,NA,NA,NA,NA,NA,NA
0.15638917171006994,0.06550698638881018,dummy-4yfl707f,NA,NA,NA,NA,NA,NA,NA,NA
0.03043449120006579,0.04222511260671549,dummy-4yki42va,NA,NA,NA,NA,NA,NA,NA,NA
0.2659920819792558,0.07428866167835153,dummy-4yoe7qos,NA,NA,NA,NA,NA,NA,NA,NA
0.02150523167093479,0.01427018640597312,dummy-4yqhk6ah,NA,NA,NA,NA,NA,NA,NA,NA
0.04075833985115445,0.03466474269058385,dummy-4yrw960e,NA,NA,NA,NA,NA,NA,NA,NA
0.0895428240772517,0.07211276404054273,dummy-4yvrnnud,NA,NA,NA,NA,NA,NA,NA,NA
0.43341268521854737,0.05784350654616903,dummy-4z079q34,NA,NA,NA,NA,NA,NA,NA,NA
0.2247057013788442,0.07573075736244221,dummy-4zbx8bv6,NA,NA,NA,NA,NA,NA,NA,NA
0.4497987356674139,0.04289198082489306,dummy-4zsv093n,NA,NA,NA,NA,NA,NA,NA,NA
0.00349873894064509,0.01446411500640161,dummy-509llqex,NA,NA,NA,NA,NA,NA,NA,NA
0.09568302469138557,0.04977057615621651,dummy-51rvxarf,NA,NA,NA,NA,NA,NA,NA,NA
0.03712677830798609,0.0337054374161695,dummy-51xuyr2d,NA,NA,NA,NA,NA,NA,NA,NA
0.08905953215636155,0.06105642453004174,dummy-52353nnb,NA,NA,NA,NA,NA,NA,NA,NA
0.2089330387160008,0.06059047276206419,dummy-5283210l,NA,NA,NA,NA,NA,NA,NA,NA
0.06938174251655288,0.01939833749595251,dummy-538se0dd,NA,NA,NA,NA,NA,NA,NA,NA
0.29628013762194555,0.06993574935030261,dummy-539yfpje,NA,NA,NA,NA,NA,NA,NA,NA
0.1391123630986126,0.05482603290830602,dummy-53f1wf1n,NA,NA,NA,NA,NA,NA,NA,NA
0.00672544752392152,0.01338267980969901,dummy-53fj0li6,NA,NA,NA,NA,NA,NA,NA,NA
0.03503246388255564,0.03203440429924776,dummy-53gr18s8,NA,NA,NA,NA,NA,NA,NA,NA
0.1342513712299074,0.05500668910930367,dummy-53k563n3,NA,NA,NA,NA,NA,NA,NA,NA
0.0859478312202839,0.03822706341253106,dummy-53msi6hk,NA,NA,NA,NA,NA,NA,NA,NA
0.11948448347885592,0.07163917092346184,dummy-53tuzclg,NA,NA,NA,NA,NA,NA,NA,NA
0.02048253103965868,0.0156296174754319,dummy-54780o3p,NA,NA,NA,NA,NA,NA,NA,NA
0.04572169335399043,0.0398328181756699,dummy-54cjlv7p,NA,NA,NA,NA,NA,NA,NA,NA
0.01821710170081882,0.01855807071339676,dummy-54ck217j,NA,NA,NA,NA,NA,NA,NA,NA
0.05617036907587601,0.04009123986427514,dummy-54qknx8n,NA,NA,NA,NA,NA,NA,NA,NA
0.06721611967420331,0.01603871808174539,dummy-54s770no,NA,NA,NA,NA,NA,NA,NA,NA
0.07541078185372596,0.03720108878934647,dummy-54xcie88,NA,NA,NA,NA,NA,NA,NA,NA
0.09275414375013907,0.04575488812398975,dummy-54z9d5f5,NA,NA,NA,NA,NA,NA,NA,NA
0.0046297049413471,0.01835991130110495,dummy-55c9j8g8,NA,NA,NA,NA,NA,NA,NA,NA
0.255415116942778,0.065835229150724,dummy-55cs9cra,NA,NA,NA,NA,NA,NA,NA,NA
0.02184936127646484,0.01748551680332077,dummy-55i3exuy,NA,NA,NA,NA,NA,NA,NA,NA
0.03579355206511912,0.03886792995110954,dummy-55mmskpc,NA,NA,NA,NA,NA,NA,NA,NA
0.083816916573929,0.0500601519333827,dummy-56cndvkp,NA,NA,NA,NA,NA,NA,NA,NA
0.0480247910280295,0.05189523083712599,dummy-56ojfp12,NA,NA,NA,NA,NA,NA,NA,NA
0.04935402174035976,0.05897865032859507,dummy-56t1xp89,NA,NA,NA,NA,NA,NA,NA,NA
0.05197174839890327,0.0509684262743294,dummy-56xwb862,NA,NA,NA,NA,NA,NA,NA,NA
0.08870840571716035,0.04967019815625334,dummy-57s5bz3n,NA,NA,NA,NA,NA,NA,NA,NA
0.03459611813214784,0.03898607483258245,dummy-57wch00w,NA,NA,NA,NA,NA,NA,NA,NA
0.08148736868216334,0.05271772605194073,dummy-586glfob,NA,NA,NA,NA,NA,NA,NA,NA
0.06025542002517898,0.05745574103608415,dummy-599pl14t,NA,NA,NA,NA,NA,NA,NA,NA
0.03798489916797703,0.04644443461024295,dummy-59comboc,NA,NA,NA,NA,NA,NA,NA,NA
0.06663997869672468,0.06375299910330584,dummy-59d04jt5,NA,NA,NA,NA,NA,NA,NA,NA
0.0800010342928928,0.07731731528167245,dummy-59h6by2n,NA,NA,NA,NA,NA,NA,NA,NA
0.03327498427254702,0.03271433265887715,dummy-5a3aaaeg,NA,NA,NA,NA,NA,NA,NA,NA
0.4509087573022343,0.09929613653449328,dummy-5a3b7qe9,NA,NA,NA,NA,NA,NA,NA,NA
0.01004843209337804,0.03203115105705354,dummy-5akjqcsr,NA,NA,NA,NA,NA,NA,NA,NA
0.3105310765136072,0.05157985908361071,dummy-5argcw2u,NA,NA,NA,NA,NA,NA,NA,NA
0.02705310781068398,0.04571742441871838,dummy-5b51gqej,NA,NA,NA,NA,NA,NA,NA,NA
0.061831359850855,0.03134496892946323,dummy-5b8lis0h,NA,NA,NA,NA,NA,NA,NA,NA
0.14257463811503798,0.09642696273122052,dummy-5bqy13ik,NA,NA,NA,NA,NA,NA,NA,NA
0.23360669528715297,0.11279317536332216,dummy-5casoo6h,NA,NA,NA,NA,NA,NA,NA,NA
0.2455209183357256,0.08954886080644661,dummy-5cmuc9si,NA,NA,NA,NA,NA,NA,NA,NA
0.05519917339853348,0.01688359498049831,dummy-5cz0igak,NA,NA,NA,NA,NA,NA,NA,NA
0.02171602670102749,0.03075234230863054,dummy-5d4dqhcq,NA,NA,NA,NA,NA,NA,NA,NA
0.04165923440803381,0.05104872386597174,dummy-5d88sld6,NA,NA,NA,NA,NA,NA,NA,NA
0.00349873894064509,0.01446411500640161,dummy-5da92p5x,NA,NA,NA,NA,NA,NA,NA,NA
0.11259610759866484,0.07601747758340571,dummy-5dck3okb,NA,NA,NA,NA,NA,NA,NA,NA
0.03011776785898639,0.04212410898603714,dummy-5ei4e8lp,NA,NA,NA,NA,NA,NA,NA,NA
0.03148441925154848,0.01490818622381909,dummy-5em6xh3s,NA,NA,NA,NA,NA,NA,NA,NA
0.05760762710524924,0.0188069773702705,dummy-5exy9cx8,NA,NA,NA,NA,NA,NA,NA,NA
0.01869993741189167,0.0326197313084571,dummy-5ez8ud8w,NA,NA,NA,NA,NA,NA,NA,NA
0.03011579431830081,0.03708932621318987,dummy-5f20bign,NA,NA,NA,NA,NA,NA,NA,NA
0.01730238836173677,0.02219805162345172,dummy-5fapy3yc,NA,NA,NA,NA,NA,NA,NA,NA
0.09425606930197725,0.06302146070931591,dummy-5g2r1a64,NA,NA,NA,NA,NA,NA,NA,NA
0.08272376319991234,0.04324800880038141,dummy-5g3315pa,NA,NA,NA,NA,NA,NA,NA,NA
0.01406980256529001,0.01447861123714642,dummy-5gbcyn3l,NA,NA,NA,NA,NA,NA,NA,NA
0.04975848642088995,0.03930414249207011,dummy-5giamy2j,NA,NA,NA,NA,NA,NA,NA,NA
0.1884768907039398,0.03574085790448091,dummy-5goqpssa,NA,NA,NA,NA,NA,NA,NA,NA
0.19957784030513695,0.04153687606225086,dummy-5grvv1mr,NA,NA,NA,NA,NA,NA,NA,NA
0.06942238804361689,0.06386659276177774,dummy-5gsj8kel,NA,NA,NA,NA,NA,NA,NA,NA
0.10059269307673745,0.04721394448575498,dummy-5h3synn1,NA,NA,NA,NA,NA,NA,NA,NA
0.12062975133385932,0.05497605563211567,dummy-5h8p9x8t,NA,NA,NA,NA,NA,NA,NA,NA
0.13778919655750477,0.05505586752116074,dummy-5hoxwe4t,NA,NA,NA,NA,NA,NA,NA,NA
0.1287181642838919,0.04637551872381847,dummy-5hppj8ty,NA,NA,NA,NA,NA,NA,NA,NA
0.14199038215867915,0.05337181296889209,dummy-5hufgo49,NA,NA,NA,NA,NA,NA,NA,NA
0.10073151624205198,0.04944118230035003,dummy-5hw93ruj,NA,NA,NA,NA,NA,NA,NA,NA
0.05258585315855439,0.01996963121679185,dummy-5i1o5mzc,NA,NA,NA,NA,NA,NA,NA,NA
0.08267972306876308,0.05010038747419879,dummy-5i1rj2v9,NA,NA,NA,NA,NA,NA,NA,NA
0.01306595447096266,0.03778404205995044,dummy-5i9cqxw9,NA,NA,NA,NA,NA,NA,NA,NA
0.09373678694563166,0.07751579295300555,dummy-5if9rrfb,NA,NA,NA,NA,NA,NA,NA,NA
0.09232604908413589,0.03081620135855761,dummy-5io4gt8v,NA,NA,NA,NA,NA,NA,NA,NA
0.08714775338293741,0.0432570164426212,dummy-5ios2g4b,NA,NA,NA,NA,NA,NA,NA,NA
0.02632359432088222,0.03711688036358981,dummy-5j4p5eq0,NA,NA,NA,NA,NA,NA,NA,NA
0.19325903785782816,0.11544878299321468,dummy-5j9bi4x9,NA,NA,NA,NA,NA,NA,NA,NA
0.04072428718199747,0.03121211688134052,dummy-5janof55,NA,NA,NA,NA,NA,NA,NA,NA
0.01011875992488374,0.02427695431463043,dummy-5k2qip1d,NA,NA,NA,NA,NA,NA,NA,NA
0.00897722553472449,0.02389631212150554,dummy-5k4ljjcs,NA,NA,NA,NA,NA,NA,NA,NA
0.10097855590618506,0.05297298323203243,dummy-5k7asw1r,NA,NA,NA,NA,NA,NA,NA,NA
0.04903715204606476,0.04075296841820505,dummy-5k84ewa9,NA,NA,NA,NA,NA,NA,NA,NA
0.00236995348996132,0.0115171417975062,dummy-5kafbpov,NA,NA,NA,NA,NA,NA,NA,NA
0.04029410213242317,0.06148389934682989,dummy-5ko5sumu,NA,NA,NA,NA,NA,NA,NA,NA
0.03664597310339426,0.01870696348093377,dummy-5krp7r16,NA,NA,NA,NA,NA,NA,NA,NA
0.0443845099274083,0.03329569821143099,dummy-5lgpd0ks,NA,NA,NA,NA,NA,NA,NA,NA
0.03633233170840769,0.04690041696679969,dummy-5m283npv,NA,NA,NA,NA,NA,NA,NA,NA
0.00248442580282694,0.0122235553516808,dummy-5mgmw66t,NA,NA,NA,NA,NA,NA,NA,NA
0.0856012166174709,0.06256321083534966,dummy-5mvpoz9r,NA,NA,NA,NA,NA,NA,NA,NA
0.01080103603761608,0.01524655831997343,dummy-5mzfxczc,NA,NA,NA,NA,NA,NA,NA,NA
0.15293408835753242,0.11795187613979488,dummy-5n0ewyaz,NA,NA,NA,NA,NA,NA,NA,NA
0.07615240791822275,0.05163064309736002,dummy-5ndd8wql,NA,NA,NA,NA,NA,NA,NA,NA
0.08267972306876308,0.05010038747419879,dummy-5ndf7ka9,NA,NA,NA,NA,NA,NA,NA,NA
0.02057261952764181,0.036021086970591,dummy-5nfe2xvz,NA,NA,NA,NA,NA,NA,NA,NA
0.19069662259986217,0.03224071359964825,dummy-5o3e3p26,NA,NA,NA,NA,NA,NA,NA,NA
0.04043863599095198,0.05764224030320739,dummy-5o6hs2w6,NA,NA,NA,NA,NA,NA,NA,NA
0.25942007578109905,0.14916494449843035,dummy-5o6x0857,NA,NA,NA,NA,NA,NA,NA,NA
0.06567179920646919,0.05610523678640891,dummy-5oakyd3p,NA,NA,NA,NA,NA,NA,NA,NA
0.15941153157315807,0.01464943869069108,dummy-5oj5w39a,NA,NA,NA,NA,NA,NA,NA,NA
0.16626800213567186,0.05432551249256987,dummy-5oriewm0,NA,NA,NA,NA,NA,NA,NA,NA
0.00457401147992723,0.01346506719300367,dummy-5oyy3keg,NA,NA,NA,NA,NA,NA,NA,NA
0.02008591238293786,0.02241854449193689,dummy-5p5lee6z,NA,NA,NA,NA,NA,NA,NA,NA
0.44338709651932234,0.04118100753312389,dummy-5pdmvsjz,NA,NA,NA,NA,NA,NA,NA,NA
0.06440316555193036,0.0965196198405854,dummy-5pk2jo24,NA,NA,NA,NA,NA,NA,NA,NA
0.16245981989980193,0.0522819035927833,dummy-5pltzjwb,NA,NA,NA,NA,NA,NA,NA,NA
0.03597150176818543,0.04345092247123561,dummy-5pm1tskq,NA,NA,NA,NA,NA,NA,NA,NA
0.10425373150334244,0.01693783481609462,dummy-5pota2v5,NA,NA,NA,NA,NA,NA,NA,NA
0.22057964335993,0.12387174111476852,dummy-5qgcr405,NA,NA,NA,NA,NA,NA,NA,NA
0.01703102834008216,0.03011182676162277,dummy-5r3j1ygi,NA,NA,NA,NA,NA,NA,NA,NA
0.116365657538366,0.06919715711817917,dummy-5r8g4xs8,NA,NA,NA,NA,NA,NA,NA,NA
0.20753152467410751,0.06059047472043062,dummy-5ra3ktx1,NA,NA,NA,NA,NA,NA,NA,NA
0.09343822609783524,0.03965709323254347,dummy-5rgsdpro,NA,NA,NA,NA,NA,NA,NA,NA
0.00755792032114102,0.0193578595867428,dummy-5rk11931,NA,NA,NA,NA,NA,NA,NA,NA
0.518153666728752,0.04992071422972013,dummy-5rkd3qhi,NA,NA,NA,NA,NA,NA,NA,NA
0.20790949091302133,0.10914102318158704,dummy-5rrd9ej4,NA,NA,NA,NA,NA,NA,NA,NA
0.03715529083427186,0.06003211543679867,dummy-5rvock8z,NA,NA,NA,NA,NA,NA,NA,NA
0.09210881071209288,0.04575488833202209,dummy-5rzzlixe,NA,NA,NA,NA,NA,NA,NA,NA
0.00774258405378876,0.01437357606210286,dummy-5s5b45jj,NA,NA,NA,NA,NA,NA,NA,NA
0.04743519398545711,0.04296915979642404,dummy-5sbfa0rm,NA,NA,NA,NA,NA,NA,NA,NA
0.0595141633409989,0.04565877363916231,dummy-5sg2kvg3,NA,NA,NA,NA,NA,NA,NA,NA
0.21301061436934943,0.04164967161284785,dummy-5snf64em,NA,NA,NA,NA,NA,NA,NA,NA
0.15468158412250932,0.08101216835238316,dummy-5sruh7rh,NA,NA,NA,NA,NA,NA,NA,NA
0.00994473757904318,0.0258957277865118,dummy-5tc2i2iz,NA,NA,NA,NA,NA,NA,NA,NA
0.0797796214673961,0.05532544173064911,dummy-5tok2g6n,NA,NA,NA,NA,NA,NA,NA,NA
0.1493386160507292,0.04226786143377901,dummy-5u1hf30r,NA,NA,NA,NA,NA,NA,NA,NA
0.09622980008816952,0.09872560189109196,dummy-5u499xm3,NA,NA,NA,NA,NA,NA,NA,NA
0.00454297602903426,0.01298972867384912,dummy-5uh86dch,NA,NA,NA,NA,NA,NA,NA,NA
0.1374156243300214,0.01605366132671898,dummy-5uq3n1ub,NA,NA,NA,NA,NA,NA,NA,NA
0.02203650618570805,0.04051713388961254,dummy-5ur7hwwd,NA,NA,NA,NA,NA,NA,NA,NA
0.09937108021311068,0.03072508846126307,dummy-5uss7ncs,NA,NA,NA,NA,NA,NA,NA,NA
0.02124691945077239,0.02973759564387886,dummy-5utnyi0c,NA,NA,NA,NA,NA,NA,NA,NA
0.02782193659493968,0.0249236141786103,dummy-5vi89r83,NA,NA,NA,NA,NA,NA,NA,NA
0.03210186611878534,0.01770603773261201,dummy-5vx2guup,NA,NA,NA,NA,NA,NA,NA,NA
0.1420500628293936,0.05787946668026119,dummy-5w6wqm4y,NA,NA,NA,NA,NA,NA,NA,NA
0.02106837415487405,0.03747534803191199,dummy-5wlldsvb,NA,NA,NA,NA,NA,NA,NA,NA
0.11082586523233488,0.0634279015499418,dummy-5wxude2h,NA,NA,NA,NA,NA,NA,NA,NA
0.2419804652548815,0.08955518936471227,dummy-5xsa44kl,NA,NA,NA,NA,NA,NA,NA,NA
0.02278634217163011,0.02672527050381571,dummy-5xw0dltg,NA,NA,NA,NA,NA,NA,NA,NA
0.1343458953471461,0.06248867256604434,dummy-5y0pjypq,NA,NA,NA,NA,NA,NA,NA,NA
0.07919967100436923,0.06724617439310115,dummy-5yctz122,NA,NA,NA,NA,NA,NA,NA,NA
0.1349499197425385,0.04898836482398183,dummy-5ydruzt3,NA,NA,NA,NA,NA,NA,NA,NA
0.0203579841013466,0.01717130608266793,dummy-5yghzona,NA,NA,NA,NA,NA,NA,NA,NA
0.04987541610247952,0.04480761592221921,dummy-5yi747ol,NA,NA,NA,NA,NA,NA,NA,NA
0.04095485392982899,0.03840807705705446,dummy-5z2cwms9,NA,NA,NA,NA,NA,NA,NA,NA
0.07906720991763833,0.03993944927556975,dummy-60mgsa90,NA,NA,NA,NA,NA,NA,NA,NA
0.02760991410386403,0.02990237919088793,dummy-60ropjzq,NA,NA,NA,NA,NA,NA,NA,NA
0.00289560253523784,0.01974217808879752,dummy-61e8u4eq,NA,NA,NA,NA,NA,NA,NA,NA
0.26092628317792227,0.07760054627859164,dummy-61kz76fx,NA,NA,NA,NA,NA,NA,NA,NA
0.00622681911090051,0.01650010651049164,dummy-62q1jf18,NA,NA,NA,NA,NA,NA,NA,NA
0.13141044078873235,0.01944100218403596,dummy-62qh6m1j,NA,NA,NA,NA,NA,NA,NA,NA
0.07431967442244086,0.03246160947286891,dummy-62vphjht,NA,NA,NA,NA,NA,NA,NA,NA
0.0910604645454432,0.05383573963655427,dummy-6381gac1,NA,NA,NA,NA,NA,NA,NA,NA
0.0515287302770674,0.03654522519468373,dummy-63jiolzj,NA,NA,NA,NA,NA,NA,NA,NA
0.13042931398792856,0.01462957099732647,dummy-63ky4uaz,NA,NA,NA,NA,NA,NA,NA,NA
0.05309481528322934,0.05445054891073428,dummy-63pd5l5t,NA,NA,NA,NA,NA,NA,NA,NA
0.0660841896420892,0.05926686585106566,dummy-63qqlw9c,NA,NA,NA,NA,NA,NA,NA,NA
0.00708569538360196,0.01472764275436346,dummy-64t6bqud,NA,NA,NA,NA,NA,NA,NA,NA
0.00248442580282694,0.0122235553516808,dummy-65a78sxm,NA,NA,NA,NA,NA,NA,NA,NA
0.04393899291270094,0.0552429953545047,dummy-65jm9apq,NA,NA,NA,NA,NA,NA,NA,NA
0.01293377670601457,0.02657531068396495,dummy-65lp91ne,NA,NA,NA,NA,NA,NA,NA,NA
0.410422137715773,0.04959342722938687,dummy-65nh6j9t,NA,NA,NA,NA,NA,NA,NA,NA
0.15262673838092244,0.11795187747110572,dummy-65xx5m8i,NA,NA,NA,NA,NA,NA,NA,NA
0.10818198245682924,0.05654707914249454,dummy-662watxh,NA,NA,NA,NA,NA,NA,NA,NA
0.0165031063743336,0.02973802180636658,dummy-664z231q,NA,NA,NA,NA,NA,NA,NA,NA
0.08458120090692536,0.05576342946488472,dummy-66cegi11,NA,NA,NA,NA,NA,NA,NA,NA
0.2795918950168941,0.07044179902180776,dummy-670sxns4,NA,NA,NA,NA,NA,NA,NA,NA
0.08043642005492503,0.02086430133560138,dummy-675agpiz,NA,NA,NA,NA,NA,NA,NA,NA
0.01234187940220656,0.0177095722717661,dummy-67jdk16s,NA,NA,NA,NA,NA,NA,NA,NA
0.1904148803274214,0.07261399321089307,dummy-67qrguqc,NA,NA,NA,NA,NA,NA,NA,NA
0.04796819827584347,0.06024385422045072,dummy-6803oq0b,NA,NA,NA,NA,NA,NA,NA,NA
0.1508936199366665,0.05614324389869712,dummy-680k42gs,NA,NA,NA,NA,NA,NA,NA,NA
0.03307895421681876,0.05437041670988189,dummy-68jaxhd7,NA,NA,NA,NA,NA,NA,NA,NA
0.0156153255963967,0.02096309382682139,dummy-68xak6tx,NA,NA,NA,NA,NA,NA,NA,NA
0.00265166531197877,0.01154614194600661,dummy-68ymzzn3,NA,NA,NA,NA,NA,NA,NA,NA
0.03665988124686383,0.04134985697178701,dummy-6926u3a1,NA,NA,NA,NA,NA,NA,NA,NA
0.03314106595676751,0.04732273886221611,dummy-693bv3od,NA,NA,NA,NA,NA,NA,NA,NA
0.1403862147928685,0.060610110295954,dummy-69so9wxg,NA,NA,NA,NA,NA,NA,NA,NA
0.08001126765590583,0.05524956550802203,dummy-69vf4lgp,NA,NA,NA,NA,NA,NA,NA,NA
0.00882503126212174,0.02385260650699414,dummy-6a3trsx5,NA,NA,NA,NA,NA,NA,NA,NA
0.06417979854089896,0.0704352012799096,dummy-6a3yrah5,NA,NA,NA,NA,NA,NA,NA,NA
0.07635187882699428,0.03441529654557659,dummy-6ar9vxh1,NA,NA,NA,NA,NA,NA,NA,NA
0.02743425468589981,0.05079833608261339,dummy-6b14oyb7,NA,NA,NA,NA,NA,NA,NA,NA
0.12370187338267608,0.0703872896242786,dummy-6b8asewy,NA,NA,NA,NA,NA,NA,NA,NA
0.1281035191182674,0.04145789319222218,dummy-6bhw2h3i,NA,NA,NA,NA,NA,NA,NA,NA
0.00603395105807811,0.01277834415604109,dummy-6c1fexqs,NA,NA,NA,NA,NA,NA,NA,NA
0.01671059312994686,0.03860054236331008,dummy-6c5tvspj,NA,NA,NA,NA,NA,NA,NA,NA
0.05431361363759657,0.04401015349578656,dummy-6cf16il6,NA,NA,NA,NA,NA,NA,NA,NA
0.0342615982882042,0.03036748471812427,dummy-6ciek49p,NA,NA,NA,NA,NA,NA,NA,NA
0.1456100810724142,0.07187512011434147,dummy-6d4i2et3,NA,NA,NA,NA,NA,NA,NA,NA
0.03043472899594008,0.0212367187212274,dummy-6d5zziat,NA,NA,NA,NA,NA,NA,NA,NA
0.0560096760477172,0.04318983216221548,dummy-6d9ilofq,NA,NA,NA,NA,NA,NA,NA,NA
0.1811938004530451,0.06699245473176192,dummy-6duxdur1,NA,NA,NA,NA,NA,NA,NA,NA
0.03800322446412459,0.03391772698780723,dummy-6ea11s6h,NA,NA,NA,NA,NA,NA,NA,NA
0.01252234443649456,0.02275053258604519,dummy-6fbenwdj,NA,NA,NA,NA,NA,NA,NA,NA
0.03252367610287302,0.02698390728244345,dummy-6fbuid9h,NA,NA,NA,NA,NA,NA,NA,NA
0.069328110455158,0.04945171713323435,dummy-6fw1vjr5,NA,NA,NA,NA,NA,NA,NA,NA
0.00475795734035071,0.01448193285810254,dummy-6gmtnlr5,NA,NA,NA,NA,NA,NA,NA,NA
0.04566737106279132,0.05117672354868243,dummy-6hbq9pdp,NA,NA,NA,NA,NA,NA,NA,NA
0.03817549974418226,0.04370377232383203,dummy-6hj33y5j,NA,NA,NA,NA,NA,NA,NA,NA
0.02740342714665668,0.01412209253887598,dummy-6hjhia82,NA,NA,NA,NA,NA,NA,NA,NA
0.16083105739082135,0.04025302791381684,dummy-6i1yh04x,NA,NA,NA,NA,NA,NA,NA,NA
0.05372499156936927,0.06096286225764335,dummy-6i6ke5pn,NA,NA,NA,NA,NA,NA,NA,NA
0.10534073413364028,0.02155361196568516,dummy-6ib1mlo8,NA,NA,NA,NA,NA,NA,NA,NA
0.3277554788353012,0.05458761377793403,dummy-6j3q8o7t,NA,NA,NA,NA,NA,NA,NA,NA
0.08913480621845982,0.07866005931659596,dummy-6j7e5ssb,NA,NA,NA,NA,NA,NA,NA,NA
0.0613821279051668,0.08711547217457488,dummy-6jckp598,NA,NA,NA,NA,NA,NA,NA,NA
0.03409648849311728,0.04587301916341731,dummy-6jkug1mz,NA,NA,NA,NA,NA,NA,NA,NA
0.07826566705189324,0.0547633143458847,dummy-6jtxgkph,NA,NA,NA,NA,NA,NA,NA,NA
0.17348164891165066,0.07247505537751664,dummy-6juakv3x,NA,NA,NA,NA,NA,NA,NA,NA
0.02406651830838849,0.02337064436315272,dummy-6k2b8pmh,NA,NA,NA,NA,NA,NA,NA,NA
0.08509334814285573,0.03641605032060444,dummy-6k7duzf2,NA,NA,NA,NA,NA,NA,NA,NA
0.01388368090716432,0.03283744418575662,dummy-6kcx85ic,NA,NA,NA,NA,NA,NA,NA,NA
0.1115842701404893,0.01654355422223487,dummy-6km1831q,NA,NA,NA,NA,NA,NA,NA,NA
0.01100560924226707,0.02416960550640824,dummy-6ktfw5qr,NA,NA,NA,NA,NA,NA,NA,NA
0.13032743994123927,0.05976087416936095,dummy-6l36lp72,NA,NA,NA,NA,NA,NA,NA,NA
0.13734062471230887,0.04602802096765633,dummy-6m7fktfv,NA,NA,NA,NA,NA,NA,NA,NA
0.08064034548905245,0.08056255979421155,dummy-6mbceza9,NA,NA,NA,NA,NA,NA,NA,NA
0.00315608890286127,0.01980311571646015,dummy-6n1qnucn,NA,NA,NA,NA,NA,NA,NA,NA
0.0032302548621101,0.0223693823771023,dummy-6n929re8,NA,NA,NA,NA,NA,NA,NA,NA
0.02010448909835889,0.01687086429848636,dummy-6n9zwm8e,NA,NA,NA,NA,NA,NA,NA,NA
0.05473564781324591,0.05363524985809376,dummy-6nbcj4eg,NA,NA,NA,NA,NA,NA,NA,NA
0.09989096535167266,0.07559789316678762,dummy-6nk9uy25,NA,NA,NA,NA,NA,NA,NA,NA
0.06944887940126801,0.05442793740091726,dummy-6nx6ynf4,NA,NA,NA,NA,NA,NA,NA,NA
0.09418213539406294,0.07881362993246153,dummy-6oaynwjz,NA,NA,NA,NA,NA,NA,NA,NA
0.03741044828922853,0.01658443913576144,dummy-6odhcwl9,NA,NA,NA,NA,NA,NA,NA,NA
0.09314043370847164,0.01960413080731539,dummy-6pmynvif,NA,NA,NA,NA,NA,NA,NA,NA
0.07215607783175908,0.04410657801758674,dummy-6pxmxjzr,NA,NA,NA,NA,NA,NA,NA,NA
0.08512590865309236,0.04293201708377181,dummy-6pyhtuzw,NA,NA,NA,NA,NA,NA,NA,NA
0.03497871085616707,0.04628713812289593,dummy-6qcav49e,NA,NA,NA,NA,NA,NA,NA,NA
0.08461169401983194,0.05567607432755068,dummy-6qg8epdc,NA,NA,NA,NA,NA,NA,NA,NA
0.0568233227997726,0.03551542537083502,dummy-6qx4jbna,NA,NA,NA,NA,NA,NA,NA,NA
0.06591341271779395,0.01416369370907959,dummy-6qxa3gr0,NA,NA,NA,NA,NA,NA,NA,NA
0.04858550508504308,0.07038560836645556,dummy-6r8ae3ys,NA,NA,NA,NA,NA,NA,NA,NA
0.06875866500206004,0.05765145627606533,dummy-6rcx62zv,NA,NA,NA,NA,NA,NA,NA,NA
0.03057467620253529,0.01488735136466676,dummy-6rk1etan,NA,NA,NA,NA,NA,NA,NA,NA
0.05017178726606221,0.04345671067937542,dummy-6s54urdt,NA,NA,NA,NA,NA,NA,NA,NA
0.1435789215420626,0.02960625182892244,dummy-6spybb9e,NA,NA,NA,NA,NA,NA,NA,NA
0.02252074357840479,0.03455090143884595,dummy-6sv9ukzg,NA,NA,NA,NA,NA,NA,NA,NA
0.04901527246601808,0.0478754901836164,dummy-6t1mmtvu,NA,NA,NA,NA,NA,NA,NA,NA
0.02021673235398107,0.01756715304836384,dummy-6t8eumme,NA,NA,NA,NA,NA,NA,NA,NA
0.07746560653692434,0.05845547294897036,dummy-6tpv734z,NA,NA,NA,NA,NA,NA,NA,NA
2.310488839374347,0.09031852784551432,dummy-6tu3285e,NA,NA,NA,NA,NA,NA,NA,NA
0.04430583864276167,0.01769862568367339,dummy-6tuap0do,NA,NA,NA,NA,NA,NA,NA,NA
0.02251421477682832,0.04363617886651527,dummy-6txubqyb,NA,NA,NA,NA,NA,NA,NA,NA
0.13797076878532624,0.06345092154337169,dummy-6ulzye66,NA,NA,NA,NA,NA,NA,NA,NA
0.02770809506607124,0.03827388260932353,dummy-6uq5l31x,NA,NA,NA,NA,NA,NA,NA,NA
0.1398211685046192,0.04270927578866011,dummy-6v5q85h2,NA,NA,NA,NA,NA,NA,NA,NA
0.02997774090741811,0.0150760263662971,dummy-6vbdg6x2,NA,NA,NA,NA,NA,NA,NA,NA
0.37889134548675624,0.03023786154705033,dummy-6vtf79y4,NA,NA,NA,NA,NA,NA,NA,NA
0.11216095364134518,0.0306321414338916,dummy-6vxj7p6x,NA,NA,NA,NA,NA,NA,NA,NA
0.11780631257888556,0.05054631680219709,dummy-6vy2cl4x,NA,NA,NA,NA,NA,NA,NA,NA
0.3221382940462719,0.07662222498507285,dummy-6w3mz63c,NA,NA,NA,NA,NA,NA,NA,NA
0.0957932128707942,0.03889255053012559,dummy-6wy88g4d,NA,NA,NA,NA,NA,NA,NA,NA
0.2541773608305577,0.14855068431402776,dummy-6x1jxv1r,NA,NA,NA,NA,NA,NA,NA,NA
0.16313267408732263,0.07356141276610763,dummy-6x688bd6,NA,NA,NA,NA,NA,NA,NA,NA
0.02003167878148764,0.01557861264267234,dummy-6x8qitn5,NA,NA,NA,NA,NA,NA,NA,NA
0.05444635237162532,0.06595398924427036,dummy-6x9ymbi1,NA,NA,NA,NA,NA,NA,NA,NA
0.21012857108211888,0.07107709492639347,dummy-6xauqljy,NA,NA,NA,NA,NA,NA,NA,NA
0.01233419804755788,0.02518892479821373,dummy-6xd5myxy,NA,NA,NA,NA,NA,NA,NA,NA
0.01932862371348381,0.03248716246409729,dummy-6yc6twoe,NA,NA,NA,NA,NA,NA,NA,NA
0.01796311332923381,0.01631639968170725,dummy-6yc6wy3r,NA,NA,NA,NA,NA,NA,NA,NA
0.10833246577485492,0.03795080895263683,dummy-6zeuvope,NA,NA,NA,NA,NA,NA,NA,NA
0.01418993803790397,0.02536228121849365,dummy-704z24h2,NA,NA,NA,NA,NA,NA,NA,NA
0.03651562941129261,0.02976118622582642,dummy-70a0g7wq,NA,NA,NA,NA,NA,NA,NA,NA
0.18918184341362868,0.0435939995710272,dummy-70ac62yr,NA,NA,NA,NA,NA,NA,NA,NA
0.06445696623485771,0.05352837237854745,dummy-70ld6d6t,NA,NA,NA,NA,NA,NA,NA,NA
0.09264934353775953,0.07874331216093124,dummy-70ls0gij,NA,NA,NA,NA,NA,NA,NA,NA
0.07506480048706939,0.05574507534955915,dummy-70ugin9z,NA,NA,NA,NA,NA,NA,NA,NA
0.27565749167785863,0.08270905955100445,dummy-70w1xize,NA,NA,NA,NA,NA,NA,NA,NA
0.06342708581615866,0.04747252401830966,dummy-70xdq2ow,NA,NA,NA,NA,NA,NA,NA,NA
0.05409300682077221,0.04123318839535708,dummy-71q26xf0,NA,NA,NA,NA,NA,NA,NA,NA
0.01534538282165617,0.02158585188377266,dummy-71tthaj9,NA,NA,NA,NA,NA,NA,NA,NA
0.17815484381180266,0.05515675668848344,dummy-721le5hd,NA,NA,NA,NA,NA,NA,NA,NA
0.00800213257393008,0.0262744363580134,dummy-724r6akh,NA,NA,NA,NA,NA,NA,NA,NA
0.0038026150545925,0.01518125329515235,dummy-726qfif2,NA,NA,NA,NA,NA,NA,NA,NA
0.01689064444808104,0.01593188122666065,dummy-728o3w4k,NA,NA,NA,NA,NA,NA,NA,NA
0.05623189932320629,0.01962128945517061,dummy-7385anyv,NA,NA,NA,NA,NA,NA,NA,NA
0.11476034171178665,0.05284664176676871,dummy-73xl35b8,NA,NA,NA,NA,NA,NA,NA,NA
0.01380890581625056,0.02213313664741735,dummy-73zq3c12,NA,NA,NA,NA,NA,NA,NA,NA
0.1224102000639312,0.05362607345261561,dummy-7499wehn,NA,NA,NA,NA,NA,NA,NA,NA
0.00914939028073729,0.01980373451510959,dummy-74a3h6ik,NA,NA,NA,NA,NA,NA,NA,NA
0.0953965528927994,0.10842698511750758,dummy-74a9o6ci,NA,NA,NA,NA,NA,NA,NA,NA
0.058678750350828,0.03951298154693272,dummy-74id2ow5,NA,NA,NA,NA,NA,NA,NA,NA
0.13855664186977826,0.08768593663122119,dummy-74ov1yds,NA,NA,NA,NA,NA,NA,NA,NA
0.02039780190532616,0.01467948891177472,dummy-759f183i,NA,NA,NA,NA,NA,NA,NA,NA
0.00502732557506327,0.01574133139310667,dummy-75heffx6,NA,NA,NA,NA,NA,NA,NA,NA
0.07439488404213285,0.03243022621616605,dummy-75py1tr2,NA,NA,NA,NA,NA,NA,NA,NA
1.2216372177640318,0.04670380951208605,dummy-75qx58f1,NA,NA,NA,NA,NA,NA,NA,NA
0.1707673027853768,0.06235403176917883,dummy-768vc8px,NA,NA,NA,NA,NA,NA,NA,NA
0.10848724655328722,0.05407042757984982,dummy-76hlbdjs,NA,NA,NA,NA,NA,NA,NA,NA
0.00494810601990693,0.01471699226037276,dummy-771xgg7j,NA,NA,NA,NA,NA,NA,NA,NA
0.00276102582270539,0.01243759590802178,dummy-774qqmml,NA,NA,NA,NA,NA,NA,NA,NA
0.10073151624205198,0.04944118230035003,dummy-777gmc0m,NA,NA,NA,NA,NA,NA,NA,NA
0.00529339530697473,0.01296836049777007,dummy-77g3wdut,NA,NA,NA,NA,NA,NA,NA,NA
0.19693079471150063,0.04668722667544147,dummy-77kc5hrx,NA,NA,NA,NA,NA,NA,NA,NA
0.04792914159790163,0.01404950107785118,dummy-77lpv262,NA,NA,NA,NA,NA,NA,NA,NA
0.100459326617395,0.08773907312853833,dummy-7819oc0x,NA,NA,NA,NA,NA,NA,NA,NA
0.02707240876936641,0.03861235280127043,dummy-78ai4vip,NA,NA,NA,NA,NA,NA,NA,NA
0.10190264668632576,0.05370362731280699,dummy-78hca3qd,NA,NA,NA,NA,NA,NA,NA,NA
0.12405513237312962,0.07771106682274721,dummy-78hg0fnm,NA,NA,NA,NA,NA,NA,NA,NA
0.01213960612617468,0.02617309431236837,dummy-78ubwc86,NA,NA,NA,NA,NA,NA,NA,NA
0.03811850291466744,0.01869309870498108,dummy-78w9ygxt,NA,NA,NA,NA,NA,NA,NA,NA
0.09576670958629938,0.05258252760137973,dummy-79utwhib,NA,NA,NA,NA,NA,NA,NA,NA
0.1359846885881916,0.08571732656670898,dummy-79w46gwr,NA,NA,NA,NA,NA,NA,NA,NA
0.01290437788987923,0.01578717977334038,dummy-7a14ifyc,NA,NA,NA,NA,NA,NA,NA,NA
0.14056637755680437,0.04506126191155044,dummy-7aaf8yv8,NA,NA,NA,NA,NA,NA,NA,NA
0.02632359432088222,0.03711688036358981,dummy-7agw8uc6,NA,NA,NA,NA,NA,NA,NA,NA
0.03520436425356325,0.04739284068472765,dummy-7amcusgd,NA,NA,NA,NA,NA,NA,NA,NA
0.07970104307997368,0.041406451436582,dummy-7askls0a,NA,NA,NA,NA,NA,NA,NA,NA
0.03366159272641982,0.03283043102367853,dummy-7b244oax,NA,NA,NA,NA,NA,NA,NA,NA
0.00543834372690711,0.01858040558787526,dummy-7b6ksm2e,NA,NA,NA,NA,NA,NA,NA,NA
0.00664137456914651,0.02037836629563534,dummy-7chsfskw,NA,NA,NA,NA,NA,NA,NA,NA
0.1225748001941316,0.08275444809429042,dummy-7cq0q81e,NA,NA,NA,NA,NA,NA,NA,NA
0.10020107693727008,0.04906194584129946,dummy-7daap14x,NA,NA,NA,NA,NA,NA,NA,NA
0.00330907782489511,0.01540385441932872,dummy-7e30w2sq,NA,NA,NA,NA,NA,NA,NA,NA
0.08621139357976847,0.10639771388757234,dummy-7f1fgf8e,NA,NA,NA,NA,NA,NA,NA,NA
0.2166260202626003,0.08028335990838298,dummy-7flir8m4,NA,NA,NA,NA,NA,NA,NA,NA
0.2312884331158908,0.04801287652296835,dummy-7fr6m3o3,NA,NA,NA,NA,NA,NA,NA,NA
0.00533397416551037,0.01789836332236102,dummy-7gkiqx27,NA,NA,NA,NA,NA,NA,NA,NA
0.01611771772014849,0.02911578833420128,dummy-7go29a3j,NA,NA,NA,NA,NA,NA,NA,NA
0.00248299165789262,0.01289743821211947,dummy-7h0sai2p,NA,NA,NA,NA,NA,NA,NA,NA
0.2278511267393332,0.08234787869495036,dummy-7h8s56x6,NA,NA,NA,NA,NA,NA,NA,NA
0.13150090182003915,0.06083995032458005,dummy-7h9edvmj,NA,NA,NA,NA,NA,NA,NA,NA
0.00419960259215501,0.01383812412375084,dummy-7h9o1ds6,NA,NA,NA,NA,NA,NA,NA,NA
0.0421916793232994,0.03736201688659713,dummy-7iq8t8xq,NA,NA,NA,NA,NA,NA,NA,NA
0.02232889587166534,0.02244423454466656,dummy-7jnotuc4,NA,NA,NA,NA,NA,NA,NA,NA
0.13635672281071134,0.03363279053633363,dummy-7juhlg3l,NA,NA,NA,NA,NA,NA,NA,NA
0.134326018824514,0.06267236737076165,dummy-7jw0li6s,NA,NA,NA,NA,NA,NA,NA,NA
0.01376582038885086,0.01547002202588096,dummy-7kh2u2y5,NA,NA,NA,NA,NA,NA,NA,NA
0.08379872983714316,0.04000394656687959,dummy-7kiwun1f,NA,NA,NA,NA,NA,NA,NA,NA
0.01091520607429918,0.0205086085471782,dummy-7knhovt0,NA,NA,NA,NA,NA,NA,NA,NA
0.16107107715872168,0.07108280351985682,dummy-7ks5zabn,NA,NA,NA,NA,NA,NA,NA,NA
0.00261324132680625,0.01163349898031682,dummy-7kyqsgef,NA,NA,NA,NA,NA,NA,NA,NA
0.06362886315867,0.05690682237565808,dummy-7mcc6fst,NA,NA,NA,NA,NA,NA,NA,NA
0.10458783534653936,0.08800001223025702,dummy-7mjkxprs,NA,NA,NA,NA,NA,NA,NA,NA
0.00764828128572196,0.01357976211415164,dummy-7nbtcky9,NA,NA,NA,NA,NA,NA,NA,NA
0.22938902455503973,0.163532878577059,dummy-7nqvv1f5,NA,NA,NA,NA,NA,NA,NA,NA
0.13701614089059078,0.0637543879561351,dummy-7oduyr13,NA,NA,NA,NA,NA,NA,NA,NA
0.2661030445282527,0.04748880042154358,dummy-7ohp6273,NA,NA,NA,NA,NA,NA,NA,NA
0.01173532655043942,0.02861995424753871,dummy-7osmf2zb,NA,NA,NA,NA,NA,NA,NA,NA
0.01645173110854297,0.01580207846021484,dummy-7otkyw29,NA,NA,NA,NA,NA,NA,NA,NA
0.00500487205221284,0.01910482737349661,dummy-7ovsl0uw,NA,NA,NA,NA,NA,NA,NA,NA
0.08305532317185543,0.05302466818085016,dummy-7p0ws0cw,NA,NA,NA,NA,NA,NA,NA,NA
0.22978487280433724,0.07409134641451862,dummy-7pqqpebc,NA,NA,NA,NA,NA,NA,NA,NA
0.04831010698525621,0.03483137048249416,dummy-7pt96anc,NA,NA,NA,NA,NA,NA,NA,NA
0.08695095208229614,0.04149067912696388,dummy-7q3axt0b,NA,NA,NA,NA,NA,NA,NA,NA
0.03437096811999476,0.03476522613851633,dummy-7qfiuhsb,NA,NA,NA,NA,NA,NA,NA,NA
0.1788246755838714,0.06392703394647331,dummy-7qpq17ek,NA,NA,NA,NA,NA,NA,NA,NA
0.05271574664394105,0.03976871200105328,dummy-7qswazy7,NA,NA,NA,NA,NA,NA,NA,NA
0.0642622834912786,0.01453967887778986,dummy-7qzu03zn,NA,NA,NA,NA,NA,NA,NA,NA
0.1240233315048414,0.06248102532543865,dummy-7r6uk6nj,NA,NA,NA,NA,NA,NA,NA,NA
0.2421133549701945,0.08955518889990095,dummy-7r7x1rd1,NA,NA,NA,NA,NA,NA,NA,NA
0.0316011354363075,0.03130107875596219,dummy-7rf3e0l1,NA,NA,NA,NA,NA,NA,NA,NA
0.00407370319363479,0.01396768740111751,dummy-7rgta0ku,NA,NA,NA,NA,NA,NA,NA,NA
0.03666396030595174,0.04691485662370259,dummy-7rolszz3,NA,NA,NA,NA,NA,NA,NA,NA
0.03110440312441228,0.03370723334206733,dummy-7rsveo2m,NA,NA,NA,NA,NA,NA,NA,NA
0.01169432997800667,0.01526000777929949,dummy-7sugskyt,NA,NA,NA,NA,NA,NA,NA,NA
0.08913480621845982,0.07866005931659596,dummy-7t6ezaea,NA,NA,NA,NA,NA,NA,NA,NA
0.11818696762730996,0.05612058088049931,dummy-7tm2mou6,NA,NA,NA,NA,NA,NA,NA,NA
0.01292299740395177,0.02713041005945493,dummy-7toyck4m,NA,NA,NA,NA,NA,NA,NA,NA
0.1870505349518481,0.08921250483267473,dummy-7u4y6ea7,NA,NA,NA,NA,NA,NA,NA,NA
0.08417818641432842,0.08912411115615247,dummy-7upjgmxm,NA,NA,NA,NA,NA,NA,NA,NA
0.00237291989989661,0.01152938787810549,dummy-7utnfofa,NA,NA,NA,NA,NA,NA,NA,NA
0.007773814099396,0.01354285001297202,dummy-7uzxmaqt,NA,NA,NA,NA,NA,NA,NA,NA
0.12053184175774698,0.03786511457430009,dummy-7vbv5cxg,NA,NA,NA,NA,NA,NA,NA,NA
0.03497871085616707,0.04628713812289593,dummy-7vwq6e6o,NA,NA,NA,NA,NA,NA,NA,NA
0.04343297441546997,0.04162134532601858,dummy-7w56tod9,NA,NA,NA,NA,NA,NA,NA,NA
0.0712558085212406,0.03660737466634423,dummy-7wbmiq85,NA,NA,NA,NA,NA,NA,NA,NA
0.01398914940914325,0.05037847156460184,dummy-7wjhyjo4,NA,NA,NA,NA,NA,NA,NA,NA
0.2651880888840561,0.06746726344634156,dummy-7wolncr5,NA,NA,NA,NA,NA,NA,NA,NA
0.04290620670298065,0.05422008273459895,dummy-7wu6f8b9,NA,NA,NA,NA,NA,NA,NA,NA
0.2247057013788442,0.07573075736244221,dummy-7y5izf0o,NA,NA,NA,NA,NA,NA,NA,NA
0.01750257073694723,0.0219852104948233,dummy-7yci5fri,NA,NA,NA,NA,NA,NA,NA,NA
0.00320379523319385,0.01412399181920081,dummy-7yt2f9tm,NA,NA,NA,NA,NA,NA,NA,NA
0.0110566592958678,0.01525207505003876,dummy-7yyez5wo,NA,NA,NA,NA,NA,NA,NA,NA
0.01892853809684486,0.02032424001766035,dummy-7z52xb7u,NA,NA,NA,NA,NA,NA,NA,NA
0.06621008274678701,0.05400404783619599,dummy-80074mog,NA,NA,NA,NA,NA,NA,NA,NA
0.1056844562539514,0.03370280926013022,dummy-800wr0zi,NA,NA,NA,NA,NA,NA,NA,NA
0.01478484806672347,0.02636810940735609,dummy-8011jgja,NA,NA,NA,NA,NA,NA,NA,NA
0.18710789280606616,0.05205742332030078,dummy-804sc17c,NA,NA,NA,NA,NA,NA,NA,NA
0.04733247600564133,0.01334407865522778,dummy-80w6lgxf,NA,NA,NA,NA,NA,NA,NA,NA
0.04871717916888304,0.02839264577217329,dummy-81nkusmf,NA,NA,NA,NA,NA,NA,NA,NA
0.01277150086041239,0.01592814073884433,dummy-81rwqr8s,NA,NA,NA,NA,NA,NA,NA,NA
0.3576330838128263,0.09527768921341856,dummy-81sriv07,NA,NA,NA,NA,NA,NA,NA,NA
0.018249904495853,0.02453038135765658,dummy-836zyut4,NA,NA,NA,NA,NA,NA,NA,NA
0.12086038105887548,0.05734204820236844,dummy-839gwzu7,NA,NA,NA,NA,NA,NA,NA,NA
0.04371165173908232,0.03366815520120631,dummy-839k32si,NA,NA,NA,NA,NA,NA,NA,NA
0.04660873385488496,0.01339697864020028,dummy-839ymb60,NA,NA,NA,NA,NA,NA,NA,NA
0.02800040984245956,0.04591878693464397,dummy-83fuhklm,NA,NA,NA,NA,NA,NA,NA,NA
0.02765198459291899,0.01630002003870218,dummy-83hjikn7,NA,NA,NA,NA,NA,NA,NA,NA
0.00622230588870152,0.01315712508353442,dummy-83i60l7a,NA,NA,NA,NA,NA,NA,NA,NA
0.16379859955106768,0.08026785183665962,dummy-83u1l7ea,NA,NA,NA,NA,NA,NA,NA,NA
0.01797006211990452,0.01756715320200974,dummy-845lxthv,NA,NA,NA,NA,NA,NA,NA,NA
0.01173532655043942,0.02861995424753871,dummy-84gp9paw,NA,NA,NA,NA,NA,NA,NA,NA
0.07055470300693273,0.03960680967638563,dummy-858kf68q,NA,NA,NA,NA,NA,NA,NA,NA
0.00804574041755495,0.01525862752563445,dummy-85kp940v,NA,NA,NA,NA,NA,NA,NA,NA
0.1280354438566438,0.04637551873466348,dummy-86cfj4c4,NA,NA,NA,NA,NA,NA,NA,NA
0.02220436251188287,0.01766392181509218,dummy-86e0pbzg,NA,NA,NA,NA,NA,NA,NA,NA
0.0450808819223179,0.05588384765043464,dummy-86xr7vx5,NA,NA,NA,NA,NA,NA,NA,NA
0.01174619291682054,0.02511170115558006,dummy-870nyxno,NA,NA,NA,NA,NA,NA,NA,NA
0.01853191524149243,0.03542637622107821,dummy-876z6lfq,NA,NA,NA,NA,NA,NA,NA,NA
0.02615934012966013,0.02173726036128715,dummy-87b1jjce,NA,NA,NA,NA,NA,NA,NA,NA
0.05619121830386936,0.01958661213681144,dummy-880jiy0v,NA,NA,NA,NA,NA,NA,NA,NA
0.05258774171008495,0.03161599695911256,dummy-881x4kiz,NA,NA,NA,NA,NA,NA,NA,NA
0.07844794799485534,0.04883239640273684,dummy-88gsanvh,NA,NA,NA,NA,NA,NA,NA,NA
0.29959847553639096,0.11136282082535862,dummy-88sx4vd4,NA,NA,NA,NA,NA,NA,NA,NA
0.08239583180436766,0.03982727958522314,dummy-890hvdhn,NA,NA,NA,NA,NA,NA,NA,NA
0.09699016339371072,0.05102176493360624,dummy-89u7wuk3,NA,NA,NA,NA,NA,NA,NA,NA
0.0143735369514996,0.05034354915409084,dummy-89z0qsa2,NA,NA,NA,NA,NA,NA,NA,NA
0.08386545107082179,0.09655073996576566,dummy-8aelud9g,NA,NA,NA,NA,NA,NA,NA,NA
0.0547981927673698,0.03130606634370208,dummy-8afzf7m1,NA,NA,NA,NA,NA,NA,NA,NA
0.14225673800229133,0.02919122414936381,dummy-8aok2l10,NA,NA,NA,NA,NA,NA,NA,NA
0.21542241818309435,0.08028336193159134,dummy-8azi5tm4,NA,NA,NA,NA,NA,NA,NA,NA
0.06298994461604744,0.03854566248099186,dummy-8b1nrtmf,NA,NA,NA,NA,NA,NA,NA,NA
0.10289155829369712,0.05576758518645456,dummy-8b5bzfl8,NA,NA,NA,NA,NA,NA,NA,NA
0.241271328098671,0.09218956649338668,dummy-8bw2nvzw,NA,NA,NA,NA,NA,NA,NA,NA
0.06937843606797553,0.04797729279842906,dummy-8bwknx3l,NA,NA,NA,NA,NA,NA,NA,NA
0.09576670958629938,0.05258252760137973,dummy-8byvxxhu,NA,NA,NA,NA,NA,NA,NA,NA
0.1977260142519743,0.06431053158213218,dummy-8cghlmv4,NA,NA,NA,NA,NA,NA,NA,NA
0.00659517048838028,0.01906332001077445,dummy-8cmppcxi,NA,NA,NA,NA,NA,NA,NA,NA
0.01886024928551651,0.03903942488760367,dummy-8d0vdl9d,NA,NA,NA,NA,NA,NA,NA,NA
0.00429249633955607,0.0203511786155192,dummy-8daf2x3y,NA,NA,NA,NA,NA,NA,NA,NA
0.07676677870281187,0.06229464882695815,dummy-8djd8967,NA,NA,NA,NA,NA,NA,NA,NA
0.00730458026954188,0.01465588169513336,dummy-8dwnf9hi,NA,NA,NA,NA,NA,NA,NA,NA
0.03277298495259087,0.04738824090509293,dummy-8epr2ns7,NA,NA,NA,NA,NA,NA,NA,NA
0.12593522798177026,0.02076534944678488,dummy-8esqbf3x,NA,NA,NA,NA,NA,NA,NA,NA
0.1059949125384448,0.05691337535835818,dummy-8et139w6,NA,NA,NA,NA,NA,NA,NA,NA
0.06638583567495444,0.04914809628117326,dummy-8etbfb2u,NA,NA,NA,NA,NA,NA,NA,NA
0.08839512182453144,0.05640854142912232,dummy-8f7fp7do,NA,NA,NA,NA,NA,NA,NA,NA
0.01669193729115996,0.03280456247210552,dummy-8fgb230u,NA,NA,NA,NA,NA,NA,NA,NA
0.08147623134893552,0.04324504349676757,dummy-8fx4xw7v,NA,NA,NA,NA,NA,NA,NA,NA
0.0682197020304524,0.03288084145790762,dummy-8fyq6k0d,NA,NA,NA,NA,NA,NA,NA,NA
0.14225421784932135,0.04311502129621338,dummy-8g56kdsd,NA,NA,NA,NA,NA,NA,NA,NA
0.03172271298114898,0.03987587131020327,dummy-8ghv016g,NA,NA,NA,NA,NA,NA,NA,NA
0.12702038890744463,0.05601232720378622,dummy-8gs88pqu,NA,NA,NA,NA,NA,NA,NA,NA
0.00731134906434794,0.01372444962891521,dummy-8h72rl2m,NA,NA,NA,NA,NA,NA,NA,NA
0.07579044935436187,0.03269444819024869,dummy-8h7phqzy,NA,NA,NA,NA,NA,NA,NA,NA
0.13886668001640548,0.04773679267850614,dummy-8h9wy57u,NA,NA,NA,NA,NA,NA,NA,NA
0.00525542983679724,0.01555076242000994,dummy-8hfd9shq,NA,NA,NA,NA,NA,NA,NA,NA
0.15638917171006994,0.06550698638881018,dummy-8hupugit,NA,NA,NA,NA,NA,NA,NA,NA
0.0897198301035945,0.05305391622868016,dummy-8ife41am,NA,NA,NA,NA,NA,NA,NA,NA
0.14804878481177913,0.09263782074604009,dummy-8iigbjk8,NA,NA,NA,NA,NA,NA,NA,NA
0.0308560435896568,0.04635859511306547,dummy-8im8ajjw,NA,NA,NA,NA,NA,NA,NA,NA
0.1597219357491555,0.0573410967056254,dummy-8j5tg9vc,NA,NA,NA,NA,NA,NA,NA,NA
0.06605839122844884,0.03126237980599093,dummy-8j92shpn,NA,NA,NA,NA,NA,NA,NA,NA
0.01380890581625056,0.02213313664741735,dummy-8jopvbiw,NA,NA,NA,NA,NA,NA,NA,NA
0.02846903305580135,0.043337492199005,dummy-8js1k429,NA,NA,NA,NA,NA,NA,NA,NA
0.04943324024794916,0.03835078389809481,dummy-8k8kibcf,NA,NA,NA,NA,NA,NA,NA,NA
0.04043863599095198,0.05764224030320739,dummy-8km2ch30,NA,NA,NA,NA,NA,NA,NA,NA
0.04660851700184853,0.05576393103713928,dummy-8l811wze,NA,NA,NA,NA,NA,NA,NA,NA
0.00283893205235443,0.01177190688350999,dummy-8lkx6j8x,NA,NA,NA,NA,NA,NA,NA,NA
0.02112769059710074,0.03649104116277692,dummy-8lwadsau,NA,NA,NA,NA,NA,NA,NA,NA
0.08057163092146244,0.0548172074370603,dummy-8lxmo688,NA,NA,NA,NA,NA,NA,NA,NA
0.1654439469424333,0.0427397595247903,dummy-8lzugv70,NA,NA,NA,NA,NA,NA,NA,NA
0.16508752477327734,0.06388909359633578,dummy-8m29mheb,NA,NA,NA,NA,NA,NA,NA,NA
0.02284968687842398,0.02984375053141358,dummy-8m4g50wr,NA,NA,NA,NA,NA,NA,NA,NA
0.05341474468178402,0.05658534006508303,dummy-8mi4wn3h,NA,NA,NA,NA,NA,NA,NA,NA
0.04747904025759119,0.04161586697313194,dummy-8n1xq3p5,NA,NA,NA,NA,NA,NA,NA,NA
0.13230576783450115,0.06985664127116403,dummy-8n72hlo4,NA,NA,NA,NA,NA,NA,NA,NA
0.11733970076418725,0.04145797725277143,dummy-8nm7op77,NA,NA,NA,NA,NA,NA,NA,NA
0.05109756329095503,0.04566056898034799,dummy-8nxp420z,NA,NA,NA,NA,NA,NA,NA,NA
0.1317856062740405,0.09745054990468272,dummy-8o6c0sdj,NA,NA,NA,NA,NA,NA,NA,NA
0.05548786634239287,0.01448837339372266,dummy-8o8h1xt5,NA,NA,NA,NA,NA,NA,NA,NA
0.0691825606420696,0.04555033014832779,dummy-8oco76zb,NA,NA,NA,NA,NA,NA,NA,NA
0.2596230024084616,0.05817315235803273,dummy-8oj422gv,NA,NA,NA,NA,NA,NA,NA,NA
0.06833810138986979,0.04182886992534187,dummy-8om5y8p5,NA,NA,NA,NA,NA,NA,NA,NA
0.00611921911269015,0.01562626912272793,dummy-8plopecf,NA,NA,NA,NA,NA,NA,NA,NA
0.0603320671661192,0.06717007087870473,dummy-8qm519nu,NA,NA,NA,NA,NA,NA,NA,NA
0.00796919296229532,0.01956531809977641,dummy-8r1gjsr7,NA,NA,NA,NA,NA,NA,NA,NA
0.04111226359584745,0.03893102469727155,dummy-8r21g1nw,NA,NA,NA,NA,NA,NA,NA,NA
0.1811938004530451,0.06699245473176192,dummy-8r3fr8t0,NA,NA,NA,NA,NA,NA,NA,NA
0.01355550696195434,0.03266983353979785,dummy-8sekipbm,NA,NA,NA,NA,NA,NA,NA,NA
0.06789887740089329,0.05212097047651466,dummy-8sz1do2e,NA,NA,NA,NA,NA,NA,NA,NA
0.02788933757346937,0.03433189418194918,dummy-8t1prhj6,NA,NA,NA,NA,NA,NA,NA,NA
0.1080061660732506,0.04201954982779577,dummy-8tm5by8x,NA,NA,NA,NA,NA,NA,NA,NA
0.1522483632074958,0.03300627274120466,dummy-8toqm0jr,NA,NA,NA,NA,NA,NA,NA,NA
0.04455672406414014,0.06110168559409527,dummy-8tx00zc4,NA,NA,NA,NA,NA,NA,NA,NA
0.30336510742995987,0.01744052614502331,dummy-8tx2dkjl,NA,NA,NA,NA,NA,NA,NA,NA
0.03152888051807863,0.039846352286589,dummy-8u1em8fc,NA,NA,NA,NA,NA,NA,NA,NA
0.00630750920552576,0.01322960033383872,dummy-8u5xaqgi,NA,NA,NA,NA,NA,NA,NA,NA
0.04062458029053594,0.05073305015357243,dummy-8uh75a64,NA,NA,NA,NA,NA,NA,NA,NA
0.04209560493843137,0.06060619883143513,dummy-8una3kun,NA,NA,NA,NA,NA,NA,NA,NA
0.05954211105872401,0.0318467854512403,dummy-8v11gczk,NA,NA,NA,NA,NA,NA,NA,NA
0.0956676742552254,0.04598404871095007,dummy-8verr9dq,NA,NA,NA,NA,NA,NA,NA,NA
0.00241959861608333,0.01134154216297407,dummy-8vudcovb,NA,NA,NA,NA,NA,NA,NA,NA
0.00968225179558207,0.02048174328574346,dummy-8w7770nr,NA,NA,NA,NA,NA,NA,NA,NA
0.04121533039771043,0.05640047756269233,dummy-8wbq55n6,NA,NA,NA,NA,NA,NA,NA,NA
0.02112769059710074,0.03649104116277692,dummy-8wdmg145,NA,NA,NA,NA,NA,NA,NA,NA
0.3915344620467513,0.03190225012470604,dummy-8xnekvwn,NA,NA,NA,NA,NA,NA,NA,NA
0.12053184175774698,0.03786511457430009,dummy-8xqebf7q,NA,NA,NA,NA,NA,NA,NA,NA
0.01339153747996738,0.03247649206603932,dummy-8yekn1i3,NA,NA,NA,NA,NA,NA,NA,NA
0.00643140430015974,0.01372702238378686,dummy-8yg78dqz,NA,NA,NA,NA,NA,NA,NA,NA
0.00570988542585351,0.02215412988949021,dummy-8yq97kho,NA,NA,NA,NA,NA,NA,NA,NA
0.08934846573930072,0.05259878839587229,dummy-8yw07jvy,NA,NA,NA,NA,NA,NA,NA,NA
0.04871940609217165,0.06457533747859356,dummy-8yy20xa9,NA,NA,NA,NA,NA,NA,NA,NA
0.0159928821684386,0.01489496866089139,dummy-8z2sqzn9,NA,NA,NA,NA,NA,NA,NA,NA
0.08037218789368844,0.08847391154386752,dummy-8z8pq6cw,NA,NA,NA,NA,NA,NA,NA,NA
0.00360753366595719,0.01576938146110594,dummy-8z8pw7nj,NA,NA,NA,NA,NA,NA,NA,NA
0.00759248406919193,0.01567661411247984,dummy-8zr72irj,NA,NA,NA,NA,NA,NA,NA,NA
0.23864252143070608,0.07073351397199235,dummy-8zw97fnx,NA,NA,NA,NA,NA,NA,NA,NA
0.14626780545963067,0.08012185686722337,dummy-8zwi3se3,NA,NA,NA,NA,NA,NA,NA,NA
0.02189399336111124,0.02955584121955837,dummy-8zwt9csy,NA,NA,NA,NA,NA,NA,NA,NA
0.13185947185014815,0.06227984839367557,dummy-903z3t41,NA,NA,NA,NA,NA,NA,NA,NA
0.01507271357854061,0.03735709052414701,dummy-904a7nkh,NA,NA,NA,NA,NA,NA,NA,NA
0.17004207608284186,0.0804526038492931,dummy-90fv5pkp,NA,NA,NA,NA,NA,NA,NA,NA
0.051090610525376,0.05577886828750725,dummy-91xn5tvy,NA,NA,NA,NA,NA,NA,NA,NA
0.00477639188888492,0.01560664494218478,dummy-91z0kgt6,NA,NA,NA,NA,NA,NA,NA,NA
0.18842235239769745,0.06023392124472136,dummy-91z8cj03,NA,NA,NA,NA,NA,NA,NA,NA
0.12607590855894227,0.05063393387650299,dummy-92nt5x9l,NA,NA,NA,NA,NA,NA,NA,NA
0.01543397691782479,0.03110047069114312,dummy-933y4loo,NA,NA,NA,NA,NA,NA,NA,NA
0.01119883266768884,0.03414741685374874,dummy-94bc90rt,NA,NA,NA,NA,NA,NA,NA,NA
0.11908264915468252,0.0310298115330041,dummy-94cngwmi,NA,NA,NA,NA,NA,NA,NA,NA
0.2072032040914825,0.03137759995309227,dummy-94jd44up,NA,NA,NA,NA,NA,NA,NA,NA
0.02288672839722644,0.04282447578309872,dummy-94x57ymy,NA,NA,NA,NA,NA,NA,NA,NA
0.00349460303469911,0.02411996007141504,dummy-94y9vwuc,NA,NA,NA,NA,NA,NA,NA,NA
0.14833185901988843,0.07274515882821611,dummy-95219k3l,NA,NA,NA,NA,NA,NA,NA,NA
0.059316146915179,0.03565985490619784,dummy-95dy20lk,NA,NA,NA,NA,NA,NA,NA,NA
0.3576330838128263,0.09527768921341856,dummy-95i19g2t,NA,NA,NA,NA,NA,NA,NA,NA
0.11613965887315876,0.05200314694144518,dummy-95ln6tm7,NA,NA,NA,NA,NA,NA,NA,NA
0.16337141370693223,0.08026785214111752,dummy-95mo5ptg,NA,NA,NA,NA,NA,NA,NA,NA
0.0203579479935747,0.03699297864705468,dummy-95o2z7lo,NA,NA,NA,NA,NA,NA,NA,NA
0.13902994559914186,0.05413863644348097,dummy-95wvtm06,NA,NA,NA,NA,NA,NA,NA,NA
0.04657761781593762,0.03450999069172909,dummy-95xgh74g,NA,NA,NA,NA,NA,NA,NA,NA
0.0233149706676579,0.04103522228312965,dummy-960m7s75,NA,NA,NA,NA,NA,NA,NA,NA
0.03915871771600394,0.03155007214116273,dummy-963tysl7,NA,NA,NA,NA,NA,NA,NA,NA
0.00598480595398401,0.01449365986015039,dummy-96583dit,NA,NA,NA,NA,NA,NA,NA,NA
0.03022787663903856,0.05233008341937823,dummy-96ak9xd5,NA,NA,NA,NA,NA,NA,NA,NA
0.16962073023856794,0.0429347941056871,dummy-96ct3btm,NA,NA,NA,NA,NA,NA,NA,NA
0.20454397354777404,0.10875592216594146,dummy-96hqv4dv,NA,NA,NA,NA,NA,NA,NA,NA
0.2541773608305577,0.14855068431402776,dummy-96ib6jpb,NA,NA,NA,NA,NA,NA,NA,NA
0.27200392118560957,0.08098018601184538,dummy-96qnrgav,NA,NA,NA,NA,NA,NA,NA,NA
0.03315944879526817,0.03277430005086633,dummy-96uuhrxa,NA,NA,NA,NA,NA,NA,NA,NA
0.00684006598136681,0.01295932894868278,dummy-96vl45aj,NA,NA,NA,NA,NA,NA,NA,NA
0.0040752859994846,0.01242413128591941,dummy-972cxdch,NA,NA,NA,NA,NA,NA,NA,NA
0.01878795541874834,0.046422509808881,dummy-97ctjwly,NA,NA,NA,NA,NA,NA,NA,NA
0.01850365486875652,0.03304683849414166,dummy-97ijy02h,NA,NA,NA,NA,NA,NA,NA,NA
0.8370385070361372,0.05933224168696808,dummy-97rj3v3b,NA,NA,NA,NA,NA,NA,NA,NA
0.04341040260582955,0.03030465711136012,dummy-97t7s6gb,NA,NA,NA,NA,NA,NA,NA,NA
0.1470769334403542,0.04901377170339511,dummy-98tuai54,NA,NA,NA,NA,NA,NA,NA,NA
0.03165978578660669,0.04598485520264311,dummy-98y8k5sl,NA,NA,NA,NA,NA,NA,NA,NA
0.17461037881306238,0.04709399713606084,dummy-992ecizr,NA,NA,NA,NA,NA,NA,NA,NA
0.03985957958435186,0.0369783998253297,dummy-99mu9lz9,NA,NA,NA,NA,NA,NA,NA,NA
0.33923736010228994,0.05638896911194371,dummy-9aztub6a,NA,NA,NA,NA,NA,NA,NA,NA
0.01669193729115996,0.03280456247210552,dummy-9b5jnj03,NA,NA,NA,NA,NA,NA,NA,NA
0.00372311198786742,0.01710473970457748,dummy-9bosodev,NA,NA,NA,NA,NA,NA,NA,NA
0.17178886366908638,0.07026138801780214,dummy-9bw6h713,NA,NA,NA,NA,NA,NA,NA,NA
0.00373606901590117,0.01455720342264163,dummy-9c8pbar9,NA,NA,NA,NA,NA,NA,NA,NA
0.20116696063568143,0.11533574027355872,dummy-9cwbbuxh,NA,NA,NA,NA,NA,NA,NA,NA
0.00711826147669594,0.01389065135802482,dummy-9czmlge5,NA,NA,NA,NA,NA,NA,NA,NA
0.1774846610075241,0.04707712444374478,dummy-9dvus9a8,NA,NA,NA,NA,NA,NA,NA,NA
0.1388050694428976,0.03328480982640164,dummy-9dwbj3j9,NA,NA,NA,NA,NA,NA,NA,NA
0.00314990830264388,0.01236653915504649,dummy-9eja23vt,NA,NA,NA,NA,NA,NA,NA,NA
0.07869268759360276,0.05367309059847251,dummy-9eta2edh,NA,NA,NA,NA,NA,NA,NA,NA
0.03710443049205095,0.04444485809334615,dummy-9f5jvu2l,NA,NA,NA,NA,NA,NA,NA,NA
0.02807554490859352,0.02501119644158205,dummy-9frydgoo,NA,NA,NA,NA,NA,NA,NA,NA
0.03141560830342024,0.05232475106194561,dummy-9fwgm9jy,NA,NA,NA,NA,NA,NA,NA,NA
0.07528608527206375,0.03261865475945322,dummy-9g1m4zlx,NA,NA,NA,NA,NA,NA,NA,NA
0.08345444273820189,0.07129611636851757,dummy-9g1wp388,NA,NA,NA,NA,NA,NA,NA,NA
0.04859278297959565,0.03116153601977711,dummy-9g5iz19e,NA,NA,NA,NA,NA,NA,NA,NA
0.17749725294979124,0.05953869150742978,dummy-9gg5div1,NA,NA,NA,NA,NA,NA,NA,NA
0.5240164350345518,0.0514346508624762,dummy-9glu3biw,NA,NA,NA,NA,NA,NA,NA,NA
0.03497871085616707,0.04628713812289593,dummy-9gs8vh4t,NA,NA,NA,NA,NA,NA,NA,NA
0.00349460303469911,0.02411996007141504,dummy-9h5akjww,NA,NA,NA,NA,NA,NA,NA,NA
0.02902749465377424,0.04235159718359239,dummy-9h9jbtlk,NA,NA,NA,NA,NA,NA,NA,NA
0.05758213396639398,0.01455315758372456,dummy-9hbzqxg2,NA,NA,NA,NA,NA,NA,NA,NA
0.06999742523268064,0.06143505699046347,dummy-9hgfokq6,NA,NA,NA,NA,NA,NA,NA,NA
0.1004446941350611,0.01635309134544733,dummy-9hkot6zz,NA,NA,NA,NA,NA,NA,NA,NA
0.06244951485965026,0.03398257173398073,dummy-9hspd5hp,NA,NA,NA,NA,NA,NA,NA,NA
0.03158918229396183,0.03130107890641892,dummy-9ig7cy0l,NA,NA,NA,NA,NA,NA,NA,NA
0.06425874334363621,0.06038501838833394,dummy-9j3r1dhc,NA,NA,NA,NA,NA,NA,NA,NA
0.09892945955916654,0.03072509628511786,dummy-9joxhrnm,NA,NA,NA,NA,NA,NA,NA,NA
0.13575606264326948,0.08292160798752737,dummy-9jtlfyel,NA,NA,NA,NA,NA,NA,NA,NA
0.04859818179133855,0.04134450246338316,dummy-9k7gldtw,NA,NA,NA,NA,NA,NA,NA,NA
0.18064309743436455,0.02015251129899286,dummy-9k9kykt8,NA,NA,NA,NA,NA,NA,NA,NA
0.18193086969264397,0.10000663575231351,dummy-9kb0z1hb,NA,NA,NA,NA,NA,NA,NA,NA
0.3056068845061024,0.09442709549472944,dummy-9kkbz1na,NA,NA,NA,NA,NA,NA,NA,NA
0.16098327245443195,0.05937688387948125,dummy-9kkrk1lx,NA,NA,NA,NA,NA,NA,NA,NA
0.08147623134893552,0.04324504349676757,dummy-9l17q71h,NA,NA,NA,NA,NA,NA,NA,NA
0.25420192108855316,0.14855068417137465,dummy-9l9klvnj,NA,NA,NA,NA,NA,NA,NA,NA
0.1436742374920861,0.05879393247824777,dummy-9luhx4n0,NA,NA,NA,NA,NA,NA,NA,NA
0.06683076477202553,0.05321647425679969,dummy-9lwkknsw,NA,NA,NA,NA,NA,NA,NA,NA
0.01355550696195434,0.03266983353979785,dummy-9m24d6f4,NA,NA,NA,NA,NA,NA,NA,NA
0.05787119793234831,0.01338486946098636,dummy-9mcf3tss,NA,NA,NA,NA,NA,NA,NA,NA
0.09535591946076348,0.03935626580591225,dummy-9mg16kng,NA,NA,NA,NA,NA,NA,NA,NA
0.18077417144872607,0.07084614249377076,dummy-9n6d7nf7,NA,NA,NA,NA,NA,NA,NA,NA
0.10419281394467748,0.04803395904152841,dummy-9nbffuym,NA,NA,NA,NA,NA,NA,NA,NA
0.3947941963082259,0.05416882219174703,dummy-9nq2e4gx,NA,NA,NA,NA,NA,NA,NA,NA
0.01263731076216191,0.0158951300202914,dummy-9nr82akg,NA,NA,NA,NA,NA,NA,NA,NA
0.17466267847542885,0.06646336147357423,dummy-9nze2spf,NA,NA,NA,NA,NA,NA,NA,NA
0.02277533649854782,0.02672527058018789,dummy-9ohrip27,NA,NA,NA,NA,NA,NA,NA,NA
0.06090704145071356,0.04579296689980827,dummy-9p0e68jd,NA,NA,NA,NA,NA,NA,NA,NA
0.03604382106304288,0.04062797110105416,dummy-9p4ex68t,NA,NA,NA,NA,NA,NA,NA,NA
0.1833243894777197,0.04142112709739817,dummy-9p58zvpm,NA,NA,NA,NA,NA,NA,NA,NA
0.00373606901590117,0.01455720342264163,dummy-9pancufk,NA,NA,NA,NA,NA,NA,NA,NA
0.14932570644455392,0.01620690972508277,dummy-9ppavgeh,NA,NA,NA,NA,NA,NA,NA,NA
0.06597202735961491,0.01426240727294707,dummy-9q1atek6,NA,NA,NA,NA,NA,NA,NA,NA
0.03552566038349439,0.04640034122990488,dummy-9qa6pc7u,NA,NA,NA,NA,NA,NA,NA,NA
0.00699438011396187,0.01484405386844632,dummy-9qmx6tye,NA,NA,NA,NA,NA,NA,NA,NA
0.00413881958861118,0.01235288635314017,dummy-9qyj8h8u,NA,NA,NA,NA,NA,NA,NA,NA
0.08790217783887677,0.05977495381945587,dummy-9ra471g7,NA,NA,NA,NA,NA,NA,NA,NA
0.01457423101093626,0.02252305081743472,dummy-9rp7n8md,NA,NA,NA,NA,NA,NA,NA,NA
0.021212411834147082,0.02077196912487762,dummy-9s13pwje,NA,NA,NA,NA,NA,NA,NA,NA
0.09002713500605238,0.06116978105287651,dummy-9sezj1uv,NA,NA,NA,NA,NA,NA,NA,NA
0.01507529672299463,0.02159968311453063,dummy-9sg6xwud,NA,NA,NA,NA,NA,NA,NA,NA
0.04823714609075649,0.01395982029659542,dummy-9snwfjm6,NA,NA,NA,NA,NA,NA,NA,NA
0.26656302072253585,0.11633450062590762,dummy-9t2ha7qs,NA,NA,NA,NA,NA,NA,NA,NA
0.00493801046863323,0.01474371586132738,dummy-9t5qkcgs,NA,NA,NA,NA,NA,NA,NA,NA
0.03210186611878534,0.01770603773261201,dummy-9t81zpzl,NA,NA,NA,NA,NA,NA,NA,NA
0.09682120183010448,0.07767579656982934,dummy-9tlkanah,NA,NA,NA,NA,NA,NA,NA,NA
0.15057089441035493,0.12456192501131312,dummy-9tpc8q0p,NA,NA,NA,NA,NA,NA,NA,NA
0.02883341258381632,0.02987852079051459,dummy-9ts2fl4v,NA,NA,NA,NA,NA,NA,NA,NA
0.01779943546171696,0.03866484412556544,dummy-9ts7z4ze,NA,NA,NA,NA,NA,NA,NA,NA
0.08274381851995663,0.02612130313385751,dummy-9ttdqd5a,NA,NA,NA,NA,NA,NA,NA,NA
0.08375419057552609,0.07033155434914268,dummy-9tveabo6,NA,NA,NA,NA,NA,NA,NA,NA
0.00893236223487025,0.02396927230828172,dummy-9u4gg5p0,NA,NA,NA,NA,NA,NA,NA,NA
0.02340315528640106,0.03901006398359556,dummy-9uiszoaf,NA,NA,NA,NA,NA,NA,NA,NA
0.0515287302770674,0.03654522519468373,dummy-9up8sr2e,NA,NA,NA,NA,NA,NA,NA,NA
0.04043863599095198,0.05764224030320739,dummy-9uv3w0z1,NA,NA,NA,NA,NA,NA,NA,NA
0.03858949436864641,0.04486527865730173,dummy-9vm078on,NA,NA,NA,NA,NA,NA,NA,NA
0.00920062248031454,0.02070598902309185,dummy-9w5vtujt,NA,NA,NA,NA,NA,NA,NA,NA
0.0883954512995368,0.05640854142911162,dummy-9w6ezehs,NA,NA,NA,NA,NA,NA,NA,NA
0.01583934760925415,0.01535764834532351,dummy-9wh871ai,NA,NA,NA,NA,NA,NA,NA,NA
0.12112752487898427,0.05900021335699695,dummy-9wk8gxmy,NA,NA,NA,NA,NA,NA,NA,NA
0.2763247832387255,0.0916618551429778,dummy-9wl897th,NA,NA,NA,NA,NA,NA,NA,NA
0.06771072914290292,0.03259617353752243,dummy-9wm2qzz8,NA,NA,NA,NA,NA,NA,NA,NA
0.09244854515363696,0.0651422266329019,dummy-9wxxqrna,NA,NA,NA,NA,NA,NA,NA,NA
0.1294545200057816,0.0480906645378205,dummy-9x3igthq,NA,NA,NA,NA,NA,NA,NA,NA
0.16961621470022814,0.06535865176262802,dummy-9xdq5v7c,NA,NA,NA,NA,NA,NA,NA,NA
0.07159747961854923,0.06534184142442839,dummy-9yga9hxe,NA,NA,NA,NA,NA,NA,NA,NA
0.01247371135853029,0.02505377730891005,dummy-9z9zvjqx,NA,NA,NA,NA,NA,NA,NA,NA
0.0410486551665564,0.05386796838891509,dummy-9zahaqeq,NA,NA,NA,NA,NA,NA,NA,NA
0.04557975917682294,0.05819315527994201,dummy-9zb7ujt9,NA,NA,NA,NA,NA,NA,NA,NA
0.29863370723599975,0.09260648123571295,dummy-9zg4oy5f,NA,NA,NA,NA,NA,NA,NA,NA
0.09001074337196277,0.04383182280767882,dummy-9zh4ksjy,NA,NA,NA,NA,NA,NA,NA,NA
0.16213251586393246,0.06274850087443998,dummy-9zv7hymb,NA,NA,NA,NA,NA,NA,NA,NA
0.11788430532140327,0.08375293071906874,dummy-a012wkzl,NA,NA,NA,NA,NA,NA,NA,NA
0.01892239607835526,0.03242529594957945,dummy-a0h6d5gp,NA,NA,NA,NA,NA,NA,NA,NA
0.01073132558263336,0.01401163251306109,dummy-a0ms1842,NA,NA,NA,NA,NA,NA,NA,NA
0.03776831895589519,0.01973389002836742,dummy-a0t9qmbe,NA,NA,NA,NA,NA,NA,NA,NA
0.07917589249417228,0.06724617444340614,dummy-a0tv1yo6,NA,NA,NA,NA,NA,NA,NA,NA
0.00277598488847852,0.01202334317887211,dummy-a0yq9awq,NA,NA,NA,NA,NA,NA,NA,NA
0.3946301245757597,0.05400156778334693,dummy-a197vruj,NA,NA,NA,NA,NA,NA,NA,NA
0.01767661438198774,0.01471845105270406,dummy-a1xgokom,NA,NA,NA,NA,NA,NA,NA,NA
0.12145478939661922,0.05251850825946511,dummy-a2bnmvo2,NA,NA,NA,NA,NA,NA,NA,NA
0.07798755225062805,0.05326584419117394,dummy-a3a2zfzw,NA,NA,NA,NA,NA,NA,NA,NA
0.03305500564804736,0.04575766809070471,dummy-a3a99xjd,NA,NA,NA,NA,NA,NA,NA,NA
0.27740255556084376,0.09078782145141429,dummy-a3hf8btu,NA,NA,NA,NA,NA,NA,NA,NA
0.1531986752002363,0.02660655728878145,dummy-a3iyyx2h,NA,NA,NA,NA,NA,NA,NA,NA
0.05191198215895987,0.03574843321265881,dummy-a3j0l3dv,NA,NA,NA,NA,NA,NA,NA,NA
0.03581875510838071,0.04302505982695091,dummy-a4dcyf1d,NA,NA,NA,NA,NA,NA,NA,NA
0.13339626956154493,0.0655995431762378,dummy-a4eqi05o,NA,NA,NA,NA,NA,NA,NA,NA
0.21233547837377084,0.10954225152578702,dummy-a4fd1j9w,NA,NA,NA,NA,NA,NA,NA,NA
0.01550059153005665,0.02762156814556464,dummy-a4kwspde,NA,NA,NA,NA,NA,NA,NA,NA
0.15302969098459795,0.02646223473599777,dummy-a4ozb3rg,NA,NA,NA,NA,NA,NA,NA,NA
0.23245459088894535,0.06959565456913788,dummy-a4uosxcf,NA,NA,NA,NA,NA,NA,NA,NA
1.2105471594243435,0.0446252379964213,dummy-a53b4mnb,NA,NA,NA,NA,NA,NA,NA,NA
0.20906497371661403,0.03995757353466708,dummy-a5d5m9v0,NA,NA,NA,NA,NA,NA,NA,NA
0.04625141904794026,0.04708379533417151,dummy-a5m0mw3q,NA,NA,NA,NA,NA,NA,NA,NA
0.15722079455100074,0.05024958204560306,dummy-a64v84cu,NA,NA,NA,NA,NA,NA,NA,NA
0.15670884586401812,0.05952961393902822,dummy-a6fg3e01,NA,NA,NA,NA,NA,NA,NA,NA
0.03011776785898639,0.04212410898603714,dummy-a6s1xq4n,NA,NA,NA,NA,NA,NA,NA,NA
0.04845437391873974,0.05171412832072065,dummy-a6uoxhuv,NA,NA,NA,NA,NA,NA,NA,NA
0.01643499516594521,0.01672279458739425,dummy-a7vbjjp2,NA,NA,NA,NA,NA,NA,NA,NA
0.02741185819627932,0.03951774835506284,dummy-a7vjymhb,NA,NA,NA,NA,NA,NA,NA,NA
0.19083618736752253,0.08331296699118076,dummy-a87fm3q6,NA,NA,NA,NA,NA,NA,NA,NA
0.00517190561667828,0.02454677649065921,dummy-a88a2e08,NA,NA,NA,NA,NA,NA,NA,NA
0.05485894390756364,0.05057237641475111,dummy-a971gqdk,NA,NA,NA,NA,NA,NA,NA,NA
0.1237441396915232,0.07038728959330595,dummy-a98v6n6d,NA,NA,NA,NA,NA,NA,NA,NA
0.06951152182688737,0.07426352266916511,dummy-a9v4wog4,NA,NA,NA,NA,NA,NA,NA,NA
0.00529339530697473,0.01296836049777007,dummy-a9xgz8z1,NA,NA,NA,NA,NA,NA,NA,NA
0.02807423679377363,0.03689877820483423,dummy-aa3sczd4,NA,NA,NA,NA,NA,NA,NA,NA
0.05778393235577281,0.03110124230845256,dummy-aabdz7h1,NA,NA,NA,NA,NA,NA,NA,NA
0.01779943546171696,0.03866484412556544,dummy-aaherjxu,NA,NA,NA,NA,NA,NA,NA,NA
0.05440847919338525,0.03079407546084293,dummy-aaq9ak6o,NA,NA,NA,NA,NA,NA,NA,NA
0.32383284309495464,0.09391106009464402,dummy-aasjow7j,NA,NA,NA,NA,NA,NA,NA,NA
0.10768832513586496,0.04847300841795744,dummy-aasr3nih,NA,NA,NA,NA,NA,NA,NA,NA
0.18742339147074935,0.06258590144620971,dummy-ab0illgr,NA,NA,NA,NA,NA,NA,NA,NA
0.07089816735650033,0.04454835059163539,dummy-abkas82m,NA,NA,NA,NA,NA,NA,NA,NA
0.02548032314131443,0.03441236418421137,dummy-abm5teju,NA,NA,NA,NA,NA,NA,NA,NA
0.05109364106524668,0.04566056912610915,dummy-abrkn708,NA,NA,NA,NA,NA,NA,NA,NA
0.02616266798966842,0.01670831238432507,dummy-ac5nnmel,NA,NA,NA,NA,NA,NA,NA,NA
0.06629266730602847,0.04922171306738433,dummy-acd3d2iw,NA,NA,NA,NA,NA,NA,NA,NA
0.13916964907934426,0.05337181407995146,dummy-aclhq5zg,NA,NA,NA,NA,NA,NA,NA,NA
0.2595907853647488,0.08042584378648263,dummy-acpe5vyv,NA,NA,NA,NA,NA,NA,NA,NA
0.00605558661504925,0.02105779102242902,dummy-acy2a9qv,NA,NA,NA,NA,NA,NA,NA,NA
0.02471711368231501,0.02861103283093078,dummy-acz0k4hm,NA,NA,NA,NA,NA,NA,NA,NA
0.29928309186853574,0.13315249140153504,dummy-aczj3jnj,NA,NA,NA,NA,NA,NA,NA,NA
0.1000721997885715,0.03458553924650288,dummy-ad1mh9ie,NA,NA,NA,NA,NA,NA,NA,NA
0.19189895524874712,0.0993619859841223,dummy-ad5dwpa9,NA,NA,NA,NA,NA,NA,NA,NA
0.00404176657211534,0.01574758279306389,dummy-adgao17h,NA,NA,NA,NA,NA,NA,NA,NA
0.13015483992661997,0.06449192001916292,dummy-adkf13ux,NA,NA,NA,NA,NA,NA,NA,NA
0.05944954844663751,0.0316975010520017,dummy-adlf7hyq,NA,NA,NA,NA,NA,NA,NA,NA
0.18817811135995852,0.05228419316835552,dummy-adwfmw0x,NA,NA,NA,NA,NA,NA,NA,NA
0.4104256436477696,0.08246407031618493,dummy-adyu8cax,NA,NA,NA,NA,NA,NA,NA,NA
0.2896485361110128,0.01705139870820267,dummy-ae7a3su1,NA,NA,NA,NA,NA,NA,NA,NA
0.04459284239780686,0.05090486103009184,dummy-aed912p6,NA,NA,NA,NA,NA,NA,NA,NA
0.08706800780606902,0.03842061369945063,dummy-aezxntgn,NA,NA,NA,NA,NA,NA,NA,NA
0.09911584745546108,0.06001422065363283,dummy-af3j4sj4,NA,NA,NA,NA,NA,NA,NA,NA
0.01976080333256621,0.02241970025005251,dummy-af3sjowr,NA,NA,NA,NA,NA,NA,NA,NA
0.04572169335399043,0.0398328181756699,dummy-afchzz73,NA,NA,NA,NA,NA,NA,NA,NA
0.05617827472264058,0.01960764892284694,dummy-afqm82rh,NA,NA,NA,NA,NA,NA,NA,NA
0.01048662600659909,0.01547819652367336,dummy-aft87d1g,NA,NA,NA,NA,NA,NA,NA,NA
0.02202727062494201,0.03384373786981469,dummy-afx477fa,NA,NA,NA,NA,NA,NA,NA,NA
0.02705310781068398,0.04571742441871838,dummy-ag2l2qa2,NA,NA,NA,NA,NA,NA,NA,NA
0.12691136858596153,0.05971163757217153,dummy-agsxtfly,NA,NA,NA,NA,NA,NA,NA,NA
0.00524598034995075,0.014442090014182,dummy-agxs3hjm,NA,NA,NA,NA,NA,NA,NA,NA
0.1876190431198677,0.04617003662013427,dummy-ah3becp6,NA,NA,NA,NA,NA,NA,NA,NA
0.12277311520074288,0.06529318239421361,dummy-ah5dzq4r,NA,NA,NA,NA,NA,NA,NA,NA
0.01443061275868456,0.02823968563751306,dummy-ah7v8p3w,NA,NA,NA,NA,NA,NA,NA,NA
0.00335854246997976,0.01240209281099433,dummy-ah8tnw1w,NA,NA,NA,NA,NA,NA,NA,NA
0.4476760891010867,0.05653931463095929,dummy-ah9hpo9g,NA,NA,NA,NA,NA,NA,NA,NA
0.0059037844815414,0.01408694159566653,dummy-ahje06dd,NA,NA,NA,NA,NA,NA,NA,NA
0.15436405263103894,0.0796785824473578,dummy-ai1nb99m,NA,NA,NA,NA,NA,NA,NA,NA
0.07685539733549011,0.08282616345779453,dummy-ai5z72gt,NA,NA,NA,NA,NA,NA,NA,NA
0.08808529842584946,0.05254989815219312,dummy-aibp9zgx,NA,NA,NA,NA,NA,NA,NA,NA
0.04298286580058391,0.03850226056286118,dummy-aiwy108a,NA,NA,NA,NA,NA,NA,NA,NA
0.03490759902472577,0.02996536666230403,dummy-aiwy5jdq,NA,NA,NA,NA,NA,NA,NA,NA
0.00427631768711517,0.02044317571774551,dummy-ajf24bwb,NA,NA,NA,NA,NA,NA,NA,NA
0.07746560653692434,0.05845547294897036,dummy-ajjlv1wn,NA,NA,NA,NA,NA,NA,NA,NA
0.03304704846084732,0.04376316172699943,dummy-ajnf5xus,NA,NA,NA,NA,NA,NA,NA,NA
0.17048824505177,0.07474871331469338,dummy-ajq1292x,NA,NA,NA,NA,NA,NA,NA,NA
0.09294891594119724,0.07305338077041396,dummy-akdqqpnu,NA,NA,NA,NA,NA,NA,NA,NA
0.3925073753238624,0.03221450703406898,dummy-akrctnu8,NA,NA,NA,NA,NA,NA,NA,NA
0.03304704846084732,0.04376316172699943,dummy-akvxn9ph,NA,NA,NA,NA,NA,NA,NA,NA
0.16444078025417122,0.03078997785488941,dummy-al4tdx2l,NA,NA,NA,NA,NA,NA,NA,NA
0.01509504653664814,0.02164183479318178,dummy-alamu9rp,NA,NA,NA,NA,NA,NA,NA,NA
0.00285878269968732,0.01874820211418158,dummy-alc7wtc7,NA,NA,NA,NA,NA,NA,NA,NA
0.04584902019337971,0.03781941741498271,dummy-almgox3b,NA,NA,NA,NA,NA,NA,NA,NA
0.08065752993297928,0.03219620530705915,dummy-amhwzteb,NA,NA,NA,NA,NA,NA,NA,NA
0.22545435147246637,0.16470971241884558,dummy-amm8gku6,NA,NA,NA,NA,NA,NA,NA,NA
0.1282971007859623,0.01423632462696329,dummy-amsg0wwi,NA,NA,NA,NA,NA,NA,NA,NA
0.08376502944937682,0.04335066254727168,dummy-amuy8ddm,NA,NA,NA,NA,NA,NA,NA,NA
0.0106204933461902,0.02470770684573162,dummy-an6j4sfs,NA,NA,NA,NA,NA,NA,NA,NA
0.05323143787906705,0.04705755993052967,dummy-ane1fxrf,NA,NA,NA,NA,NA,NA,NA,NA
0.00445240013923746,0.01475898373947619,dummy-aoud8ng1,NA,NA,NA,NA,NA,NA,NA,NA
0.06300512724168135,0.05044751180551028,dummy-aovsso84,NA,NA,NA,NA,NA,NA,NA,NA
0.05708663469971948,0.04859597219717507,dummy-aoz6msqk,NA,NA,NA,NA,NA,NA,NA,NA
0.13567325783724976,0.05610035188059473,dummy-ap8a5g3b,NA,NA,NA,NA,NA,NA,NA,NA
0.08675271923430321,0.03767730036214047,dummy-apg3bgqd,NA,NA,NA,NA,NA,NA,NA,NA
0.05238425552008816,0.03136491260712115,dummy-apg6gdyh,NA,NA,NA,NA,NA,NA,NA,NA
0.07652836632587691,0.01623061221513983,dummy-apu5wsin,NA,NA,NA,NA,NA,NA,NA,NA
0.6243963069776518,0.05512330366956259,dummy-apznqpgc,NA,NA,NA,NA,NA,NA,NA,NA
0.02090543334881524,0.03500857265898179,dummy-aq2lhs52,NA,NA,NA,NA,NA,NA,NA,NA
0.00693294505267799,0.0128274274289463,dummy-aqdfo2qo,NA,NA,NA,NA,NA,NA,NA,NA
0.04097232652499027,0.0384080768672723,dummy-ar6ez3o9,NA,NA,NA,NA,NA,NA,NA,NA
0.06208194747115436,0.03916741041552492,dummy-ard2ciud,NA,NA,NA,NA,NA,NA,NA,NA
0.00399794424253687,0.01630891797435396,dummy-arhuh61r,NA,NA,NA,NA,NA,NA,NA,NA
0.04007514857077737,0.02705311403812029,dummy-arii0q2j,NA,NA,NA,NA,NA,NA,NA,NA
0.12604187771784367,0.04935486156173972,dummy-ariwh4xj,NA,NA,NA,NA,NA,NA,NA,NA
0.02534472827916974,0.01589731350692856,dummy-armcyglo,NA,NA,NA,NA,NA,NA,NA,NA
0.03241883438351886,0.04550903677541077,dummy-arrfcknj,NA,NA,NA,NA,NA,NA,NA,NA
0.08913480621845982,0.07866005931659596,dummy-athdiovy,NA,NA,NA,NA,NA,NA,NA,NA
0.01057470832459975,0.0259027352588193,dummy-atiuawkz,NA,NA,NA,NA,NA,NA,NA,NA
0.1774934014467019,0.07753375756934928,dummy-aty0dzr7,NA,NA,NA,NA,NA,NA,NA,NA
0.24548083671978296,0.08605876678521444,dummy-auhnf550,NA,NA,NA,NA,NA,NA,NA,NA
0.4452346821200597,0.05540372809292163,dummy-aun2n6up,NA,NA,NA,NA,NA,NA,NA,NA
0.1708423049223422,0.07247505792329101,dummy-auvll528,NA,NA,NA,NA,NA,NA,NA,NA
0.45453568839329395,0.04598958936808357,dummy-auza38rr,NA,NA,NA,NA,NA,NA,NA,NA
0.11235119636299208,0.06206183070747602,dummy-av1wdjgm,NA,NA,NA,NA,NA,NA,NA,NA
0.00237427107308733,0.01329082847263375,dummy-avupntyw,NA,NA,NA,NA,NA,NA,NA,NA
0.09112028956346203,0.04864643314320233,dummy-avxeccvm,NA,NA,NA,NA,NA,NA,NA,NA
0.04471614731770199,0.04259100738102305,dummy-aw2t4bt4,NA,NA,NA,NA,NA,NA,NA,NA
0.0026269688797111,0.01349781253987809,dummy-awbsd7mg,NA,NA,NA,NA,NA,NA,NA,NA
0.1524780101525725,0.08903824814661958,dummy-awdn9mwi,NA,NA,NA,NA,NA,NA,NA,NA
0.03804273340740384,0.04927058254830032,dummy-awefdd73,NA,NA,NA,NA,NA,NA,NA,NA
0.0367500486308969,0.04713284262757484,dummy-ax4c21l4,NA,NA,NA,NA,NA,NA,NA,NA
0.04455672406414014,0.06110168559409527,dummy-axdc2b9i,NA,NA,NA,NA,NA,NA,NA,NA
0.01819548671085524,0.03248279933072997,dummy-axr6gpsj,NA,NA,NA,NA,NA,NA,NA,NA
0.10254961559892074,0.04758710920405339,dummy-axvxo828,NA,NA,NA,NA,NA,NA,NA,NA
0.04501704057553953,0.05315036722521876,dummy-aybw6o5r,NA,NA,NA,NA,NA,NA,NA,NA
0.01643499516594521,0.01672279458739425,dummy-ayhzjwt7,NA,NA,NA,NA,NA,NA,NA,NA
0.5656254328854721,0.05677532085359694,dummy-ayyz45t8,NA,NA,NA,NA,NA,NA,NA,NA
0.04713011200225586,0.03534126979619438,dummy-az2a2lyf,NA,NA,NA,NA,NA,NA,NA,NA
0.13134537951293382,0.01936557447878665,dummy-azln7elv,NA,NA,NA,NA,NA,NA,NA,NA
0.006627196026082,0.019075708921806,dummy-azp3chro,NA,NA,NA,NA,NA,NA,NA,NA
0.03604382106304288,0.04062797110105416,dummy-b00ojvzd,NA,NA,NA,NA,NA,NA,NA,NA
0.04003213225381707,0.01665440929252731,dummy-b05ie81a,NA,NA,NA,NA,NA,NA,NA,NA
0.1079004137586373,0.04492598648639076,dummy-b0b6n6sk,NA,NA,NA,NA,NA,NA,NA,NA
0.03542745302962936,0.04672539783905398,dummy-b0bl3uuq,NA,NA,NA,NA,NA,NA,NA,NA
0.07869268759360276,0.05367309059847251,dummy-b0s68j4w,NA,NA,NA,NA,NA,NA,NA,NA
0.00858258786915011,0.02137615353878396,dummy-b0xbkixi,NA,NA,NA,NA,NA,NA,NA,NA
0.08966121925336339,0.0291755026464686,dummy-b1ju561l,NA,NA,NA,NA,NA,NA,NA,NA
0.11126116852714,0.0910609658450021,dummy-b1ovc97w,NA,NA,NA,NA,NA,NA,NA,NA
0.03992093396624011,0.03344352810963173,dummy-b1qvvlet,NA,NA,NA,NA,NA,NA,NA,NA
0.016329778260223,0.01868024684043671,dummy-b1seqeem,NA,NA,NA,NA,NA,NA,NA,NA
0.16484565078141636,0.08357637359534788,dummy-b1teovth,NA,NA,NA,NA,NA,NA,NA,NA
0.01531690942125787,0.01375859687733538,dummy-b2j09p0z,NA,NA,NA,NA,NA,NA,NA,NA
0.10197827735270586,0.03405202646963442,dummy-b2nmkym1,NA,NA,NA,NA,NA,NA,NA,NA
0.01393659050071455,0.02208735506648503,dummy-b2riwtwd,NA,NA,NA,NA,NA,NA,NA,NA
0.00545350567899859,0.01622324312804497,dummy-b317h2b5,NA,NA,NA,NA,NA,NA,NA,NA
0.15262673838092244,0.11795187747110572,dummy-b33rwyj3,NA,NA,NA,NA,NA,NA,NA,NA
0.1884594640413723,0.06243794566161619,dummy-b3n8mdpk,NA,NA,NA,NA,NA,NA,NA,NA
0.01127690607815666,0.02889600053999059,dummy-b3nk43av,NA,NA,NA,NA,NA,NA,NA,NA
0.05372113736081935,0.04811905321692845,dummy-b4123mo4,NA,NA,NA,NA,NA,NA,NA,NA
0.0957432455496086,0.06188532063701205,dummy-b4zb1bea,NA,NA,NA,NA,NA,NA,NA,NA
2.2361380499430665,0.08638539539321069,dummy-b5e4txpm,NA,NA,NA,NA,NA,NA,NA,NA
0.02323674419156978,0.01634948469066941,dummy-b5ynrexf,NA,NA,NA,NA,NA,NA,NA,NA
0.05441661234648826,0.04443964764976355,dummy-b62ts1di,NA,NA,NA,NA,NA,NA,NA,NA
0.05238425552008816,0.03136491260712115,dummy-b644317k,NA,NA,NA,NA,NA,NA,NA,NA
0.02779061945693979,0.04184150870034284,dummy-b6kln0ha,NA,NA,NA,NA,NA,NA,NA,NA
0.01494153388557878,0.02152030189123468,dummy-b6q8x0ro,NA,NA,NA,NA,NA,NA,NA,NA
0.07237410445825995,0.04400285769320789,dummy-b70tlcxz,NA,NA,NA,NA,NA,NA,NA,NA
0.08212019372339115,0.03370910987370937,dummy-b7dqj7tc,NA,NA,NA,NA,NA,NA,NA,NA
3.0806712441836637,0.1132084757548712,dummy-b7hhw5jf,NA,NA,NA,NA,NA,NA,NA,NA
0.09576670958629938,0.05258252760137973,dummy-b7r3w9w1,NA,NA,NA,NA,NA,NA,NA,NA
0.01259304131677264,0.02559322908755641,dummy-b85yaeg2,NA,NA,NA,NA,NA,NA,NA,NA
0.01073132558263336,0.01401163251306109,dummy-b87ilafy,NA,NA,NA,NA,NA,NA,NA,NA
0.00294351514554692,0.01347639871002583,dummy-b8mgukdu,NA,NA,NA,NA,NA,NA,NA,NA
0.01691188275832674,0.015274668068719,dummy-b93i8gek,NA,NA,NA,NA,NA,NA,NA,NA
0.09020404996615693,0.02908765539213048,dummy-b9drrz5v,NA,NA,NA,NA,NA,NA,NA,NA
0.0165031063743336,0.02973802180636658,dummy-b9e6dk5d,NA,NA,NA,NA,NA,NA,NA,NA
0.0269698763761011,0.03005526507549326,dummy-b9k1jq8e,NA,NA,NA,NA,NA,NA,NA,NA
0.02248202104710787,0.03007107798065446,dummy-b9kw0ady,NA,NA,NA,NA,NA,NA,NA,NA
0.03048664213839411,0.04317567003387491,dummy-ba9a7i3f,NA,NA,NA,NA,NA,NA,NA,NA
0.03309321893201809,0.03962968673455281,dummy-baoozdb4,NA,NA,NA,NA,NA,NA,NA,NA
0.04321317444280987,0.02947660690233879,dummy-bapnzbbg,NA,NA,NA,NA,NA,NA,NA,NA
0.10807861302301604,0.05609901767069984,dummy-bbh9zruj,NA,NA,NA,NA,NA,NA,NA,NA
0.00610705377318193,0.01665750913050319,dummy-bboahzsv,NA,NA,NA,NA,NA,NA,NA,NA
0.15632884149146029,0.0329872723248155,dummy-bbvk2e01,NA,NA,NA,NA,NA,NA,NA,NA
0.03424370993351731,0.04725881803062568,dummy-bc1y312w,NA,NA,NA,NA,NA,NA,NA,NA
0.07268985805674882,0.01685214754534238,dummy-bc6rr6ta,NA,NA,NA,NA,NA,NA,NA,NA
0.04188474662772562,0.04984042774428232,dummy-bccvxpqz,NA,NA,NA,NA,NA,NA,NA,NA
0.03315944879526817,0.03277430005086633,dummy-bcuczgga,NA,NA,NA,NA,NA,NA,NA,NA
0.12189872826055802,0.05245684674935921,dummy-bd33yyce,NA,NA,NA,NA,NA,NA,NA,NA
0.2839438474742724,0.0916618547742192,dummy-bd5n26lt,NA,NA,NA,NA,NA,NA,NA,NA
0.14469586835443002,0.04506126120709355,dummy-bdg5xe7h,NA,NA,NA,NA,NA,NA,NA,NA
0.10676312394102688,0.06925743493681585,dummy-bdje3ct2,NA,NA,NA,NA,NA,NA,NA,NA
0.05272931196527183,0.03194888510951998,dummy-bdjyri2q,NA,NA,NA,NA,NA,NA,NA,NA
0.02507131461756743,0.0414953661601708,dummy-bdnapv2o,NA,NA,NA,NA,NA,NA,NA,NA
0.04357952589290686,0.0163024144248694,dummy-bdovwpoj,NA,NA,NA,NA,NA,NA,NA,NA
0.00234343925308654,0.01149450168520925,dummy-bdszf18b,NA,NA,NA,NA,NA,NA,NA,NA
0.0065757475840916,0.01855015208250081,dummy-be5n5y6c,NA,NA,NA,NA,NA,NA,NA,NA
0.011204900200318,0.02118746416476813,dummy-be8c77it,NA,NA,NA,NA,NA,NA,NA,NA
0.1558292626415561,0.08824108189290478,dummy-bef0kqqv,NA,NA,NA,NA,NA,NA,NA,NA
0.01248195471899813,0.01630446050866105,dummy-begaiz0k,NA,NA,NA,NA,NA,NA,NA,NA
0.05516102228284119,0.05368101989135174,dummy-besqp2vi,NA,NA,NA,NA,NA,NA,NA,NA
0.11207222976365842,0.06893420502246433,dummy-bewlh85e,NA,NA,NA,NA,NA,NA,NA,NA
0.2234109991951688,0.12426214156887332,dummy-bf1dq7yc,NA,NA,NA,NA,NA,NA,NA,NA
0.00622230588870152,0.01315712508353442,dummy-bfbz0rhp,NA,NA,NA,NA,NA,NA,NA,NA
0.06017773298711523,0.05745574168553445,dummy-bfkn44tj,NA,NA,NA,NA,NA,NA,NA,NA
0.19440538183535563,0.06431053246550537,dummy-bfyvc7yh,NA,NA,NA,NA,NA,NA,NA,NA
0.0403798920115722,0.04500105602052451,dummy-bg05r108,NA,NA,NA,NA,NA,NA,NA,NA
0.15324394735387506,0.06156257264089178,dummy-bgeife39,NA,NA,NA,NA,NA,NA,NA,NA
0.00279814713124153,0.01172374825868582,dummy-bh3p4hqz,NA,NA,NA,NA,NA,NA,NA,NA
0.08744724807591094,0.06435249346634224,dummy-bh6otook,NA,NA,NA,NA,NA,NA,NA,NA
0.05691290882017798,0.03961401654660668,dummy-bh7bk2vm,NA,NA,NA,NA,NA,NA,NA,NA
0.09232604908413589,0.03081620135855761,dummy-bhiq9yze,NA,NA,NA,NA,NA,NA,NA,NA
0.16875485225179176,0.05248929114970244,dummy-bhp63xid,NA,NA,NA,NA,NA,NA,NA,NA
0.22696812684188053,0.07620944574858192,dummy-bhze25nw,NA,NA,NA,NA,NA,NA,NA,NA
0.13091353212563842,0.06389306505947458,dummy-bi751kea,NA,NA,NA,NA,NA,NA,NA,NA
0.00452063889130398,0.01338559481485991,dummy-bibn0rmd,NA,NA,NA,NA,NA,NA,NA,NA
0.1224102000639312,0.05362607345261561,dummy-bibso0c5,NA,NA,NA,NA,NA,NA,NA,NA
0.04557201364977668,0.05817706525609278,dummy-bj0c0ak6,NA,NA,NA,NA,NA,NA,NA,NA
0.04398474645701249,0.03313082696507476,dummy-bj3pt4ym,NA,NA,NA,NA,NA,NA,NA,NA
0.07181534068034898,0.06022453213931249,dummy-bjo5jedp,NA,NA,NA,NA,NA,NA,NA,NA
0.00467401609086639,0.01604027305871593,dummy-bjwa1cie,NA,NA,NA,NA,NA,NA,NA,NA
0.15632075775265517,0.0552980873693083,dummy-bjwdfsph,NA,NA,NA,NA,NA,NA,NA,NA
0.06313604463702141,0.04875841347356053,dummy-bjxhphu4,NA,NA,NA,NA,NA,NA,NA,NA
0.0723729276634167,0.03354436927438315,dummy-bkujceer,NA,NA,NA,NA,NA,NA,NA,NA
0.0451419372550004,0.04636488313822427,dummy-bkw91xrz,NA,NA,NA,NA,NA,NA,NA,NA
0.17855790074247216,0.10006016862553388,dummy-bl3rlwx7,NA,NA,NA,NA,NA,NA,NA,NA
0.06359501799098384,0.04523503320423961,dummy-bl7de71x,NA,NA,NA,NA,NA,NA,NA,NA
0.08879472569285561,0.04863488948480059,dummy-blm3xp3u,NA,NA,NA,NA,NA,NA,NA,NA
0.27099266608714073,0.06783929898745071,dummy-bluy0evp,NA,NA,NA,NA,NA,NA,NA,NA
0.016448193576126192,0.03568997903530208,dummy-bm5h7gy6,NA,NA,NA,NA,NA,NA,NA,NA
0.1904148803274214,0.07261399321089307,dummy-bmlxasq7,NA,NA,NA,NA,NA,NA,NA,NA
0.12282420262480843,0.05723475294152207,dummy-bmobpgmi,NA,NA,NA,NA,NA,NA,NA,NA
0.00296759990107806,0.01201063401574758,dummy-bn2x6b61,NA,NA,NA,NA,NA,NA,NA,NA
0.01558377757218404,0.03206657735362115,dummy-bn9paojv,NA,NA,NA,NA,NA,NA,NA,NA
0.05532692270333614,0.01623568495650782,dummy-bnv5x066,NA,NA,NA,NA,NA,NA,NA,NA
0.06910005795553723,0.05448920221401116,dummy-boabc7v5,NA,NA,NA,NA,NA,NA,NA,NA
0.1003263231061583,0.03366569276130297,dummy-bok4zh0f,NA,NA,NA,NA,NA,NA,NA,NA
0.00461655920204458,0.01757764039746846,dummy-bomzb3s8,NA,NA,NA,NA,NA,NA,NA,NA
0.15783350902605944,0.04071197429594925,dummy-bormcfvv,NA,NA,NA,NA,NA,NA,NA,NA
0.08339257840811484,0.07129611674872337,dummy-boryifz2,NA,NA,NA,NA,NA,NA,NA,NA
0.06407126609876122,0.07543483066030367,dummy-bpdlj79b,NA,NA,NA,NA,NA,NA,NA,NA
0.16717858917470338,0.03108723119117702,dummy-bpg2vi04,NA,NA,NA,NA,NA,NA,NA,NA
0.08263016658612138,0.02035447035354939,dummy-bqfw5bkx,NA,NA,NA,NA,NA,NA,NA,NA
0.05498146042733814,0.04792871269257793,dummy-bqmvuoqi,NA,NA,NA,NA,NA,NA,NA,NA
0.20378240179564217,0.08503199555705412,dummy-brd0igz4,NA,NA,NA,NA,NA,NA,NA,NA
0.13716504332264823,0.0160400527773898,dummy-brip9r78,NA,NA,NA,NA,NA,NA,NA,NA
0.07065635020373648,0.03221251947563626,dummy-bs4w93a4,NA,NA,NA,NA,NA,NA,NA,NA
0.00370261383569185,0.01294031801686196,dummy-bscnl2t2,NA,NA,NA,NA,NA,NA,NA,NA
0.06772296779826419,0.05931549398748903,dummy-bsdiprz0,NA,NA,NA,NA,NA,NA,NA,NA
0.0297742464151103,0.01527884078214653,dummy-bsgth6xu,NA,NA,NA,NA,NA,NA,NA,NA
0.10272629815296562,0.04864047142885495,dummy-bsq4aqzd,NA,NA,NA,NA,NA,NA,NA,NA
0.00517327601634922,0.0150384162428139,dummy-bsqnirkz,NA,NA,NA,NA,NA,NA,NA,NA
0.15670884586401812,0.05952961393902822,dummy-bt37h9l9,NA,NA,NA,NA,NA,NA,NA,NA
0.04328269381872651,0.02948670520608876,dummy-bteua896,NA,NA,NA,NA,NA,NA,NA,NA
0.00874485734675915,0.01527329197609937,dummy-btglk0de,NA,NA,NA,NA,NA,NA,NA,NA
0.02037519082062424,0.02939470874319755,dummy-btpuozjq,NA,NA,NA,NA,NA,NA,NA,NA
0.1213686762033438,0.05647994589702955,dummy-buft4ape,NA,NA,NA,NA,NA,NA,NA,NA
0.284906335110889,0.08496656652931582,dummy-buonh5ih,NA,NA,NA,NA,NA,NA,NA,NA
0.00248971566334547,0.01852881359408753,dummy-bv69kxku,NA,NA,NA,NA,NA,NA,NA,NA
0.00322843193357403,0.01413617621919424,dummy-bvd68gx8,NA,NA,NA,NA,NA,NA,NA,NA
0.06539262231738252,0.04609484275248841,dummy-bw0ea2qb,NA,NA,NA,NA,NA,NA,NA,NA
0.00886736696397244,0.0138768225388493,dummy-bwfy0cgz,NA,NA,NA,NA,NA,NA,NA,NA
0.0304232659291226,0.01499765938026936,dummy-bwjzboms,NA,NA,NA,NA,NA,NA,NA,NA
0.16338455380404934,0.06244621666889754,dummy-bwpsdc1s,NA,NA,NA,NA,NA,NA,NA,NA
0.1160089937147162,0.05219284079513266,dummy-bwtamewc,NA,NA,NA,NA,NA,NA,NA,NA
0.02351831052914129,0.03308884088929081,dummy-bww3ci85,NA,NA,NA,NA,NA,NA,NA,NA
0.01671059312994686,0.03860054236331008,dummy-bxcooirm,NA,NA,NA,NA,NA,NA,NA,NA
0.03490759902472577,0.02996536666230403,dummy-bxjk4opl,NA,NA,NA,NA,NA,NA,NA,NA
0.1018584202318253,0.06146264553129888,dummy-bylk3ht5,NA,NA,NA,NA,NA,NA,NA,NA
0.02441055169279425,0.02852673332671701,dummy-byyn0cir,NA,NA,NA,NA,NA,NA,NA,NA
0.14194326456595854,0.05485270870459009,dummy-bz2ieja0,NA,NA,NA,NA,NA,NA,NA,NA
0.01761297411564211,0.0288700235578509,dummy-bz7wy7vr,NA,NA,NA,NA,NA,NA,NA,NA
0.01650735413523022,0.01535567612699903,dummy-bz93fed0,NA,NA,NA,NA,NA,NA,NA,NA
0.0160813624931845,0.03378411782411169,dummy-bz93xjpe,NA,NA,NA,NA,NA,NA,NA,NA
0.00467770825303406,0.01415469086522438,dummy-bzbyot4r,NA,NA,NA,NA,NA,NA,NA,NA
0.06597541766741358,0.032635940233558,dummy-bzfl39q7,NA,NA,NA,NA,NA,NA,NA,NA
0.1640656358896072,0.01900420233678283,dummy-c01ppvdr,NA,NA,NA,NA,NA,NA,NA,NA
0.1651167690080435,0.04000967799379826,dummy-c0adsywb,NA,NA,NA,NA,NA,NA,NA,NA
0.0482889283336939,0.046345449547749,dummy-c0f8hybo,NA,NA,NA,NA,NA,NA,NA,NA
0.1668441847063997,0.07271722634910936,dummy-c0gbji5p,NA,NA,NA,NA,NA,NA,NA,NA
0.00533388397337553,0.01300877329661556,dummy-c0sp50sy,NA,NA,NA,NA,NA,NA,NA,NA
0.11016356498355226,0.07043508302798397,dummy-c1a2a3fn,NA,NA,NA,NA,NA,NA,NA,NA
0.13647635791453253,0.0917893336779758,dummy-c1gq0s1x,NA,NA,NA,NA,NA,NA,NA,NA
0.00567152210067015,0.01317390967437876,dummy-c1mikvnt,NA,NA,NA,NA,NA,NA,NA,NA
0.15018628734970357,0.04228534894814802,dummy-c1umiug0,NA,NA,NA,NA,NA,NA,NA,NA
0.17248847963521072,0.04041878170772101,dummy-c246azh8,NA,NA,NA,NA,NA,NA,NA,NA
0.02794137732702555,0.01889527866178983,dummy-c25ysju8,NA,NA,NA,NA,NA,NA,NA,NA
0.06124289645774,0.04127730924558351,dummy-c2msr1i5,NA,NA,NA,NA,NA,NA,NA,NA
0.00997541156123969,0.02664984768754588,dummy-c2okfbj7,NA,NA,NA,NA,NA,NA,NA,NA
0.01988780389218528,0.01637052736627974,dummy-c37uj8bt,NA,NA,NA,NA,NA,NA,NA,NA
0.02299971484030574,0.05039557582634155,dummy-c3zz73dw,NA,NA,NA,NA,NA,NA,NA,NA
0.03380650741779571,0.01443833159987148,dummy-c4agft31,NA,NA,NA,NA,NA,NA,NA,NA
0.2711091033122406,0.11114741696116062,dummy-c4tnxsb0,NA,NA,NA,NA,NA,NA,NA,NA
0.09678760216261136,0.06206740569489102,dummy-c4xuz8r6,NA,NA,NA,NA,NA,NA,NA,NA
0.03182359309422573,0.04545511795291643,dummy-c513h4lu,NA,NA,NA,NA,NA,NA,NA,NA
0.15889143357280475,0.05191884030567648,dummy-c57l9p0r,NA,NA,NA,NA,NA,NA,NA,NA
0.00226202657895661,0.01323502639084453,dummy-c58j3y84,NA,NA,NA,NA,NA,NA,NA,NA
0.04111713331161642,0.03094104904353549,dummy-c6cfo7fb,NA,NA,NA,NA,NA,NA,NA,NA
0.05999446764165933,0.041600543509355,dummy-c7cnnnfl,NA,NA,NA,NA,NA,NA,NA,NA
0.08449601675287438,0.07791009608516501,dummy-c8filxnu,NA,NA,NA,NA,NA,NA,NA,NA
0.01443061275868456,0.02823968563751306,dummy-c8j977jm,NA,NA,NA,NA,NA,NA,NA,NA
0.24743553549756656,0.07112923124594665,dummy-c8yoymho,NA,NA,NA,NA,NA,NA,NA,NA
0.00353838935337906,0.01253476840095227,dummy-c9hh65v8,NA,NA,NA,NA,NA,NA,NA,NA
0.02911766134569862,0.01631251919559333,dummy-c9kfsh07,NA,NA,NA,NA,NA,NA,NA,NA
0.0703337953611475,0.05675607726659194,dummy-c9mdp0tc,NA,NA,NA,NA,NA,NA,NA,NA
0.09548382057273216,0.05432207630262467,dummy-c9yhewvr,NA,NA,NA,NA,NA,NA,NA,NA
0.03582170569887147,0.01600664647054624,dummy-ca3ky41n,NA,NA,NA,NA,NA,NA,NA,NA
0.00719335937230472,0.01979067706751322,dummy-cas98djl,NA,NA,NA,NA,NA,NA,NA,NA
0.06440316555193036,0.0965196198405854,dummy-cb0g8zsl,NA,NA,NA,NA,NA,NA,NA,NA
0.00500487205221284,0.01910482737349661,dummy-cbf9vp1x,NA,NA,NA,NA,NA,NA,NA,NA
0.47019948555791474,0.05928104549820407,dummy-cc35uqoi,NA,NA,NA,NA,NA,NA,NA,NA
0.0480247910280295,0.05189523083712599,dummy-cd0fas3a,NA,NA,NA,NA,NA,NA,NA,NA
0.1298056124763432,0.0976186620615262,dummy-cd8dntyx,NA,NA,NA,NA,NA,NA,NA,NA
0.12229524948947486,0.01683189817403551,dummy-cdrx13dd,NA,NA,NA,NA,NA,NA,NA,NA
0.1022401268262654,0.05108250511311449,dummy-ce66jvoc,NA,NA,NA,NA,NA,NA,NA,NA
0.135983308085398,0.04813770013053501,dummy-cef1pb3y,NA,NA,NA,NA,NA,NA,NA,NA
0.00755792032114102,0.0193578595867428,dummy-cef2xw5o,NA,NA,NA,NA,NA,NA,NA,NA
0.00708043281310224,0.01317338014902901,dummy-cf04bv11,NA,NA,NA,NA,NA,NA,NA,NA
0.04311904593876031,0.05891456344681516,dummy-cf181tmq,NA,NA,NA,NA,NA,NA,NA,NA
0.01667501999029086,0.01677816631111963,dummy-cflzqa51,NA,NA,NA,NA,NA,NA,NA,NA
0.0582934734885099,0.05288364537621446,dummy-cfzxw11e,NA,NA,NA,NA,NA,NA,NA,NA
3.242304545099731,0.113777162875685,dummy-cg4rc6rj,NA,NA,NA,NA,NA,NA,NA,NA
0.22532255294486797,0.1647097131200518,dummy-cgdp9g1p,NA,NA,NA,NA,NA,NA,NA,NA
0.01417759421958207,0.0144899503855714,dummy-cgs05lzy,NA,NA,NA,NA,NA,NA,NA,NA
0.29928309186853574,0.13315249140153504,dummy-cgtxfikm,NA,NA,NA,NA,NA,NA,NA,NA
0.15471564501753546,0.08101216830651217,dummy-cgupdoc3,NA,NA,NA,NA,NA,NA,NA,NA
0.1787179855674686,0.06056191499197346,dummy-cgx597cg,NA,NA,NA,NA,NA,NA,NA,NA
0.13734062471230887,0.04602802096765633,dummy-ch6tjmqi,NA,NA,NA,NA,NA,NA,NA,NA
0.0902472505438253,0.04606629723553694,dummy-chf5tbqi,NA,NA,NA,NA,NA,NA,NA,NA
0.17564746225366534,0.059174907522595153,dummy-chnmq1bx,NA,NA,NA,NA,NA,NA,NA,NA
0.0407347353322221,0.0335574844439526,dummy-ci3le551,NA,NA,NA,NA,NA,NA,NA,NA
0.06374010097933018,0.06058318616981619,dummy-cin08v0f,NA,NA,NA,NA,NA,NA,NA,NA
0.2763247832387255,0.0916618551429778,dummy-cixpqfre,NA,NA,NA,NA,NA,NA,NA,NA
0.01650735413523022,0.01535567612699903,dummy-cj8p9aw0,NA,NA,NA,NA,NA,NA,NA,NA
0.13794932586769734,0.04602801065621164,dummy-cjqb8boi,NA,NA,NA,NA,NA,NA,NA,NA
0.0230017273836892,0.03094981143406613,dummy-cjyn66zx,NA,NA,NA,NA,NA,NA,NA,NA
0.18637996655548897,0.03047266916751409,dummy-ck7hpnhj,NA,NA,NA,NA,NA,NA,NA,NA
0.03314106595676751,0.04732273886221611,dummy-ck8sczb5,NA,NA,NA,NA,NA,NA,NA,NA
0.01470202209515913,0.02618465686365751,dummy-ckf6h08v,NA,NA,NA,NA,NA,NA,NA,NA
0.08160574284239193,0.09633482716151548,dummy-cksap06k,NA,NA,NA,NA,NA,NA,NA,NA
0.00224276401402391,0.01434261584963715,dummy-ckskgtn3,NA,NA,NA,NA,NA,NA,NA,NA
0.03198574919129259,0.05295672300878502,dummy-cl49eqvj,NA,NA,NA,NA,NA,NA,NA,NA
0.01608007019235954,0.01469688868061615,dummy-cl5l0tcl,NA,NA,NA,NA,NA,NA,NA,NA
0.04791194263476294,0.01408057449744517,dummy-cl76tfjk,NA,NA,NA,NA,NA,NA,NA,NA
0.01659120520989008,0.0355349239688287,dummy-cl793p6p,NA,NA,NA,NA,NA,NA,NA,NA
0.08231307657185175,0.04349250093878517,dummy-clboia18,NA,NA,NA,NA,NA,NA,NA,NA
0.02163389036230376,0.01364008763068997,dummy-clfe9boh,NA,NA,NA,NA,NA,NA,NA,NA
0.14246430108143796,0.07826045946187801,dummy-clo4qsxq,NA,NA,NA,NA,NA,NA,NA,NA
0.02806593810033459,0.03697100607839636,dummy-clss0mo0,NA,NA,NA,NA,NA,NA,NA,NA
0.1494532311338895,0.05024958624094968,dummy-cm7w4jei,NA,NA,NA,NA,NA,NA,NA,NA
0.2312850205133317,0.06955191224353137,dummy-cmkrxdyk,NA,NA,NA,NA,NA,NA,NA,NA
0.01610633695163825,0.01466406292305996,dummy-cmou4gdk,NA,NA,NA,NA,NA,NA,NA,NA
0.14442498429256684,0.07956585635815128,dummy-cmwvurj9,NA,NA,NA,NA,NA,NA,NA,NA
0.03441635658187504,0.04756746627615885,dummy-cn1giz8e,NA,NA,NA,NA,NA,NA,NA,NA
0.03996199127342918,0.01667080104044628,dummy-cn2ofm3v,NA,NA,NA,NA,NA,NA,NA,NA
0.09208421322504384,0.04367364312853903,dummy-cn9g085t,NA,NA,NA,NA,NA,NA,NA,NA
0.04375900665797224,0.03017359774736802,dummy-cnnftlld,NA,NA,NA,NA,NA,NA,NA,NA
0.01322436975763507,0.03270298078896776,dummy-co2yjtmo,NA,NA,NA,NA,NA,NA,NA,NA
0.04623317106855471,0.05141468598750462,dummy-co631rtc,NA,NA,NA,NA,NA,NA,NA,NA
0.05617827472264058,0.01960764892284694,dummy-cobshp1d,NA,NA,NA,NA,NA,NA,NA,NA
0.04188111681556134,0.03287664031848433,dummy-coo48y25,NA,NA,NA,NA,NA,NA,NA,NA
0.4873318846736366,0.05499040296904095,dummy-cpc7md6y,NA,NA,NA,NA,NA,NA,NA,NA
0.14688222005035922,0.05278568600030551,dummy-cpm7yrlp,NA,NA,NA,NA,NA,NA,NA,NA
0.00388930653933778,0.01232707230713969,dummy-cq3uucse,NA,NA,NA,NA,NA,NA,NA,NA
0.03229633039752839,0.0397771453040683,dummy-cqb75pav,NA,NA,NA,NA,NA,NA,NA,NA
0.01950014200052697,0.01732926482841362,dummy-cqwvs66s,NA,NA,NA,NA,NA,NA,NA,NA
0.01853191524149243,0.03542637622107821,dummy-crb467q1,NA,NA,NA,NA,NA,NA,NA,NA
0.1214619097934071,0.0484442747276687,dummy-crkwn08a,NA,NA,NA,NA,NA,NA,NA,NA
0.15717111359289238,0.06639124966767325,dummy-crnmnb31,NA,NA,NA,NA,NA,NA,NA,NA
0.03291038770451547,0.02721258269807255,dummy-crqikvne,NA,NA,NA,NA,NA,NA,NA,NA
0.01128921533796909,0.01433115285593434,dummy-crsaq88h,NA,NA,NA,NA,NA,NA,NA,NA
0.08870840571716035,0.04967019815625334,dummy-ct278oht,NA,NA,NA,NA,NA,NA,NA,NA
0.24743553549756656,0.07112923124594665,dummy-ct4z0jez,NA,NA,NA,NA,NA,NA,NA,NA
0.12707462580731935,0.04795054585134604,dummy-ctp6cspc,NA,NA,NA,NA,NA,NA,NA,NA
0.05451209961314971,0.03562867978290407,dummy-ctrypzig,NA,NA,NA,NA,NA,NA,NA,NA
0.07142725801450839,0.05346791903953629,dummy-cts18j75,NA,NA,NA,NA,NA,NA,NA,NA
0.11430658137703743,0.03795963854421092,dummy-ctz9zsx1,NA,NA,NA,NA,NA,NA,NA,NA
0.03252367610287302,0.02698390728244345,dummy-cu2xomdx,NA,NA,NA,NA,NA,NA,NA,NA
0.02708125651676,0.05146978921590747,dummy-cu4vapwe,NA,NA,NA,NA,NA,NA,NA,NA
0.04121611354582596,0.03047084020733892,dummy-cud955uz,NA,NA,NA,NA,NA,NA,NA,NA
0.28935430746746216,0.01708023522250785,dummy-cui7k44h,NA,NA,NA,NA,NA,NA,NA,NA
0.05372113736081935,0.04811905321692845,dummy-cuvqki8u,NA,NA,NA,NA,NA,NA,NA,NA
0.00491302856044509,0.01321409290686887,dummy-cv5lmvkj,NA,NA,NA,NA,NA,NA,NA,NA
0.01915633364398607,0.03591895942443356,dummy-cvws5tis,NA,NA,NA,NA,NA,NA,NA,NA
0.32281944366937265,0.0524120002064803,dummy-cw3xq6mq,NA,NA,NA,NA,NA,NA,NA,NA
0.01821710170081882,0.01855807071339676,dummy-cw6b38rw,NA,NA,NA,NA,NA,NA,NA,NA
0.02420918668703342,0.03258891383634673,dummy-cwkoicwi,NA,NA,NA,NA,NA,NA,NA,NA
0.03899057965669883,0.04751211493392932,dummy-cx2q29rn,NA,NA,NA,NA,NA,NA,NA,NA
0.03278641606985207,0.04712469656403102,dummy-cx5lz2iv,NA,NA,NA,NA,NA,NA,NA,NA
0.02488678376817348,0.03034816468471172,dummy-cxaak5rg,NA,NA,NA,NA,NA,NA,NA,NA
0.0410486551665564,0.05386796838891509,dummy-cxvc1jym,NA,NA,NA,NA,NA,NA,NA,NA
0.01011875992488374,0.02427695431463043,dummy-cxvzf60x,NA,NA,NA,NA,NA,NA,NA,NA
0.260423145772736,0.0838536981311617,dummy-cyuvme1o,NA,NA,NA,NA,NA,NA,NA,NA
0.04282261545090606,0.0503707734679962,dummy-cz3pm5ir,NA,NA,NA,NA,NA,NA,NA,NA
0.13979875456588972,0.06061636763706515,dummy-cz5q5xcj,NA,NA,NA,NA,NA,NA,NA,NA
0.06570197585283374,0.04056247469964905,dummy-czdeb1pq,NA,NA,NA,NA,NA,NA,NA,NA
0.02669039106971219,0.03649006532621166,dummy-czrfmuot,NA,NA,NA,NA,NA,NA,NA,NA
0.1503341748108022,0.03236980003608827,dummy-czwa6e31,NA,NA,NA,NA,NA,NA,NA,NA
0.39524689079489256,0.09803873917912526,dummy-d04j1yf4,NA,NA,NA,NA,NA,NA,NA,NA
0.1141749266123438,0.05597844633121838,dummy-d05xmgr8,NA,NA,NA,NA,NA,NA,NA,NA
0.10194484259352074,0.04310983756594337,dummy-d0ch1u25,NA,NA,NA,NA,NA,NA,NA,NA
0.21497777779555413,0.0762051617819149,dummy-d0f82uw6,NA,NA,NA,NA,NA,NA,NA,NA
0.15638917171006994,0.06550698638881018,dummy-d0feu8d0,NA,NA,NA,NA,NA,NA,NA,NA
0.04537393216595819,0.05004795589544897,dummy-d0zmau35,NA,NA,NA,NA,NA,NA,NA,NA
0.02288216275278846,0.04375782872592942,dummy-d1c7wzk8,NA,NA,NA,NA,NA,NA,NA,NA
0.04805889367544679,0.05332258127220422,dummy-d1jhfvxq,NA,NA,NA,NA,NA,NA,NA,NA
0.06670723207005011,0.04199393710094655,dummy-d21dy7tx,NA,NA,NA,NA,NA,NA,NA,NA
0.00588420394322415,0.01598737256870531,dummy-d2eed698,NA,NA,NA,NA,NA,NA,NA,NA
0.06544256207029496,0.07634820473441259,dummy-d2lk1j1o,NA,NA,NA,NA,NA,NA,NA,NA
0.10499703202966457,0.04774694317061808,dummy-d2lpru1h,NA,NA,NA,NA,NA,NA,NA,NA
0.00125660426826238,0.012933073609293671,dummy-d2sop7e3,NA,NA,NA,NA,NA,NA,NA,NA
0.04257485482598858,0.04137946476361026,dummy-d2u1nrne,NA,NA,NA,NA,NA,NA,NA,NA
0.10531059281657018,0.03373585388407345,dummy-d2ukxk06,NA,NA,NA,NA,NA,NA,NA,NA
0.01087680284151672,0.01560407591277048,dummy-d32h3vfh,NA,NA,NA,NA,NA,NA,NA,NA
0.02299971484030574,0.05039557582634155,dummy-d39mw565,NA,NA,NA,NA,NA,NA,NA,NA
0.24743553549756656,0.07112923124594665,dummy-d3gp064w,NA,NA,NA,NA,NA,NA,NA,NA
0.03026826117363492,0.03788128421911911,dummy-d3twu0gr,NA,NA,NA,NA,NA,NA,NA,NA
0.04522463393979059,0.06081225286116665,dummy-d3uncm97,NA,NA,NA,NA,NA,NA,NA,NA
0.02358281776332783,0.01967458307329354,dummy-d3zm25ox,NA,NA,NA,NA,NA,NA,NA,NA
0.10851707135550932,0.08749659894889661,dummy-d42ykger,NA,NA,NA,NA,NA,NA,NA,NA
0.04702277995189738,0.04098467098066037,dummy-d47gqi4o,NA,NA,NA,NA,NA,NA,NA,NA
0.425526592260734,0.03023786101813133,dummy-d49gfv6r,NA,NA,NA,NA,NA,NA,NA,NA
0.1456189961179782,0.04626985206320433,dummy-d4b5s7a3,NA,NA,NA,NA,NA,NA,NA,NA
0.15600313175835692,0.07277514019557843,dummy-d4g32swv,NA,NA,NA,NA,NA,NA,NA,NA
0.00546092787145728,0.019845367365966,dummy-d4p2914l,NA,NA,NA,NA,NA,NA,NA,NA
0.00323178684980198,0.02236938240712469,dummy-d4uah4or,NA,NA,NA,NA,NA,NA,NA,NA
0.111329625803951,0.07481787409343227,dummy-d50w3vbs,NA,NA,NA,NA,NA,NA,NA,NA
0.03507953987678989,0.03826716210113391,dummy-d567o7u6,NA,NA,NA,NA,NA,NA,NA,NA
0.01643499516594521,0.01672279458739425,dummy-d5a7l4qt,NA,NA,NA,NA,NA,NA,NA,NA
0.01255164156538608,0.03432826160411689,dummy-d5f4ooqi,NA,NA,NA,NA,NA,NA,NA,NA
0.02406651830838849,0.02337064436315272,dummy-d5hvx4x9,NA,NA,NA,NA,NA,NA,NA,NA
0.00265348360466991,0.01156582637161574,dummy-d5rw5mqq,NA,NA,NA,NA,NA,NA,NA,NA
0.1317856062740405,0.09745054990468272,dummy-d5s10vl5,NA,NA,NA,NA,NA,NA,NA,NA
0.01353493083169728,0.02209862493835567,dummy-d68fe92x,NA,NA,NA,NA,NA,NA,NA,NA
0.04393899291270094,0.0552429953545047,dummy-d69b62gu,NA,NA,NA,NA,NA,NA,NA,NA
0.04475041842162208,0.03626573187558223,dummy-d6vdrpgh,NA,NA,NA,NA,NA,NA,NA,NA
0.06877569206293574,0.05458614984982439,dummy-d6w0rag7,NA,NA,NA,NA,NA,NA,NA,NA
0.02785353378103547,0.01411828227564399,dummy-d71ykaci,NA,NA,NA,NA,NA,NA,NA,NA
0.19686974146765687,0.03261785560280531,dummy-d76y91bh,NA,NA,NA,NA,NA,NA,NA,NA
0.19134387755563165,0.04337298034899027,dummy-d7w5ni51,NA,NA,NA,NA,NA,NA,NA,NA
0.11277816073680214,0.06881225469426988,dummy-d8ejdy6c,NA,NA,NA,NA,NA,NA,NA,NA
0.07055470300693273,0.03960680967638563,dummy-d8mrv990,NA,NA,NA,NA,NA,NA,NA,NA
0.2052370808157241,0.11666247281352528,dummy-d8viw7yw,NA,NA,NA,NA,NA,NA,NA,NA
0.07148413800879541,0.04797488205014449,dummy-d8vz1quh,NA,NA,NA,NA,NA,NA,NA,NA
0.03954920913539366,0.04843530248636356,dummy-d960s85l,NA,NA,NA,NA,NA,NA,NA,NA
0.03121010055717295,0.01617754597189102,dummy-d9k9tgj0,NA,NA,NA,NA,NA,NA,NA,NA
0.00473716666654718,0.01840690563584306,dummy-d9mscjnp,NA,NA,NA,NA,NA,NA,NA,NA
0.05346230445324747,0.03664105640303577,dummy-d9s2a8zx,NA,NA,NA,NA,NA,NA,NA,NA
0.15571944290847045,0.05167382402057157,dummy-d9v7v1gj,NA,NA,NA,NA,NA,NA,NA,NA
0.15889143357280475,0.05191884030567648,dummy-d9wgwunk,NA,NA,NA,NA,NA,NA,NA,NA
0.01916535960523801,0.01751387508557981,dummy-damiwwtd,NA,NA,NA,NA,NA,NA,NA,NA
0.00937845889041213,0.01990982699173291,dummy-db3g4nsr,NA,NA,NA,NA,NA,NA,NA,NA
0.06951614176480089,0.0367911756950548,dummy-dbb5231m,NA,NA,NA,NA,NA,NA,NA,NA
0.0424783304696428,0.04583754438971024,dummy-dbcpbzeg,NA,NA,NA,NA,NA,NA,NA,NA
0.04923625875830544,0.03130649036779293,dummy-dbn2qh1h,NA,NA,NA,NA,NA,NA,NA,NA
0.05450009660070183,0.03962633711953728,dummy-dclum2z8,NA,NA,NA,NA,NA,NA,NA,NA
0.08001126765590583,0.05524956550802203,dummy-dcr3uo48,NA,NA,NA,NA,NA,NA,NA,NA
0.04502503356352601,0.036598409300783,dummy-dcshc7ql,NA,NA,NA,NA,NA,NA,NA,NA
0.23593063595066444,0.11594819803272176,dummy-dd4v0qte,NA,NA,NA,NA,NA,NA,NA,NA
0.02288672839722644,0.04282447578309872,dummy-dd9c23el,NA,NA,NA,NA,NA,NA,NA,NA
0.09495459041435649,0.07349192110468626,dummy-ddp1fwy0,NA,NA,NA,NA,NA,NA,NA,NA
0.17047328296324335,0.03423358036913329,dummy-dduw5g3n,NA,NA,NA,NA,NA,NA,NA,NA
0.06860415534785688,0.04154583672486798,dummy-dfksjjot,NA,NA,NA,NA,NA,NA,NA,NA
0.00899456351852686,0.01962758145365213,dummy-dftbpx9u,NA,NA,NA,NA,NA,NA,NA,NA
0.06417979854089896,0.0704352012799096,dummy-dfy5v86o,NA,NA,NA,NA,NA,NA,NA,NA
0.1406089845807607,0.0157208960912405,dummy-dfynbbqe,NA,NA,NA,NA,NA,NA,NA,NA
0.045427409325896,0.06743752959944631,dummy-dg9533vq,NA,NA,NA,NA,NA,NA,NA,NA
0.0312487251922172,0.03806510382630673,dummy-dgca800w,NA,NA,NA,NA,NA,NA,NA,NA
0.08759964120098779,0.02316138841678146,dummy-dgcup86d,NA,NA,NA,NA,NA,NA,NA,NA
0.13961939669201728,0.06712175564071644,dummy-dgdoqlln,NA,NA,NA,NA,NA,NA,NA,NA
0.02925082827639685,0.01634788993789749,dummy-dghd6nuk,NA,NA,NA,NA,NA,NA,NA,NA
0.03576892725884906,0.01597739329998626,dummy-dgleccn7,NA,NA,NA,NA,NA,NA,NA,NA
0.14194326456595854,0.05485270870459009,dummy-dglw4z5k,NA,NA,NA,NA,NA,NA,NA,NA
0.16729117953525793,0.07897046161461832,dummy-dgoa1sgp,NA,NA,NA,NA,NA,NA,NA,NA
0.01267031671122378,0.016224139337019432,dummy-dhbmocc2,NA,NA,NA,NA,NA,NA,NA,NA
0.01066626506679813,0.01400341331919257,dummy-dhpf1bi0,NA,NA,NA,NA,NA,NA,NA,NA
0.16755023506689723,0.10964531297737848,dummy-dhq6t86y,NA,NA,NA,NA,NA,NA,NA,NA
0.00350145348351053,0.01723129248280957,dummy-dhwhlkpi,NA,NA,NA,NA,NA,NA,NA,NA
0.0209892296741145,0.01650909507031092,dummy-di4cl4xh,NA,NA,NA,NA,NA,NA,NA,NA
0.06256978871661047,0.06956127735556522,dummy-dic7dn48,NA,NA,NA,NA,NA,NA,NA,NA
0.14638768361588156,0.05465409508949597,dummy-dih7cf9i,NA,NA,NA,NA,NA,NA,NA,NA
0.03613097349804017,0.04302505982195413,dummy-dipsg5l0,NA,NA,NA,NA,NA,NA,NA,NA
0.02689453875014095,0.03001897994575577,dummy-diq2wko2,NA,NA,NA,NA,NA,NA,NA,NA
0.01081384730554048,0.02858303055304699,dummy-dirps0ez,NA,NA,NA,NA,NA,NA,NA,NA
0.10371932737560503,0.03093795047911122,dummy-dj4b99mp,NA,NA,NA,NA,NA,NA,NA,NA
0.0364667141791838,0.04887101710134298,dummy-djqf9lvd,NA,NA,NA,NA,NA,NA,NA,NA
0.0653579088701739,0.04364109963687551,dummy-djqqbetq,NA,NA,NA,NA,NA,NA,NA,NA
0.03676876385329755,0.04296173281383518,dummy-dju3eml1,NA,NA,NA,NA,NA,NA,NA,NA
0.01253994312588126,0.02590678533123271,dummy-djwtkvfh,NA,NA,NA,NA,NA,NA,NA,NA
0.01300208113323487,0.0150652009207662,dummy-djyuqexd,NA,NA,NA,NA,NA,NA,NA,NA
0.00228471640746306,0.01436976278439058,dummy-dkinbegw,NA,NA,NA,NA,NA,NA,NA,NA
0.21045729341680527,0.03995757288207195,dummy-dkj6v3pb,NA,NA,NA,NA,NA,NA,NA,NA
0.03287709136892433,0.03022046879832937,dummy-dksk9u0r,NA,NA,NA,NA,NA,NA,NA,NA
0.00959163048663182,0.02967574500391531,dummy-dl4gg2wz,NA,NA,NA,NA,NA,NA,NA,NA
0.04552520602953632,0.03430669331947363,dummy-dl8z6114,NA,NA,NA,NA,NA,NA,NA,NA
0.19269231153575828,0.05667519023267869,dummy-dlbpsl1x,NA,NA,NA,NA,NA,NA,NA,NA
0.0081527564997717,0.01498002746245066,dummy-dll775k4,NA,NA,NA,NA,NA,NA,NA,NA
0.0074231240613966,0.02403228649200273,dummy-dlo3d4ay,NA,NA,NA,NA,NA,NA,NA,NA
0.01520148767884289,0.02604368237759453,dummy-dm3ywp9a,NA,NA,NA,NA,NA,NA,NA,NA
0.14865098926193776,0.03067349216923959,dummy-dmkn5xu6,NA,NA,NA,NA,NA,NA,NA,NA
0.00893236223487025,0.02396927230828172,dummy-dmx5dtvh,NA,NA,NA,NA,NA,NA,NA,NA
0.03647054899673394,0.04939331351423354,dummy-dn1kodke,NA,NA,NA,NA,NA,NA,NA,NA
0.02408088403533537,0.04605608212542078,dummy-dn8flgye,NA,NA,NA,NA,NA,NA,NA,NA
0.06538662575276494,0.04766797243652229,dummy-dndi9sib,NA,NA,NA,NA,NA,NA,NA,NA
0.07073754118317167,0.03354436626517829,dummy-dne9f0g5,NA,NA,NA,NA,NA,NA,NA,NA
0.08063732928598429,0.03219620514474548,dummy-dnj28sic,NA,NA,NA,NA,NA,NA,NA,NA
0.01129199399745492,0.02428442343856548,dummy-dnlq7v3n,NA,NA,NA,NA,NA,NA,NA,NA
0.20557256396484405,0.0822967570582071,dummy-dny21gdo,NA,NA,NA,NA,NA,NA,NA,NA
0.016448193576126192,0.03568997903530208,dummy-doao5tlo,NA,NA,NA,NA,NA,NA,NA,NA
0.01814402526213775,0.01538044953644456,dummy-dp0gfjxk,NA,NA,NA,NA,NA,NA,NA,NA
0.0187686233537694,0.01556828556551592,dummy-dpb5k9n0,NA,NA,NA,NA,NA,NA,NA,NA
0.02862053522946551,0.01909190756547641,dummy-dpd1fug6,NA,NA,NA,NA,NA,NA,NA,NA
0.00672544752392152,0.01338267980969901,dummy-dpuz7qye,NA,NA,NA,NA,NA,NA,NA,NA
0.21565489332875143,0.03521491778348828,dummy-dqt47n79,NA,NA,NA,NA,NA,NA,NA,NA
0.27463680451268696,0.08468865461530145,dummy-dqtzxx0b,NA,NA,NA,NA,NA,NA,NA,NA
0.02743898710007231,0.03728404322987242,dummy-dqycw0yn,NA,NA,NA,NA,NA,NA,NA,NA
0.04023860484081153,0.02935172071235645,dummy-drh5a4ld,NA,NA,NA,NA,NA,NA,NA,NA
0.0968326962901924,0.07926602346732108,dummy-drrl0hek,NA,NA,NA,NA,NA,NA,NA,NA
0.01044181682982029,0.02088621820094055,dummy-drv9mnpz,NA,NA,NA,NA,NA,NA,NA,NA
0.06412164322931987,0.01453610390247843,dummy-drxfpu8e,NA,NA,NA,NA,NA,NA,NA,NA
0.01036209924480179,0.02573712431543086,dummy-ds58t7g3,NA,NA,NA,NA,NA,NA,NA,NA
0.1016272750823422,0.07220519309988781,dummy-dskiejkt,NA,NA,NA,NA,NA,NA,NA,NA
0.03738250476704445,0.01626624557081574,dummy-dsq09j9c,NA,NA,NA,NA,NA,NA,NA,NA
0.04569542207988662,0.04981772954303914,dummy-dtmmqayf,NA,NA,NA,NA,NA,NA,NA,NA
0.1996249120741553,0.0775578700698898,dummy-dtsit2ht,NA,NA,NA,NA,NA,NA,NA,NA
0.01918276062145751,0.03906368677278466,dummy-dttat6e6,NA,NA,NA,NA,NA,NA,NA,NA
0.04537393216595819,0.05004795589544897,dummy-dtw2itrr,NA,NA,NA,NA,NA,NA,NA,NA
0.11774473498303044,0.07695286600085981,dummy-du1hbps7,NA,NA,NA,NA,NA,NA,NA,NA
0.02323674419156978,0.01634948469066941,dummy-du8nfvj8,NA,NA,NA,NA,NA,NA,NA,NA
0.00711101755829621,0.01485786858091664,dummy-duadam9r,NA,NA,NA,NA,NA,NA,NA,NA
0.04669324748507636,0.04358762517597105,dummy-duorokxr,NA,NA,NA,NA,NA,NA,NA,NA
0.00899456351852686,0.01962758145365213,dummy-duwktmi8,NA,NA,NA,NA,NA,NA,NA,NA
0.00599117015870331,0.0216498137924911,dummy-dv2xmrb4,NA,NA,NA,NA,NA,NA,NA,NA
0.05103310623306,0.01990370309451259,dummy-dv9lql33,NA,NA,NA,NA,NA,NA,NA,NA
0.03227772938204223,0.0183321823689132,dummy-dvcyteun,NA,NA,NA,NA,NA,NA,NA,NA
0.00321078887542,0.01182837741166383,dummy-dvczjc0y,NA,NA,NA,NA,NA,NA,NA,NA
0.02010653145053006,0.0272014388200054,dummy-dvf45lrd,NA,NA,NA,NA,NA,NA,NA,NA
0.04791194263476294,0.01408057449744517,dummy-dvrflojf,NA,NA,NA,NA,NA,NA,NA,NA
0.0203579841013466,0.01717130608266793,dummy-dwak8zdz,NA,NA,NA,NA,NA,NA,NA,NA
0.0280815210096755,0.05195228234210111,dummy-dwdcqfn5,NA,NA,NA,NA,NA,NA,NA,NA
0.02997774090741811,0.0150760263662971,dummy-dwjp552w,NA,NA,NA,NA,NA,NA,NA,NA
0.14246430108143796,0.07826045946187801,dummy-dwyvvrtp,NA,NA,NA,NA,NA,NA,NA,NA
0.09406672275101675,0.03448830317200398,dummy-dxv7430g,NA,NA,NA,NA,NA,NA,NA,NA
0.259657365284086,0.07761964433634402,dummy-dy8tszn3,NA,NA,NA,NA,NA,NA,NA,NA
0.04415123303789917,0.0674833156061524,dummy-dyje9783,NA,NA,NA,NA,NA,NA,NA,NA
0.03817426547766378,0.05352109092404612,dummy-dyl0x635,NA,NA,NA,NA,NA,NA,NA,NA
0.00641002785364196,0.01906271261067351,dummy-dyrdly67,NA,NA,NA,NA,NA,NA,NA,NA
0.02358281776332783,0.01967458307329354,dummy-dyz0pbr2,NA,NA,NA,NA,NA,NA,NA,NA
0.00297372548111407,0.01792650646572068,dummy-dz0l3yp4,NA,NA,NA,NA,NA,NA,NA,NA
0.2345343924111419,0.1638985413064657,dummy-dz7ji3r1,NA,NA,NA,NA,NA,NA,NA,NA
0.17545700314044074,0.05867642898425144,dummy-dz9y2x2d,NA,NA,NA,NA,NA,NA,NA,NA
0.03064711493828299,0.02130971073692363,dummy-dzh7wqo3,NA,NA,NA,NA,NA,NA,NA,NA
0.05076807646165617,0.05271867401502949,dummy-dzogjuro,NA,NA,NA,NA,NA,NA,NA,NA
0.02358281776332783,0.01967458307329354,dummy-e0efy9z5,NA,NA,NA,NA,NA,NA,NA,NA
0.03152888051807863,0.039846352286589,dummy-e0izyecn,NA,NA,NA,NA,NA,NA,NA,NA
0.10050008367891576,0.08773907283206828,dummy-e0sks00h,NA,NA,NA,NA,NA,NA,NA,NA
0.06691742280854653,0.01936262558925361,dummy-e1b0wpgn,NA,NA,NA,NA,NA,NA,NA,NA
0.03088971061449878,0.03204175762495555,dummy-e1wmss1l,NA,NA,NA,NA,NA,NA,NA,NA
0.12470057569218444,0.0946646574851258,dummy-e26zkdy6,NA,NA,NA,NA,NA,NA,NA,NA
0.01495372563566542,0.01679373040305795,dummy-e2pmazor,NA,NA,NA,NA,NA,NA,NA,NA
0.06050422481793344,0.06883529320736244,dummy-e2us8u6g,NA,NA,NA,NA,NA,NA,NA,NA
0.05736040014533901,0.07430599887512018,dummy-e2warbwx,NA,NA,NA,NA,NA,NA,NA,NA
0.16316494526748238,0.03047266958693883,dummy-e3bnmpga,NA,NA,NA,NA,NA,NA,NA,NA
0.13339521963047102,0.10104963716760838,dummy-e411qenl,NA,NA,NA,NA,NA,NA,NA,NA
0.00226202657895661,0.01323502639084453,dummy-e4m1i47b,NA,NA,NA,NA,NA,NA,NA,NA
0.19383972419336423,0.05986662950095747,dummy-e52jzeb1,NA,NA,NA,NA,NA,NA,NA,NA
0.06593736208003405,0.07773354940686987,dummy-e570v60r,NA,NA,NA,NA,NA,NA,NA,NA
0.05840189315853655,0.07436253010865543,dummy-e5bi36nx,NA,NA,NA,NA,NA,NA,NA,NA
0.08001126765590583,0.05524956550802203,dummy-e5m3t51k,NA,NA,NA,NA,NA,NA,NA,NA
0.14300038448956673,0.04811931925277438,dummy-e5pa303k,NA,NA,NA,NA,NA,NA,NA,NA
0.02269369693673482,0.01421686440653231,dummy-e682j7tb,NA,NA,NA,NA,NA,NA,NA,NA
0.09208421322504384,0.04367364312853903,dummy-e6rq3xgh,NA,NA,NA,NA,NA,NA,NA,NA
0.04322208231293835,0.02947660685636281,dummy-e6tgprg9,NA,NA,NA,NA,NA,NA,NA,NA
0.0677559672944053,0.05661670203201072,dummy-e77shf2e,NA,NA,NA,NA,NA,NA,NA,NA
0.13648661166782408,0.07742383304063544,dummy-e7flvi8r,NA,NA,NA,NA,NA,NA,NA,NA
0.0046297049413471,0.01835991130110495,dummy-e7qi00io,NA,NA,NA,NA,NA,NA,NA,NA
0.0085629551230494,0.01372894048614172,dummy-e80aic9p,NA,NA,NA,NA,NA,NA,NA,NA
0.00692668379468958,0.01669863173053152,dummy-e86hntob,NA,NA,NA,NA,NA,NA,NA,NA
0.03019401530077496,0.05417459048257765,dummy-e8nx35g5,NA,NA,NA,NA,NA,NA,NA,NA
0.06279776106664119,0.01862026699412817,dummy-e8qrg814,NA,NA,NA,NA,NA,NA,NA,NA
0.05585143787198553,0.05418075190938625,dummy-e8t1emtr,NA,NA,NA,NA,NA,NA,NA,NA
0.00605558661504925,0.02105779102242902,dummy-e8x56o9h,NA,NA,NA,NA,NA,NA,NA,NA
0.02672686635626884,0.02616275702122848,dummy-e978k39r,NA,NA,NA,NA,NA,NA,NA,NA
0.01386056637887204,0.02708236228337423,dummy-e99sqb8e,NA,NA,NA,NA,NA,NA,NA,NA
0.11141544449065216,0.05726302316682295,dummy-e9fp4kwe,NA,NA,NA,NA,NA,NA,NA,NA
0.08017988689180813,0.05063519803133214,dummy-e9uhcbba,NA,NA,NA,NA,NA,NA,NA,NA
0.02299742076119903,0.04071063358767526,dummy-e9y3hj6p,NA,NA,NA,NA,NA,NA,NA,NA
0.00248971566334547,0.01852881359408753,dummy-ealyzok5,NA,NA,NA,NA,NA,NA,NA,NA
0.03670243686870157,0.04515037615808803,dummy-eamqesm2,NA,NA,NA,NA,NA,NA,NA,NA
0.03925751731454434,0.03082182091645767,dummy-ean8omgq,NA,NA,NA,NA,NA,NA,NA,NA
0.03151009878682023,0.01540131612444618,dummy-eazuyz8m,NA,NA,NA,NA,NA,NA,NA,NA
0.03033308339621583,0.04164888524202285,dummy-eb48tl0a,NA,NA,NA,NA,NA,NA,NA,NA
0.3726779685319068,0.09238713456218596,dummy-ebuagfsv,NA,NA,NA,NA,NA,NA,NA,NA
0.02541746168287487,0.03705759207748191,dummy-ec3huuc5,NA,NA,NA,NA,NA,NA,NA,NA
0.1827380548253883,0.04614860050376508,dummy-ecqt8v95,NA,NA,NA,NA,NA,NA,NA,NA
0.0251043921630382,0.03183396244018358,dummy-ecuyf437,NA,NA,NA,NA,NA,NA,NA,NA
0.01824219488939828,0.03338052535467389,dummy-ee5qat77,NA,NA,NA,NA,NA,NA,NA,NA
0.02818281783298057,0.01659452996953115,dummy-eeft9l1k,NA,NA,NA,NA,NA,NA,NA,NA
0.01434039561586378,0.03478899165369797,dummy-eej6ecg5,NA,NA,NA,NA,NA,NA,NA,NA
0.15140978582783743,0.0539555647882193,dummy-een6n90h,NA,NA,NA,NA,NA,NA,NA,NA
0.04557975917682294,0.05819315527994201,dummy-eeql6zd6,NA,NA,NA,NA,NA,NA,NA,NA
0.06699515716778028,0.08003055634938377,dummy-ef4jozq6,NA,NA,NA,NA,NA,NA,NA,NA
0.06832581930903028,0.04528465612598478,dummy-ef9o7hm8,NA,NA,NA,NA,NA,NA,NA,NA
0.3588609647024519,0.09171137438648348,dummy-efcyujjo,NA,NA,NA,NA,NA,NA,NA,NA
0.06054987390371188,0.05831148836705701,dummy-eg1hbd62,NA,NA,NA,NA,NA,NA,NA,NA
0.16313267408732263,0.07356141276610763,dummy-egbr95jb,NA,NA,NA,NA,NA,NA,NA,NA
0.02571143890452701,0.0272795443182954,dummy-egf3oc1z,NA,NA,NA,NA,NA,NA,NA,NA
0.10768832513586496,0.04847300841795744,dummy-egk1dave,NA,NA,NA,NA,NA,NA,NA,NA
0.0791833578771385,0.04253822253313551,dummy-eh11i06v,NA,NA,NA,NA,NA,NA,NA,NA
0.17023182633131442,0.05873584691196834,dummy-eheogg6z,NA,NA,NA,NA,NA,NA,NA,NA
0.02798437206868559,0.02613715657931344,dummy-ehfa6k1e,NA,NA,NA,NA,NA,NA,NA,NA
0.00517617455393495,0.01678067151326071,dummy-ehli7r1s,NA,NA,NA,NA,NA,NA,NA,NA
0.03535038584011992,0.03916780578004968,dummy-ehzak9wo,NA,NA,NA,NA,NA,NA,NA,NA
0.01213960612617468,0.02617309431236837,dummy-ei8tzr5j,NA,NA,NA,NA,NA,NA,NA,NA
0.12089741798393752,0.08237655858090136,dummy-eigo5j5a,NA,NA,NA,NA,NA,NA,NA,NA
0.05612115610759668,0.01956644644817063,dummy-eiwhh95h,NA,NA,NA,NA,NA,NA,NA,NA
0.10609734320197985,0.07929902309318011,dummy-ek1tazd9,NA,NA,NA,NA,NA,NA,NA,NA
0.2236324231196211,0.07092141646550466,dummy-ekkimytk,NA,NA,NA,NA,NA,NA,NA,NA
0.21239933133579472,0.07620516599263252,dummy-eknkyc1z,NA,NA,NA,NA,NA,NA,NA,NA
0.00534997801361038,0.01586293339070475,dummy-eknpc27y,NA,NA,NA,NA,NA,NA,NA,NA
0.06042217700153531,0.08711635299188403,dummy-ekxzcael,NA,NA,NA,NA,NA,NA,NA,NA
2.212417723797863,0.08417354998285038,dummy-els5hlwg,NA,NA,NA,NA,NA,NA,NA,NA
0.01973390844687711,0.01583235937487952,dummy-emdrb2s4,NA,NA,NA,NA,NA,NA,NA,NA
0.00658832086821659,0.01386812183431338,dummy-emei0wt1,NA,NA,NA,NA,NA,NA,NA,NA
0.00958663253089913,0.01598712027187275,dummy-emp4bjw0,NA,NA,NA,NA,NA,NA,NA,NA
0.06116164905166307,0.04023711704335271,dummy-enbuj1f0,NA,NA,NA,NA,NA,NA,NA,NA
0.06893295290129783,0.04744491475315831,dummy-enw0q9uu,NA,NA,NA,NA,NA,NA,NA,NA
0.04870591595077488,0.04574535302745639,dummy-enw0z1p7,NA,NA,NA,NA,NA,NA,NA,NA
0.06172158938653057,0.03516544475776029,dummy-eo3if272,NA,NA,NA,NA,NA,NA,NA,NA
0.1660981580909199,0.06731324209298803,dummy-eolnp542,NA,NA,NA,NA,NA,NA,NA,NA
0.07706200878093593,0.03337355511731141,dummy-eot6h49k,NA,NA,NA,NA,NA,NA,NA,NA
0.00432191994339852,0.01447694743524057,dummy-epaczr3m,NA,NA,NA,NA,NA,NA,NA,NA
0.11119356308565832,0.06686842621447338,dummy-epfnctzz,NA,NA,NA,NA,NA,NA,NA,NA
0.03543334070953461,0.02945567339531265,dummy-epxmm61j,NA,NA,NA,NA,NA,NA,NA,NA
0.20790949091302133,0.10914102318158704,dummy-eq5u6d1r,NA,NA,NA,NA,NA,NA,NA,NA
0.2226917144977697,0.07258636974053652,dummy-eqmbf4z2,NA,NA,NA,NA,NA,NA,NA,NA
0.06010735755046383,0.02273619229079483,dummy-er001vty,NA,NA,NA,NA,NA,NA,NA,NA
0.03199694574542874,0.01782501646980075,dummy-ercy72ce,NA,NA,NA,NA,NA,NA,NA,NA
0.12710738943507724,0.07247014951440878,dummy-erkcwcnj,NA,NA,NA,NA,NA,NA,NA,NA
0.3105310765136072,0.05157985908361071,dummy-es4hgc5c,NA,NA,NA,NA,NA,NA,NA,NA
0.154208231204681,0.04830891934908041,dummy-esi2t1vm,NA,NA,NA,NA,NA,NA,NA,NA
0.06131815426291875,0.05256084012387564,dummy-et57fddf,NA,NA,NA,NA,NA,NA,NA,NA
0.01564632786552064,0.02219977387620119,dummy-eteqqxbt,NA,NA,NA,NA,NA,NA,NA,NA
0.28808665626815894,0.06095559558067683,dummy-ethya6ou,NA,NA,NA,NA,NA,NA,NA,NA
0.11052818478988174,0.06906391181266086,dummy-etnthafl,NA,NA,NA,NA,NA,NA,NA,NA
0.05767621958301042,0.03871687681406911,dummy-eto62amy,NA,NA,NA,NA,NA,NA,NA,NA
0.03647054899673394,0.04939331351423354,dummy-eug32xwh,NA,NA,NA,NA,NA,NA,NA,NA
0.0804451048422941,0.02082277501088456,dummy-eup65ai5,NA,NA,NA,NA,NA,NA,NA,NA
0.06431166680515417,0.01912818252188165,dummy-ev4se4oq,NA,NA,NA,NA,NA,NA,NA,NA
0.05576949330332074,0.04153250499114181,dummy-ev6fxzb1,NA,NA,NA,NA,NA,NA,NA,NA
0.07213451727058486,0.01490116004013489,dummy-ev8049t3,NA,NA,NA,NA,NA,NA,NA,NA
0.00336784125342898,0.01458426033373719,dummy-evbm2lkt,NA,NA,NA,NA,NA,NA,NA,NA
0.10619047279044865,0.07531502747270304,dummy-evpuw7as,NA,NA,NA,NA,NA,NA,NA,NA
0.0730473298846727,0.09313957653256225,dummy-evxbnesi,NA,NA,NA,NA,NA,NA,NA,NA
0.02902553870677363,0.02878560204386617,dummy-evzguehh,NA,NA,NA,NA,NA,NA,NA,NA
0.07978634921047413,0.03199497455365959,dummy-ewe4ezby,NA,NA,NA,NA,NA,NA,NA,NA
0.01608365333391281,0.02846049457620434,dummy-ewgsisi4,NA,NA,NA,NA,NA,NA,NA,NA
0.01577687124615508,0.0253612165387179,dummy-ewiqm5r4,NA,NA,NA,NA,NA,NA,NA,NA
0.00360272891169169,0.01561559865392306,dummy-ewsi3gs9,NA,NA,NA,NA,NA,NA,NA,NA
0.11640396042857676,0.06992196281941523,dummy-ex0k1ze8,NA,NA,NA,NA,NA,NA,NA,NA
0.07970140354919149,0.04859749806857576,dummy-ex1j3z8e,NA,NA,NA,NA,NA,NA,NA,NA
0.0063988198873558,0.01907976733664029,dummy-exodipe3,NA,NA,NA,NA,NA,NA,NA,NA
0.3122021383111922,0.1527616311875805,dummy-eyadu183,NA,NA,NA,NA,NA,NA,NA,NA
0.10255054145810508,0.07868304257126882,dummy-eyfsmpy2,NA,NA,NA,NA,NA,NA,NA,NA
0.03310592680636138,0.03962968665965011,dummy-ez9aa811,NA,NA,NA,NA,NA,NA,NA,NA
0.17855790074247216,0.10006016862553388,dummy-ezdetdkq,NA,NA,NA,NA,NA,NA,NA,NA
0.184905153526872,0.06329914312742493,dummy-ezhtdnr6,NA,NA,NA,NA,NA,NA,NA,NA
0.02929649953905206,0.01632757520139034,dummy-ezma2vsc,NA,NA,NA,NA,NA,NA,NA,NA
0.15135788794781244,0.06611456264193098,dummy-f02pnthw,NA,NA,NA,NA,NA,NA,NA,NA
0.00363413607991986,0.01388237246886578,dummy-f0v8joxr,NA,NA,NA,NA,NA,NA,NA,NA
0.09920861769830608,0.06324839546854256,dummy-f18y1ha4,NA,NA,NA,NA,NA,NA,NA,NA
0.01119883266768884,0.03414741685374874,dummy-f1qz5knz,NA,NA,NA,NA,NA,NA,NA,NA
0.07068146400913017,0.06916637767102768,dummy-f1x4xrq0,NA,NA,NA,NA,NA,NA,NA,NA
0.13961939669201728,0.06712175564071644,dummy-f1y5ijj1,NA,NA,NA,NA,NA,NA,NA,NA
0.00477639188888492,0.01560664494218478,dummy-f2czlnk7,NA,NA,NA,NA,NA,NA,NA,NA
0.2010492026290309,0.0822967570763237,dummy-f4w6ib2i,NA,NA,NA,NA,NA,NA,NA,NA
0.05372113736081935,0.04811905321692845,dummy-f51r9psl,NA,NA,NA,NA,NA,NA,NA,NA
0.01434287011174977,0.02609583221799067,dummy-f52v30lw,NA,NA,NA,NA,NA,NA,NA,NA
0.01543397691782479,0.03110047069114312,dummy-f5ku0gsr,NA,NA,NA,NA,NA,NA,NA,NA
0.03712154158744561,0.03871711565773707,dummy-f5tx19h5,NA,NA,NA,NA,NA,NA,NA,NA
0.08414930511846051,0.08742402957219231,dummy-f5wp3rr8,NA,NA,NA,NA,NA,NA,NA,NA
0.08472482097615669,0.04025085842343074,dummy-f5wsjp3m,NA,NA,NA,NA,NA,NA,NA,NA
0.00270577507924839,0.0117542038060683,dummy-f6brpr3e,NA,NA,NA,NA,NA,NA,NA,NA
0.00336067830322808,0.01247208791749444,dummy-f6dvsbmw,NA,NA,NA,NA,NA,NA,NA,NA
0.05180465570589894,0.06214322737311131,dummy-f6dzoa2f,NA,NA,NA,NA,NA,NA,NA,NA
0.02875862290041874,0.04378976748277004,dummy-f79li1a0,NA,NA,NA,NA,NA,NA,NA,NA
0.14956514010666253,0.01628513487167819,dummy-f7cj02ky,NA,NA,NA,NA,NA,NA,NA,NA
0.04871940609217165,0.06457533747859356,dummy-f7iy0bej,NA,NA,NA,NA,NA,NA,NA,NA
0.06598098006933954,0.03126237996893274,dummy-f7o1jkpr,NA,NA,NA,NA,NA,NA,NA,NA
0.13944653993094727,0.0772078814273093,dummy-f7slh5ug,NA,NA,NA,NA,NA,NA,NA,NA
0.05495925673704108,0.04187975290013113,dummy-f7v1b66g,NA,NA,NA,NA,NA,NA,NA,NA
0.13084384479426914,0.06390277836990889,dummy-f8a6o8dv,NA,NA,NA,NA,NA,NA,NA,NA
0.134326018824514,0.06267236737076165,dummy-f9b40f3c,NA,NA,NA,NA,NA,NA,NA,NA
0.0723729276634167,0.03354436927438315,dummy-f9edrr8o,NA,NA,NA,NA,NA,NA,NA,NA
0.10657746005493904,0.05623547364624223,dummy-f9nhrnlz,NA,NA,NA,NA,NA,NA,NA,NA
0.06124289645774,0.04127730924558351,dummy-fae31l2h,NA,NA,NA,NA,NA,NA,NA,NA
0.07295873012019803,0.04188959003553543,dummy-fahv4xka,NA,NA,NA,NA,NA,NA,NA,NA
0.0711913692252243,0.03611596387216442,dummy-far61e7r,NA,NA,NA,NA,NA,NA,NA,NA
0.12481715700167138,0.07846883581950144,dummy-fb52hs6k,NA,NA,NA,NA,NA,NA,NA,NA
0.3188409393330183,0.12573327012600974,dummy-fbbv8vk8,NA,NA,NA,NA,NA,NA,NA,NA
0.03186730447856691,0.03384913936117576,dummy-fd27u66w,NA,NA,NA,NA,NA,NA,NA,NA
0.08759677437651359,0.04253896534200837,dummy-fd37ekxi,NA,NA,NA,NA,NA,NA,NA,NA
0.11238306913867065,0.0712055920850699,dummy-fd4v4w5i,NA,NA,NA,NA,NA,NA,NA,NA
0.13229054376931085,0.01475899156144883,dummy-fd80zual,NA,NA,NA,NA,NA,NA,NA,NA
0.00533711085026921,0.01788436622155545,dummy-fdbhklp4,NA,NA,NA,NA,NA,NA,NA,NA
0.00918997232425825,0.01986343999635509,dummy-fdovc3rv,NA,NA,NA,NA,NA,NA,NA,NA
0.05694529785679318,0.03526239827043721,dummy-fdpzmpmm,NA,NA,NA,NA,NA,NA,NA,NA
0.8377950070860227,0.05870158881238727,dummy-fe4g0uhm,NA,NA,NA,NA,NA,NA,NA,NA
0.01125365305600638,0.02556956006418139,dummy-fefsouhj,NA,NA,NA,NA,NA,NA,NA,NA
0.1622273341950579,0.04153653387969368,dummy-ff8o0v2e,NA,NA,NA,NA,NA,NA,NA,NA
0.14225673800229133,0.02919122414936381,dummy-ffc4i9el,NA,NA,NA,NA,NA,NA,NA,NA
0.08408087963447834,0.05010038701674834,dummy-ffe4449c,NA,NA,NA,NA,NA,NA,NA,NA
0.1132338653412644,0.07315774735054008,dummy-ffmktxgy,NA,NA,NA,NA,NA,NA,NA,NA
0.07666898823770632,0.03787622023096777,dummy-ffora5x6,NA,NA,NA,NA,NA,NA,NA,NA
0.00534997801361038,0.01586293339070475,dummy-ffqgfvl5,NA,NA,NA,NA,NA,NA,NA,NA
0.03676876385329755,0.04296173281383518,dummy-ffwlacef,NA,NA,NA,NA,NA,NA,NA,NA
0.05890657521401213,0.05368541291751717,dummy-ffxfjz3d,NA,NA,NA,NA,NA,NA,NA,NA
0.03039561281705129,0.04598738277077575,dummy-fg4pnuwx,NA,NA,NA,NA,NA,NA,NA,NA
0.06875866500206004,0.05765145627606533,dummy-fg5sr1en,NA,NA,NA,NA,NA,NA,NA,NA
0.20523777936508136,0.11666247281668178,dummy-fghzb0mz,NA,NA,NA,NA,NA,NA,NA,NA
0.15889143357280475,0.05191884030567648,dummy-fgmq0kqv,NA,NA,NA,NA,NA,NA,NA,NA
0.23676938704422196,0.0777019165667258,dummy-fhlvu0mr,NA,NA,NA,NA,NA,NA,NA,NA
0.10173469966603016,0.09869050057080016,dummy-fhn2jkvf,NA,NA,NA,NA,NA,NA,NA,NA
0.12064184244011668,0.08210721887153427,dummy-firtyh0f,NA,NA,NA,NA,NA,NA,NA,NA
0.06516465451683412,0.03855232687085113,dummy-fisa5wbm,NA,NA,NA,NA,NA,NA,NA,NA
0.6421812635751162,0.11082858007383524,dummy-fj7w04d4,NA,NA,NA,NA,NA,NA,NA,NA
0.04105816564577869,0.05119439806687452,dummy-fjeaogzb,NA,NA,NA,NA,NA,NA,NA,NA
0.14449451022632165,0.05803462030624815,dummy-fkia3zbb,NA,NA,NA,NA,NA,NA,NA,NA
0.1630633335164134,0.07359892283699328,dummy-fl142tuu,NA,NA,NA,NA,NA,NA,NA,NA
0.03312880332540929,0.04005598685154247,dummy-flghhxda,NA,NA,NA,NA,NA,NA,NA,NA
0.00562833636107763,0.02082117121577301,dummy-flkk8ybn,NA,NA,NA,NA,NA,NA,NA,NA
0.03229633039752839,0.0397771453040683,dummy-flmsf23h,NA,NA,NA,NA,NA,NA,NA,NA
0.02451007689610449,0.02742555722680037,dummy-flo1cwld,NA,NA,NA,NA,NA,NA,NA,NA
0.08566522523204406,0.04729726427260964,dummy-flozenzj,NA,NA,NA,NA,NA,NA,NA,NA
0.1522483632074958,0.03300627274120466,dummy-flzggcid,NA,NA,NA,NA,NA,NA,NA,NA
0.06566658214809533,0.06047350178797107,dummy-fm6l6k3r,NA,NA,NA,NA,NA,NA,NA,NA
0.0181570973281016,0.01768359354259026,dummy-fmqzfhjs,NA,NA,NA,NA,NA,NA,NA,NA
0.03615527139713444,0.04307664734431286,dummy-fmysj3yi,NA,NA,NA,NA,NA,NA,NA,NA
0.00467401609086639,0.01604027305871593,dummy-fn1dvvx5,NA,NA,NA,NA,NA,NA,NA,NA
0.03510499883329218,0.01723648346310869,dummy-fn6gktd8,NA,NA,NA,NA,NA,NA,NA,NA
0.00248971566334547,0.01852881359408753,dummy-fn9r6kbo,NA,NA,NA,NA,NA,NA,NA,NA
0.0440903021593306,0.04088686194185723,dummy-fncgwa3o,NA,NA,NA,NA,NA,NA,NA,NA
0.27345398260636805,0.1114038015064511,dummy-fnwwfye9,NA,NA,NA,NA,NA,NA,NA,NA
0.00633328115832481,0.01490278835865316,dummy-fojev0is,NA,NA,NA,NA,NA,NA,NA,NA
0.04455672406414014,0.06110168559409527,dummy-for9gz7j,NA,NA,NA,NA,NA,NA,NA,NA
0.02052860404289525,0.02264023551753618,dummy-fprbsomr,NA,NA,NA,NA,NA,NA,NA,NA
0.04026790519412823,0.04624749388542714,dummy-fq0v9q56,NA,NA,NA,NA,NA,NA,NA,NA
0.13030245913640326,0.06449192138278144,dummy-fqfen7ku,NA,NA,NA,NA,NA,NA,NA,NA
0.00605558661504925,0.02105779102242902,dummy-fqncfnoh,NA,NA,NA,NA,NA,NA,NA,NA
0.10255054145810508,0.07868304257126882,dummy-fqpri51l,NA,NA,NA,NA,NA,NA,NA,NA
0.0579464122444982,0.06391233675412483,dummy-fquin8lv,NA,NA,NA,NA,NA,NA,NA,NA
0.00314990830264388,0.01236653915504649,dummy-fr5ryt9p,NA,NA,NA,NA,NA,NA,NA,NA
0.04595167987677861,0.05933396353703105,dummy-fr70cm3v,NA,NA,NA,NA,NA,NA,NA,NA
0.01002250313997742,0.02567748400898432,dummy-fru753wg,NA,NA,NA,NA,NA,NA,NA,NA
0.03455411347165466,0.04724949105009756,dummy-fsdyd39k,NA,NA,NA,NA,NA,NA,NA,NA
0.00265166531197877,0.01154614194600661,dummy-fsebrmij,NA,NA,NA,NA,NA,NA,NA,NA
0.0483516337941289,0.01404420400921057,dummy-fsr8kby3,NA,NA,NA,NA,NA,NA,NA,NA
0.05734626783433747,0.04175138052041019,dummy-fsrrdlce,NA,NA,NA,NA,NA,NA,NA,NA
22.090737403715785,0.11320847049010208,dummy-ftpfjc93,NA,NA,NA,NA,NA,NA,NA,NA
0.14158687986808463,0.01570307758105646,dummy-fu50dm1p,NA,NA,NA,NA,NA,NA,NA,NA
0.00247928990108843,0.0185164697952805,dummy-fu9llcgp,NA,NA,NA,NA,NA,NA,NA,NA
0.17235344430096824,0.03621206414928641,dummy-fucuphsq,NA,NA,NA,NA,NA,NA,NA,NA
0.1134399638628114,0.07431040364138794,dummy-fufuyvo6,NA,NA,NA,NA,NA,NA,NA,NA
0.00598480595398401,0.01449365986015039,dummy-funjx0nd,NA,NA,NA,NA,NA,NA,NA,NA
0.01000614492700357,0.02836263659951306,dummy-fuo16bx0,NA,NA,NA,NA,NA,NA,NA,NA
0.2106855568627472,0.03157346643601701,dummy-fvi4ieyq,NA,NA,NA,NA,NA,NA,NA,NA
0.05214119081390957,0.06153768061132415,dummy-fvl5tnvt,NA,NA,NA,NA,NA,NA,NA,NA
0.00529339530697473,0.01296836049777007,dummy-fvmwj3jt,NA,NA,NA,NA,NA,NA,NA,NA
0.0749059382591599,0.06538639896594474,dummy-fvnlc31h,NA,NA,NA,NA,NA,NA,NA,NA
0.07696195358532762,0.04254763683115235,dummy-fvpwt9jl,NA,NA,NA,NA,NA,NA,NA,NA
0.07288998877860565,0.01682558665540911,dummy-fvsuxulj,NA,NA,NA,NA,NA,NA,NA,NA
0.2224828864991193,0.07329324706208465,dummy-fwa8y4rq,NA,NA,NA,NA,NA,NA,NA,NA
0.06487900855526682,0.04468478795563338,dummy-fwb6p31u,NA,NA,NA,NA,NA,NA,NA,NA
0.01677641534925576,0.03866057519943257,dummy-fwj9dp6v,NA,NA,NA,NA,NA,NA,NA,NA
0.316193734414604,0.11190567533526163,dummy-fwopzddz,NA,NA,NA,NA,NA,NA,NA,NA
0.03712154158744561,0.03871711565773707,dummy-fwyi4fl6,NA,NA,NA,NA,NA,NA,NA,NA
0.00752086669763829,0.0166923260268259,dummy-fx71ic71,NA,NA,NA,NA,NA,NA,NA,NA
0.00524598034995075,0.014442090014182,dummy-fxpj8oeo,NA,NA,NA,NA,NA,NA,NA,NA
0.06914864254912778,0.04204931017048471,dummy-fxq7hp6n,NA,NA,NA,NA,NA,NA,NA,NA
0.0151803206115997,0.01558338298988396,dummy-fxs7d85t,NA,NA,NA,NA,NA,NA,NA,NA
0.02598851966046093,0.04654586387052093,dummy-fy9bqtmr,NA,NA,NA,NA,NA,NA,NA,NA
0.04607550788512594,0.03997486898119351,dummy-fyr36vhy,NA,NA,NA,NA,NA,NA,NA,NA
0.01228110033174238,0.02564270713621073,dummy-fyxsvr1x,NA,NA,NA,NA,NA,NA,NA,NA
0.00659612421579408,0.01906332000968824,dummy-fz283ad5,NA,NA,NA,NA,NA,NA,NA,NA
0.00808216374066223,0.01620872267700859,dummy-fzgispsg,NA,NA,NA,NA,NA,NA,NA,NA
0.05827664124725647,0.04762774960874594,dummy-g05os0ve,NA,NA,NA,NA,NA,NA,NA,NA
0.17658599094943642,0.03172384905885876,dummy-g0vbfl1v,NA,NA,NA,NA,NA,NA,NA,NA
0.20386098060316477,0.06210497840139165,dummy-g171jsog,NA,NA,NA,NA,NA,NA,NA,NA
0.007071353188139,0.01520561486618522,dummy-g1cygaig,NA,NA,NA,NA,NA,NA,NA,NA
0.11430658137703743,0.03795963854421092,dummy-g1hts14e,NA,NA,NA,NA,NA,NA,NA,NA
0.05412901042718091,0.01842446533571969,dummy-g1nwkr62,NA,NA,NA,NA,NA,NA,NA,NA
0.01901030469601215,0.02584540736053112,dummy-g1sp347k,NA,NA,NA,NA,NA,NA,NA,NA
0.05602558315725144,0.03183667900782698,dummy-g27popfi,NA,NA,NA,NA,NA,NA,NA,NA
0.01374026702026474,0.01545875414953868,dummy-g291hb02,NA,NA,NA,NA,NA,NA,NA,NA
0.1684362127646891,0.0826793281126231,dummy-g2ge5wj1,NA,NA,NA,NA,NA,NA,NA,NA
0.2814417975635638,0.08328374268392932,dummy-g2l6iebn,NA,NA,NA,NA,NA,NA,NA,NA
0.07813103657496465,0.04465662915237753,dummy-g2q189na,NA,NA,NA,NA,NA,NA,NA,NA
0.03875011773919625,0.04807111350545854,dummy-g2q99d2q,NA,NA,NA,NA,NA,NA,NA,NA
0.08768660238198353,0.04716510316234655,dummy-g2uky7in,NA,NA,NA,NA,NA,NA,NA,NA
0.10872952850888874,0.0767239638574552,dummy-g3597mri,NA,NA,NA,NA,NA,NA,NA,NA
0.00798596604901669,0.01953292372946934,dummy-g3gq69sj,NA,NA,NA,NA,NA,NA,NA,NA
0.00598948077304455,0.02164981379302252,dummy-g4h8vjbr,NA,NA,NA,NA,NA,NA,NA,NA
0.11126248669410088,0.0572630240663739,dummy-g4xisopm,NA,NA,NA,NA,NA,NA,NA,NA
0.15265377463533492,0.03337961816345918,dummy-g5dmnezf,NA,NA,NA,NA,NA,NA,NA,NA
0.08669103229600854,0.04501713998454183,dummy-g5efd1kc,NA,NA,NA,NA,NA,NA,NA,NA
0.6221423851167014,0.05483090692520916,dummy-g5z23yk0,NA,NA,NA,NA,NA,NA,NA,NA
0.09265148744819315,0.0396898455723667,dummy-g5zoxba4,NA,NA,NA,NA,NA,NA,NA,NA
0.0107652357897724,0.01998956144217835,dummy-g6gc369s,NA,NA,NA,NA,NA,NA,NA,NA
0.16013881885297576,0.04293911096683062,dummy-g6lxmk9q,NA,NA,NA,NA,NA,NA,NA,NA
0.0320301097263644,0.02854841750595914,dummy-g6mx2gq3,NA,NA,NA,NA,NA,NA,NA,NA
0.08403903937208428,0.03519534429472685,dummy-g72n968w,NA,NA,NA,NA,NA,NA,NA,NA
0.04448879965597596,0.038599262697670333,dummy-g73qii0w,NA,NA,NA,NA,NA,NA,NA,NA
0.00361461309370778,0.01386627786561802,dummy-g7onq4u0,NA,NA,NA,NA,NA,NA,NA,NA
0.07658097156123614,0.0583568902147624,dummy-g7xhne32,NA,NA,NA,NA,NA,NA,NA,NA
0.08952810513478879,0.04457742328482163,dummy-g8wbd8q1,NA,NA,NA,NA,NA,NA,NA,NA
0.09765598793306068,0.05710884057464779,dummy-g8y368i2,NA,NA,NA,NA,NA,NA,NA,NA
0.01289412635312926,0.01574154212114365,dummy-g95n8svg,NA,NA,NA,NA,NA,NA,NA,NA
0.1299440439180351,0.05771719505209487,dummy-g991lnv3,NA,NA,NA,NA,NA,NA,NA,NA
0.01293377670601457,0.02657531068396495,dummy-g99er4se,NA,NA,NA,NA,NA,NA,NA,NA
0.4509087573022343,0.09929613653449328,dummy-g9pxu0n5,NA,NA,NA,NA,NA,NA,NA,NA
0.04275447866030653,0.03066407407483712,dummy-gaixsos8,NA,NA,NA,NA,NA,NA,NA,NA
0.06187046978317441,0.03616574585425356,dummy-gb2eas1v,NA,NA,NA,NA,NA,NA,NA,NA
0.02546134799483754,0.01863957817600811,dummy-gbe0xoov,NA,NA,NA,NA,NA,NA,NA,NA
0.1050305950228466,0.02143371393304757,dummy-gblcpxg2,NA,NA,NA,NA,NA,NA,NA,NA
0.01373925231510942,0.02729764771139104,dummy-gc21ckgd,NA,NA,NA,NA,NA,NA,NA,NA
0.01900956365429832,0.02816535053295997,dummy-gc6y6wyd,NA,NA,NA,NA,NA,NA,NA,NA
0.12370187338267608,0.0703872896242786,dummy-gc8o2nfg,NA,NA,NA,NA,NA,NA,NA,NA
0.03414177794740777,0.03998709835776854,dummy-gcbno2la,NA,NA,NA,NA,NA,NA,NA,NA
0.01427684354115018,0.03444989846957477,dummy-gclycm97,NA,NA,NA,NA,NA,NA,NA,NA
0.08174664999138616,0.05303663191543308,dummy-gcxpcuk9,NA,NA,NA,NA,NA,NA,NA,NA
0.07232110849055562,0.04618377798297991,dummy-gd5oz9xd,NA,NA,NA,NA,NA,NA,NA,NA
0.06668373205950595,0.03164218517426574,dummy-gdb80r34,NA,NA,NA,NA,NA,NA,NA,NA
0.00718627830900396,0.02387272127986847,dummy-gdh4erow,NA,NA,NA,NA,NA,NA,NA,NA
0.01961061728955369,0.01733613805024631,dummy-gdjd99af,NA,NA,NA,NA,NA,NA,NA,NA
0.00261324132680625,0.01163349898031682,dummy-gdpqihsd,NA,NA,NA,NA,NA,NA,NA,NA
0.03581875510838071,0.04302505982695091,dummy-gdussgf8,NA,NA,NA,NA,NA,NA,NA,NA
0.03437248690532331,0.0462680657052128,dummy-geecdqpt,NA,NA,NA,NA,NA,NA,NA,NA
0.07254438804323918,0.03669286890487416,dummy-gej7nuif,NA,NA,NA,NA,NA,NA,NA,NA
0.00721291299757734,0.01471496557925443,dummy-gekvoste,NA,NA,NA,NA,NA,NA,NA,NA
0.05063089767452457,0.0535376239388988,dummy-gf6rzrkz,NA,NA,NA,NA,NA,NA,NA,NA
0.08546083139624412,0.02612130294458671,dummy-gfbionqa,NA,NA,NA,NA,NA,NA,NA,NA
0.26571726561682685,0.07812748692091841,dummy-gfrz5qb3,NA,NA,NA,NA,NA,NA,NA,NA
0.11948448347885592,0.07163917092346184,dummy-gftfcg1a,NA,NA,NA,NA,NA,NA,NA,NA
0.0617366665569334,0.07567136224985162,dummy-gg24mqw8,NA,NA,NA,NA,NA,NA,NA,NA
0.02805790648688995,0.04323373600895233,dummy-ggj3wuyd,NA,NA,NA,NA,NA,NA,NA,NA
0.05453140360702285,0.01932038042141217,dummy-ggo30qxa,NA,NA,NA,NA,NA,NA,NA,NA
0.4611179000815786,0.10012154315467758,dummy-gh3ws167,NA,NA,NA,NA,NA,NA,NA,NA
0.02807423679377363,0.03689877820483423,dummy-ghz7veoy,NA,NA,NA,NA,NA,NA,NA,NA
0.007071353188139,0.01520561486618522,dummy-gi3zfbkn,NA,NA,NA,NA,NA,NA,NA,NA
0.11216095364134518,0.0306321414338916,dummy-gi8ol3vy,NA,NA,NA,NA,NA,NA,NA,NA
0.06407126609876122,0.07543483066030367,dummy-gj0lbixo,NA,NA,NA,NA,NA,NA,NA,NA
0.5498980765731029,0.10867653172947012,dummy-gj2t7s3s,NA,NA,NA,NA,NA,NA,NA,NA
0.12370850670496734,0.11150839835360196,dummy-gj4xcq7j,NA,NA,NA,NA,NA,NA,NA,NA
0.16431767955458923,0.0421580325518156,dummy-gjl0wv96,NA,NA,NA,NA,NA,NA,NA,NA
0.05010734512844636,0.04092300731830163,dummy-gkk4buih,NA,NA,NA,NA,NA,NA,NA,NA
0.0646082187406563,0.03984314472004159,dummy-gkli3351,NA,NA,NA,NA,NA,NA,NA,NA
0.05412901042718091,0.01842446533571969,dummy-gknmdbj6,NA,NA,NA,NA,NA,NA,NA,NA
0.02145919239539114,0.0468356698185722,dummy-gl386588,NA,NA,NA,NA,NA,NA,NA,NA
0.10429851507460138,0.10086998727965477,dummy-gl9g2ppe,NA,NA,NA,NA,NA,NA,NA,NA
0.07577440054384764,0.09253607266808592,dummy-gluw811f,NA,NA,NA,NA,NA,NA,NA,NA
0.03039561281705129,0.04598738277077575,dummy-gm6bbece,NA,NA,NA,NA,NA,NA,NA,NA
0.1585291658713967,0.0867171111880159,dummy-gmgyx6dc,NA,NA,NA,NA,NA,NA,NA,NA
0.00864668577177282,0.01537359308281271,dummy-gmr5z9f2,NA,NA,NA,NA,NA,NA,NA,NA
0.07048711504158323,0.06101679043112947,dummy-gmv14c0e,NA,NA,NA,NA,NA,NA,NA,NA
0.04614017343462552,0.03185949997956008,dummy-gn3557pp,NA,NA,NA,NA,NA,NA,NA,NA
0.00394112052150934,0.01624522959257931,dummy-gn88h2pb,NA,NA,NA,NA,NA,NA,NA,NA
0.01691431653722614,0.03854180020946662,dummy-god9s6ua,NA,NA,NA,NA,NA,NA,NA,NA
0.00833511610292307,0.0146438520383544,dummy-gp40sd5d,NA,NA,NA,NA,NA,NA,NA,NA
0.21542241818309435,0.08028336193159134,dummy-gp4e7iig,NA,NA,NA,NA,NA,NA,NA,NA
0.03710443049205095,0.04444485809334615,dummy-gplsvxuu,NA,NA,NA,NA,NA,NA,NA,NA
0.03755687230163813,0.01868929177496804,dummy-gpzvf4d7,NA,NA,NA,NA,NA,NA,NA,NA
0.01797006211990452,0.01756715320200974,dummy-gq06tsjv,NA,NA,NA,NA,NA,NA,NA,NA
0.0762005982190147,0.07369485021359821,dummy-gq2pzg5j,NA,NA,NA,NA,NA,NA,NA,NA
0.00215960422622634,0.01455043440742241,dummy-gqchbl2b,NA,NA,NA,NA,NA,NA,NA,NA
0.10712746326331744,0.05481322733860907,dummy-gqkb3qoz,NA,NA,NA,NA,NA,NA,NA,NA
0.25149969025208574,0.08815150213634869,dummy-gqp6sp7v,NA,NA,NA,NA,NA,NA,NA,NA
0.00301689079123005,0.01180500056734719,dummy-gqrgrjry,NA,NA,NA,NA,NA,NA,NA,NA
0.02441055169279425,0.02852673332671701,dummy-gqtnusp7,NA,NA,NA,NA,NA,NA,NA,NA
0.2713021113972386,0.04633758189985364,dummy-gr085ntz,NA,NA,NA,NA,NA,NA,NA,NA
0.04721462649662317,0.03137968314674217,dummy-gs50byu2,NA,NA,NA,NA,NA,NA,NA,NA
0.05691290882017798,0.03961401654660668,dummy-gsjc0rw4,NA,NA,NA,NA,NA,NA,NA,NA
0.02979521960715603,0.03454444118033767,dummy-gsoocrrb,NA,NA,NA,NA,NA,NA,NA,NA
0.15492429360704824,0.04013368182882358,dummy-gt4h9ffo,NA,NA,NA,NA,NA,NA,NA,NA
0.12810052365930985,0.06874702819256855,dummy-gt9b6iis,NA,NA,NA,NA,NA,NA,NA,NA
0.06412415160674484,0.01448874885723216,dummy-gta117hp,NA,NA,NA,NA,NA,NA,NA,NA
0.03455411347165466,0.04724949105009756,dummy-gtbmu2e1,NA,NA,NA,NA,NA,NA,NA,NA
0.07917589249417228,0.06724617444340614,dummy-gtc0ituk,NA,NA,NA,NA,NA,NA,NA,NA
0.01669193729115996,0.03280456247210552,dummy-gtwqqr1a,NA,NA,NA,NA,NA,NA,NA,NA
0.08312909740260424,0.05359069254949163,dummy-gu0kjaf6,NA,NA,NA,NA,NA,NA,NA,NA
0.0618712494182711,0.03616574585392239,dummy-gueppus2,NA,NA,NA,NA,NA,NA,NA,NA
0.23044657575160865,0.07327822598842963,dummy-gurccgku,NA,NA,NA,NA,NA,NA,NA,NA
0.02643171258918443,0.02365382738101795,dummy-gv0bxftt,NA,NA,NA,NA,NA,NA,NA,NA
0.00440113119448162,0.01235145184561749,dummy-gve3c8q4,NA,NA,NA,NA,NA,NA,NA,NA
0.09654055304669476,0.06720400605458825,dummy-gvf8c8nw,NA,NA,NA,NA,NA,NA,NA,NA
0.138819849252915,0.02919122260415845,dummy-gvfwtq4a,NA,NA,NA,NA,NA,NA,NA,NA
0.03287091739574221,0.04739834408023171,dummy-gvjnnf8r,NA,NA,NA,NA,NA,NA,NA,NA
0.03625711442781404,0.06151130327012896,dummy-gvmlxnkt,NA,NA,NA,NA,NA,NA,NA,NA
0.13886668001640548,0.04773679267850614,dummy-gvycqf9d,NA,NA,NA,NA,NA,NA,NA,NA
0.03218431133514615,0.0341507141251831,dummy-gwb6ee68,NA,NA,NA,NA,NA,NA,NA,NA
0.08037218789368844,0.08847391154386752,dummy-gwkrsrpq,NA,NA,NA,NA,NA,NA,NA,NA
0.01203362740224572,0.02629767255388887,dummy-gwqhkf4u,NA,NA,NA,NA,NA,NA,NA,NA
0.00700175523476098,0.02014709961036499,dummy-gx1dngw4,NA,NA,NA,NA,NA,NA,NA,NA
0.0322499716398699,0.03982361633591529,dummy-gxg8bud4,NA,NA,NA,NA,NA,NA,NA,NA
0.02112091299548445,0.01747872294286142,dummy-gxgckusm,NA,NA,NA,NA,NA,NA,NA,NA
0.05139108316907528,0.05360934155155676,dummy-gy4s9cp3,NA,NA,NA,NA,NA,NA,NA,NA
0.0568233227997726,0.03551542537083502,dummy-gyg1ze01,NA,NA,NA,NA,NA,NA,NA,NA
0.20432096580522607,0.10875592281454104,dummy-gygktno4,NA,NA,NA,NA,NA,NA,NA,NA
0.0547981927673698,0.03130606634370208,dummy-gyn3jil1,NA,NA,NA,NA,NA,NA,NA,NA
0.02795361813796596,0.03270454888790031,dummy-gzpph27y,NA,NA,NA,NA,NA,NA,NA,NA
0.03915356729948258,0.0496574148938169,dummy-h07l3toj,NA,NA,NA,NA,NA,NA,NA,NA
0.08805519462325116,0.05028669083610273,dummy-h1slzupd,NA,NA,NA,NA,NA,NA,NA,NA
0.00962868982851019,0.02434374158137908,dummy-h2q926mh,NA,NA,NA,NA,NA,NA,NA,NA
0.06496765589376156,0.0312145237038122,dummy-h304pzpj,NA,NA,NA,NA,NA,NA,NA,NA
0.05911856553793378,0.03130643798299155,dummy-h345l9hd,NA,NA,NA,NA,NA,NA,NA,NA
0.12481715700167138,0.07846883581950144,dummy-h39ctz9e,NA,NA,NA,NA,NA,NA,NA,NA
0.21411692066515908,0.06760680576044667,dummy-h3h8rlai,NA,NA,NA,NA,NA,NA,NA,NA
0.0078280690450306,0.01334939455072268,dummy-h3vo3szk,NA,NA,NA,NA,NA,NA,NA,NA
0.06782215643595399,0.07200668908959443,dummy-h4kavi8t,NA,NA,NA,NA,NA,NA,NA,NA
0.10677833637146246,0.06257302022852154,dummy-h4s8cqhh,NA,NA,NA,NA,NA,NA,NA,NA
5.0697556012730125,0.06811807127931965,dummy-h4wmzpqr,NA,NA,NA,NA,NA,NA,NA,NA
0.02152264076525869,0.03563513891721649,dummy-h54khv15,NA,NA,NA,NA,NA,NA,NA,NA
0.03194708861899034,0.03777141867998439,dummy-h5ifodsk,NA,NA,NA,NA,NA,NA,NA,NA
0.04189145208259054,0.0399870036217206,dummy-h61ik87s,NA,NA,NA,NA,NA,NA,NA,NA
0.01443061275868456,0.02823968563751306,dummy-h6muzouk,NA,NA,NA,NA,NA,NA,NA,NA
0.05535330852001324,0.03793469466111174,dummy-h6phct58,NA,NA,NA,NA,NA,NA,NA,NA
0.04077964770079281,0.04321772699847229,dummy-h73wjg5n,NA,NA,NA,NA,NA,NA,NA,NA
0.01245526250394753,0.03347035407017719,dummy-h7ny8s8t,NA,NA,NA,NA,NA,NA,NA,NA
0.0042959498468291,0.01579899267917801,dummy-h7wmkgd0,NA,NA,NA,NA,NA,NA,NA,NA
0.01819548671085524,0.03248279933072997,dummy-h833asra,NA,NA,NA,NA,NA,NA,NA,NA
0.04805889367544679,0.05332258127220422,dummy-h8961ifw,NA,NA,NA,NA,NA,NA,NA,NA
0.06238972888257185,0.0297875928720952,dummy-h8g4kf1t,NA,NA,NA,NA,NA,NA,NA,NA
0.05542584897081919,0.01963126899905184,dummy-h90vdoj2,NA,NA,NA,NA,NA,NA,NA,NA
0.8304638418284874,0.05850996031356496,dummy-h97tallh,NA,NA,NA,NA,NA,NA,NA,NA
0.01203362740224572,0.02629767255388887,dummy-h98mjm4c,NA,NA,NA,NA,NA,NA,NA,NA
0.04566737106279132,0.05117672354868243,dummy-h9f0q51n,NA,NA,NA,NA,NA,NA,NA,NA
0.1918758295322789,0.03583091518187306,dummy-h9q76nlj,NA,NA,NA,NA,NA,NA,NA,NA
0.11745063909693676,0.07277117935318289,dummy-h9qj3y8h,NA,NA,NA,NA,NA,NA,NA,NA
0.16550035726839937,0.05515675724303789,dummy-h9x6wg94,NA,NA,NA,NA,NA,NA,NA,NA
0.00234343925308654,0.01149450168520925,dummy-ha0sp2bo,NA,NA,NA,NA,NA,NA,NA,NA
0.05376289626612859,0.04009655608415604,dummy-hae81wce,NA,NA,NA,NA,NA,NA,NA,NA
0.0165019800600836,0.03574924361902956,dummy-hajby607,NA,NA,NA,NA,NA,NA,NA,NA
0.02225161213589821,0.02997962697232017,dummy-hatiosgu,NA,NA,NA,NA,NA,NA,NA,NA
0.08379926090625023,0.0383022171359717,dummy-hawupb3k,NA,NA,NA,NA,NA,NA,NA,NA
0.10939934775558165,0.05669674671842888,dummy-hax87o30,NA,NA,NA,NA,NA,NA,NA,NA
0.29004241752856585,0.09050585047271598,dummy-haxns26b,NA,NA,NA,NA,NA,NA,NA,NA
0.14999741837965577,0.01915357180544489,dummy-hba2q3y5,NA,NA,NA,NA,NA,NA,NA,NA
0.0031739128842939,0.01232304905111124,dummy-hbazhp9x,NA,NA,NA,NA,NA,NA,NA,NA
0.01660996453863344,0.02871700260221152,dummy-hc3r1285,NA,NA,NA,NA,NA,NA,NA,NA
0.02281044043994619,0.01621341940053623,dummy-hc7w5ri8,NA,NA,NA,NA,NA,NA,NA,NA
0.06544256207029496,0.07634820473441259,dummy-hcjtag6z,NA,NA,NA,NA,NA,NA,NA,NA
0.1466722230117422,0.01778260103523251,dummy-hcotmhuj,NA,NA,NA,NA,NA,NA,NA,NA
0.01173532655043942,0.02861995424753871,dummy-hdc3bv7k,NA,NA,NA,NA,NA,NA,NA,NA
0.03210693891018902,0.03867474040393274,dummy-hdgtynmr,NA,NA,NA,NA,NA,NA,NA,NA
0.03057407136200209,0.02125073600176904,dummy-hdm5hmo0,NA,NA,NA,NA,NA,NA,NA,NA
0.02090167399692515,0.04681666483902611,dummy-he22gd8x,NA,NA,NA,NA,NA,NA,NA,NA
0.08508176267209283,0.042523088371743,dummy-he738fkf,NA,NA,NA,NA,NA,NA,NA,NA
0.07833012741853995,0.07663479732948988,dummy-hedjtczm,NA,NA,NA,NA,NA,NA,NA,NA
0.13857570805084382,0.08016359255520243,dummy-hekcrmob,NA,NA,NA,NA,NA,NA,NA,NA
0.07205602952724227,0.05533970880100741,dummy-henfdbuh,NA,NA,NA,NA,NA,NA,NA,NA
0.03890864363526004,0.04702002190195387,dummy-heq9cgif,NA,NA,NA,NA,NA,NA,NA,NA
0.04016905824214679,0.03880047930898032,dummy-heqse7mm,NA,NA,NA,NA,NA,NA,NA,NA
0.12117774275920264,0.03065112731080042,dummy-hesv4w0b,NA,NA,NA,NA,NA,NA,NA,NA
0.03610402375471722,0.04811560199510284,dummy-hf1mmlxw,NA,NA,NA,NA,NA,NA,NA,NA
0.16500178069655308,0.04002904984904765,dummy-hf4kmwdr,NA,NA,NA,NA,NA,NA,NA,NA
0.02824420027466921,0.04397258250778748,dummy-hf6v42ru,NA,NA,NA,NA,NA,NA,NA,NA
0.0467343692061041,0.03460938452514326,dummy-hf8qku4o,NA,NA,NA,NA,NA,NA,NA,NA
0.06512404872604112,0.01920896336291414,dummy-hfugy8z1,NA,NA,NA,NA,NA,NA,NA,NA
0.08597472885343803,0.02703802434646152,dummy-hg1548l0,NA,NA,NA,NA,NA,NA,NA,NA
0.18846859001113564,0.03605089249263808,dummy-hh08vj51,NA,NA,NA,NA,NA,NA,NA,NA
0.00901708462483194,0.01456312353357512,dummy-hh0i36vm,NA,NA,NA,NA,NA,NA,NA,NA
0.08802636669001072,0.03867087989126796,dummy-hh4vhcoi,NA,NA,NA,NA,NA,NA,NA,NA
0.00866428881710852,0.01476637900115621,dummy-hh9hlpyl,NA,NA,NA,NA,NA,NA,NA,NA
0.18826041037082863,0.05252280886216254,dummy-hh9ofudq,NA,NA,NA,NA,NA,NA,NA,NA
0.03710443049205095,0.04444485809334615,dummy-hi77glwa,NA,NA,NA,NA,NA,NA,NA,NA
0.08323221535513227,0.05532781550682369,dummy-hi866jls,NA,NA,NA,NA,NA,NA,NA,NA
0.00562203288557248,0.01451331682458642,dummy-hil7giel,NA,NA,NA,NA,NA,NA,NA,NA
0.04095485392982899,0.03840807705705446,dummy-himchv4v,NA,NA,NA,NA,NA,NA,NA,NA
0.01119883266768884,0.03414741685374874,dummy-his8znqh,NA,NA,NA,NA,NA,NA,NA,NA
0.02657993602587152,0.04238317133625023,dummy-hixsms62,NA,NA,NA,NA,NA,NA,NA,NA
0.02251540319335242,0.03554820463180772,dummy-hjrc1w55,NA,NA,NA,NA,NA,NA,NA,NA
0.03880078803504773,0.03062562894515086,dummy-hjv38z3x,NA,NA,NA,NA,NA,NA,NA,NA
0.01610633695163825,0.01466406292305996,dummy-hjvwao11,NA,NA,NA,NA,NA,NA,NA,NA
0.02995519642894226,0.02984291417205385,dummy-hk5nalj0,NA,NA,NA,NA,NA,NA,NA,NA
0.00327515910577037,0.01538543455421281,dummy-hkb3olxp,NA,NA,NA,NA,NA,NA,NA,NA
0.00925297702007887,0.01452171307875811,dummy-hkgquc21,NA,NA,NA,NA,NA,NA,NA,NA
0.00658832086821659,0.01386812183431338,dummy-hko6xv47,NA,NA,NA,NA,NA,NA,NA,NA
0.01414376632980722,0.03050562071547218,dummy-hkocrfxw,NA,NA,NA,NA,NA,NA,NA,NA
0.07589590714715669,0.1015553187857315,dummy-hkoi14xn,NA,NA,NA,NA,NA,NA,NA,NA
0.07367024049743734,0.04726123295086379,dummy-hlfs5al3,NA,NA,NA,NA,NA,NA,NA,NA
0.02171602670102749,0.03075234230863054,dummy-hltrwxkh,NA,NA,NA,NA,NA,NA,NA,NA
0.05439846037606924,0.01922027584827475,dummy-hlzkcrvq,NA,NA,NA,NA,NA,NA,NA,NA
0.0122787337994371,0.02507149370261861,dummy-hm641ebf,NA,NA,NA,NA,NA,NA,NA,NA
0.04214839189728398,0.05677971192088883,dummy-hm8r1u1y,NA,NA,NA,NA,NA,NA,NA,NA
0.04349535518586556,0.03601435738153651,dummy-hmbucax4,NA,NA,NA,NA,NA,NA,NA,NA
0.1384460978711451,0.03819614046514612,dummy-hmd8t6zi,NA,NA,NA,NA,NA,NA,NA,NA
0.02170593940930805,0.04703287070952205,dummy-hnk8feae,NA,NA,NA,NA,NA,NA,NA,NA
0.01228110033174238,0.02564270713621073,dummy-hnpj5jxr,NA,NA,NA,NA,NA,NA,NA,NA
0.01977227405321537,0.02231631023347049,dummy-hokj9rds,NA,NA,NA,NA,NA,NA,NA,NA
0.25258623364259813,0.06361243953981138,dummy-horj1dn2,NA,NA,NA,NA,NA,NA,NA,NA
0.0440818418818775,0.01586530318845957,dummy-hovei3r5,NA,NA,NA,NA,NA,NA,NA,NA
0.01451146315278777,0.03721497565073951,dummy-hovvsdki,NA,NA,NA,NA,NA,NA,NA,NA
0.05130054990984375,0.05337737810440345,dummy-hpbqvk17,NA,NA,NA,NA,NA,NA,NA,NA
0.08747506690611286,0.04505883243743831,dummy-hpbrw39b,NA,NA,NA,NA,NA,NA,NA,NA
0.02111809169783169,0.02077196911956195,dummy-hpe62a9e,NA,NA,NA,NA,NA,NA,NA,NA
1.202680059966857,0.04295550791711212,dummy-hpfycfxu,NA,NA,NA,NA,NA,NA,NA,NA
0.00922677784526469,0.02827170325908714,dummy-hplony2o,NA,NA,NA,NA,NA,NA,NA,NA
0.1050305950228466,0.02143371393304757,dummy-hpvq4luo,NA,NA,NA,NA,NA,NA,NA,NA
0.07217883701938298,0.07984274448849768,dummy-hq6q1ajx,NA,NA,NA,NA,NA,NA,NA,NA
0.23679367349201572,0.12390543979901011,dummy-hr7yrhji,NA,NA,NA,NA,NA,NA,NA,NA
0.1503341748108022,0.03236980003608827,dummy-hrmoei1r,NA,NA,NA,NA,NA,NA,NA,NA
0.02193150155627286,0.01759971258192858,dummy-hs50xm0x,NA,NA,NA,NA,NA,NA,NA,NA
0.09471137071176398,0.09237593592741984,dummy-hs93pcpp,NA,NA,NA,NA,NA,NA,NA,NA
0.01534086197278281,0.03199522278915646,dummy-hsiuqs2j,NA,NA,NA,NA,NA,NA,NA,NA
0.02741185819627932,0.03951774835506284,dummy-htiw5njl,NA,NA,NA,NA,NA,NA,NA,NA
0.10836348818514828,0.06772984143661269,dummy-huxxa8eq,NA,NA,NA,NA,NA,NA,NA,NA
0.10448503929828304,0.10490805909316991,dummy-huytrgbt,NA,NA,NA,NA,NA,NA,NA,NA
0.04105816564577869,0.05119439806687452,dummy-huzlq5rc,NA,NA,NA,NA,NA,NA,NA,NA
0.07048711504158323,0.06101679043112947,dummy-hv3xe91e,NA,NA,NA,NA,NA,NA,NA,NA
0.1433013096586224,0.07098572752869226,dummy-hv5flj5b,NA,NA,NA,NA,NA,NA,NA,NA
0.15438213088524896,0.05167382544152046,dummy-hvaqi1kh,NA,NA,NA,NA,NA,NA,NA,NA
0.1274808432580916,0.04922674916034271,dummy-hvaucz7m,NA,NA,NA,NA,NA,NA,NA,NA
0.10652774951854228,0.05596582475052045,dummy-hvqyf65v,NA,NA,NA,NA,NA,NA,NA,NA
0.18484756380143952,0.08921250222847762,dummy-hwhr6ogo,NA,NA,NA,NA,NA,NA,NA,NA
0.396799619311941,0.04959342904385632,dummy-hwrueoll,NA,NA,NA,NA,NA,NA,NA,NA
0.09568019814429785,0.04627503983228376,dummy-hwyryyuc,NA,NA,NA,NA,NA,NA,NA,NA
0.00527315038953225,0.02049592361891444,dummy-hxcp7cb5,NA,NA,NA,NA,NA,NA,NA,NA
0.02738374780452126,0.0274466903738377,dummy-hxgzvc4d,NA,NA,NA,NA,NA,NA,NA,NA
0.02077555005552632,0.04689747549236429,dummy-hxpedbtf,NA,NA,NA,NA,NA,NA,NA,NA
0.05827151088999019,0.06380156859892008,dummy-hy8ez6qu,NA,NA,NA,NA,NA,NA,NA,NA
1.4687771659669686,0.06671766375631516,dummy-hygxwfnc,NA,NA,NA,NA,NA,NA,NA,NA
0.0112610748375601,0.02668565279610503,dummy-hyiyy1x0,NA,NA,NA,NA,NA,NA,NA,NA
0.11876305851662458,0.02907060007489281,dummy-hynm8xan,NA,NA,NA,NA,NA,NA,NA,NA
0.04569542207988662,0.04981772954303914,dummy-hyr6d43z,NA,NA,NA,NA,NA,NA,NA,NA
0.13972149103166498,0.04794982008724188,dummy-hywqhvd3,NA,NA,NA,NA,NA,NA,NA,NA
0.18477152006024117,0.07004002858376708,dummy-hzbrdpuu,NA,NA,NA,NA,NA,NA,NA,NA
0.00370694786629089,0.01704751166376019,dummy-hzka68jb,NA,NA,NA,NA,NA,NA,NA,NA
0.04792771473692632,0.04760882137129525,dummy-hzxxdk7k,NA,NA,NA,NA,NA,NA,NA,NA
0.2369840843091252,0.07047489177113382,dummy-hzyz2vcl,NA,NA,NA,NA,NA,NA,NA,NA
0.01269349623276292,0.03754887139474191,dummy-i00jatrj,NA,NA,NA,NA,NA,NA,NA,NA
0.12487162964005856,0.05534373414625829,dummy-i0a75jmp,NA,NA,NA,NA,NA,NA,NA,NA
0.0231727998779931,0.0428845676147143,dummy-i0ak4f10,NA,NA,NA,NA,NA,NA,NA,NA
0.08384580713732465,0.07746461457896085,dummy-i0gjd1o1,NA,NA,NA,NA,NA,NA,NA,NA
0.06721611967420331,0.01603871808174539,dummy-i0x2yppm,NA,NA,NA,NA,NA,NA,NA,NA
0.0165565694324514,0.05067220625872024,dummy-i0zazqcv,NA,NA,NA,NA,NA,NA,NA,NA
0.00978444870853358,0.01801266211047748,dummy-i12mhztf,NA,NA,NA,NA,NA,NA,NA,NA
0.04321317444280987,0.02947660690233879,dummy-i1wzz2a4,NA,NA,NA,NA,NA,NA,NA,NA
0.02391639959223681,0.04164828732619388,dummy-i1xngado,NA,NA,NA,NA,NA,NA,NA,NA
0.06789887740089329,0.05212097047651466,dummy-i1xozqhy,NA,NA,NA,NA,NA,NA,NA,NA
0.07992293355413885,0.06568476812002257,dummy-i21h67co,NA,NA,NA,NA,NA,NA,NA,NA
0.02787478914358998,0.01676003522317936,dummy-i25zta5z,NA,NA,NA,NA,NA,NA,NA,NA
0.05986793899526919,0.04136928361019486,dummy-i2gkzf6d,NA,NA,NA,NA,NA,NA,NA,NA
0.0322499716398699,0.03982361633591529,dummy-i2ne022e,NA,NA,NA,NA,NA,NA,NA,NA
0.02770097251829542,0.01661008867713005,dummy-i2qavtzv,NA,NA,NA,NA,NA,NA,NA,NA
0.1258701915756218,0.06248102071122537,dummy-i2rza5gt,NA,NA,NA,NA,NA,NA,NA,NA
0.0182614512620112,0.03516917423563256,dummy-i2tge1v4,NA,NA,NA,NA,NA,NA,NA,NA
0.05959657914551222,0.05515318642871538,dummy-i3gv2ysk,NA,NA,NA,NA,NA,NA,NA,NA
0.07956602134672734,0.0744317866684293,dummy-i3r5xrxb,NA,NA,NA,NA,NA,NA,NA,NA
0.06470657803271493,0.03648766864064626,dummy-i4pu47e8,NA,NA,NA,NA,NA,NA,NA,NA
0.00427636565583583,0.0204431757177237,dummy-i4qrxgzh,NA,NA,NA,NA,NA,NA,NA,NA
0.14158687986808463,0.01570307758105646,dummy-i4vc0eib,NA,NA,NA,NA,NA,NA,NA,NA
0.00320379523319385,0.01412399181920081,dummy-i4wtk5dq,NA,NA,NA,NA,NA,NA,NA,NA
0.02781256219906295,0.01659362773315657,dummy-i53hwsiy,NA,NA,NA,NA,NA,NA,NA,NA
0.01207671141191772,0.02526961156377899,dummy-i53uo4gd,NA,NA,NA,NA,NA,NA,NA,NA
0.07956602134672734,0.0744317866684293,dummy-i5d0irya,NA,NA,NA,NA,NA,NA,NA,NA
0.45453568839329395,0.04598958936808357,dummy-i5j3wtpt,NA,NA,NA,NA,NA,NA,NA,NA
0.0858591186400542,0.04293201693114969,dummy-i5tgrfm3,NA,NA,NA,NA,NA,NA,NA,NA
0.14876478288828804,0.05492110147618376,dummy-i65ohqkn,NA,NA,NA,NA,NA,NA,NA,NA
0.08447864127521569,0.07637260114888848,dummy-i6a0vuz0,NA,NA,NA,NA,NA,NA,NA,NA
0.20432096580522607,0.10875592281454104,dummy-i6be4p8u,NA,NA,NA,NA,NA,NA,NA,NA
0.02310707384235986,0.03032242669902692,dummy-i78bweuh,NA,NA,NA,NA,NA,NA,NA,NA
0.02737976991653395,0.01620663452986301,dummy-i7cpwaxx,NA,NA,NA,NA,NA,NA,NA,NA
0.10807861302301604,0.05609901767069984,dummy-i7yt4p3l,NA,NA,NA,NA,NA,NA,NA,NA
0.1926589620064164,0.04741317124360246,dummy-i814wjxv,NA,NA,NA,NA,NA,NA,NA,NA
0.13192825684663714,0.01501958436121334,dummy-i82w258k,NA,NA,NA,NA,NA,NA,NA,NA
0.00868449949883541,0.01547869187089408,dummy-i873bi4x,NA,NA,NA,NA,NA,NA,NA,NA
0.11016191744196754,0.06087741467463471,dummy-i883ksng,NA,NA,NA,NA,NA,NA,NA,NA
0.08160574284239193,0.09633482716151548,dummy-i8c2liwv,NA,NA,NA,NA,NA,NA,NA,NA
0.0179280581812218,0.01808439857649365,dummy-i8i02xn5,NA,NA,NA,NA,NA,NA,NA,NA
0.06972620846294872,0.07832263023459585,dummy-i8t94ku5,NA,NA,NA,NA,NA,NA,NA,NA
0.10315687827713724,0.01620594835475061,dummy-i92y4ja6,NA,NA,NA,NA,NA,NA,NA,NA
0.0332709750882697,0.04176860212728092,dummy-i9a2t0fx,NA,NA,NA,NA,NA,NA,NA,NA
0.00296575271784762,0.01193001473638454,dummy-i9h01hhb,NA,NA,NA,NA,NA,NA,NA,NA
0.059490689839639,0.03134496888305622,dummy-i9w4moz1,NA,NA,NA,NA,NA,NA,NA,NA
0.0152512667378588,0.01375859690729241,dummy-i9xfs6rx,NA,NA,NA,NA,NA,NA,NA,NA
0.11727812431460508,0.04155773568149968,dummy-ia5hta1k,NA,NA,NA,NA,NA,NA,NA,NA
0.0032159559065241,0.01533383220559817,dummy-iaubjh4r,NA,NA,NA,NA,NA,NA,NA,NA
0.3723289112259258,0.05157984101453857,dummy-iawkat17,NA,NA,NA,NA,NA,NA,NA,NA
0.08415660697144751,0.06050403297078325,dummy-ibh5pp54,NA,NA,NA,NA,NA,NA,NA,NA
0.03158918229396183,0.03130107890641892,dummy-ibri0epp,NA,NA,NA,NA,NA,NA,NA,NA
0.0421916793232994,0.03736201688659713,dummy-ico9or2o,NA,NA,NA,NA,NA,NA,NA,NA
0.26578818342449434,0.07428866291010916,dummy-icu3xf0w,NA,NA,NA,NA,NA,NA,NA,NA
0.1015935371418972,0.05487106177651298,dummy-icw0mx1p,NA,NA,NA,NA,NA,NA,NA,NA
0.5658504037480913,0.10360747618732258,dummy-id5175ju,NA,NA,NA,NA,NA,NA,NA,NA
0.06703258164638447,0.04757771972217937,dummy-idivvqoc,NA,NA,NA,NA,NA,NA,NA,NA
0.10979137441894966,0.07527700019842264,dummy-idrab37t,NA,NA,NA,NA,NA,NA,NA,NA
0.06119647139447456,0.05992102747176729,dummy-ie9hq5h8,NA,NA,NA,NA,NA,NA,NA,NA
0.00807646560674615,0.02639313886905384,dummy-ieiym9gf,NA,NA,NA,NA,NA,NA,NA,NA
0.02972592495303336,0.02978919275986115,dummy-ieljnyqh,NA,NA,NA,NA,NA,NA,NA,NA
0.13272765708964704,0.06234994576406858,dummy-if3gn0v9,NA,NA,NA,NA,NA,NA,NA,NA
0.06951614176480089,0.0367911756950548,dummy-if8m46pt,NA,NA,NA,NA,NA,NA,NA,NA
0.13091353212563842,0.06389306505947458,dummy-ifp5uwo1,NA,NA,NA,NA,NA,NA,NA,NA
0.26723167407863146,0.06601014795049912,dummy-ifr2u0bi,NA,NA,NA,NA,NA,NA,NA,NA
0.05698363254066809,0.05561533839915224,dummy-ift86k55,NA,NA,NA,NA,NA,NA,NA,NA
0.0352333100562506,0.03218375398138759,dummy-ifueq2cq,NA,NA,NA,NA,NA,NA,NA,NA
0.02703911907638774,0.03456813687881491,dummy-ig0qwuo0,NA,NA,NA,NA,NA,NA,NA,NA
0.07935442462923353,0.07107880884965834,dummy-ighy31ye,NA,NA,NA,NA,NA,NA,NA,NA
0.15475495392379884,0.10142125298765436,dummy-igorgxep,NA,NA,NA,NA,NA,NA,NA,NA
0.05056155803643824,0.05743514994976649,dummy-igyu43fc,NA,NA,NA,NA,NA,NA,NA,NA
0.01851882373070351,0.0219881244953045,dummy-ih6p5cyi,NA,NA,NA,NA,NA,NA,NA,NA
0.09989096535167266,0.07559789316678762,dummy-ihh2b209,NA,NA,NA,NA,NA,NA,NA,NA
0.00301689079123005,0.01180500056734719,dummy-ihlc2fsh,NA,NA,NA,NA,NA,NA,NA,NA
0.05579073150882337,0.04732922263652613,dummy-ihlybloe,NA,NA,NA,NA,NA,NA,NA,NA
0.01779943546171696,0.03866484412556544,dummy-ihvcqzdi,NA,NA,NA,NA,NA,NA,NA,NA
0.02084507544057641,0.03273305655150647,dummy-ihz7kj4k,NA,NA,NA,NA,NA,NA,NA,NA
0.04502503356352601,0.036598409300783,dummy-ii3j0773,NA,NA,NA,NA,NA,NA,NA,NA
0.3060686128281317,0.07662224503003476,dummy-ii6q2vct,NA,NA,NA,NA,NA,NA,NA,NA
0.23965173208171733,0.05887395800917355,dummy-ijdcwq68,NA,NA,NA,NA,NA,NA,NA,NA
0.08274381851995663,0.02612130313385751,dummy-ijfxmusn,NA,NA,NA,NA,NA,NA,NA,NA
0.00998908243021902,0.03109146461723381,dummy-ijlju1ok,NA,NA,NA,NA,NA,NA,NA,NA
0.02225161213589821,0.02997962697232017,dummy-ijmplyx3,NA,NA,NA,NA,NA,NA,NA,NA
0.02271445919385409,0.04152531882247692,dummy-ijppuhzq,NA,NA,NA,NA,NA,NA,NA,NA
0.05857524362737402,0.06105782429553914,dummy-ijscm41j,NA,NA,NA,NA,NA,NA,NA,NA
0.0112761148900593,0.02889600054000538,dummy-ijvlnhg2,NA,NA,NA,NA,NA,NA,NA,NA
0.00336067830322808,0.01247208791749444,dummy-ik66xd90,NA,NA,NA,NA,NA,NA,NA,NA
0.01263731076216191,0.0158951300202914,dummy-ikaz0d6d,NA,NA,NA,NA,NA,NA,NA,NA
0.0403798920115722,0.04500105602052451,dummy-iklqjusq,NA,NA,NA,NA,NA,NA,NA,NA
0.25529419569841233,0.05751334101983782,dummy-iksu3f3g,NA,NA,NA,NA,NA,NA,NA,NA
0.06754708433467994,0.05939270099090271,dummy-ikwq0odn,NA,NA,NA,NA,NA,NA,NA,NA
0.02705310781068398,0.04571742441871838,dummy-il0a670g,NA,NA,NA,NA,NA,NA,NA,NA
0.04717781067468134,0.03862840159645196,dummy-il5v6wzn,NA,NA,NA,NA,NA,NA,NA,NA
0.09185950619781752,0.0777330168842454,dummy-ilagucs1,NA,NA,NA,NA,NA,NA,NA,NA
0.09437246962968118,0.06414451053050585,dummy-im57ki6x,NA,NA,NA,NA,NA,NA,NA,NA
0.02705961796628718,0.02159710550762604,dummy-imbjb71m,NA,NA,NA,NA,NA,NA,NA,NA
0.02721254658740112,0.03843228514579663,dummy-imv2ro8z,NA,NA,NA,NA,NA,NA,NA,NA
0.22263715457483405,0.12044979106034158,dummy-in6nef1j,NA,NA,NA,NA,NA,NA,NA,NA
0.06006101223166048,0.06205259345337972,dummy-inb64x4z,NA,NA,NA,NA,NA,NA,NA,NA
0.11490354492955396,0.06399161131429097,dummy-inge0m2m,NA,NA,NA,NA,NA,NA,NA,NA
0.02788933757346937,0.03433189418194918,dummy-inh2e2yx,NA,NA,NA,NA,NA,NA,NA,NA
0.00226202657895661,0.01323502639084453,dummy-inialial,NA,NA,NA,NA,NA,NA,NA,NA
0.06593736208003405,0.07773354940686987,dummy-io0u0en8,NA,NA,NA,NA,NA,NA,NA,NA
0.15492429360704824,0.04013368182882358,dummy-io4tkysj,NA,NA,NA,NA,NA,NA,NA,NA
0.0032159559065241,0.01533383220559817,dummy-iocl08s5,NA,NA,NA,NA,NA,NA,NA,NA
0.07300265740294143,0.03178817102289006,dummy-iodtjjhb,NA,NA,NA,NA,NA,NA,NA,NA
0.11468158712857976,0.03086290015775166,dummy-iol6o2v8,NA,NA,NA,NA,NA,NA,NA,NA
0.06851637909454665,0.06946996939490169,dummy-iolh6m25,NA,NA,NA,NA,NA,NA,NA,NA
0.09371726999178157,0.06304807902406699,dummy-ioq2o89a,NA,NA,NA,NA,NA,NA,NA,NA
0.02271632899432115,0.04671830885672384,dummy-ipa3k26i,NA,NA,NA,NA,NA,NA,NA,NA
0.09360427030567954,0.03107870208841936,dummy-ipe66zeg,NA,NA,NA,NA,NA,NA,NA,NA
0.09454943250725864,0.06897511637699087,dummy-ipuzjb9g,NA,NA,NA,NA,NA,NA,NA,NA
0.0909263501148284,0.0429661704710252,dummy-iqjsgecn,NA,NA,NA,NA,NA,NA,NA,NA
0.05705843286651601,0.02988075042829098,dummy-iqkijvoh,NA,NA,NA,NA,NA,NA,NA,NA
0.05788045401162246,0.03619350021308292,dummy-iqtd469f,NA,NA,NA,NA,NA,NA,NA,NA
0.10533244013764125,0.05195303532236941,dummy-iqypdu7a,NA,NA,NA,NA,NA,NA,NA,NA
0.01426849398204573,0.03018445995738674,dummy-iqzgupul,NA,NA,NA,NA,NA,NA,NA,NA
0.1384706006622485,0.03243399696761658,dummy-ir01v5al,NA,NA,NA,NA,NA,NA,NA,NA
0.05907455852566218,0.04038028595310244,dummy-irxwoea2,NA,NA,NA,NA,NA,NA,NA,NA
0.06194793454913778,0.04720076095856714,dummy-isefym5d,NA,NA,NA,NA,NA,NA,NA,NA
0.07410548247094174,0.07666246094706654,dummy-iseku9ul,NA,NA,NA,NA,NA,NA,NA,NA
0.07489056714574503,0.05473733505931028,dummy-isg3vm0m,NA,NA,NA,NA,NA,NA,NA,NA
0.17004207608284186,0.0804526038492931,dummy-ish0375v,NA,NA,NA,NA,NA,NA,NA,NA
0.01878795541874834,0.046422509808881,dummy-iss1468r,NA,NA,NA,NA,NA,NA,NA,NA
0.17582467249108838,0.04712494122302734,dummy-ites957y,NA,NA,NA,NA,NA,NA,NA,NA
0.1508936199366665,0.05614324389869712,dummy-iu81otn9,NA,NA,NA,NA,NA,NA,NA,NA
0.07094854312006244,0.0457983308757206,dummy-iu94b0qg,NA,NA,NA,NA,NA,NA,NA,NA
0.14833814167795267,0.05891081375662633,dummy-iuno5a4e,NA,NA,NA,NA,NA,NA,NA,NA
0.01380890581625056,0.02213313664741735,dummy-iup8rseq,NA,NA,NA,NA,NA,NA,NA,NA
0.06751070084539973,0.05137002674160799,dummy-iuydd13i,NA,NA,NA,NA,NA,NA,NA,NA
0.18888529325422124,0.04749495021117408,dummy-ivinn4tc,NA,NA,NA,NA,NA,NA,NA,NA
0.02883867599154601,0.03741495222038778,dummy-ivp5mv11,NA,NA,NA,NA,NA,NA,NA,NA
0.08057232224366574,0.05505854832157949,dummy-ivsgijqv,NA,NA,NA,NA,NA,NA,NA,NA
0.05472386679063318,0.03566961799399705,dummy-iw2bk0qi,NA,NA,NA,NA,NA,NA,NA,NA
0.04340991342980037,0.01630241435166965,dummy-iw41kqm4,NA,NA,NA,NA,NA,NA,NA,NA
0.23933401206675864,0.04000967963371536,dummy-iw5r16qx,NA,NA,NA,NA,NA,NA,NA,NA
0.17587611025040614,0.05887395760976457,dummy-iwc1vqof,NA,NA,NA,NA,NA,NA,NA,NA
0.00217485020377414,0.01461186943223443,dummy-iwdw3geu,NA,NA,NA,NA,NA,NA,NA,NA
0.03120516056372463,0.01540158699951797,dummy-iwj8yj0m,NA,NA,NA,NA,NA,NA,NA,NA
0.06372213190672088,0.04280180831655077,dummy-ix0j9m1l,NA,NA,NA,NA,NA,NA,NA,NA
0.08339257840811484,0.07129611674872337,dummy-ixs5nb5q,NA,NA,NA,NA,NA,NA,NA,NA
0.05473564781324591,0.05363524985809376,dummy-ixtik3ee,NA,NA,NA,NA,NA,NA,NA,NA
0.03474605827059639,0.01712711976146427,dummy-ixyesa47,NA,NA,NA,NA,NA,NA,NA,NA
0.07795926778921053,0.04286805904358674,dummy-iy2etwaq,NA,NA,NA,NA,NA,NA,NA,NA
0.08689057794467628,0.05644421796475158,dummy-iy7cyfw2,NA,NA,NA,NA,NA,NA,NA,NA
0.0798843986440605,0.05589796171397569,dummy-iydxb47w,NA,NA,NA,NA,NA,NA,NA,NA
0.1133935386390989,0.05234396867687209,dummy-iz6v89xj,NA,NA,NA,NA,NA,NA,NA,NA
0.07174196710072783,0.062541783755096,dummy-iz72qysm,NA,NA,NA,NA,NA,NA,NA,NA
0.0203579479935747,0.03699297864705468,dummy-izlyi89e,NA,NA,NA,NA,NA,NA,NA,NA
0.00467401609086639,0.01604027305871593,dummy-j00kwwzt,NA,NA,NA,NA,NA,NA,NA,NA
0.1030620767823849,0.05376529375170871,dummy-j0ac5gq1,NA,NA,NA,NA,NA,NA,NA,NA
0.02743308456397009,0.03606707859897086,dummy-j0ih7o6m,NA,NA,NA,NA,NA,NA,NA,NA
0.07043522743739146,0.0169722589794155,dummy-j0o4zjtu,NA,NA,NA,NA,NA,NA,NA,NA
0.05193253540764354,0.01995367539985249,dummy-j0pliu5x,NA,NA,NA,NA,NA,NA,NA,NA
0.00333051906628009,0.01448386419469778,dummy-j10qx7fd,NA,NA,NA,NA,NA,NA,NA,NA
0.0314996290044325,0.04205833612107784,dummy-j1alka84,NA,NA,NA,NA,NA,NA,NA,NA
0.00349377547167577,0.01333565742969351,dummy-j1pjepbt,NA,NA,NA,NA,NA,NA,NA,NA
0.40272929175731753,0.03367660109785237,dummy-j1wqwzby,NA,NA,NA,NA,NA,NA,NA,NA
0.01484980292259528,0.02582699689094761,dummy-j2f75ghm,NA,NA,NA,NA,NA,NA,NA,NA
0.00718627830900396,0.02387272127986847,dummy-j2tzz7xf,NA,NA,NA,NA,NA,NA,NA,NA
0.17559237829639637,0.02068643766338365,dummy-j312vyb3,NA,NA,NA,NA,NA,NA,NA,NA
0.0713437982395575,0.05359331652060644,dummy-j4kutftn,NA,NA,NA,NA,NA,NA,NA,NA
0.11872503753934607,0.03233313381275425,dummy-j4sd6nd4,NA,NA,NA,NA,NA,NA,NA,NA
0.11126116852714,0.0910609658450021,dummy-j4uhb47a,NA,NA,NA,NA,NA,NA,NA,NA
0.48998085858863,0.0588047928225676,dummy-j4xorups,NA,NA,NA,NA,NA,NA,NA,NA
0.17507263086256095,0.08089092745749138,dummy-j4yt2n0a,NA,NA,NA,NA,NA,NA,NA,NA
0.02171602670102749,0.03075234230863054,dummy-j5i36sp9,NA,NA,NA,NA,NA,NA,NA,NA
0.04062458029053594,0.05073305015357243,dummy-j60oax4v,NA,NA,NA,NA,NA,NA,NA,NA
0.02718291777226038,0.03535969351874755,dummy-j6ofz2gd,NA,NA,NA,NA,NA,NA,NA,NA
0.13873999045283758,0.03220281997392417,dummy-j6q6qikn,NA,NA,NA,NA,NA,NA,NA,NA
0.00683074055190769,0.01442452464062886,dummy-j701hl6r,NA,NA,NA,NA,NA,NA,NA,NA
0.11130070287909816,0.09106096567901414,dummy-j70i3ycp,NA,NA,NA,NA,NA,NA,NA,NA
0.0858680869798367,0.04902185374766382,dummy-j7e79e9h,NA,NA,NA,NA,NA,NA,NA,NA
0.00360753366595719,0.01576938146110594,dummy-j89kbmf4,NA,NA,NA,NA,NA,NA,NA,NA
0.01944433465719631,0.02597738472826379,dummy-j8gln010,NA,NA,NA,NA,NA,NA,NA,NA
0.1142791762606448,0.07422626277958111,dummy-j8hq0ai7,NA,NA,NA,NA,NA,NA,NA,NA
0.06119647139447456,0.05992102747176729,dummy-j8zmcl7q,NA,NA,NA,NA,NA,NA,NA,NA
0.11360617774430869,0.0773244221166554,dummy-j93zc78g,NA,NA,NA,NA,NA,NA,NA,NA
0.00884073187654045,0.01776047234298957,dummy-j9eczgex,NA,NA,NA,NA,NA,NA,NA,NA
0.06566658214809533,0.06047350178797107,dummy-ja44g2cv,NA,NA,NA,NA,NA,NA,NA,NA
0.01283498785159473,0.02566676682923453,dummy-jai3toim,NA,NA,NA,NA,NA,NA,NA,NA
0.00270577507924839,0.0117542038060683,dummy-jajkppxl,NA,NA,NA,NA,NA,NA,NA,NA
0.08839512182453144,0.05640854142912232,dummy-jakoc3wd,NA,NA,NA,NA,NA,NA,NA,NA
0.02457119762511608,0.04783822788224513,dummy-jaqwdur4,NA,NA,NA,NA,NA,NA,NA,NA
0.0361735895687468,0.03430751074863898,dummy-jar7ff0p,NA,NA,NA,NA,NA,NA,NA,NA
0.02779061945693979,0.04184150870034284,dummy-jauv7m5p,NA,NA,NA,NA,NA,NA,NA,NA
0.01417759421958207,0.0144899503855714,dummy-jbg3edr5,NA,NA,NA,NA,NA,NA,NA,NA
0.05344976683155652,0.06286258208311456,dummy-jbgzde79,NA,NA,NA,NA,NA,NA,NA,NA
0.03745953881019674,0.01626728081985666,dummy-jc12yxee,NA,NA,NA,NA,NA,NA,NA,NA
0.1983940757071536,0.07719433416190748,dummy-jcewp9j1,NA,NA,NA,NA,NA,NA,NA,NA
0.16750881471873943,0.05117659521392307,dummy-jcle70a8,NA,NA,NA,NA,NA,NA,NA,NA
0.26723167407863146,0.06601014795049912,dummy-jdmmr8dw,NA,NA,NA,NA,NA,NA,NA,NA
0.0063988198873558,0.01907976733664029,dummy-jdtmgqff,NA,NA,NA,NA,NA,NA,NA,NA
0.06417979854089896,0.0704352012799096,dummy-jdz5wg6e,NA,NA,NA,NA,NA,NA,NA,NA
0.00843466794371187,0.01367572836942902,dummy-jei67nci,NA,NA,NA,NA,NA,NA,NA,NA
0.18299262518900247,0.04745173833109375,dummy-jeu0rfh7,NA,NA,NA,NA,NA,NA,NA,NA
0.01283181738621181,0.01648093643033055,dummy-jew80tol,NA,NA,NA,NA,NA,NA,NA,NA
0.05291857492598331,0.03160766040191359,dummy-jf83a9qr,NA,NA,NA,NA,NA,NA,NA,NA
0.4781044949979055,0.04556667562890695,dummy-jf8q845m,NA,NA,NA,NA,NA,NA,NA,NA
0.10820815225074348,0.05654707897295767,dummy-jfe8b9lb,NA,NA,NA,NA,NA,NA,NA,NA
0.14944579986628811,0.0598911601017525,dummy-jfkg0pa9,NA,NA,NA,NA,NA,NA,NA,NA
0.02277533649854782,0.02672527058018789,dummy-jga7mlol,NA,NA,NA,NA,NA,NA,NA,NA
0.13770368879368974,0.05718134205017929,dummy-jgamdy3t,NA,NA,NA,NA,NA,NA,NA,NA
0.0061926105212494,0.02111838664728404,dummy-jggcxa9z,NA,NA,NA,NA,NA,NA,NA,NA
0.00241959861608333,0.01134154216297407,dummy-jgkm59kj,NA,NA,NA,NA,NA,NA,NA,NA
0.0403798920115722,0.04500105602052451,dummy-jgmh4ac8,NA,NA,NA,NA,NA,NA,NA,NA
0.00251232647982224,0.0169839968697601,dummy-jgnn8mju,NA,NA,NA,NA,NA,NA,NA,NA
0.13465979627126082,0.04947165800477209,dummy-jgoecetv,NA,NA,NA,NA,NA,NA,NA,NA
0.01977328619075162,0.03786231661981076,dummy-jgxwv4hq,NA,NA,NA,NA,NA,NA,NA,NA
0.04501704057553953,0.05315036722521876,dummy-jh2su5y9,NA,NA,NA,NA,NA,NA,NA,NA
0.05210039242855704,0.03646902504232257,dummy-jh9aez8j,NA,NA,NA,NA,NA,NA,NA,NA
0.06964647567093014,0.04555032988070653,dummy-jhif4pr0,NA,NA,NA,NA,NA,NA,NA,NA
0.06525274291817285,0.04609484272992821,dummy-jhiqotw3,NA,NA,NA,NA,NA,NA,NA,NA
0.02084507544057641,0.03273305655150647,dummy-jhue4555,NA,NA,NA,NA,NA,NA,NA,NA
2.223383423336455,0.08577452570068468,dummy-jjdb3vkf,NA,NA,NA,NA,NA,NA,NA,NA
0.04566790773109391,0.05117672354867388,dummy-jjf7jedu,NA,NA,NA,NA,NA,NA,NA,NA
0.05513692243389805,0.01443490418298779,dummy-jjrmq2bj,NA,NA,NA,NA,NA,NA,NA,NA
0.06320434067707133,0.04681282194765036,dummy-jk01dcb6,NA,NA,NA,NA,NA,NA,NA,NA
0.10152866785084975,0.04207819458997756,dummy-jk90wh03,NA,NA,NA,NA,NA,NA,NA,NA
0.03210693891018902,0.03867474040393274,dummy-jko4072i,NA,NA,NA,NA,NA,NA,NA,NA
0.04529655949510765,0.04543184313273803,dummy-jl0nl1cj,NA,NA,NA,NA,NA,NA,NA,NA
0.06052247527749829,0.04565139346593076,dummy-jl9z1fdf,NA,NA,NA,NA,NA,NA,NA,NA
0.00994473757904318,0.0258957277865118,dummy-jld5wjoe,NA,NA,NA,NA,NA,NA,NA,NA
0.01033568299517564,0.01816710850665901,dummy-jlktj3qi,NA,NA,NA,NA,NA,NA,NA,NA
0.15606493924555728,0.04796436384509945,dummy-jmjnq2e2,NA,NA,NA,NA,NA,NA,NA,NA
0.11528782278983464,0.04945156718041577,dummy-jmp046rt,NA,NA,NA,NA,NA,NA,NA,NA
0.00861910357971834,0.0154804275884589,dummy-jmu9y0ns,NA,NA,NA,NA,NA,NA,NA,NA
0.03710999611292505,0.03068464644529267,dummy-jn1bg1i8,NA,NA,NA,NA,NA,NA,NA,NA
0.06044138826799325,0.04565139375459059,dummy-jo101kdy,NA,NA,NA,NA,NA,NA,NA,NA
0.00297412162357442,0.01792274486365061,dummy-jo9xpghf,NA,NA,NA,NA,NA,NA,NA,NA
0.2497210362327349,0.09429698721260214,dummy-jodysonf,NA,NA,NA,NA,NA,NA,NA,NA
0.06951614176480089,0.0367911756950548,dummy-jooc0hc4,NA,NA,NA,NA,NA,NA,NA,NA
0.1201622864951844,0.07732998796657806,dummy-jounj878,NA,NA,NA,NA,NA,NA,NA,NA
0.1497539404339037,0.0163758254643083,dummy-jozt4it1,NA,NA,NA,NA,NA,NA,NA,NA
0.05819140824786845,0.05202195791988462,dummy-jp20f0kt,NA,NA,NA,NA,NA,NA,NA,NA
0.03714997875161236,0.03871711658220098,dummy-jp3eilgb,NA,NA,NA,NA,NA,NA,NA,NA
0.00493801046863323,0.01474371586132738,dummy-jpqlkfsp,NA,NA,NA,NA,NA,NA,NA,NA
0.08342607480624555,0.04273086658832863,dummy-jpueh61c,NA,NA,NA,NA,NA,NA,NA,NA
0.059069660215565,0.04038028595258566,dummy-jpvyx44h,NA,NA,NA,NA,NA,NA,NA,NA
0.03231949456086419,0.03142769411291823,dummy-jq6uznhb,NA,NA,NA,NA,NA,NA,NA,NA
0.03303562928878001,0.0270064094415612,dummy-jqa0og0u,NA,NA,NA,NA,NA,NA,NA,NA
0.19799588205456264,0.1164849569308931,dummy-jqkzwwkp,NA,NA,NA,NA,NA,NA,NA,NA
0.03351987355502248,0.04064507190597699,dummy-jqmhh6l8,NA,NA,NA,NA,NA,NA,NA,NA
0.1800795341794009,0.07026138801042242,dummy-jrka0vmp,NA,NA,NA,NA,NA,NA,NA,NA
0.03378976908317116,0.03978084037580329,dummy-jrm5d2sy,NA,NA,NA,NA,NA,NA,NA,NA
0.06994042731891996,0.04277316516925575,dummy-jrmlcdq9,NA,NA,NA,NA,NA,NA,NA,NA
0.14547724213084157,0.0724820023485844,dummy-jrnep7xc,NA,NA,NA,NA,NA,NA,NA,NA
0.02094586770580497,0.01587774535004796,dummy-js0byv98,NA,NA,NA,NA,NA,NA,NA,NA
0.17072125158424753,0.06987741580959894,dummy-js8tpgw7,NA,NA,NA,NA,NA,NA,NA,NA
0.01148672509376443,0.02530855755315063,dummy-jshatzxg,NA,NA,NA,NA,NA,NA,NA,NA
0.1000721997885715,0.03458553924650288,dummy-jsohlk6w,NA,NA,NA,NA,NA,NA,NA,NA
0.06119647139447456,0.05992102747176729,dummy-jsyi85zl,NA,NA,NA,NA,NA,NA,NA,NA
0.30520080829996943,0.07801485015750798,dummy-jsymt2ga,NA,NA,NA,NA,NA,NA,NA,NA
0.09358769832883566,0.09825278836198692,dummy-jtkha1o6,NA,NA,NA,NA,NA,NA,NA,NA
0.0176599300914719,0.01806495456492695,dummy-jtvkq69o,NA,NA,NA,NA,NA,NA,NA,NA
0.08971949715912254,0.05713735656537584,dummy-jtvpkn93,NA,NA,NA,NA,NA,NA,NA,NA
0.07591129849851035,0.10155531868982771,dummy-jtxupg6e,NA,NA,NA,NA,NA,NA,NA,NA
0.04940882785556743,0.04035006833551601,dummy-juxb2ewj,NA,NA,NA,NA,NA,NA,NA,NA
0.3040138785068852,0.09412264173179034,dummy-jv0e0fl7,NA,NA,NA,NA,NA,NA,NA,NA
0.07705242444613442,0.04320141360382081,dummy-jv60ubxp,NA,NA,NA,NA,NA,NA,NA,NA
0.18299262518900247,0.04745173833109375,dummy-jvgqyte0,NA,NA,NA,NA,NA,NA,NA,NA
0.05214283621711681,0.03955070073558074,dummy-jvgwdjvi,NA,NA,NA,NA,NA,NA,NA,NA
0.00710686927362994,0.01493291081770383,dummy-jvif217t,NA,NA,NA,NA,NA,NA,NA,NA
0.21750626342946475,0.1107843433340098,dummy-jw6dfu65,NA,NA,NA,NA,NA,NA,NA,NA
0.07895734126354415,0.03360193146428815,dummy-jwcqlrdl,NA,NA,NA,NA,NA,NA,NA,NA
0.01326108434129863,0.02754303490682366,dummy-jwdf5c8z,NA,NA,NA,NA,NA,NA,NA,NA
0.09265148744819315,0.0396898455723667,dummy-jx9o8rnv,NA,NA,NA,NA,NA,NA,NA,NA
0.0918904929818656,0.06392444490309149,dummy-jxf9jjpe,NA,NA,NA,NA,NA,NA,NA,NA
0.05749982344507783,0.05088647251114164,dummy-jxq48310,NA,NA,NA,NA,NA,NA,NA,NA
0.24436273440720072,0.06852177640582881,dummy-jytqnftr,NA,NA,NA,NA,NA,NA,NA,NA
0.00805816218963454,0.01442058810420266,dummy-jz11o01c,NA,NA,NA,NA,NA,NA,NA,NA
0.06477219716311504,0.04839231997753973,dummy-jzo7ckpk,NA,NA,NA,NA,NA,NA,NA,NA
0.14247453807789168,0.01614230339899741,dummy-jztb5jpv,NA,NA,NA,NA,NA,NA,NA,NA
0.04717781067468134,0.03862840159645196,dummy-k01zz900,NA,NA,NA,NA,NA,NA,NA,NA
0.1680053723633948,0.06974258364368499,dummy-k05bew0l,NA,NA,NA,NA,NA,NA,NA,NA
0.03019401530077496,0.05417459048257765,dummy-k0x0eide,NA,NA,NA,NA,NA,NA,NA,NA
0.12175327622933106,0.07180833880395371,dummy-k1ntbti5,NA,NA,NA,NA,NA,NA,NA,NA
0.02390183233091641,0.02333297270495908,dummy-k1xi1cpi,NA,NA,NA,NA,NA,NA,NA,NA
0.00403709002444516,0.0122081992353987,dummy-k24askmn,NA,NA,NA,NA,NA,NA,NA,NA
0.04213309148559586,0.01783531812011326,dummy-k2h8cvb8,NA,NA,NA,NA,NA,NA,NA,NA
0.1353314665664432,0.08291229945468288,dummy-k2pg2q59,NA,NA,NA,NA,NA,NA,NA,NA
0.13720860631655538,0.06989785501099696,dummy-k2vaupw3,NA,NA,NA,NA,NA,NA,NA,NA
0.12111849638131723,0.02947015289597053,dummy-k3h0p24u,NA,NA,NA,NA,NA,NA,NA,NA
0.17033100901984777,0.06862425178739581,dummy-k4pt9myq,NA,NA,NA,NA,NA,NA,NA,NA
0.11555461323540886,0.04588610710033403,dummy-k55wrg4s,NA,NA,NA,NA,NA,NA,NA,NA
0.04949772385649227,0.05619283856931849,dummy-k5cwi52d,NA,NA,NA,NA,NA,NA,NA,NA
0.03075545090308699,0.02991020334959819,dummy-k5f45piw,NA,NA,NA,NA,NA,NA,NA,NA
0.01002250313997742,0.02567748400898432,dummy-k5snd5mc,NA,NA,NA,NA,NA,NA,NA,NA
0.12816039016252992,0.04592172842916996,dummy-k61p154v,NA,NA,NA,NA,NA,NA,NA,NA
0.01931860072698525,0.01584136385655476,dummy-k6cui6ct,NA,NA,NA,NA,NA,NA,NA,NA
0.02679539261642113,0.01675127633220297,dummy-k6d9i1oq,NA,NA,NA,NA,NA,NA,NA,NA
0.03730145145751003,0.04796489262226817,dummy-k6j6lovg,NA,NA,NA,NA,NA,NA,NA,NA
0.095414914724372,0.01583539236410097,dummy-k6q9sxne,NA,NA,NA,NA,NA,NA,NA,NA
0.90068550347079,0.06432245651814986,dummy-k7197sje,NA,NA,NA,NA,NA,NA,NA,NA
0.05819140824786845,0.05202195791988462,dummy-k76kbc0p,NA,NA,NA,NA,NA,NA,NA,NA
0.17749725294979124,0.05953869150742978,dummy-k77zjhvd,NA,NA,NA,NA,NA,NA,NA,NA
0.01785093754941556,0.02232393307422378,dummy-k7emlr6d,NA,NA,NA,NA,NA,NA,NA,NA
0.02805790648688995,0.04323373600895233,dummy-k80ejt6u,NA,NA,NA,NA,NA,NA,NA,NA
0.25974265237625704,0.08042584322881316,dummy-k81dplvs,NA,NA,NA,NA,NA,NA,NA,NA
0.12580165434758395,0.0606028236107628,dummy-k848ektf,NA,NA,NA,NA,NA,NA,NA,NA
0.03204816509147308,0.03723898573203923,dummy-k854x817,NA,NA,NA,NA,NA,NA,NA,NA
0.059069660215565,0.04038028595258566,dummy-k9gbefcu,NA,NA,NA,NA,NA,NA,NA,NA
0.01529588760439975,0.03419783785019961,dummy-k9vnrfl0,NA,NA,NA,NA,NA,NA,NA,NA
0.14421513514302944,0.06459804402081988,dummy-ka0v9tcn,NA,NA,NA,NA,NA,NA,NA,NA
0.00429807782176442,0.01567530355268522,dummy-kafryl16,NA,NA,NA,NA,NA,NA,NA,NA
0.02009655441519865,0.03299695319972791,dummy-kanaupyz,NA,NA,NA,NA,NA,NA,NA,NA
0.02108208930061657,0.01587976241538783,dummy-kapcnv7j,NA,NA,NA,NA,NA,NA,NA,NA
0.13700997475587195,0.04711626272748745,dummy-kat4c1za,NA,NA,NA,NA,NA,NA,NA,NA
0.03738250476704445,0.01626624557081574,dummy-kayv9t99,NA,NA,NA,NA,NA,NA,NA,NA
0.0653579088701739,0.04364109963687551,dummy-kb6xnvuz,NA,NA,NA,NA,NA,NA,NA,NA
0.13861698664946473,0.05716617195733261,dummy-kbjxg7gu,NA,NA,NA,NA,NA,NA,NA,NA
0.00474357746895176,0.01447725168066585,dummy-kbll8fd8,NA,NA,NA,NA,NA,NA,NA,NA
1.3008806093359988,0.04295550574153837,dummy-kc9lg79n,NA,NA,NA,NA,NA,NA,NA,NA
0.07043364967141943,0.10115031699622892,dummy-kctiuzfy,NA,NA,NA,NA,NA,NA,NA,NA
0.10540090012518973,0.0546660588657267,dummy-kd2j5cv3,NA,NA,NA,NA,NA,NA,NA,NA
0.1448116232237085,0.04634901428250392,dummy-kd3ll25f,NA,NA,NA,NA,NA,NA,NA,NA
0.08845158362609563,0.05045653211676101,dummy-kd4jloks,NA,NA,NA,NA,NA,NA,NA,NA
0.05473564781324591,0.05363524985809376,dummy-kd5cwjnu,NA,NA,NA,NA,NA,NA,NA,NA
0.08667563153956512,0.04861740888614006,dummy-kdnzygxg,NA,NA,NA,NA,NA,NA,NA,NA
0.03277900331051918,0.04738824089789725,dummy-kehw2qiy,NA,NA,NA,NA,NA,NA,NA,NA
0.09068065465093772,0.05536151684621659,dummy-kejjqhd1,NA,NA,NA,NA,NA,NA,NA,NA
0.01744735929586539,0.0321166123747655,dummy-kelu5rve,NA,NA,NA,NA,NA,NA,NA,NA
0.05246944596315344,0.05188511092004109,dummy-kev6s3bc,NA,NA,NA,NA,NA,NA,NA,NA
0.17875176961539466,0.10012411192970223,dummy-kh5elzpk,NA,NA,NA,NA,NA,NA,NA,NA
0.05403018321963854,0.01846389137574646,dummy-ki5qv5hh,NA,NA,NA,NA,NA,NA,NA,NA
0.00631654752609903,0.0131430988390729,dummy-kidmhc4c,NA,NA,NA,NA,NA,NA,NA,NA
0.0593374538952859,0.06052013417044511,dummy-kitrdzhd,NA,NA,NA,NA,NA,NA,NA,NA
0.00234750523242523,0.01155486438601526,dummy-kj8zm43j,NA,NA,NA,NA,NA,NA,NA,NA
0.04188111681556134,0.03287664031848433,dummy-kjd0eahn,NA,NA,NA,NA,NA,NA,NA,NA
0.0176599300914719,0.01806495456492695,dummy-kjuljcwx,NA,NA,NA,NA,NA,NA,NA,NA
0.03083699608522544,0.03802165958761811,dummy-kjwxbvdo,NA,NA,NA,NA,NA,NA,NA,NA
0.0067837546675044,0.01867125387078478,dummy-kjzigkhc,NA,NA,NA,NA,NA,NA,NA,NA
0.16907097001333257,0.06731324117648453,dummy-kjzl3zfu,NA,NA,NA,NA,NA,NA,NA,NA
0.13400100621149402,0.04530787100553658,dummy-kka7ok4t,NA,NA,NA,NA,NA,NA,NA,NA
0.05116348142866155,0.0303992795779553,dummy-kkdgswmp,NA,NA,NA,NA,NA,NA,NA,NA
0.02058042703615147,0.01347877378105694,dummy-kkef84dh,NA,NA,NA,NA,NA,NA,NA,NA
0.00666785433280676,0.01367804254705512,dummy-kkp8ay55,NA,NA,NA,NA,NA,NA,NA,NA
3.487649854864325,0.11332798947738328,dummy-kkx809z6,NA,NA,NA,NA,NA,NA,NA,NA
0.08305532317185543,0.05302466818085016,dummy-kkyrcqzu,NA,NA,NA,NA,NA,NA,NA,NA
0.00561857555423412,0.01607466795819323,dummy-kl92ppvt,NA,NA,NA,NA,NA,NA,NA,NA
0.075056400411188,0.07866161094901036,dummy-kliujhgd,NA,NA,NA,NA,NA,NA,NA,NA
0.08022856089645146,0.06393748354308484,dummy-klpyrmnd,NA,NA,NA,NA,NA,NA,NA,NA
0.00277598488847852,0.01202334317887211,dummy-klw5pkkb,NA,NA,NA,NA,NA,NA,NA,NA
0.07055470300693273,0.03960680967638563,dummy-km26o7gc,NA,NA,NA,NA,NA,NA,NA,NA
0.07174196710072783,0.062541783755096,dummy-km8j0w9u,NA,NA,NA,NA,NA,NA,NA,NA
0.01426849398204573,0.03018445995738674,dummy-kmrqbyb1,NA,NA,NA,NA,NA,NA,NA,NA
0.2497210362327349,0.09429698721260214,dummy-knp88x1u,NA,NA,NA,NA,NA,NA,NA,NA
0.03031101489468353,0.04934816224838514,dummy-ko1afn50,NA,NA,NA,NA,NA,NA,NA,NA
0.087310911936479,0.06742648688320522,dummy-ko8j24tu,NA,NA,NA,NA,NA,NA,NA,NA
0.01414376632980722,0.03050562071547218,dummy-kogrf7yu,NA,NA,NA,NA,NA,NA,NA,NA
0.00690209852150588,0.01374011117369553,dummy-kondyeaw,NA,NA,NA,NA,NA,NA,NA,NA
0.04970084768408133,0.06123104343380579,dummy-koo9fhpw,NA,NA,NA,NA,NA,NA,NA,NA
0.0119786488897907,0.02859834109545416,dummy-kpdoifng,NA,NA,NA,NA,NA,NA,NA,NA
0.08769203376417016,0.05606878432615793,dummy-kpg0yc6n,NA,NA,NA,NA,NA,NA,NA,NA
0.0182614512620112,0.03516917423563256,dummy-kprwrngh,NA,NA,NA,NA,NA,NA,NA,NA
0.1348075317054818,0.05482603334822029,dummy-kptv8o4j,NA,NA,NA,NA,NA,NA,NA,NA
0.02089064752151003,0.0199845895710005,dummy-kpwlqv8s,NA,NA,NA,NA,NA,NA,NA,NA
0.04537393216595819,0.05004795589544897,dummy-kq12k88q,NA,NA,NA,NA,NA,NA,NA,NA
0.3047217654575152,0.12468633294864848,dummy-kqftqnyw,NA,NA,NA,NA,NA,NA,NA,NA
0.05736040014533901,0.07430599887512018,dummy-kqmu93pf,NA,NA,NA,NA,NA,NA,NA,NA
0.08192865514422698,0.05343077264258929,dummy-kr9wy45w,NA,NA,NA,NA,NA,NA,NA,NA
0.0276184277406577,0.04013470235998538,dummy-ks287y50,NA,NA,NA,NA,NA,NA,NA,NA
0.3834291020321559,0.03116076073380014,dummy-kskm3810,NA,NA,NA,NA,NA,NA,NA,NA
0.02077555005552632,0.04689747549236429,dummy-ksl3ad69,NA,NA,NA,NA,NA,NA,NA,NA
0.01060900720435331,0.02581830199141882,dummy-ktfw9my7,NA,NA,NA,NA,NA,NA,NA,NA
0.04353055642321445,0.03121211676858638,dummy-ktle2970,NA,NA,NA,NA,NA,NA,NA,NA
0.01784501838994431,0.03020913871124257,dummy-ktnvlqbz,NA,NA,NA,NA,NA,NA,NA,NA
0.00327515910577037,0.01538543455421281,dummy-ku035p2d,NA,NA,NA,NA,NA,NA,NA,NA
0.07787721186782079,0.04459532928675106,dummy-ku5vddq5,NA,NA,NA,NA,NA,NA,NA,NA
0.12794239943148294,0.06874702879980805,dummy-ku7nexlf,NA,NA,NA,NA,NA,NA,NA,NA
0.1551365417187576,0.08191806973203213,dummy-ku947y39,NA,NA,NA,NA,NA,NA,NA,NA
0.03780678822455933,0.04120875929998911,dummy-ku96knay,NA,NA,NA,NA,NA,NA,NA,NA
0.03346012274624321,0.05037361991604466,dummy-kucos3qd,NA,NA,NA,NA,NA,NA,NA,NA
0.02073889991811018,0.01592777012090071,dummy-kur8a1om,NA,NA,NA,NA,NA,NA,NA,NA
0.240848243729675,0.06816154467436857,dummy-kuuptkot,NA,NA,NA,NA,NA,NA,NA,NA
0.02559293617321979,0.01888256347605786,dummy-kuwppehs,NA,NA,NA,NA,NA,NA,NA,NA
0.06838012011427476,0.04137026393727258,dummy-kv6zefpo,NA,NA,NA,NA,NA,NA,NA,NA
0.04026790519412823,0.04624749388542714,dummy-kvaufmk4,NA,NA,NA,NA,NA,NA,NA,NA
0.00217485020377414,0.01461186943223443,dummy-kw0aa2hh,NA,NA,NA,NA,NA,NA,NA,NA
0.0087920758989578,0.01636730920810995,dummy-kw1o4nh7,NA,NA,NA,NA,NA,NA,NA,NA
0.013952122443159,0.03064347550503739,dummy-kw25gvzx,NA,NA,NA,NA,NA,NA,NA,NA
0.02200372805192179,0.01756436183831481,dummy-kwisjzo8,NA,NA,NA,NA,NA,NA,NA,NA
0.02331355516042203,0.04103522228273534,dummy-kwl8cmqk,NA,NA,NA,NA,NA,NA,NA,NA
0.05584597617193394,0.03107731770410813,dummy-kwlzu4up,NA,NA,NA,NA,NA,NA,NA,NA
0.1132338653412644,0.07315774735054008,dummy-kwm475em,NA,NA,NA,NA,NA,NA,NA,NA
0.01410777270824034,0.02842564346679397,dummy-kwojie9n,NA,NA,NA,NA,NA,NA,NA,NA
0.0864104780996318,0.0364993086008064,dummy-kx0240ta,NA,NA,NA,NA,NA,NA,NA,NA
0.25078326832660935,0.0906397009663863,dummy-kx4nd9hl,NA,NA,NA,NA,NA,NA,NA,NA
0.00289560253523784,0.01974217808879752,dummy-kxbqvfyr,NA,NA,NA,NA,NA,NA,NA,NA
0.08802636669001072,0.03867087989126796,dummy-kxm58k4e,NA,NA,NA,NA,NA,NA,NA,NA
0.00315608890286127,0.01980311571646015,dummy-ky3djp5s,NA,NA,NA,NA,NA,NA,NA,NA
0.03257108532712977,0.0217301786201274,dummy-kybfnxte,NA,NA,NA,NA,NA,NA,NA,NA
0.0938002994755301,0.03042666497671749,dummy-kyd6osob,NA,NA,NA,NA,NA,NA,NA,NA
0.01555457473228431,0.0266105967081562,dummy-kylbbyq8,NA,NA,NA,NA,NA,NA,NA,NA
0.01730238836173677,0.02219805162345172,dummy-kymgb5lf,NA,NA,NA,NA,NA,NA,NA,NA
0.06050422481793344,0.06883529320736244,dummy-kyqdwta5,NA,NA,NA,NA,NA,NA,NA,NA
0.05307087186623502,0.03749196219227511,dummy-kyzmhgjo,NA,NA,NA,NA,NA,NA,NA,NA
0.02297927191719673,0.04203422714080754,dummy-kz6tl2e4,NA,NA,NA,NA,NA,NA,NA,NA
0.07038797235763752,0.05269563481118675,dummy-kzdfvqu0,NA,NA,NA,NA,NA,NA,NA,NA
0.05240501347341154,0.03596573920500053,dummy-kzk3sxhx,NA,NA,NA,NA,NA,NA,NA,NA
0.1402169958712683,0.03486829009781892,dummy-kzlcnz45,NA,NA,NA,NA,NA,NA,NA,NA
0.01114145056114744,0.02684168792647251,dummy-l05914bb,NA,NA,NA,NA,NA,NA,NA,NA
0.2876139816396264,0.1621076143913705,dummy-l0bkulu5,NA,NA,NA,NA,NA,NA,NA,NA
0.05531374062194534,0.01844950482226554,dummy-l0h9rnt2,NA,NA,NA,NA,NA,NA,NA,NA
0.02328795347400286,0.01418876471086175,dummy-l0vxjes1,NA,NA,NA,NA,NA,NA,NA,NA
0.12568301996256193,0.06818830071280656,dummy-l16usjkc,NA,NA,NA,NA,NA,NA,NA,NA
0.07031154904845362,0.05980234804931358,dummy-l18z5flf,NA,NA,NA,NA,NA,NA,NA,NA
0.00353838935337906,0.01253476840095227,dummy-l191j1lk,NA,NA,NA,NA,NA,NA,NA,NA
0.111329625803951,0.07481787409343227,dummy-l1rpqd9y,NA,NA,NA,NA,NA,NA,NA,NA
0.0740543201267053,0.03278938037710464,dummy-l2gcyrou,NA,NA,NA,NA,NA,NA,NA,NA
0.01004843209337804,0.03203115105705354,dummy-l2jrp7xn,NA,NA,NA,NA,NA,NA,NA,NA
0.27948016487799104,0.07291971205382176,dummy-l2jsb5zl,NA,NA,NA,NA,NA,NA,NA,NA
0.05104534659850456,0.03187655486390672,dummy-l3w5lec7,NA,NA,NA,NA,NA,NA,NA,NA
0.5600262421204597,0.05876271343474065,dummy-l3x45l0x,NA,NA,NA,NA,NA,NA,NA,NA
0.01213960612617468,0.02617309431236837,dummy-l4173k8p,NA,NA,NA,NA,NA,NA,NA,NA
0.02108208930061657,0.01587976241538783,dummy-l43b7ay3,NA,NA,NA,NA,NA,NA,NA,NA
0.01523263232777031,0.02741801313515412,dummy-l45qcmvu,NA,NA,NA,NA,NA,NA,NA,NA
0.01480439896744639,0.02696736775834608,dummy-l4czdeeq,NA,NA,NA,NA,NA,NA,NA,NA
0.259657365284086,0.07761964433634402,dummy-l56e39pq,NA,NA,NA,NA,NA,NA,NA,NA
0.392040663810407,0.05282611002964804,dummy-l5ilhdde,NA,NA,NA,NA,NA,NA,NA,NA
0.02932269043407674,0.03051300238172586,dummy-l5pxvgg6,NA,NA,NA,NA,NA,NA,NA,NA
0.08790217783887677,0.05977495381945587,dummy-l5v4ev5x,NA,NA,NA,NA,NA,NA,NA,NA
0.09340658401735076,0.04382489426144491,dummy-l5ymi7i1,NA,NA,NA,NA,NA,NA,NA,NA
0.04152969494048182,0.05154232114935926,dummy-l6112gnr,NA,NA,NA,NA,NA,NA,NA,NA
0.02189399336111124,0.02955584121955837,dummy-l68ynnkm,NA,NA,NA,NA,NA,NA,NA,NA
0.48909921374531823,0.12468633203595032,dummy-l6dek05c,NA,NA,NA,NA,NA,NA,NA,NA
0.01784501838994431,0.03020913871124257,dummy-l6lesk3o,NA,NA,NA,NA,NA,NA,NA,NA
0.00325443969028524,0.02224533594119952,dummy-l7dli6ie,NA,NA,NA,NA,NA,NA,NA,NA
0.02805790648688995,0.04323373600895233,dummy-l7t3rod9,NA,NA,NA,NA,NA,NA,NA,NA
0.01004843209337804,0.03203115105705354,dummy-l7tah7yt,NA,NA,NA,NA,NA,NA,NA,NA
0.05886439629230706,0.03123176688027441,dummy-l8421s0u,NA,NA,NA,NA,NA,NA,NA,NA
0.0668371345643256,0.01605966562229508,dummy-l86490py,NA,NA,NA,NA,NA,NA,NA,NA
0.10089088966969184,0.05592867907964576,dummy-l8js6bv9,NA,NA,NA,NA,NA,NA,NA,NA
0.11124481954756608,0.07003042924034868,dummy-l8s3h4bo,NA,NA,NA,NA,NA,NA,NA,NA
0.04807001863079818,0.05868053683772536,dummy-l8su2d66,NA,NA,NA,NA,NA,NA,NA,NA
0.02738374780452126,0.0274466903738377,dummy-l9bn4zdc,NA,NA,NA,NA,NA,NA,NA,NA
0.01473855274279026,0.01385713568125063,dummy-l9gesqw9,NA,NA,NA,NA,NA,NA,NA,NA
0.03974955437772195,0.06248557268039459,dummy-l9jsgzmj,NA,NA,NA,NA,NA,NA,NA,NA
0.03930712722231711,0.01431791280509487,dummy-l9k4c21n,NA,NA,NA,NA,NA,NA,NA,NA
0.12423012891189568,0.07771106666119634,dummy-l9rlzhq9,NA,NA,NA,NA,NA,NA,NA,NA
0.07282609009768014,0.06009196373302654,dummy-l9ty3x63,NA,NA,NA,NA,NA,NA,NA,NA
0.15302969098459795,0.02646223473599777,dummy-lae5afkv,NA,NA,NA,NA,NA,NA,NA,NA
0.5407451545586766,0.04894845313070636,dummy-lasoxv66,NA,NA,NA,NA,NA,NA,NA,NA
0.13546701678514989,0.05827369116769072,dummy-lavdeh54,NA,NA,NA,NA,NA,NA,NA,NA
0.03707864266219701,0.03687741210521952,dummy-lb0f2sy5,NA,NA,NA,NA,NA,NA,NA,NA
0.483679661464866,0.05825431388569951,dummy-lbaqgdl1,NA,NA,NA,NA,NA,NA,NA,NA
0.15197420649743576,0.04226786076965206,dummy-lbb83fxm,NA,NA,NA,NA,NA,NA,NA,NA
0.09329656612832904,0.03888904915383492,dummy-lbbggzpk,NA,NA,NA,NA,NA,NA,NA,NA
0.252669056975214,0.06746726615381032,dummy-lbkowhq8,NA,NA,NA,NA,NA,NA,NA,NA
0.06670171856444038,0.04245859492474919,dummy-lbrhosll,NA,NA,NA,NA,NA,NA,NA,NA
0.13916964907934426,0.05337181407995146,dummy-lc02mhns,NA,NA,NA,NA,NA,NA,NA,NA
0.00243691153036003,0.01528431932539187,dummy-lcbmko1e,NA,NA,NA,NA,NA,NA,NA,NA
0.15465268516048528,0.01644806117493234,dummy-lcppf03s,NA,NA,NA,NA,NA,NA,NA,NA
0.1360456193606804,0.04823889959972216,dummy-lcunyn2q,NA,NA,NA,NA,NA,NA,NA,NA
0.01853191524149243,0.03542637622107821,dummy-ld4vzgug,NA,NA,NA,NA,NA,NA,NA,NA
0.1394960454496427,0.05784729862439598,dummy-ldtl822u,NA,NA,NA,NA,NA,NA,NA,NA
0.10026387519472212,0.01646433332308105,dummy-leh7put1,NA,NA,NA,NA,NA,NA,NA,NA
0.20591355928510685,0.1153395508302121,dummy-lejud755,NA,NA,NA,NA,NA,NA,NA,NA
0.01174619291682054,0.02511170115558006,dummy-lel1p1d1,NA,NA,NA,NA,NA,NA,NA,NA
0.1470769334403542,0.04901377170339511,dummy-lf9bh9ek,NA,NA,NA,NA,NA,NA,NA,NA
0.05109364106524668,0.04566056912610915,dummy-lfr72dg8,NA,NA,NA,NA,NA,NA,NA,NA
0.1201622864951844,0.07732998796657806,dummy-lfva5yn2,NA,NA,NA,NA,NA,NA,NA,NA
0.10418926928309488,0.05629082892709009,dummy-lfvnyny9,NA,NA,NA,NA,NA,NA,NA,NA
0.06713093652870236,0.05939270104930939,dummy-lfztjae0,NA,NA,NA,NA,NA,NA,NA,NA
0.12530482596274695,0.04781049333305726,dummy-lg6gab5l,NA,NA,NA,NA,NA,NA,NA,NA
0.03345794196886401,0.04827554608705525,dummy-lgfhmhdi,NA,NA,NA,NA,NA,NA,NA,NA
0.13497870118027733,0.05775904080377846,dummy-lgrfpp0z,NA,NA,NA,NA,NA,NA,NA,NA
0.14474950461285538,0.04883649646235462,dummy-lgsjbc3u,NA,NA,NA,NA,NA,NA,NA,NA
0.05832022811598358,0.05496057467845806,dummy-lgyzo3ve,NA,NA,NA,NA,NA,NA,NA,NA
0.08063732928598429,0.03219620514474548,dummy-lgz0lxt0,NA,NA,NA,NA,NA,NA,NA,NA
0.22198454614809768,0.08006773013015622,dummy-lhm672ri,NA,NA,NA,NA,NA,NA,NA,NA
0.02131221775636555,0.01759525766754674,dummy-lhpqlq07,NA,NA,NA,NA,NA,NA,NA,NA
0.06050422481793344,0.06883529320736244,dummy-lhq28kig,NA,NA,NA,NA,NA,NA,NA,NA
0.07086916398435084,0.03550468893135941,dummy-lhvdo8t0,NA,NA,NA,NA,NA,NA,NA,NA
0.00878936999165917,0.01375393593023618,dummy-lhzypnt7,NA,NA,NA,NA,NA,NA,NA,NA
0.00606605954444206,0.02176084711980281,dummy-libe9zjw,NA,NA,NA,NA,NA,NA,NA,NA
0.1953198903831378,0.05675197264677662,dummy-licaxr40,NA,NA,NA,NA,NA,NA,NA,NA
0.0451419372550004,0.04636488313822427,dummy-lije6w5i,NA,NA,NA,NA,NA,NA,NA,NA
0.05508193119245009,0.03572941429484549,dummy-ljfc4syv,NA,NA,NA,NA,NA,NA,NA,NA
0.3933782576266681,0.05366675378194925,dummy-ljp2bmcb,NA,NA,NA,NA,NA,NA,NA,NA
0.05827151088999019,0.06380156859892008,dummy-ljuchpgh,NA,NA,NA,NA,NA,NA,NA,NA
0.15007662233542904,0.05278568525658468,dummy-lk8lvo7y,NA,NA,NA,NA,NA,NA,NA,NA
0.0617366665569334,0.07567136224985162,dummy-lka5mrz4,NA,NA,NA,NA,NA,NA,NA,NA
0.03830131672454665,0.04850014570791867,dummy-lkw5tonb,NA,NA,NA,NA,NA,NA,NA,NA
0.04159786137988927,0.03929566561541477,dummy-ll5h669v,NA,NA,NA,NA,NA,NA,NA,NA
0.0232649527290623,0.04657444699642704,dummy-ll84qw8k,NA,NA,NA,NA,NA,NA,NA,NA
0.09954292873319288,0.03349143534775137,dummy-lm5kdvkg,NA,NA,NA,NA,NA,NA,NA,NA
0.02255553636118231,0.03591965175237977,dummy-lm81ntda,NA,NA,NA,NA,NA,NA,NA,NA
0.0438345596194514,0.04051909340017749,dummy-lmgi1yv9,NA,NA,NA,NA,NA,NA,NA,NA
0.10487241168111484,0.05858611143135511,dummy-lmjdmji6,NA,NA,NA,NA,NA,NA,NA,NA
0.0603320671661192,0.06717007087870473,dummy-lmkpq32y,NA,NA,NA,NA,NA,NA,NA,NA
0.08628835137508674,0.08411688208238965,dummy-lmolyt0g,NA,NA,NA,NA,NA,NA,NA,NA
0.2419804652548815,0.08955518936471227,dummy-lmx446mo,NA,NA,NA,NA,NA,NA,NA,NA
0.0440903021593306,0.04088686194185723,dummy-lmy50n20,NA,NA,NA,NA,NA,NA,NA,NA
0.14438826858869055,0.05568670979086296,dummy-ln8slyza,NA,NA,NA,NA,NA,NA,NA,NA
0.04347753735745773,0.027396541619347,dummy-lncts0nx,NA,NA,NA,NA,NA,NA,NA,NA
0.04189145208259054,0.0399870036217206,dummy-lni16bdl,NA,NA,NA,NA,NA,NA,NA,NA
0.02266997990463934,0.01665074418384535,dummy-loggn9hy,NA,NA,NA,NA,NA,NA,NA,NA
0.00395370858279721,0.01220439310335364,dummy-loiejvxt,NA,NA,NA,NA,NA,NA,NA,NA
0.30949108677684045,0.07947539484243335,dummy-lolzdbfh,NA,NA,NA,NA,NA,NA,NA,NA
0.14221482236489524,0.05485270866837165,dummy-loms25el,NA,NA,NA,NA,NA,NA,NA,NA
0.00491302856044509,0.01321409290686887,dummy-lp2udn7e,NA,NA,NA,NA,NA,NA,NA,NA
0.08458120090692536,0.05576342946488472,dummy-lp2z5vlk,NA,NA,NA,NA,NA,NA,NA,NA
0.01414376632980722,0.03050562071547218,dummy-lpi0yu1l,NA,NA,NA,NA,NA,NA,NA,NA
0.02934065834107513,0.02880576712704878,dummy-lq4e8y6e,NA,NA,NA,NA,NA,NA,NA,NA
0.01157574311419497,0.02975020393870551,dummy-lq9hu27c,NA,NA,NA,NA,NA,NA,NA,NA
0.2452349362194369,0.08777308014680747,dummy-lqf40oac,NA,NA,NA,NA,NA,NA,NA,NA
0.06772296779826419,0.05931549398748903,dummy-lqlyrr4n,NA,NA,NA,NA,NA,NA,NA,NA
0.04350901280475727,0.03601435733309249,dummy-lqu2o8o1,NA,NA,NA,NA,NA,NA,NA,NA
0.12794239943148294,0.06874702879980805,dummy-lqwbimuo,NA,NA,NA,NA,NA,NA,NA,NA
0.03019401530077496,0.05417459048257765,dummy-lr89xq1k,NA,NA,NA,NA,NA,NA,NA,NA
0.3408300640368993,0.13526395461297,dummy-lrb3jh7g,NA,NA,NA,NA,NA,NA,NA,NA
0.03182359309422573,0.04545511795291643,dummy-lrdu3wyy,NA,NA,NA,NA,NA,NA,NA,NA
0.06608044261429097,0.06294518526260288,dummy-lretdinz,NA,NA,NA,NA,NA,NA,NA,NA
0.01847210240817213,0.02776054510628472,dummy-lrg76rhn,NA,NA,NA,NA,NA,NA,NA,NA
0.18440670890101296,0.05565736107148478,dummy-lrizkfe4,NA,NA,NA,NA,NA,NA,NA,NA
0.08510928831231411,0.07738746375387336,dummy-lrpenxqk,NA,NA,NA,NA,NA,NA,NA,NA
0.02136239902268728,0.01838208783533467,dummy-lrvc26jw,NA,NA,NA,NA,NA,NA,NA,NA
0.18218872489686364,0.03470461906800637,dummy-ls3p5cm9,NA,NA,NA,NA,NA,NA,NA,NA
0.0314157995270525,0.02974744058571592,dummy-ls7zs74m,NA,NA,NA,NA,NA,NA,NA,NA
0.08346838426149558,0.05575418418370966,dummy-lshb5ign,NA,NA,NA,NA,NA,NA,NA,NA
0.00307883481437466,0.01451273605119723,dummy-lt0pah77,NA,NA,NA,NA,NA,NA,NA,NA
0.1213686762033438,0.05647994589702955,dummy-lt1mhqcd,NA,NA,NA,NA,NA,NA,NA,NA
0.3184319248152699,0.15293600627561516,dummy-lt5eru9f,NA,NA,NA,NA,NA,NA,NA,NA
0.0122787337994371,0.02507149370261861,dummy-lt6sr85b,NA,NA,NA,NA,NA,NA,NA,NA
0.02578399058975586,0.0189184525940023,dummy-ltqpei0x,NA,NA,NA,NA,NA,NA,NA,NA
0.01036209924480179,0.02573712431543086,dummy-lts7bp6t,NA,NA,NA,NA,NA,NA,NA,NA
0.1081967571218948,0.07397533886192152,dummy-luw7iw9h,NA,NA,NA,NA,NA,NA,NA,NA
0.04427559287081767,0.0305045942471674,dummy-lvjf7axm,NA,NA,NA,NA,NA,NA,NA,NA
0.08191595591794398,0.08732453665796439,dummy-lwj8fjkg,NA,NA,NA,NA,NA,NA,NA,NA
0.01900420964586209,0.03947733848990822,dummy-lwkdrc1v,NA,NA,NA,NA,NA,NA,NA,NA
0.02023007385911026,0.01567846624115399,dummy-lwlegxgt,NA,NA,NA,NA,NA,NA,NA,NA
0.14056637755680437,0.04506126191155044,dummy-lwmhz46q,NA,NA,NA,NA,NA,NA,NA,NA
0.12965108115068166,0.06016121863341242,dummy-lwnj6luw,NA,NA,NA,NA,NA,NA,NA,NA
0.2884720677123087,0.09317480502526752,dummy-lwnwynum,NA,NA,NA,NA,NA,NA,NA,NA
0.13802008127682835,0.07132583974910599,dummy-lx031o7s,NA,NA,NA,NA,NA,NA,NA,NA
0.00812382187898398,0.0144675557272326,dummy-lx721p67,NA,NA,NA,NA,NA,NA,NA,NA
0.03705671374642447,0.06185350168202695,dummy-lxj816bd,NA,NA,NA,NA,NA,NA,NA,NA
0.12370850670496734,0.11150839835360196,dummy-lxpwcvxj,NA,NA,NA,NA,NA,NA,NA,NA
0.04723772994132259,0.01338026343106249,dummy-lxur2cje,NA,NA,NA,NA,NA,NA,NA,NA
0.12219991081513544,0.03131683840996955,dummy-lxzv1qx7,NA,NA,NA,NA,NA,NA,NA,NA
0.03236719973530835,0.04841398026434011,dummy-ly1aseb7,NA,NA,NA,NA,NA,NA,NA,NA
0.05866935223466221,0.01942886930756819,dummy-ly6qyink,NA,NA,NA,NA,NA,NA,NA,NA
0.03304704846084732,0.04376316172699943,dummy-lyg0l8w6,NA,NA,NA,NA,NA,NA,NA,NA
0.08160739837679735,0.0773773822976676,dummy-lygoipjc,NA,NA,NA,NA,NA,NA,NA,NA
0.02780538049755774,0.03738838365426418,dummy-lylqw1rc,NA,NA,NA,NA,NA,NA,NA,NA
0.11317353572140132,0.0700313579891966,dummy-lyqifuty,NA,NA,NA,NA,NA,NA,NA,NA
0.03204816509147308,0.03723898573203923,dummy-lzg2m4hj,NA,NA,NA,NA,NA,NA,NA,NA
0.08384580713732465,0.07746461457896085,dummy-lzxr338a,NA,NA,NA,NA,NA,NA,NA,NA
0.16471468818363502,0.03959266149183581,dummy-m0czptq0,NA,NA,NA,NA,NA,NA,NA,NA
0.13118301844445318,0.01467785879049927,dummy-m0g27cky,NA,NA,NA,NA,NA,NA,NA,NA
0.26187114257630995,0.12959778224544757,dummy-m0tats1k,NA,NA,NA,NA,NA,NA,NA,NA
0.03731953775425149,0.01778129504776152,dummy-m0w9bm5x,NA,NA,NA,NA,NA,NA,NA,NA
0.106844079883337,0.04925211139665955,dummy-m10wuvcc,NA,NA,NA,NA,NA,NA,NA,NA
0.01290736847213316,0.02996332147160312,dummy-m1bsnbi6,NA,NA,NA,NA,NA,NA,NA,NA
0.06090704145071356,0.04579296689980827,dummy-m1ewr1ed,NA,NA,NA,NA,NA,NA,NA,NA
0.20596729812586356,0.07818611230496933,dummy-m1gtht6b,NA,NA,NA,NA,NA,NA,NA,NA
0.02807554490859352,0.02501119644158205,dummy-m1jaskci,NA,NA,NA,NA,NA,NA,NA,NA
0.01168454057914007,0.02443568816848429,dummy-m1p5nsbc,NA,NA,NA,NA,NA,NA,NA,NA
0.08305532317185543,0.05302466818085016,dummy-m1pt557t,NA,NA,NA,NA,NA,NA,NA,NA
0.21648628618194435,0.05858251789723984,dummy-m1uifa7t,NA,NA,NA,NA,NA,NA,NA,NA
0.14915179273489676,0.12453075810767732,dummy-m2o7vkd3,NA,NA,NA,NA,NA,NA,NA,NA
0.02650588082841863,0.02144730001413028,dummy-m2otfytp,NA,NA,NA,NA,NA,NA,NA,NA
0.07829730893233762,0.10138909408544436,dummy-m2r0cpi4,NA,NA,NA,NA,NA,NA,NA,NA
0.1099878645216162,0.03469871806695086,dummy-m2sbdsgb,NA,NA,NA,NA,NA,NA,NA,NA
0.13969326602735338,0.06972346910367914,dummy-m2w23moa,NA,NA,NA,NA,NA,NA,NA,NA
0.08914032506775592,0.05314647566688209,dummy-m31pnel2,NA,NA,NA,NA,NA,NA,NA,NA
0.06972960932810453,0.07832263024619557,dummy-m3b997y7,NA,NA,NA,NA,NA,NA,NA,NA
0.00774258405378876,0.01437357606210286,dummy-m3l5q2jc,NA,NA,NA,NA,NA,NA,NA,NA
0.00407075743800008,0.01238789496949067,dummy-m3xj97pd,NA,NA,NA,NA,NA,NA,NA,NA
0.1092024518719968,0.05772919748656058,dummy-m46oapr3,NA,NA,NA,NA,NA,NA,NA,NA
0.02118754971476464,0.01994925692065668,dummy-m4f1r4fs,NA,NA,NA,NA,NA,NA,NA,NA
0.20256272798705727,0.06269822992722504,dummy-m4jpxdlt,NA,NA,NA,NA,NA,NA,NA,NA
0.1651167690080435,0.04000967799379826,dummy-m4war4dz,NA,NA,NA,NA,NA,NA,NA,NA
0.02100870620282858,0.03545090473601639,dummy-m4yo51e1,NA,NA,NA,NA,NA,NA,NA,NA
0.02491489748810309,0.01701062800632921,dummy-m4z9m2fv,NA,NA,NA,NA,NA,NA,NA,NA
0.03039561281705129,0.04598738277077575,dummy-m55n53zm,NA,NA,NA,NA,NA,NA,NA,NA
0.14761279450386214,0.05993064584441846,dummy-m5ghgyo3,NA,NA,NA,NA,NA,NA,NA,NA
0.01623562216244356,0.0352196744907079,dummy-m5ru5swh,NA,NA,NA,NA,NA,NA,NA,NA
0.104281257009202,0.0595822848987184,dummy-m5udfyz3,NA,NA,NA,NA,NA,NA,NA,NA
0.09182468218869588,0.05445851033180807,dummy-m6c51cxq,NA,NA,NA,NA,NA,NA,NA,NA
0.06260570296676268,0.03818038885274175,dummy-m6hj5iln,NA,NA,NA,NA,NA,NA,NA,NA
0.00520228451250076,0.01507677622804032,dummy-m6sy9bw8,NA,NA,NA,NA,NA,NA,NA,NA
0.6221423851167014,0.05483090692520916,dummy-m6tk1fm2,NA,NA,NA,NA,NA,NA,NA,NA
0.04502503356352601,0.036598409300783,dummy-m71a633m,NA,NA,NA,NA,NA,NA,NA,NA
0.06084999869343816,0.05152060691570093,dummy-m79b0mi2,NA,NA,NA,NA,NA,NA,NA,NA
0.00775584391188211,0.01617177343204722,dummy-m79rwwir,NA,NA,NA,NA,NA,NA,NA,NA
0.00796919296229532,0.01956531809977641,dummy-m85qshoq,NA,NA,NA,NA,NA,NA,NA,NA
0.0804451048422941,0.02082277501088456,dummy-m8bhkz3j,NA,NA,NA,NA,NA,NA,NA,NA
0.02652659798590729,0.01605530248741065,dummy-m8fxjgpn,NA,NA,NA,NA,NA,NA,NA,NA
0.01936581157528439,0.02023161538043609,dummy-m8l6kubz,NA,NA,NA,NA,NA,NA,NA,NA
0.00373606901590117,0.01455720342264163,dummy-m8nny3ua,NA,NA,NA,NA,NA,NA,NA,NA
0.00703719231634044,0.01351900552471462,dummy-m94tykux,NA,NA,NA,NA,NA,NA,NA,NA
0.0126282665099091,0.01627886083047413,dummy-m9j51ik3,NA,NA,NA,NA,NA,NA,NA,NA
0.02236913663615014,0.03263207625304874,dummy-m9jta6e1,NA,NA,NA,NA,NA,NA,NA,NA
0.07487887749050785,0.05473733509546985,dummy-m9nkzmn6,NA,NA,NA,NA,NA,NA,NA,NA
0.17112065589709508,0.07717885363873486,dummy-m9zv21gs,NA,NA,NA,NA,NA,NA,NA,NA
0.1839198745898939,0.06699245428952087,dummy-mbinuwfu,NA,NA,NA,NA,NA,NA,NA,NA
0.17594179282262082,0.08045260381663588,dummy-mc044kwa,NA,NA,NA,NA,NA,NA,NA,NA
0.01081384730554048,0.02858303055304699,dummy-mc1l7q58,NA,NA,NA,NA,NA,NA,NA,NA
0.0036677918679485,0.01579206766084806,dummy-mc2agu5z,NA,NA,NA,NA,NA,NA,NA,NA
0.1713100790966781,0.06301476893843504,dummy-mc93p684,NA,NA,NA,NA,NA,NA,NA,NA
0.20790949091302133,0.10914102318158704,dummy-mcafgh6t,NA,NA,NA,NA,NA,NA,NA,NA
0.14381098023318423,0.10254155528063978,dummy-mcbb5sah,NA,NA,NA,NA,NA,NA,NA,NA
0.01434287011174977,0.02609583221799067,dummy-mccivam2,NA,NA,NA,NA,NA,NA,NA,NA
0.03019609824125075,0.03786250475041079,dummy-mcda9fgu,NA,NA,NA,NA,NA,NA,NA,NA
0.1500639717402115,0.03213817864577019,dummy-mcjh031a,NA,NA,NA,NA,NA,NA,NA,NA
0.15476352073057753,0.01767341723005815,dummy-mcm412ij,NA,NA,NA,NA,NA,NA,NA,NA
0.00999029729667765,0.01378796436254784,dummy-mcz6x181,NA,NA,NA,NA,NA,NA,NA,NA
0.02846903305580135,0.043337492199005,dummy-mde2z9ar,NA,NA,NA,NA,NA,NA,NA,NA
0.11090187732532876,0.01645972289221007,dummy-mdlddo1n,NA,NA,NA,NA,NA,NA,NA,NA
0.1191320533463465,0.0468722343108189,dummy-mdnblv4b,NA,NA,NA,NA,NA,NA,NA,NA
0.1827380548253883,0.04614860050376508,dummy-mdq7r4q7,NA,NA,NA,NA,NA,NA,NA,NA
0.04572169335399043,0.0398328181756699,dummy-me9bq65f,NA,NA,NA,NA,NA,NA,NA,NA
0.14658704131976824,0.07908812947906486,dummy-met8vy3g,NA,NA,NA,NA,NA,NA,NA,NA
0.02406651830838849,0.02337064436315272,dummy-mfposg06,NA,NA,NA,NA,NA,NA,NA,NA
0.14367817270878538,0.05832853064224273,dummy-mfw1j4ez,NA,NA,NA,NA,NA,NA,NA,NA
0.01374026702026474,0.01545875414953868,dummy-mg0i23jl,NA,NA,NA,NA,NA,NA,NA,NA
0.03715529083427186,0.06003211543679867,dummy-mg2gnf6z,NA,NA,NA,NA,NA,NA,NA,NA
0.02142527916704742,0.01659384439803523,dummy-mg2zst05,NA,NA,NA,NA,NA,NA,NA,NA
0.00520008066626087,0.01633463632737591,dummy-mg32ercu,NA,NA,NA,NA,NA,NA,NA,NA
0.01566501678183231,0.01514215024142339,dummy-mg37y4sc,NA,NA,NA,NA,NA,NA,NA,NA
0.18807249865226136,0.08913440249339252,dummy-mg43jlm4,NA,NA,NA,NA,NA,NA,NA,NA
0.10085288502448396,0.0167352409278747,dummy-mg5w217y,NA,NA,NA,NA,NA,NA,NA,NA
0.03200115147237566,0.01770844084940975,dummy-mg7eees7,NA,NA,NA,NA,NA,NA,NA,NA
0.06779510163001526,0.05679196622298548,dummy-mg9hqlek,NA,NA,NA,NA,NA,NA,NA,NA
0.00294943487080538,0.01348107054884067,dummy-mghhcxxt,NA,NA,NA,NA,NA,NA,NA,NA
0.15781113560069132,0.11939818379355904,dummy-mgnbc9p7,NA,NA,NA,NA,NA,NA,NA,NA
0.01495788812605408,0.03499202916723498,dummy-mgwc6ujc,NA,NA,NA,NA,NA,NA,NA,NA
0.09629299343669352,0.04452203491623612,dummy-mh6p48fl,NA,NA,NA,NA,NA,NA,NA,NA
0.11590938248771956,0.05834721769818175,dummy-mhlj9h8t,NA,NA,NA,NA,NA,NA,NA,NA
0.03490759902472577,0.02996536666230403,dummy-mi5220an,NA,NA,NA,NA,NA,NA,NA,NA
0.07746560653692434,0.05845547294897036,dummy-minsedzv,NA,NA,NA,NA,NA,NA,NA,NA
0.04013624066013437,0.05030206687287054,dummy-mivacjqy,NA,NA,NA,NA,NA,NA,NA,NA
0.0868704937915113,0.05364128460223617,dummy-mj1eudal,NA,NA,NA,NA,NA,NA,NA,NA
0.02152264076525869,0.03563513891721649,dummy-mkc7kcug,NA,NA,NA,NA,NA,NA,NA,NA
0.05844248382657643,0.07029713491403053,dummy-mkdkv58d,NA,NA,NA,NA,NA,NA,NA,NA
0.12146711744897468,0.0378651142901306,dummy-mkh5b9xa,NA,NA,NA,NA,NA,NA,NA,NA
0.08468632629899658,0.06669022322625348,dummy-mklaawa4,NA,NA,NA,NA,NA,NA,NA,NA
0.04890422331996367,0.01365423820046892,dummy-mknff644,NA,NA,NA,NA,NA,NA,NA,NA
0.08209863744821334,0.06218835024820664,dummy-mko1al7k,NA,NA,NA,NA,NA,NA,NA,NA
0.2259554777909248,0.08111849956203647,dummy-mkxaelr3,NA,NA,NA,NA,NA,NA,NA,NA
0.07628957490202917,0.03611596426192558,dummy-mkycgzv5,NA,NA,NA,NA,NA,NA,NA,NA
0.1494532311338895,0.05024958624094968,dummy-ml7zvw7s,NA,NA,NA,NA,NA,NA,NA,NA
0.1315272275723383,0.04777306273620442,dummy-mlhw8ciq,NA,NA,NA,NA,NA,NA,NA,NA
0.03315944879526817,0.03277430005086633,dummy-mlp1d1pp,NA,NA,NA,NA,NA,NA,NA,NA
0.02660247835667006,0.05039861874584026,dummy-mlytp0ru,NA,NA,NA,NA,NA,NA,NA,NA
0.01009782432476846,0.01459128749629479,dummy-mm4lk2uq,NA,NA,NA,NA,NA,NA,NA,NA
0.0658042415270438,0.01413477831364857,dummy-mm9e9b6h,NA,NA,NA,NA,NA,NA,NA,NA
0.0950043454797854,0.07111710885718495,dummy-mmigofpu,NA,NA,NA,NA,NA,NA,NA,NA
0.20343219427504736,0.05250990160149568,dummy-mmulkze2,NA,NA,NA,NA,NA,NA,NA,NA
0.11540870811327536,0.05815917362469683,dummy-mn2zqhwe,NA,NA,NA,NA,NA,NA,NA,NA
0.01361119241034105,0.01444333842437239,dummy-mn5d61fi,NA,NA,NA,NA,NA,NA,NA,NA
0.06164968891445242,0.04890118206350306,dummy-mngy8wh5,NA,NA,NA,NA,NA,NA,NA,NA
0.03801083517638228,0.0405282144435815,dummy-mo3jg27d,NA,NA,NA,NA,NA,NA,NA,NA
0.08037218789368844,0.08847391154386752,dummy-mogpcfec,NA,NA,NA,NA,NA,NA,NA,NA
0.02335481376046637,0.04600614581510395,dummy-mooymq8m,NA,NA,NA,NA,NA,NA,NA,NA
0.04843568505336145,0.05056960415959697,dummy-movb2jxk,NA,NA,NA,NA,NA,NA,NA,NA
0.5995836715227775,0.11104459134910952,dummy-mow7km00,NA,NA,NA,NA,NA,NA,NA,NA
0.01623562216244356,0.0352196744907079,dummy-mozl74vl,NA,NA,NA,NA,NA,NA,NA,NA
0.00658615950858351,0.01622576041917092,dummy-mppcmapt,NA,NA,NA,NA,NA,NA,NA,NA
0.396799619311941,0.04959342904385632,dummy-mpr0bfua,NA,NA,NA,NA,NA,NA,NA,NA
0.01344452854057528,0.02966799720902578,dummy-mq0dr4ja,NA,NA,NA,NA,NA,NA,NA,NA
0.02741185819627932,0.03951774835506284,dummy-mq0xkohj,NA,NA,NA,NA,NA,NA,NA,NA
0.03647445728699843,0.0165098599401207,dummy-mq7ef77y,NA,NA,NA,NA,NA,NA,NA,NA
0.3051483282058272,0.07271386937683481,dummy-mq7u0r95,NA,NA,NA,NA,NA,NA,NA,NA
0.06124289645774,0.04127730924558351,dummy-mq8oezlu,NA,NA,NA,NA,NA,NA,NA,NA
0.1707673027853768,0.06235403176917883,dummy-mqb2d0kt,NA,NA,NA,NA,NA,NA,NA,NA
0.01373925231510942,0.02729764771139104,dummy-mqhzd5j4,NA,NA,NA,NA,NA,NA,NA,NA
0.4562430049318541,0.09993997788873006,dummy-mqwxb032,NA,NA,NA,NA,NA,NA,NA,NA
0.01964691025819035,0.02964862732736624,dummy-mrbr02ku,NA,NA,NA,NA,NA,NA,NA,NA
0.2403893691004906,0.06520864244233925,dummy-mrbvmjwe,NA,NA,NA,NA,NA,NA,NA,NA
0.00556072118348462,0.01625875162904622,dummy-mrc5xw38,NA,NA,NA,NA,NA,NA,NA,NA
0.03811850291466744,0.01869309870498108,dummy-mrjb07if,NA,NA,NA,NA,NA,NA,NA,NA
0.05850735774275556,0.04476484387374164,dummy-mrp5jepq,NA,NA,NA,NA,NA,NA,NA,NA
0.03383064732927425,0.01528290160597617,dummy-msl42mr3,NA,NA,NA,NA,NA,NA,NA,NA
0.03351987355502248,0.04064507190597699,dummy-msr7yczj,NA,NA,NA,NA,NA,NA,NA,NA
0.03981642890437258,0.01435082038694469,dummy-mt2bh69j,NA,NA,NA,NA,NA,NA,NA,NA
0.00599117015870331,0.0216498137924911,dummy-mtf13hoj,NA,NA,NA,NA,NA,NA,NA,NA
0.06617552006040374,0.09668323909503136,dummy-mtoofoqb,NA,NA,NA,NA,NA,NA,NA,NA
0.08826654863364243,0.03824177458141016,dummy-mtsk8rb8,NA,NA,NA,NA,NA,NA,NA,NA
0.05068231257154562,0.05101232618086276,dummy-mtx6r1i4,NA,NA,NA,NA,NA,NA,NA,NA
0.18386541453616304,0.05921878280967943,dummy-mumepxoo,NA,NA,NA,NA,NA,NA,NA,NA
0.13295921469719194,0.06179606517088457,dummy-muws40pa,NA,NA,NA,NA,NA,NA,NA,NA
0.04836801387814741,0.03435699608938069,dummy-mv5a8on5,NA,NA,NA,NA,NA,NA,NA,NA
0.02144973378566402,0.0383041364913627,dummy-mv61naj2,NA,NA,NA,NA,NA,NA,NA,NA
0.13567325783724976,0.05610035188059473,dummy-mvf83nt1,NA,NA,NA,NA,NA,NA,NA,NA
0.03687584411042195,0.02955120507875542,dummy-mvhxuxea,NA,NA,NA,NA,NA,NA,NA,NA
0.05041914358385614,0.06820848105750588,dummy-mvo9f0u2,NA,NA,NA,NA,NA,NA,NA,NA
0.02267462433468403,0.01972262786065946,dummy-mwhi7zsi,NA,NA,NA,NA,NA,NA,NA,NA
0.20501265580078776,0.05531807298377951,dummy-mwkk98ip,NA,NA,NA,NA,NA,NA,NA,NA
0.11822492214414372,0.01678605239666545,dummy-mx00417x,NA,NA,NA,NA,NA,NA,NA,NA
0.10469165771169658,0.0589008914091835,dummy-mxaa8i9c,NA,NA,NA,NA,NA,NA,NA,NA
0.514371182370026,0.04894845535942021,dummy-mxmx1kpy,NA,NA,NA,NA,NA,NA,NA,NA
0.06525274291817285,0.04609484272992821,dummy-mxo3nvea,NA,NA,NA,NA,NA,NA,NA,NA
0.10802939947384094,0.03077844483265872,dummy-mxxxu0mx,NA,NA,NA,NA,NA,NA,NA,NA
0.05481671426568028,0.05668066580144319,dummy-mze0urtl,NA,NA,NA,NA,NA,NA,NA,NA
0.04572294490429855,0.01613565362404619,dummy-mzf55ar4,NA,NA,NA,NA,NA,NA,NA,NA
0.00840183544888459,0.01933985227915112,dummy-mzz55egf,NA,NA,NA,NA,NA,NA,NA,NA
0.13527765432571623,0.06440063172496618,dummy-n0iao367,NA,NA,NA,NA,NA,NA,NA,NA
0.03005898204093989,0.0384582603069134,dummy-n0q8a7gx,NA,NA,NA,NA,NA,NA,NA,NA
0.04408840359959722,0.01583400168569711,dummy-n0utnku8,NA,NA,NA,NA,NA,NA,NA,NA
0.06527415663078366,0.0395429550406018,dummy-n0wl3r9z,NA,NA,NA,NA,NA,NA,NA,NA
0.1283632817275643,0.06899060799716501,dummy-n17evksy,NA,NA,NA,NA,NA,NA,NA,NA
0.0764812509974297,0.04324497717804017,dummy-n1a2m5nw,NA,NA,NA,NA,NA,NA,NA,NA
0.00261324132680625,0.01163349898031682,dummy-n1he4s6r,NA,NA,NA,NA,NA,NA,NA,NA
0.00614493984307464,0.01937692865112205,dummy-n1o8dtdd,NA,NA,NA,NA,NA,NA,NA,NA
0.02508551909983877,0.05066208240818153,dummy-n1q3ibnq,NA,NA,NA,NA,NA,NA,NA,NA
0.105911257564979,0.06710984908081447,dummy-n1t84o2t,NA,NA,NA,NA,NA,NA,NA,NA
0.00251232647982224,0.0169839968697601,dummy-n1vuhdul,NA,NA,NA,NA,NA,NA,NA,NA
0.02299971484030574,0.05039557582634155,dummy-n2lapxk3,NA,NA,NA,NA,NA,NA,NA,NA
0.07604836414520874,0.06887078199481445,dummy-n2lmuqze,NA,NA,NA,NA,NA,NA,NA,NA
0.01902037478533172,0.03361749952207148,dummy-n2uqnvc9,NA,NA,NA,NA,NA,NA,NA,NA
0.02795361813796596,0.03270454888790031,dummy-n30p8ool,NA,NA,NA,NA,NA,NA,NA,NA
0.01036601816845093,0.02607788186132909,dummy-n31cr0cp,NA,NA,NA,NA,NA,NA,NA,NA
0.03675085720881802,0.04191769509677275,dummy-n33hczc9,NA,NA,NA,NA,NA,NA,NA,NA
0.00239856016969836,0.01520641204603842,dummy-n3943lzc,NA,NA,NA,NA,NA,NA,NA,NA
0.18626109046223285,0.0624379534238057,dummy-n3jpmwyn,NA,NA,NA,NA,NA,NA,NA,NA
0.02999341760716721,0.01705315404973569,dummy-n3qyit2t,NA,NA,NA,NA,NA,NA,NA,NA
0.01260940046614605,0.03200434045484058,dummy-n3zsrcqv,NA,NA,NA,NA,NA,NA,NA,NA
0.16062719955067234,0.05763687823711624,dummy-n4d7ibvw,NA,NA,NA,NA,NA,NA,NA,NA
0.00255831960068674,0.0129777590114095,dummy-n4ozg1ca,NA,NA,NA,NA,NA,NA,NA,NA
0.03810681214644276,0.01867339879738866,dummy-n55vin1t,NA,NA,NA,NA,NA,NA,NA,NA
0.01002250313997742,0.02567748400898432,dummy-n5ln1y6g,NA,NA,NA,NA,NA,NA,NA,NA
0.01129199399745492,0.02428442343856548,dummy-n5oaakhg,NA,NA,NA,NA,NA,NA,NA,NA
0.1705161503882704,0.0696576821106929,dummy-n5t41tq1,NA,NA,NA,NA,NA,NA,NA,NA
0.03777675922415659,0.03241092446482758,dummy-n6e4qtyw,NA,NA,NA,NA,NA,NA,NA,NA
0.12156368285270636,0.10144244801754018,dummy-n6sc4us0,NA,NA,NA,NA,NA,NA,NA,NA
0.15627320648354068,0.07873300422376309,dummy-n73alzoi,NA,NA,NA,NA,NA,NA,NA,NA
0.11512899244567844,0.02917550194474802,dummy-n7fuke35,NA,NA,NA,NA,NA,NA,NA,NA
0.00502589475849083,0.01272938292180969,dummy-n7jc147t,NA,NA,NA,NA,NA,NA,NA,NA
0.086770463707738,0.0451417592046552,dummy-n7w9w1k4,NA,NA,NA,NA,NA,NA,NA,NA
0.02527808579585953,0.03163373140913695,dummy-n8tut3uc,NA,NA,NA,NA,NA,NA,NA,NA
0.02606311454862925,0.03439217893974092,dummy-n90obkls,NA,NA,NA,NA,NA,NA,NA,NA
0.01343075495608501,0.01545875267748716,dummy-n98alass,NA,NA,NA,NA,NA,NA,NA,NA
0.0437214252726325,0.01664994945162775,dummy-na2bwvil,NA,NA,NA,NA,NA,NA,NA,NA
0.274000483264037,0.06783929612909498,dummy-na6bq4ep,NA,NA,NA,NA,NA,NA,NA,NA
0.16460945686567885,0.04129294803675263,dummy-nannrwxl,NA,NA,NA,NA,NA,NA,NA,NA
0.08782321111535847,0.09217617675275726,dummy-naxnu4zh,NA,NA,NA,NA,NA,NA,NA,NA
0.03351987355502248,0.04064507190597699,dummy-nbmqgyli,NA,NA,NA,NA,NA,NA,NA,NA
0.07161381980339826,0.04059942267441862,dummy-nbyy09og,NA,NA,NA,NA,NA,NA,NA,NA
0.11126248669410088,0.0572630240663739,dummy-nbzwr68n,NA,NA,NA,NA,NA,NA,NA,NA
0.05548786634239287,0.01448837339372266,dummy-nc81ue09,NA,NA,NA,NA,NA,NA,NA,NA
0.07077582260137133,0.04779933287098336,dummy-ncb1u1zo,NA,NA,NA,NA,NA,NA,NA,NA
0.07376630699476429,0.05056709906930796,dummy-nd6chh5j,NA,NA,NA,NA,NA,NA,NA,NA
0.04565313368867926,0.04176372441357317,dummy-ne5xt0su,NA,NA,NA,NA,NA,NA,NA,NA
0.06700301382813703,0.0349428298098178,dummy-nebn11sb,NA,NA,NA,NA,NA,NA,NA,NA
0.1319654072114078,0.06079543839464486,dummy-neejoiih,NA,NA,NA,NA,NA,NA,NA,NA
0.04635741134741682,0.04580638652118753,dummy-neois7yh,NA,NA,NA,NA,NA,NA,NA,NA
0.02795361813796596,0.03270454888790031,dummy-nf732teb,NA,NA,NA,NA,NA,NA,NA,NA
0.01535554107910479,0.01553657848729408,dummy-nf9a0vp1,NA,NA,NA,NA,NA,NA,NA,NA
0.00651672096285055,0.01537897224544258,dummy-nfhrqw8m,NA,NA,NA,NA,NA,NA,NA,NA
0.0790633738950317,0.05581330123883238,dummy-nfiotaq1,NA,NA,NA,NA,NA,NA,NA,NA
0.01842253931351854,0.02801967552158082,dummy-nfvm4nr3,NA,NA,NA,NA,NA,NA,NA,NA
0.12022606490678032,0.08579273883305052,dummy-nfvmw7h5,NA,NA,NA,NA,NA,NA,NA,NA
0.0122787337994371,0.02507149370261861,dummy-ngkpxrbc,NA,NA,NA,NA,NA,NA,NA,NA
0.00944428060274408,0.02663325258816411,dummy-ngqbsbl5,NA,NA,NA,NA,NA,NA,NA,NA
0.08516046782403025,0.0441123906795691,dummy-ngvuqa23,NA,NA,NA,NA,NA,NA,NA,NA
0.07415719014684503,0.04939056739413836,dummy-nh7jmuyd,NA,NA,NA,NA,NA,NA,NA,NA
0.02903228227964907,0.04235159715843395,dummy-nh8jaz95,NA,NA,NA,NA,NA,NA,NA,NA
0.01912607861801841,0.03727062363162229,dummy-nhvkanxj,NA,NA,NA,NA,NA,NA,NA,NA
0.19216538117922585,0.08922859528320835,dummy-ni7hbqwn,NA,NA,NA,NA,NA,NA,NA,NA
0.02072049657931977,0.03694119862921538,dummy-nifdz11m,NA,NA,NA,NA,NA,NA,NA,NA
0.3123650956027958,0.1527616302439171,dummy-nixv0l09,NA,NA,NA,NA,NA,NA,NA,NA
0.10076470884876391,0.01632387081155432,dummy-niyys8lq,NA,NA,NA,NA,NA,NA,NA,NA
0.01876441626613118,0.03526545405308757,dummy-nj5xwhve,NA,NA,NA,NA,NA,NA,NA,NA
0.07330720908651008,0.05406455053812815,dummy-njkp8ti6,NA,NA,NA,NA,NA,NA,NA,NA
0.18076916586034225,0.02022612290162166,dummy-njplkxga,NA,NA,NA,NA,NA,NA,NA,NA
0.08276073203335621,0.04387845202309685,dummy-nkgwr60g,NA,NA,NA,NA,NA,NA,NA,NA
0.01849784263345194,0.03346543332733715,dummy-nkis3t92,NA,NA,NA,NA,NA,NA,NA,NA
0.03503246388255564,0.03203440429924776,dummy-nl06ev6c,NA,NA,NA,NA,NA,NA,NA,NA
0.08398195002722847,0.05703724142319383,dummy-nl0gdzww,NA,NA,NA,NA,NA,NA,NA,NA
0.0209892296741145,0.01650909507031092,dummy-nl13nfcn,NA,NA,NA,NA,NA,NA,NA,NA
0.01647310149255483,0.01526422425055058,dummy-nl1hhypm,NA,NA,NA,NA,NA,NA,NA,NA
0.08421818332485326,0.07207372688330352,dummy-nlo2ni3j,NA,NA,NA,NA,NA,NA,NA,NA
0.13797584023939305,0.07913504380971959,dummy-nlpr8vl1,NA,NA,NA,NA,NA,NA,NA,NA
0.08873247231073317,0.04967019804026678,dummy-nlqaidrm,NA,NA,NA,NA,NA,NA,NA,NA
0.2498034199907617,0.05250440419382798,dummy-nlsp1hdd,NA,NA,NA,NA,NA,NA,NA,NA
0.02147547124935781,0.0334708617220586,dummy-nltdxjuu,NA,NA,NA,NA,NA,NA,NA,NA
0.1353314665664432,0.08291229945468288,dummy-nm0o51yl,NA,NA,NA,NA,NA,NA,NA,NA
0.07484426498073023,0.03643986373083392,dummy-nm5r4kpc,NA,NA,NA,NA,NA,NA,NA,NA
0.0859478312202839,0.03822706341253106,dummy-nn03jvxn,NA,NA,NA,NA,NA,NA,NA,NA
0.08844420428164752,0.04558481831802271,dummy-nn7aoj0p,NA,NA,NA,NA,NA,NA,NA,NA
0.00250253954626517,0.01232022647430537,dummy-nn7zhwtk,NA,NA,NA,NA,NA,NA,NA,NA
0.00320379523319385,0.01412399181920081,dummy-nnbmnuwn,NA,NA,NA,NA,NA,NA,NA,NA
0.06713093652870236,0.05939270104930939,dummy-nnh45pz5,NA,NA,NA,NA,NA,NA,NA,NA
0.0032159559065241,0.01533383220559817,dummy-nnl3z1ce,NA,NA,NA,NA,NA,NA,NA,NA
0.01114145056114744,0.02684168792647251,dummy-nnr2pfbp,NA,NA,NA,NA,NA,NA,NA,NA
0.00733899092329806,0.01859327769015516,dummy-no48zl6b,NA,NA,NA,NA,NA,NA,NA,NA
0.10676312394102688,0.06925743493681585,dummy-no78mc0u,NA,NA,NA,NA,NA,NA,NA,NA
0.07956602134672734,0.0744317866684293,dummy-noar15ab,NA,NA,NA,NA,NA,NA,NA,NA
0.01781311434101191,0.03156230718872999,dummy-nofevtuq,NA,NA,NA,NA,NA,NA,NA,NA
0.12108022178674575,0.04187122531633903,dummy-nolza073,NA,NA,NA,NA,NA,NA,NA,NA
0.00419645477769718,0.01362765023070788,dummy-novbihdw,NA,NA,NA,NA,NA,NA,NA,NA
0.03460633237261384,0.04878453036940723,dummy-noz086oz,NA,NA,NA,NA,NA,NA,NA,NA
0.00248442580282694,0.0122235553516808,dummy-np2rwn38,NA,NA,NA,NA,NA,NA,NA,NA
0.18710789280606616,0.05205742332030078,dummy-nphyjzf2,NA,NA,NA,NA,NA,NA,NA,NA
1.2040281507286743,0.04321968960892344,dummy-nq4h48n6,NA,NA,NA,NA,NA,NA,NA,NA
0.13383073469145187,0.06488203401776366,dummy-nqb43ow1,NA,NA,NA,NA,NA,NA,NA,NA
0.07970140354919149,0.04859749806857576,dummy-nqh4x4en,NA,NA,NA,NA,NA,NA,NA,NA
0.02132191298576655,0.0135810336272973,dummy-nqjy3h3i,NA,NA,NA,NA,NA,NA,NA,NA
0.05447728334098673,0.0193284302589178,dummy-nqpb6mym,NA,NA,NA,NA,NA,NA,NA,NA
0.02791058019965464,0.03156930803498091,dummy-nqpxkbnn,NA,NA,NA,NA,NA,NA,NA,NA
0.11640022164044904,0.0811862049823035,dummy-nqy7mjj2,NA,NA,NA,NA,NA,NA,NA,NA
0.01067503690559783,0.02409904415987665,dummy-nrba3eyc,NA,NA,NA,NA,NA,NA,NA,NA
0.08958368566675534,0.03867159720754912,dummy-nrixwrrg,NA,NA,NA,NA,NA,NA,NA,NA
0.04311904593876031,0.05891456344681516,dummy-nrnw29uq,NA,NA,NA,NA,NA,NA,NA,NA
0.14835070160281277,0.05996531559562309,dummy-nrqt4bsu,NA,NA,NA,NA,NA,NA,NA,NA
0.0224451823425728,0.01562283366325399,dummy-ns3ij1g5,NA,NA,NA,NA,NA,NA,NA,NA
0.04848347652032762,0.04747433309257916,dummy-ns42ijt4,NA,NA,NA,NA,NA,NA,NA,NA
0.0732207812672675,0.05285452973999469,dummy-nsaxg9pc,NA,NA,NA,NA,NA,NA,NA,NA
0.01840760564902009,0.02210470124841219,dummy-nsvm5l4d,NA,NA,NA,NA,NA,NA,NA,NA
0.04725251751621111,0.05034434516112532,dummy-nt1kfx5g,NA,NA,NA,NA,NA,NA,NA,NA
0.05705843286651601,0.02988075042829098,dummy-nt6kimup,NA,NA,NA,NA,NA,NA,NA,NA
0.03517788392006608,0.03507916706353646,dummy-ntajkgwk,NA,NA,NA,NA,NA,NA,NA,NA
0.00759132044351236,0.0253689384836405,dummy-ntcji8i9,NA,NA,NA,NA,NA,NA,NA,NA
0.00490856822981186,0.01509468512535995,dummy-ntsv80c7,NA,NA,NA,NA,NA,NA,NA,NA
0.02112769059710074,0.03649104116277692,dummy-ntvajuil,NA,NA,NA,NA,NA,NA,NA,NA
0.18908091866472151,0.07181612999947196,dummy-ntzqih7b,NA,NA,NA,NA,NA,NA,NA,NA
0.3181336496023936,0.05458760402858328,dummy-nu1ncz1e,NA,NA,NA,NA,NA,NA,NA,NA
0.02751051854655953,0.01630001907263857,dummy-nuchow7n,NA,NA,NA,NA,NA,NA,NA,NA
0.653036039667572,0.05483090431638009,dummy-nul11ljt,NA,NA,NA,NA,NA,NA,NA,NA
0.22476105069836383,0.07573075709052461,dummy-nup6dnv3,NA,NA,NA,NA,NA,NA,NA,NA
0.18842235239769745,0.06023392124472136,dummy-nupgrx29,NA,NA,NA,NA,NA,NA,NA,NA
0.11566387317306376,0.04569046783402952,dummy-nutio7am,NA,NA,NA,NA,NA,NA,NA,NA
0.1384964589828136,0.08294471784114466,dummy-nutlnbr4,NA,NA,NA,NA,NA,NA,NA,NA
0.12932512126471424,0.05402971604594842,dummy-nvan1nu3,NA,NA,NA,NA,NA,NA,NA,NA
0.0120434072374054,0.02525263589485357,dummy-nvjn36pq,NA,NA,NA,NA,NA,NA,NA,NA
0.08779790880036008,0.04461218699951829,dummy-nvt3j3a2,NA,NA,NA,NA,NA,NA,NA,NA
0.07144672282492778,0.04186728687005431,dummy-nw6m8cr7,NA,NA,NA,NA,NA,NA,NA,NA
0.1438040460838921,0.04726609140312398,dummy-nwm3nxgl,NA,NA,NA,NA,NA,NA,NA,NA
0.15464079277801046,0.04956141838461021,dummy-nwn2b6kj,NA,NA,NA,NA,NA,NA,NA,NA
0.5476885297960445,0.108676536463243,dummy-nx7ta0rp,NA,NA,NA,NA,NA,NA,NA,NA
0.02104764024732565,0.01656232741374079,dummy-nxcb02o1,NA,NA,NA,NA,NA,NA,NA,NA
0.07414108161029112,0.05881921515771529,dummy-nxs12ekv,NA,NA,NA,NA,NA,NA,NA,NA
0.07533631605982535,0.03259955532259082,dummy-nxt47jyd,NA,NA,NA,NA,NA,NA,NA,NA
0.08395736313451722,0.06307516289538512,dummy-ny61qeak,NA,NA,NA,NA,NA,NA,NA,NA
0.0449201740965573,0.03725464316898291,dummy-nyflm03n,NA,NA,NA,NA,NA,NA,NA,NA
0.1399430734743552,0.05351431326333626,dummy-nyurhxud,NA,NA,NA,NA,NA,NA,NA,NA
0.00626682631022911,0.01514769189847822,dummy-nz2v8koq,NA,NA,NA,NA,NA,NA,NA,NA
0.05871310251070531,0.0471266286660512,dummy-nzl5v5dq,NA,NA,NA,NA,NA,NA,NA,NA
0.10769989857810848,0.06738300436981282,dummy-nzsoc4tg,NA,NA,NA,NA,NA,NA,NA,NA
0.03808249946426659,0.01917774507599488,dummy-nzuuoz19,NA,NA,NA,NA,NA,NA,NA,NA
0.08782321111535847,0.09217617675275726,dummy-nzydcb2u,NA,NA,NA,NA,NA,NA,NA,NA
0.0112761148900593,0.02889600054000538,dummy-o007tfx0,NA,NA,NA,NA,NA,NA,NA,NA
0.07053381566276755,0.03253945078816146,dummy-o02jn9or,NA,NA,NA,NA,NA,NA,NA,NA
0.01803804569816057,0.02002549460840984,dummy-o0h27960,NA,NA,NA,NA,NA,NA,NA,NA
0.06593736208003405,0.07773354940686987,dummy-o0k1eeih,NA,NA,NA,NA,NA,NA,NA,NA
0.07539104929333726,0.07676987352758276,dummy-o0wy8tpt,NA,NA,NA,NA,NA,NA,NA,NA
0.03210693891018902,0.03867474040393274,dummy-o12vdn4a,NA,NA,NA,NA,NA,NA,NA,NA
0.06598098006933954,0.03126237996893274,dummy-o1kx2i0q,NA,NA,NA,NA,NA,NA,NA,NA
0.00708275816447222,0.01396539887435707,dummy-o1rt54gi,NA,NA,NA,NA,NA,NA,NA,NA
0.12323199609036573,0.03998894329211569,dummy-o1w4f0nx,NA,NA,NA,NA,NA,NA,NA,NA
0.1091516567209663,0.04586426151280871,dummy-o23in1qf,NA,NA,NA,NA,NA,NA,NA,NA
0.04029410213242317,0.06148389934682989,dummy-o23v7zdt,NA,NA,NA,NA,NA,NA,NA,NA
0.07970140354919149,0.04859749806857576,dummy-o2ipeo8e,NA,NA,NA,NA,NA,NA,NA,NA
0.14360920216737097,0.07249819614187816,dummy-o2kfa0q2,NA,NA,NA,NA,NA,NA,NA,NA
3.48254131052089,0.1129420570093781,dummy-o2q1bjrq,NA,NA,NA,NA,NA,NA,NA,NA
0.22532255294486797,0.1647097131200518,dummy-o2wz13y6,NA,NA,NA,NA,NA,NA,NA,NA
0.06123480103245177,0.01650032616097365,dummy-o3bpkycd,NA,NA,NA,NA,NA,NA,NA,NA
0.1011399021929649,0.03920357299596358,dummy-o3mspb5p,NA,NA,NA,NA,NA,NA,NA,NA
0.00826855799927638,0.0142407097586919,dummy-o3q4api9,NA,NA,NA,NA,NA,NA,NA,NA
0.11928841876701808,0.06341439856117642,dummy-o3qusmwd,NA,NA,NA,NA,NA,NA,NA,NA
0.06753122100617774,0.05798364215834012,dummy-o3vw59mk,NA,NA,NA,NA,NA,NA,NA,NA
0.08832706581379396,0.0554935118730039,dummy-o43v6x4w,NA,NA,NA,NA,NA,NA,NA,NA
0.0176599300914719,0.01806495456492695,dummy-o44717gp,NA,NA,NA,NA,NA,NA,NA,NA
0.22478365854306823,0.12440469922263887,dummy-o4u46vsi,NA,NA,NA,NA,NA,NA,NA,NA
0.14108917639645155,0.06447195839952194,dummy-o4zf4s1m,NA,NA,NA,NA,NA,NA,NA,NA
0.4633288192486285,0.04556667657219081,dummy-o53jcrh0,NA,NA,NA,NA,NA,NA,NA,NA
0.02716208283828976,0.02629929858713823,dummy-o5j16f4g,NA,NA,NA,NA,NA,NA,NA,NA
0.04503933832846015,0.03978730019077383,dummy-o5saijmw,NA,NA,NA,NA,NA,NA,NA,NA
0.404502369328665,0.05246952624770097,dummy-o5wvbm0k,NA,NA,NA,NA,NA,NA,NA,NA
0.02990369561694525,0.04925981806694059,dummy-o64bql3r,NA,NA,NA,NA,NA,NA,NA,NA
0.1577050383554814,0.04250562709988375,dummy-o6ilkgwf,NA,NA,NA,NA,NA,NA,NA,NA
0.00400036797363075,0.02003492224043071,dummy-o6j6gt56,NA,NA,NA,NA,NA,NA,NA,NA
0.04872661344308048,0.04075037144248431,dummy-o6k48ea6,NA,NA,NA,NA,NA,NA,NA,NA
0.09684081289245378,0.0618853213217541,dummy-o6qcd7s7,NA,NA,NA,NA,NA,NA,NA,NA
0.01348068328996712,0.02761150078196236,dummy-o7cguzfm,NA,NA,NA,NA,NA,NA,NA,NA
0.0846428127302983,0.03648277626177846,dummy-o7guhgzb,NA,NA,NA,NA,NA,NA,NA,NA
0.0719367882480339,0.04513067675267577,dummy-o7j04j9z,NA,NA,NA,NA,NA,NA,NA,NA
0.07174196710072783,0.062541783755096,dummy-o7qydm0n,NA,NA,NA,NA,NA,NA,NA,NA
0.10734232575074812,0.04753376958890037,dummy-o88r3iw2,NA,NA,NA,NA,NA,NA,NA,NA
0.0071984154975141,0.01397388665647178,dummy-o8k3jj1q,NA,NA,NA,NA,NA,NA,NA,NA
0.3985565830168757,0.05006638486377592,dummy-o8ooa4gy,NA,NA,NA,NA,NA,NA,NA,NA
0.01523263232777031,0.02741801313515412,dummy-o8pvo9on,NA,NA,NA,NA,NA,NA,NA,NA
0.06680050522508903,0.03650570563442362,dummy-o9eyjc38,NA,NA,NA,NA,NA,NA,NA,NA
0.00234343925308654,0.01149450168520925,dummy-o9h9lt3j,NA,NA,NA,NA,NA,NA,NA,NA
0.03233843085529812,0.04261896990170228,dummy-o9lqy84v,NA,NA,NA,NA,NA,NA,NA,NA
0.06325490819586109,0.05868278217504304,dummy-o9of2lky,NA,NA,NA,NA,NA,NA,NA,NA
0.12490943173036416,0.04819651553824829,dummy-o9op58y4,NA,NA,NA,NA,NA,NA,NA,NA
0.11942093475443258,0.06910524381300769,dummy-oa1qjda6,NA,NA,NA,NA,NA,NA,NA,NA
0.04205043966865234,0.03921559742131221,dummy-oa54gxyu,NA,NA,NA,NA,NA,NA,NA,NA
0.0250764559535552,0.03799263195374405,dummy-oaal75x1,NA,NA,NA,NA,NA,NA,NA,NA
0.04529655949510765,0.04543184313273803,dummy-oabwklxn,NA,NA,NA,NA,NA,NA,NA,NA
0.00633328115832481,0.01490278835865316,dummy-oaeqn9fw,NA,NA,NA,NA,NA,NA,NA,NA
0.07230452612580862,0.03611107273077586,dummy-oberalav,NA,NA,NA,NA,NA,NA,NA,NA
0.23795471424903344,0.06784390530207704,dummy-obiy77dh,NA,NA,NA,NA,NA,NA,NA,NA
0.01728781131356459,0.01460402447976415,dummy-obl2vhv2,NA,NA,NA,NA,NA,NA,NA,NA
0.11465831910919218,0.05037377592741337,dummy-obpcqzt0,NA,NA,NA,NA,NA,NA,NA,NA
0.01316027758035646,0.02757283891513558,dummy-obustvc0,NA,NA,NA,NA,NA,NA,NA,NA
0.08174326440698694,0.04907987968942557,dummy-obww284q,NA,NA,NA,NA,NA,NA,NA,NA
0.02846903305580135,0.043337492199005,dummy-oc105m6m,NA,NA,NA,NA,NA,NA,NA,NA
0.06873736465076845,0.07713558818152956,dummy-octqvz08,NA,NA,NA,NA,NA,NA,NA,NA
0.01793970630649995,0.01815328754219627,dummy-octumjm3,NA,NA,NA,NA,NA,NA,NA,NA
0.05367052465043014,0.06209744677892764,dummy-ocyf3wtk,NA,NA,NA,NA,NA,NA,NA,NA
0.08060661102610785,0.04351623106447835,dummy-od7gskyl,NA,NA,NA,NA,NA,NA,NA,NA
0.07352054535357605,0.03178817060086297,dummy-od97ljsw,NA,NA,NA,NA,NA,NA,NA,NA
0.04379566926560122,0.03750977778876301,dummy-odyzeb3h,NA,NA,NA,NA,NA,NA,NA,NA
0.09560986461876068,0.10288201565170998,dummy-oez66hzq,NA,NA,NA,NA,NA,NA,NA,NA
0.14624536766529975,0.05940067017113457,dummy-of4s5bi5,NA,NA,NA,NA,NA,NA,NA,NA
0.05819140824786845,0.05202195791988462,dummy-ofhcqd59,NA,NA,NA,NA,NA,NA,NA,NA
0.1133935386390989,0.05234396867687209,dummy-ofhttg12,NA,NA,NA,NA,NA,NA,NA,NA
0.13599495353554997,0.04704376400954734,dummy-ofutcwp6,NA,NA,NA,NA,NA,NA,NA,NA
0.00301689079123005,0.01180500056734719,dummy-ofwtmbqp,NA,NA,NA,NA,NA,NA,NA,NA
0.04471518394811157,0.040109946447693,dummy-ofy5zh8a,NA,NA,NA,NA,NA,NA,NA,NA
0.13643008908660748,0.09700019798919368,dummy-og1kzsnj,NA,NA,NA,NA,NA,NA,NA,NA
0.0692035140484981,0.07236253152853932,dummy-og6b3gxe,NA,NA,NA,NA,NA,NA,NA,NA
0.07282098344237199,0.0168205792626333,dummy-ogms7cx7,NA,NA,NA,NA,NA,NA,NA,NA
0.0610497160966523,0.03900677197615416,dummy-ogp81n0t,NA,NA,NA,NA,NA,NA,NA,NA
0.01248406397199204,0.03081726286995245,dummy-ogqjpent,NA,NA,NA,NA,NA,NA,NA,NA
0.10818198245682924,0.05654707914249454,dummy-ogym61ze,NA,NA,NA,NA,NA,NA,NA,NA
0.19960809378872896,0.09391032163395303,dummy-oh8v5ygf,NA,NA,NA,NA,NA,NA,NA,NA
0.0044404004193089,0.01952371131606097,dummy-ohawl4ip,NA,NA,NA,NA,NA,NA,NA,NA
0.077693689464668,0.06284004046564741,dummy-ohn2pp5l,NA,NA,NA,NA,NA,NA,NA,NA
0.09358769832883566,0.09825278836198692,dummy-ohoqqpdv,NA,NA,NA,NA,NA,NA,NA,NA
0.04489168736413524,0.04894079047122769,dummy-oia8zvo6,NA,NA,NA,NA,NA,NA,NA,NA
0.05295285607274132,0.05050639074911209,dummy-oinnhmo1,NA,NA,NA,NA,NA,NA,NA,NA
0.03973628692423034,0.04813965734154384,dummy-oitbrxnh,NA,NA,NA,NA,NA,NA,NA,NA
0.06672797706572729,0.01612803613115572,dummy-oiyxrz5t,NA,NA,NA,NA,NA,NA,NA,NA
0.1950726772757771,0.06262734753029298,dummy-oj4ohx36,NA,NA,NA,NA,NA,NA,NA,NA
0.08912636457815568,0.04457742341239877,dummy-ojfgs0qz,NA,NA,NA,NA,NA,NA,NA,NA
0.0329302730849945,0.03942754099866436,dummy-ojy9974y,NA,NA,NA,NA,NA,NA,NA,NA
0.10194608342220277,0.04722922157626933,dummy-ok0pm75p,NA,NA,NA,NA,NA,NA,NA,NA
0.13477454817821485,0.0319934886398714,dummy-ok4k9w9t,NA,NA,NA,NA,NA,NA,NA,NA
0.00419359869050223,0.01360031213480584,dummy-ok68qgxx,NA,NA,NA,NA,NA,NA,NA,NA
0.2241704697320989,0.07329324675111468,dummy-okrft4et,NA,NA,NA,NA,NA,NA,NA,NA
0.17749725294979124,0.05953869150742978,dummy-olarv8i0,NA,NA,NA,NA,NA,NA,NA,NA
0.1535234133732383,0.06729765339496531,dummy-oldc5iij,NA,NA,NA,NA,NA,NA,NA,NA
0.11783952015914675,0.05054631681023864,dummy-ole3jjyp,NA,NA,NA,NA,NA,NA,NA,NA
0.04213179271650714,0.03461064516299207,dummy-olmjo32d,NA,NA,NA,NA,NA,NA,NA,NA
0.01373925231510942,0.02729764771139104,dummy-olw23kwz,NA,NA,NA,NA,NA,NA,NA,NA
0.00322528991252256,0.01537165975136312,dummy-om4r310r,NA,NA,NA,NA,NA,NA,NA,NA
0.2497210362327349,0.09429698721260214,dummy-oma0c1x1,NA,NA,NA,NA,NA,NA,NA,NA
0.06881928461530809,0.05944954344551924,dummy-omjep6s0,NA,NA,NA,NA,NA,NA,NA,NA
0.03543295523420878,0.03254912308904868,dummy-omvux4zz,NA,NA,NA,NA,NA,NA,NA,NA
0.0451419372550004,0.04636488313822427,dummy-omywvcce,NA,NA,NA,NA,NA,NA,NA,NA
0.9217881954810604,0.0685879641714479,dummy-on6j6uzt,NA,NA,NA,NA,NA,NA,NA,NA
0.03052290425139429,0.01697984881149931,dummy-on976kix,NA,NA,NA,NA,NA,NA,NA,NA
0.0480247910280295,0.05189523083712599,dummy-onfddcw7,NA,NA,NA,NA,NA,NA,NA,NA
0.286326683292348,0.05630823505340504,dummy-oop3xodn,NA,NA,NA,NA,NA,NA,NA,NA
0.13465979627126082,0.04947165800477209,dummy-op2yg5q5,NA,NA,NA,NA,NA,NA,NA,NA
0.03326948334946006,0.0327143326830574,dummy-opn4gfm9,NA,NA,NA,NA,NA,NA,NA,NA
0.01428538502706866,0.02828763419405701,dummy-opzwuo6b,NA,NA,NA,NA,NA,NA,NA,NA
0.02340328177057869,0.01971523393402225,dummy-oqeu1qs6,NA,NA,NA,NA,NA,NA,NA,NA
0.06440316555193036,0.0965196198405854,dummy-oqirf04w,NA,NA,NA,NA,NA,NA,NA,NA
0.02189399336111124,0.02955584121955837,dummy-ore7bt26,NA,NA,NA,NA,NA,NA,NA,NA
0.00626682631022911,0.01514769189847822,dummy-orm0hpvf,NA,NA,NA,NA,NA,NA,NA,NA
0.05821781490699261,0.06619064328006631,dummy-os0k7kry,NA,NA,NA,NA,NA,NA,NA,NA
1.263132445224726,0.05825430992346492,dummy-os3mbcbf,NA,NA,NA,NA,NA,NA,NA,NA
0.05750771404110703,0.0508864724980504,dummy-os451cv7,NA,NA,NA,NA,NA,NA,NA,NA
0.2224828864991193,0.07329324706208465,dummy-osl2b32k,NA,NA,NA,NA,NA,NA,NA,NA
0.03142031912604869,0.03763661755653844,dummy-osr06c9t,NA,NA,NA,NA,NA,NA,NA,NA
0.00800530534099663,0.02627443634873831,dummy-otc6nd2p,NA,NA,NA,NA,NA,NA,NA,NA
0.08609818873041472,0.04369239109149636,dummy-otloje61,NA,NA,NA,NA,NA,NA,NA,NA
0.03491351212871852,0.04766920044998897,dummy-otpcfltq,NA,NA,NA,NA,NA,NA,NA,NA
0.11503911971961148,0.05003215297575007,dummy-ott6k6a5,NA,NA,NA,NA,NA,NA,NA,NA
0.00718627830900396,0.02387272127986847,dummy-otv9gd0j,NA,NA,NA,NA,NA,NA,NA,NA
0.03825677649634628,0.04988360848706388,dummy-ouwdrxld,NA,NA,NA,NA,NA,NA,NA,NA
0.06663997869672468,0.06375299910330584,dummy-ov15qxo9,NA,NA,NA,NA,NA,NA,NA,NA
0.10154340844265758,0.01974124354399603,dummy-ov8qxk45,NA,NA,NA,NA,NA,NA,NA,NA
0.1308691999640064,0.05219284058269879,dummy-ovezdezp,NA,NA,NA,NA,NA,NA,NA,NA
0.06156075369022588,0.04579324077616896,dummy-ovogj3i6,NA,NA,NA,NA,NA,NA,NA,NA
0.00279814713124153,0.01172374825868582,dummy-ovych7qo,NA,NA,NA,NA,NA,NA,NA,NA
0.01316027758035646,0.02757283891513558,dummy-ow0xffg8,NA,NA,NA,NA,NA,NA,NA,NA
0.21035021450372215,0.06144044388657421,dummy-ow1xpri6,NA,NA,NA,NA,NA,NA,NA,NA
0.02111809169783169,0.02077196911956195,dummy-ox8cpxy9,NA,NA,NA,NA,NA,NA,NA,NA
0.00398151110485116,0.01300373396470017,dummy-oxd1qg59,NA,NA,NA,NA,NA,NA,NA,NA
0.1927353143199824,0.04423327481660844,dummy-oxfjcgta,NA,NA,NA,NA,NA,NA,NA,NA
0.00234750523242523,0.01155486438601526,dummy-oxuw4de1,NA,NA,NA,NA,NA,NA,NA,NA
0.16646130827535033,0.0589981510677552,dummy-oxwi2hli,NA,NA,NA,NA,NA,NA,NA,NA
0.08022856089645146,0.06393748354308484,dummy-oxzek9hr,NA,NA,NA,NA,NA,NA,NA,NA
0.1862706236391909,0.0680169790033395,dummy-oybgkml4,NA,NA,NA,NA,NA,NA,NA,NA
0.0920492289768158,0.07693198530325945,dummy-oyd31bxh,NA,NA,NA,NA,NA,NA,NA,NA
0.06167721028924576,0.01825978403684623,dummy-oykpbl6b,NA,NA,NA,NA,NA,NA,NA,NA
0.07168551507246836,0.04059942254635162,dummy-oymgnwgl,NA,NA,NA,NA,NA,NA,NA,NA
0.01174619291682054,0.02511170115558006,dummy-oyozkiga,NA,NA,NA,NA,NA,NA,NA,NA
0.08184381100273715,0.05814738909264571,dummy-ozlv64zy,NA,NA,NA,NA,NA,NA,NA,NA
0.0388650140550527,0.0559477915527657,dummy-ozobytk0,NA,NA,NA,NA,NA,NA,NA,NA
0.05451209961314971,0.03562867978290407,dummy-ozq9ibmg,NA,NA,NA,NA,NA,NA,NA,NA
0.00452063889130398,0.01338559481485991,dummy-ozsmt9af,NA,NA,NA,NA,NA,NA,NA,NA
0.01767661438198774,0.01471845105270406,dummy-ozy1777o,NA,NA,NA,NA,NA,NA,NA,NA
0.01009412403681505,0.03198558744321941,dummy-p0cfhm5k,NA,NA,NA,NA,NA,NA,NA,NA
0.0499053083385721,0.01634395805596968,dummy-p0qa2fev,NA,NA,NA,NA,NA,NA,NA,NA
0.07372685323666026,0.01840046124641424,dummy-p0xcr5pa,NA,NA,NA,NA,NA,NA,NA,NA
0.2581355452934913,0.11493716789821778,dummy-p0y5f0o4,NA,NA,NA,NA,NA,NA,NA,NA
0.01852200110716415,0.01855807082494601,dummy-p19aud9l,NA,NA,NA,NA,NA,NA,NA,NA
0.3195056325596868,0.07673376645966672,dummy-p1qavov7,NA,NA,NA,NA,NA,NA,NA,NA
0.13533796735172013,0.08291229945120192,dummy-p1s23vx9,NA,NA,NA,NA,NA,NA,NA,NA
0.00349873894064509,0.01446411500640161,dummy-p1ziid09,NA,NA,NA,NA,NA,NA,NA,NA
0.14797382342335702,0.05850420370151481,dummy-p2iq66xm,NA,NA,NA,NA,NA,NA,NA,NA
0.17440716711962534,0.01992073362505894,dummy-p2sbq7ga,NA,NA,NA,NA,NA,NA,NA,NA
0.0821553877351028,0.06283867639444371,dummy-p33r6ax1,NA,NA,NA,NA,NA,NA,NA,NA
0.09210881071209288,0.04575488833202209,dummy-p33yvpbs,NA,NA,NA,NA,NA,NA,NA,NA
0.4969869557830998,0.04598958800803725,dummy-p3q8bv35,NA,NA,NA,NA,NA,NA,NA,NA
0.01039159477663792,0.02790797237477551,dummy-p3t4usad,NA,NA,NA,NA,NA,NA,NA,NA
0.0435774088642268,0.01631140749905625,dummy-p45aug2a,NA,NA,NA,NA,NA,NA,NA,NA
0.13730925532821525,0.07950241277516813,dummy-p4e4e28r,NA,NA,NA,NA,NA,NA,NA,NA
0.08088825324715243,0.06398464383972272,dummy-p514z4fx,NA,NA,NA,NA,NA,NA,NA,NA
0.12816039016252992,0.04592172842916996,dummy-p59vnbtb,NA,NA,NA,NA,NA,NA,NA,NA
0.25418990059982155,0.05878467014553457,dummy-p5htq226,NA,NA,NA,NA,NA,NA,NA,NA
0.13567440908187464,0.03350711723688113,dummy-p6flhvgs,NA,NA,NA,NA,NA,NA,NA,NA
0.09213991364745248,0.09788338470099016,dummy-p713hnzf,NA,NA,NA,NA,NA,NA,NA,NA
0.01165812383799139,0.02284090023664542,dummy-p7azb4j8,NA,NA,NA,NA,NA,NA,NA,NA
0.01213915575425275,0.02839656184824246,dummy-p7c9in53,NA,NA,NA,NA,NA,NA,NA,NA
0.07315560894914586,0.05369991904743848,dummy-p7dia2hu,NA,NA,NA,NA,NA,NA,NA,NA
0.16337141370693223,0.08026785214111752,dummy-p7eo6pxf,NA,NA,NA,NA,NA,NA,NA,NA
0.01018860576711635,0.03102168657547297,dummy-p7nl3wkw,NA,NA,NA,NA,NA,NA,NA,NA
0.06342708581615866,0.04747252401830966,dummy-p7pk3k8y,NA,NA,NA,NA,NA,NA,NA,NA
0.05763646900833531,0.02984202919520813,dummy-p7sj9068,NA,NA,NA,NA,NA,NA,NA,NA
0.10521608437701642,0.02148623394385847,dummy-p7uxzc13,NA,NA,NA,NA,NA,NA,NA,NA
0.03233843085529812,0.04261896990170228,dummy-p7v8b4pt,NA,NA,NA,NA,NA,NA,NA,NA
0.02293356831421128,0.03714319279774796,dummy-p858p00p,NA,NA,NA,NA,NA,NA,NA,NA
0.02708125651676,0.05146978921590747,dummy-p8bvixz8,NA,NA,NA,NA,NA,NA,NA,NA
0.13216303270044186,0.02039761573309842,dummy-p8k3jm15,NA,NA,NA,NA,NA,NA,NA,NA
0.06944885034489214,0.05435382583926222,dummy-p8lyvgn6,NA,NA,NA,NA,NA,NA,NA,NA
0.10355074624862567,0.05722826137032526,dummy-p8p2usn4,NA,NA,NA,NA,NA,NA,NA,NA
0.02632359432088222,0.03711688036358981,dummy-p90dlw5j,NA,NA,NA,NA,NA,NA,NA,NA
0.04062458029053594,0.05073305015357243,dummy-p92kew76,NA,NA,NA,NA,NA,NA,NA,NA
0.1274397614416114,0.06347383976560306,dummy-p9i6d0or,NA,NA,NA,NA,NA,NA,NA,NA
0.07383829037574428,0.06190125835852041,dummy-pahsx41y,NA,NA,NA,NA,NA,NA,NA,NA
0.08314208683929242,0.04099922595580866,dummy-pb1fy8dk,NA,NA,NA,NA,NA,NA,NA,NA
0.10005787126688331,0.03256054553798629,dummy-pba68pga,NA,NA,NA,NA,NA,NA,NA,NA
0.05498754086051312,0.01443354295242345,dummy-pbgxtjqb,NA,NA,NA,NA,NA,NA,NA,NA
0.08145669040580147,0.06986435762165916,dummy-pbicdwrq,NA,NA,NA,NA,NA,NA,NA,NA
0.1487311988485059,0.07114839993741226,dummy-pbz095te,NA,NA,NA,NA,NA,NA,NA,NA
0.00361461309370778,0.01386627786561802,dummy-pch5ok3y,NA,NA,NA,NA,NA,NA,NA,NA
0.01679851279996474,0.01679973087256385,dummy-pciq9kyb,NA,NA,NA,NA,NA,NA,NA,NA
0.12825296730147845,0.08073696677652302,dummy-pcjfr9qs,NA,NA,NA,NA,NA,NA,NA,NA
0.22823925394270744,0.04922674909914048,dummy-pcx8y3ij,NA,NA,NA,NA,NA,NA,NA,NA
0.06472329139307709,0.07264764349811578,dummy-pdm4mirb,NA,NA,NA,NA,NA,NA,NA,NA
0.0603320671661192,0.06717007087870473,dummy-pdyzqm8f,NA,NA,NA,NA,NA,NA,NA,NA
0.03991513484721695,0.03344352811973146,dummy-pecnqtig,NA,NA,NA,NA,NA,NA,NA,NA
0.00944428060274408,0.02663325258816411,dummy-ped1k4wn,NA,NA,NA,NA,NA,NA,NA,NA
0.00695244737635679,0.01661339549326554,dummy-pel2m5r5,NA,NA,NA,NA,NA,NA,NA,NA
0.00407075743800008,0.01238789496949067,dummy-pem1bdcg,NA,NA,NA,NA,NA,NA,NA,NA
0.12933245180079234,0.07952929571711563,dummy-pf1poa4u,NA,NA,NA,NA,NA,NA,NA,NA
0.0388650140550527,0.0559477915527657,dummy-pfjwl8dz,NA,NA,NA,NA,NA,NA,NA,NA
0.15468158412250932,0.08101216835238316,dummy-pfri1kln,NA,NA,NA,NA,NA,NA,NA,NA
0.02862053522946551,0.01909190756547641,dummy-pfs8r3dy,NA,NA,NA,NA,NA,NA,NA,NA
0.1172588966490781,0.0588533132167183,dummy-pg2xx7hl,NA,NA,NA,NA,NA,NA,NA,NA
0.11788430532140327,0.08375293071906874,dummy-pg4dqkvc,NA,NA,NA,NA,NA,NA,NA,NA
0.16109353435798393,0.0682830318658173,dummy-pg7mtcml,NA,NA,NA,NA,NA,NA,NA,NA
0.016448193576126192,0.03568997903530208,dummy-pgb1105e,NA,NA,NA,NA,NA,NA,NA,NA
0.10986123705005144,0.06967792833322747,dummy-pgoi2n3f,NA,NA,NA,NA,NA,NA,NA,NA
0.06851637909454665,0.06946996939490169,dummy-pgsrkfme,NA,NA,NA,NA,NA,NA,NA,NA
0.00524664182147369,0.02049115477887489,dummy-pguz2wgr,NA,NA,NA,NA,NA,NA,NA,NA
0.01125365305600638,0.02556956006418139,dummy-phgrodat,NA,NA,NA,NA,NA,NA,NA,NA
0.0392960927666398,0.04954818149358539,dummy-phnzs5mq,NA,NA,NA,NA,NA,NA,NA,NA
0.1872524261891032,0.12375130490889032,dummy-pi2tf7vi,NA,NA,NA,NA,NA,NA,NA,NA
0.12089741798393752,0.08237655858090136,dummy-pi3tkc7j,NA,NA,NA,NA,NA,NA,NA,NA
0.01881692474432986,0.03940158958295863,dummy-pi6masgd,NA,NA,NA,NA,NA,NA,NA,NA
0.03520436425356325,0.04739284068472765,dummy-piegaaxq,NA,NA,NA,NA,NA,NA,NA,NA
0.3161856942792209,0.09542511670918707,dummy-pihyz87g,NA,NA,NA,NA,NA,NA,NA,NA
0.04871556380554148,0.02839264577456846,dummy-piqsicpu,NA,NA,NA,NA,NA,NA,NA,NA
0.12839228074208878,0.01426028179209048,dummy-pit776z3,NA,NA,NA,NA,NA,NA,NA,NA
0.04205043966865234,0.03921559742131221,dummy-pj29cvnz,NA,NA,NA,NA,NA,NA,NA,NA
0.23058527194086811,0.06694163876947432,dummy-pjfyqofn,NA,NA,NA,NA,NA,NA,NA,NA
0.15638735003558246,0.12472632736360552,dummy-pjulxxsp,NA,NA,NA,NA,NA,NA,NA,NA
0.04728646492781689,0.04925243842926213,dummy-pkrwikr5,NA,NA,NA,NA,NA,NA,NA,NA
0.04106462027892722,0.05010464602594448,dummy-pll3m2mn,NA,NA,NA,NA,NA,NA,NA,NA
0.09159482754088268,0.07674307200887967,dummy-pm0e6f15,NA,NA,NA,NA,NA,NA,NA,NA
0.07632192267091487,0.10166084333305528,dummy-pm987ow7,NA,NA,NA,NA,NA,NA,NA,NA
0.07520535695031813,0.05695139219744028,dummy-pmv3zzbs,NA,NA,NA,NA,NA,NA,NA,NA
0.02697430866605076,0.02967631220962949,dummy-pmwqjl8k,NA,NA,NA,NA,NA,NA,NA,NA
0.18808841572504345,0.05591226338571522,dummy-pmz7a2js,NA,NA,NA,NA,NA,NA,NA,NA
0.09001111324000138,0.04535074714904335,dummy-pmzf6w6k,NA,NA,NA,NA,NA,NA,NA,NA
0.11925929434813363,0.05035799938839217,dummy-pnfeel8d,NA,NA,NA,NA,NA,NA,NA,NA
0.20484588043209015,0.07131002412211124,dummy-po5wee05,NA,NA,NA,NA,NA,NA,NA,NA
0.16456514574469552,0.04009819903816346,dummy-po6ydg3e,NA,NA,NA,NA,NA,NA,NA,NA
0.07579044935436187,0.03269444819024869,dummy-pocf7dc1,NA,NA,NA,NA,NA,NA,NA,NA
0.14768721699845871,0.04883306348738223,dummy-pohi97hg,NA,NA,NA,NA,NA,NA,NA,NA
0.0676699595924458,0.04631659351450155,dummy-pokxs534,NA,NA,NA,NA,NA,NA,NA,NA
0.2632087540876521,0.04633758350149482,dummy-pon56ep4,NA,NA,NA,NA,NA,NA,NA,NA
0.01463298353092031,0.01403179198212354,dummy-pot0q1tl,NA,NA,NA,NA,NA,NA,NA,NA
0.0568233227997726,0.03551542537083502,dummy-ppfhs60r,NA,NA,NA,NA,NA,NA,NA,NA
0.05244904454249363,0.07113590278862726,dummy-pprz88dy,NA,NA,NA,NA,NA,NA,NA,NA
0.00543834372690711,0.01858040558787526,dummy-pq3kynba,NA,NA,NA,NA,NA,NA,NA,NA
0.230500359706129,0.08737259638464738,dummy-pr4z5ptv,NA,NA,NA,NA,NA,NA,NA,NA
0.1099401885486056,0.04925688027079652,dummy-prbg22e5,NA,NA,NA,NA,NA,NA,NA,NA
0.05441152616748833,0.01623061257233417,dummy-prhxs5t9,NA,NA,NA,NA,NA,NA,NA,NA
0.13567325783724976,0.05610035188059473,dummy-pri96ypx,NA,NA,NA,NA,NA,NA,NA,NA
0.10358919410220772,0.05269089005505145,dummy-prjoz5t8,NA,NA,NA,NA,NA,NA,NA,NA
0.1274808432580916,0.04922674916034271,dummy-psbh3l4l,NA,NA,NA,NA,NA,NA,NA,NA
0.1287330989013169,0.05989192857771044,dummy-pscp4hy1,NA,NA,NA,NA,NA,NA,NA,NA
0.1339184727594178,0.07966599586735498,dummy-psetdpki,NA,NA,NA,NA,NA,NA,NA,NA
0.2687511110589914,0.06636552286156042,dummy-psh4mmo8,NA,NA,NA,NA,NA,NA,NA,NA
0.08237061312670149,0.05552853912929351,dummy-psohwe1m,NA,NA,NA,NA,NA,NA,NA,NA
0.11347704063555616,0.0385370497783863,dummy-psufastf,NA,NA,NA,NA,NA,NA,NA,NA
0.11506503504586632,0.07318210254520877,dummy-pt1hclux,NA,NA,NA,NA,NA,NA,NA,NA
0.03986676845742989,0.04836718568002895,dummy-pt33fcve,NA,NA,NA,NA,NA,NA,NA,NA
0.2887710424122083,0.08375429311214524,dummy-pta3pt6l,NA,NA,NA,NA,NA,NA,NA,NA
0.01438380501668031,0.02760373318156328,dummy-ptfn3cnu,NA,NA,NA,NA,NA,NA,NA,NA
0.03703876985367935,0.04505694853854009,dummy-ptlxycmd,NA,NA,NA,NA,NA,NA,NA,NA
0.01245526250394753,0.03347035407017719,dummy-ptosuuz6,NA,NA,NA,NA,NA,NA,NA,NA
0.00622230588870152,0.01315712508353442,dummy-ptq1bxj8,NA,NA,NA,NA,NA,NA,NA,NA
0.03938496733436396,0.03179868411657432,dummy-ptxp1sqo,NA,NA,NA,NA,NA,NA,NA,NA
0.21411692066515908,0.06760680576044667,dummy-pu4oyxk8,NA,NA,NA,NA,NA,NA,NA,NA
0.0308560435896568,0.04635859511306547,dummy-pueju4op,NA,NA,NA,NA,NA,NA,NA,NA
0.13886668001640548,0.04773679267850614,dummy-pugqzcxg,NA,NA,NA,NA,NA,NA,NA,NA
0.05252570032211403,0.01424790802065446,dummy-pusfavlx,NA,NA,NA,NA,NA,NA,NA,NA
0.02331355516042203,0.04103522228273534,dummy-pvu2fn3e,NA,NA,NA,NA,NA,NA,NA,NA
0.1040019593016419,0.04726725331773725,dummy-pwe3og36,NA,NA,NA,NA,NA,NA,NA,NA
0.02638757671492511,0.03511694661121421,dummy-pxifyne0,NA,NA,NA,NA,NA,NA,NA,NA
0.00843466794371187,0.01367572836942902,dummy-py3ub3z5,NA,NA,NA,NA,NA,NA,NA,NA
0.00672544752392152,0.01338267980969901,dummy-py601jk6,NA,NA,NA,NA,NA,NA,NA,NA
0.01744735929586539,0.0321166123747655,dummy-pytfkp5b,NA,NA,NA,NA,NA,NA,NA,NA
0.2908451631958906,0.01724971280938275,dummy-pze6p3cl,NA,NA,NA,NA,NA,NA,NA,NA
0.18850338139633027,0.03654903172356493,dummy-pzev2429,NA,NA,NA,NA,NA,NA,NA,NA
0.00567152210067015,0.01317390967437876,dummy-pzia05vl,NA,NA,NA,NA,NA,NA,NA,NA
0.01292423946499436,0.02916900055603847,dummy-pzstbyyo,NA,NA,NA,NA,NA,NA,NA,NA
0.17582467249108838,0.04712494122302734,dummy-q0aznceu,NA,NA,NA,NA,NA,NA,NA,NA
0.5786697541981912,0.08777308023394165,dummy-q0b5ycto,NA,NA,NA,NA,NA,NA,NA,NA
0.03152888051807863,0.039846352286589,dummy-q0ellhc9,NA,NA,NA,NA,NA,NA,NA,NA
0.00843466794371187,0.01367572836942902,dummy-q0qy2j1f,NA,NA,NA,NA,NA,NA,NA,NA
0.0962283851683283,0.0630773203585187,dummy-q11tp3uo,NA,NA,NA,NA,NA,NA,NA,NA
0.17588077182707473,0.02073332768787626,dummy-q14icqzq,NA,NA,NA,NA,NA,NA,NA,NA
0.07238150425166218,0.06193390501216341,dummy-q1n8a41x,NA,NA,NA,NA,NA,NA,NA,NA
0.09652605479627194,0.04656284245896217,dummy-q1pxd00v,NA,NA,NA,NA,NA,NA,NA,NA
0.0989431986937546,0.03942982020561015,dummy-q1th1k1k,NA,NA,NA,NA,NA,NA,NA,NA
0.01035589948090143,0.01559525702538498,dummy-q20hb6wl,NA,NA,NA,NA,NA,NA,NA,NA
0.0231409838399072,0.01631315192909506,dummy-q2htinme,NA,NA,NA,NA,NA,NA,NA,NA
0.00920062248031454,0.02070598902309185,dummy-q2lwv411,NA,NA,NA,NA,NA,NA,NA,NA
0.1582690349033995,0.05252906639872995,dummy-q2vipnjx,NA,NA,NA,NA,NA,NA,NA,NA
0.00313075197371578,0.01261257465863614,dummy-q343h97p,NA,NA,NA,NA,NA,NA,NA,NA
0.20986162004691397,0.09556161565723406,dummy-q3ohcgrk,NA,NA,NA,NA,NA,NA,NA,NA
0.09480014433460818,0.039892996221241,dummy-q573eg25,NA,NA,NA,NA,NA,NA,NA,NA
0.0342436054781674,0.04725881803062478,dummy-q5fwkour,NA,NA,NA,NA,NA,NA,NA,NA
0.18846859001113564,0.03605089249263808,dummy-q5xintee,NA,NA,NA,NA,NA,NA,NA,NA
0.01039159477663792,0.02790797237477551,dummy-q6gifm9o,NA,NA,NA,NA,NA,NA,NA,NA
0.09494145305389004,0.04423282389635979,dummy-q6yj379l,NA,NA,NA,NA,NA,NA,NA,NA
0.08239583180436766,0.03982727958522314,dummy-q7jwr0bd,NA,NA,NA,NA,NA,NA,NA,NA
0.06052070126655194,0.02986978862939801,dummy-q7wjasx9,NA,NA,NA,NA,NA,NA,NA,NA
0.10194608342220277,0.04722922157626933,dummy-q8efej5o,NA,NA,NA,NA,NA,NA,NA,NA
0.18800858960838757,0.04781183262143808,dummy-q8hw0mxw,NA,NA,NA,NA,NA,NA,NA,NA
0.1597956850435042,0.06945970188957709,dummy-q8iuneeu,NA,NA,NA,NA,NA,NA,NA,NA
0.06303315174600731,0.05964499279959257,dummy-q8n4awj7,NA,NA,NA,NA,NA,NA,NA,NA
0.11494415466227506,0.03804332729574059,dummy-q8ocz90j,NA,NA,NA,NA,NA,NA,NA,NA
0.09383189494290468,0.05786754125635807,dummy-q8wbr4fq,NA,NA,NA,NA,NA,NA,NA,NA
0.07021955145935732,0.05397697836914327,dummy-q8x53fwo,NA,NA,NA,NA,NA,NA,NA,NA
0.00394010220707171,0.01624522964578181,dummy-q907kfjj,NA,NA,NA,NA,NA,NA,NA,NA
0.08725193271096827,0.10633576443848668,dummy-q964aua4,NA,NA,NA,NA,NA,NA,NA,NA
0.13341840917786835,0.04963861618964593,dummy-q96bfm9t,NA,NA,NA,NA,NA,NA,NA,NA
0.02131221775636555,0.01759525766754674,dummy-q98d6kuh,NA,NA,NA,NA,NA,NA,NA,NA
0.142571500658038,0.02934463178778988,dummy-q9wwvdvk,NA,NA,NA,NA,NA,NA,NA,NA
0.03305500564804736,0.04575766809070471,dummy-qa060e5y,NA,NA,NA,NA,NA,NA,NA,NA
0.0203579841013466,0.01717130608266793,dummy-qa22rjvw,NA,NA,NA,NA,NA,NA,NA,NA
0.05495925673704108,0.04187975290013113,dummy-qa987g3u,NA,NA,NA,NA,NA,NA,NA,NA
0.00586886330133875,0.01900206075145954,dummy-qagp16rd,NA,NA,NA,NA,NA,NA,NA,NA
0.05699473071187995,0.05670810033132706,dummy-qayk4wxc,NA,NA,NA,NA,NA,NA,NA,NA
0.17047520147753634,0.05710687592857701,dummy-qb1i6z98,NA,NA,NA,NA,NA,NA,NA,NA
0.1724755487901501,0.03560311295829989,dummy-qb400q73,NA,NA,NA,NA,NA,NA,NA,NA
0.0312940211778333,0.0385238503795761,dummy-qbnu2c5t,NA,NA,NA,NA,NA,NA,NA,NA
0.2261025478781151,0.07579877779342796,dummy-qbp7zxyi,NA,NA,NA,NA,NA,NA,NA,NA
0.10140821289485454,0.08054624347699997,dummy-qbqni0xz,NA,NA,NA,NA,NA,NA,NA,NA
0.00759132044351236,0.0253689384836405,dummy-qbrs73d8,NA,NA,NA,NA,NA,NA,NA,NA
0.08398516927746019,0.03282877070771604,dummy-qbx39fps,NA,NA,NA,NA,NA,NA,NA,NA
0.02291213040093586,0.02672982226516234,dummy-qc6m11pe,NA,NA,NA,NA,NA,NA,NA,NA
0.0954324930479744,0.0676372158779887,dummy-qcfyg3kj,NA,NA,NA,NA,NA,NA,NA,NA
0.15711883087336295,0.04009727604008892,dummy-qcg93y8i,NA,NA,NA,NA,NA,NA,NA,NA
0.31547498612754843,0.1261114610024269,dummy-qcsvm27u,NA,NA,NA,NA,NA,NA,NA,NA
0.01157574311419497,0.02975020393870551,dummy-qduwkkz9,NA,NA,NA,NA,NA,NA,NA,NA
0.06935274731318272,0.05444953011793461,dummy-qe0emobg,NA,NA,NA,NA,NA,NA,NA,NA
0.02272247867113331,0.01544877384737928,dummy-qe1l83qf,NA,NA,NA,NA,NA,NA,NA,NA
0.09514503996268388,0.04521188874879028,dummy-qebcwtvh,NA,NA,NA,NA,NA,NA,NA,NA
0.16976921738064857,0.06250903947287141,dummy-qeda2kdw,NA,NA,NA,NA,NA,NA,NA,NA
0.00311775715874886,0.01257362380878029,dummy-qekmlnbn,NA,NA,NA,NA,NA,NA,NA,NA
0.00324464432185027,0.01513808590030466,dummy-qenbmn46,NA,NA,NA,NA,NA,NA,NA,NA
0.04189145208259054,0.0399870036217206,dummy-qepz7g1c,NA,NA,NA,NA,NA,NA,NA,NA
0.0392960927666398,0.04954818149358539,dummy-qf0qwqay,NA,NA,NA,NA,NA,NA,NA,NA
0.01571821016510476,0.03038853156163257,dummy-qf72avf9,NA,NA,NA,NA,NA,NA,NA,NA
0.09351071213478516,0.06305569900801025,dummy-qfah66po,NA,NA,NA,NA,NA,NA,NA,NA
0.00250253954626517,0.01232022647430537,dummy-qfqlsnti,NA,NA,NA,NA,NA,NA,NA,NA
0.13095352686128536,0.07001640304403899,dummy-qfrnq17f,NA,NA,NA,NA,NA,NA,NA,NA
0.08868138428678196,0.08068704965771238,dummy-qfunmjib,NA,NA,NA,NA,NA,NA,NA,NA
0.01451146315278777,0.03721497565073951,dummy-qfxnmz6v,NA,NA,NA,NA,NA,NA,NA,NA
0.05593928340063018,0.05670810032653917,dummy-qg0nhqrq,NA,NA,NA,NA,NA,NA,NA,NA
0.00944428060274408,0.02663325258816411,dummy-qg3ijonh,NA,NA,NA,NA,NA,NA,NA,NA
0.10377381253605808,0.04884539329158689,dummy-qgddruwb,NA,NA,NA,NA,NA,NA,NA,NA
0.00474357746895176,0.01447725168066585,dummy-qgs2pkjs,NA,NA,NA,NA,NA,NA,NA,NA
0.01876856938239967,0.03521592190707429,dummy-qgt4z774,NA,NA,NA,NA,NA,NA,NA,NA
0.01703102834008216,0.03011182676162277,dummy-qgy8hf3a,NA,NA,NA,NA,NA,NA,NA,NA
0.07475786699508569,0.05805945407991877,dummy-qh2hlo5c,NA,NA,NA,NA,NA,NA,NA,NA
0.13104936088480312,0.05976087385621511,dummy-qh57hnlp,NA,NA,NA,NA,NA,NA,NA,NA
0.0276184277406577,0.04013470235998538,dummy-qha9etv4,NA,NA,NA,NA,NA,NA,NA,NA
0.0367873878262286,0.04793837599279908,dummy-qhijtwqn,NA,NA,NA,NA,NA,NA,NA,NA
0.1121341887149308,0.06893420481970307,dummy-qhzt9ok8,NA,NA,NA,NA,NA,NA,NA,NA
0.03223682923649838,0.04242219720233398,dummy-qi83j65q,NA,NA,NA,NA,NA,NA,NA,NA
0.19566639166701877,0.04655972749521479,dummy-qik0x442,NA,NA,NA,NA,NA,NA,NA,NA
0.11202730841195108,0.04637195580713824,dummy-qinf0940,NA,NA,NA,NA,NA,NA,NA,NA
0.4679649173485615,0.04692293034034167,dummy-qisl2fgr,NA,NA,NA,NA,NA,NA,NA,NA
0.3392898091759806,0.05508870363054354,dummy-qix2pwr1,NA,NA,NA,NA,NA,NA,NA,NA
0.11503911971961148,0.05003215297575007,dummy-qiz4d8e4,NA,NA,NA,NA,NA,NA,NA,NA
0.05340118990933568,0.05658534008659072,dummy-qjjxace5,NA,NA,NA,NA,NA,NA,NA,NA
0.00518753839666808,0.01635134404828533,dummy-qjk1pkbd,NA,NA,NA,NA,NA,NA,NA,NA
0.07214316209102642,0.09745813841707726,dummy-qjo1ia78,NA,NA,NA,NA,NA,NA,NA,NA
0.0996393670479932,0.03942236509885245,dummy-qjpjx2c6,NA,NA,NA,NA,NA,NA,NA,NA
0.01543565318285815,0.0349640573523336,dummy-qjw7goy7,NA,NA,NA,NA,NA,NA,NA,NA
0.01912607861801841,0.03727062363162229,dummy-qjw91srd,NA,NA,NA,NA,NA,NA,NA,NA
0.05749982344507783,0.05088647251114164,dummy-qk5oh2wr,NA,NA,NA,NA,NA,NA,NA,NA
0.00331135563807026,0.01513929931612552,dummy-qklhzvaw,NA,NA,NA,NA,NA,NA,NA,NA
0.01011875992488374,0.02427695431463043,dummy-qkobxqq8,NA,NA,NA,NA,NA,NA,NA,NA
0.07271793495184192,0.05518355361302163,dummy-qladc2km,NA,NA,NA,NA,NA,NA,NA,NA
0.00314990830264388,0.01236653915504649,dummy-qm22bbbw,NA,NA,NA,NA,NA,NA,NA,NA
0.5391318982382671,0.10314619598281022,dummy-qm8iq7dt,NA,NA,NA,NA,NA,NA,NA,NA
0.08915556819181504,0.0907294832166421,dummy-qmnnkobx,NA,NA,NA,NA,NA,NA,NA,NA
0.07236648263030035,0.05262991523397065,dummy-qms9nelf,NA,NA,NA,NA,NA,NA,NA,NA
0.04349535518586556,0.03601435738153651,dummy-qn25wmv7,NA,NA,NA,NA,NA,NA,NA,NA
0.06044138826799325,0.04565139375459059,dummy-qnc6r8jz,NA,NA,NA,NA,NA,NA,NA,NA
0.00941086260415417,0.02660118686621154,dummy-qno5zwja,NA,NA,NA,NA,NA,NA,NA,NA
0.05404852342954644,0.01853840512061094,dummy-qnudoire,NA,NA,NA,NA,NA,NA,NA,NA
0.04923625875830544,0.03130649036779293,dummy-qnymgtt2,NA,NA,NA,NA,NA,NA,NA,NA
0.0165031063743336,0.02973802180636658,dummy-qnz66d4u,NA,NA,NA,NA,NA,NA,NA,NA
0.15691906964173233,0.04202546724648896,dummy-qo2k4nby,NA,NA,NA,NA,NA,NA,NA,NA
0.02738374780452126,0.0274466903738377,dummy-qogetti9,NA,NA,NA,NA,NA,NA,NA,NA
0.0592640747860281,0.04864601395013069,dummy-qolu2e11,NA,NA,NA,NA,NA,NA,NA,NA
0.16123649985584354,0.01775646110148752,dummy-qom6p91p,NA,NA,NA,NA,NA,NA,NA,NA
0.00276102582270539,0.01243759590802178,dummy-qorgbbwz,NA,NA,NA,NA,NA,NA,NA,NA
0.21247105861649931,0.04712494214052224,dummy-qoxqch6s,NA,NA,NA,NA,NA,NA,NA,NA
0.00469158088286324,0.01512744245948403,dummy-qp2d523k,NA,NA,NA,NA,NA,NA,NA,NA
0.03778275332363894,0.06016754572995275,dummy-qpc1gy84,NA,NA,NA,NA,NA,NA,NA,NA
0.02246712202864646,0.03394465967072264,dummy-qpi1drd5,NA,NA,NA,NA,NA,NA,NA,NA
0.07801321625460245,0.05877208607554862,dummy-qpi9jyog,NA,NA,NA,NA,NA,NA,NA,NA
0.02717857879364171,0.01650985973375433,dummy-qpkz3ole,NA,NA,NA,NA,NA,NA,NA,NA
0.08056585096026081,0.05916847480720908,dummy-qpt74fnh,NA,NA,NA,NA,NA,NA,NA,NA
0.065684025494799,0.06047350167949213,dummy-qpx97h62,NA,NA,NA,NA,NA,NA,NA,NA
0.3726779685319068,0.09238713456218596,dummy-qqs25159,NA,NA,NA,NA,NA,NA,NA,NA
0.08764469307853319,0.07788221487668551,dummy-qqt8t30w,NA,NA,NA,NA,NA,NA,NA,NA
0.03856039476897813,0.03050682250792433,dummy-qqz60dm7,NA,NA,NA,NA,NA,NA,NA,NA
0.02126515653116115,0.01421674595078796,dummy-qs2obib0,NA,NA,NA,NA,NA,NA,NA,NA
0.04121611354582596,0.03047084020733892,dummy-qspjc0b6,NA,NA,NA,NA,NA,NA,NA,NA
0.0345567739948292,0.03900188788299603,dummy-qsy09fsu,NA,NA,NA,NA,NA,NA,NA,NA
0.02143218461666069,0.01758298120854701,dummy-qt853t03,NA,NA,NA,NA,NA,NA,NA,NA
0.0038676626667898,0.01962355179363568,dummy-qtk3f5iw,NA,NA,NA,NA,NA,NA,NA,NA
0.0322499716398699,0.03982361633591529,dummy-qtkumim3,NA,NA,NA,NA,NA,NA,NA,NA
0.19325903785782816,0.11544878299321468,dummy-qtl6prpf,NA,NA,NA,NA,NA,NA,NA,NA
0.01523263232777031,0.02741801313515412,dummy-qtm2jdg3,NA,NA,NA,NA,NA,NA,NA,NA
0.05669997583529566,0.05680265066096985,dummy-qtqikoqm,NA,NA,NA,NA,NA,NA,NA,NA
0.1630633335164134,0.07359892283699328,dummy-qtteuoyw,NA,NA,NA,NA,NA,NA,NA,NA
0.11550864369990396,0.09129938028522185,dummy-qudfufxz,NA,NA,NA,NA,NA,NA,NA,NA
0.3332182516492189,0.13471292007150332,dummy-quqdmvml,NA,NA,NA,NA,NA,NA,NA,NA
0.1102299697323288,0.070599547714048,dummy-qv6m01i1,NA,NA,NA,NA,NA,NA,NA,NA
0.10049686455221817,0.0592521822361195,dummy-qvjs035w,NA,NA,NA,NA,NA,NA,NA,NA
0.00359981114583379,0.014450456161197,dummy-qvlcmd61,NA,NA,NA,NA,NA,NA,NA,NA
0.14457752345503197,0.08639709459704063,dummy-qwc790zk,NA,NA,NA,NA,NA,NA,NA,NA
0.0152512667378588,0.01375859690729241,dummy-qwvny10u,NA,NA,NA,NA,NA,NA,NA,NA
0.2595907853647488,0.08042584378648263,dummy-qwy877cy,NA,NA,NA,NA,NA,NA,NA,NA
0.00225659505962186,0.01430972622240956,dummy-qx0ap7qp,NA,NA,NA,NA,NA,NA,NA,NA
0.02251421477682832,0.04363617886651527,dummy-qx78lwex,NA,NA,NA,NA,NA,NA,NA,NA
0.03503246388255564,0.03203440429924776,dummy-qxfrt2ry,NA,NA,NA,NA,NA,NA,NA,NA
0.03143049481298725,0.01417281755841081,dummy-qxhcfson,NA,NA,NA,NA,NA,NA,NA,NA
0.02632645065140715,0.02891367250892011,dummy-qxl7gi2a,NA,NA,NA,NA,NA,NA,NA,NA
0.13222387944163597,0.06217555254524564,dummy-qxnwxyqp,NA,NA,NA,NA,NA,NA,NA,NA
0.1458442781097906,0.04491342108780634,dummy-qyljis5i,NA,NA,NA,NA,NA,NA,NA,NA
0.1348075317054818,0.05482603334822029,dummy-qym3re7v,NA,NA,NA,NA,NA,NA,NA,NA
0.25738137971276803,0.07935681496534647,dummy-qyuc9rx5,NA,NA,NA,NA,NA,NA,NA,NA
0.00633328115832481,0.01490278835865316,dummy-qz46c7zu,NA,NA,NA,NA,NA,NA,NA,NA
0.00273620813777696,0.01172239732550504,dummy-qz79u1ea,NA,NA,NA,NA,NA,NA,NA,NA
0.05808701167990687,0.0377747452470308,dummy-qzmruyke,NA,NA,NA,NA,NA,NA,NA,NA
0.06298838871321513,0.04680053535898181,dummy-qzut9kj7,NA,NA,NA,NA,NA,NA,NA,NA
0.04393899291270094,0.0552429953545047,dummy-r09mrazq,NA,NA,NA,NA,NA,NA,NA,NA
0.0945269526951248,0.05604480660816741,dummy-r0h331f3,NA,NA,NA,NA,NA,NA,NA,NA
0.06017773298711523,0.05745574168553445,dummy-r0i9q4lw,NA,NA,NA,NA,NA,NA,NA,NA
0.02414458039868438,0.03765734683317294,dummy-r0izvhsw,NA,NA,NA,NA,NA,NA,NA,NA
0.03434795770028475,0.04654017281367584,dummy-r0wdl9sb,NA,NA,NA,NA,NA,NA,NA,NA
0.0836951598321959,0.04007003700909769,dummy-r16ry0tx,NA,NA,NA,NA,NA,NA,NA,NA
0.12442454854976764,0.08243021808643922,dummy-r16y9lfa,NA,NA,NA,NA,NA,NA,NA,NA
0.10033364735608502,0.03457533383542099,dummy-r1cg5b6w,NA,NA,NA,NA,NA,NA,NA,NA
0.15442375208791106,0.04071197498158828,dummy-r1csdqe0,NA,NA,NA,NA,NA,NA,NA,NA
0.01835031159044292,0.03268504422510925,dummy-r1iqu979,NA,NA,NA,NA,NA,NA,NA,NA
0.03267407629951433,0.04168093078784275,dummy-r1l4bl9g,NA,NA,NA,NA,NA,NA,NA,NA
0.07919290660502763,0.05891848839094368,dummy-r36ahbed,NA,NA,NA,NA,NA,NA,NA,NA
0.04501704057553953,0.05315036722521876,dummy-r3kxbcip,NA,NA,NA,NA,NA,NA,NA,NA
0.06743925461579352,0.04824789348584994,dummy-r3p3nf9c,NA,NA,NA,NA,NA,NA,NA,NA
0.07236648263030035,0.05262991523397065,dummy-r3ulsnv5,NA,NA,NA,NA,NA,NA,NA,NA
0.02160738187101892,0.0280510518816147,dummy-r3vnex8p,NA,NA,NA,NA,NA,NA,NA,NA
0.02126515653116115,0.01421674595078796,dummy-r4dcliww,NA,NA,NA,NA,NA,NA,NA,NA
0.14233588050891988,0.06240462230503349,dummy-r4i1ggwu,NA,NA,NA,NA,NA,NA,NA,NA
0.1388465271557416,0.04825214748075521,dummy-r4jbco8y,NA,NA,NA,NA,NA,NA,NA,NA
0.20724332396307332,0.03136780788253364,dummy-r58d5mja,NA,NA,NA,NA,NA,NA,NA,NA
0.00548804672668175,0.01498611813059314,dummy-r64crk83,NA,NA,NA,NA,NA,NA,NA,NA
0.03227772938204223,0.0183321823689132,dummy-r6fw7slf,NA,NA,NA,NA,NA,NA,NA,NA
0.01077480943839386,0.02797423784860512,dummy-r7xq5pcu,NA,NA,NA,NA,NA,NA,NA,NA
0.19588233999908067,0.07383100692459679,dummy-r8bhhz7c,NA,NA,NA,NA,NA,NA,NA,NA
0.02664947936353342,0.01675127648029211,dummy-r8gl93d1,NA,NA,NA,NA,NA,NA,NA,NA
0.00951558656359312,0.0270470684195241,dummy-r8i3erep,NA,NA,NA,NA,NA,NA,NA,NA
0.02844940305012898,0.03302117413264585,dummy-r8lskosq,NA,NA,NA,NA,NA,NA,NA,NA
0.01570141978185602,0.0263951911516032,dummy-r8nd1fpv,NA,NA,NA,NA,NA,NA,NA,NA
0.04615772714574933,0.04575839196319373,dummy-r8r5zfme,NA,NA,NA,NA,NA,NA,NA,NA
0.1635642961928315,0.06139545879865105,dummy-r8wksyu5,NA,NA,NA,NA,NA,NA,NA,NA
0.6332608923214266,0.05761497119462244,dummy-r918z6po,NA,NA,NA,NA,NA,NA,NA,NA
0.2526531355400569,0.06800662257006371,dummy-r96voldv,NA,NA,NA,NA,NA,NA,NA,NA
0.0713437982395575,0.05359331652060644,dummy-r991pcdx,NA,NA,NA,NA,NA,NA,NA,NA
0.01881692474432986,0.03940158958295863,dummy-r9djqgy7,NA,NA,NA,NA,NA,NA,NA,NA
0.00494986500030639,0.0132058723265206,dummy-r9j604hb,NA,NA,NA,NA,NA,NA,NA,NA
0.02271632899432115,0.04671830885672384,dummy-r9oxswbz,NA,NA,NA,NA,NA,NA,NA,NA
0.10802404795558752,0.04721207510633618,dummy-r9p9d8wm,NA,NA,NA,NA,NA,NA,NA,NA
0.10958060654716964,0.04594301774277277,dummy-r9pyngoa,NA,NA,NA,NA,NA,NA,NA,NA
0.01156576666146612,0.01903208359149464,dummy-r9qsx8co,NA,NA,NA,NA,NA,NA,NA,NA
0.00669312121950637,0.02141912049726068,dummy-r9wwfuys,NA,NA,NA,NA,NA,NA,NA,NA
0.00450775176425788,0.01354855808128641,dummy-r9y1tg4m,NA,NA,NA,NA,NA,NA,NA,NA
0.16212239465037948,0.07862659400209393,dummy-ra1x5x3i,NA,NA,NA,NA,NA,NA,NA,NA
0.02335481376046637,0.04600614581510395,dummy-raafkrio,NA,NA,NA,NA,NA,NA,NA,NA
0.00361461309370778,0.01386627786561802,dummy-rarj7v9i,NA,NA,NA,NA,NA,NA,NA,NA
0.0367500486308969,0.04713284262757484,dummy-rc0jid6y,NA,NA,NA,NA,NA,NA,NA,NA
0.03142031912604869,0.03763661755653844,dummy-rc3xmsek,NA,NA,NA,NA,NA,NA,NA,NA
0.04625141904794026,0.04708379533417151,dummy-rcj7fbrj,NA,NA,NA,NA,NA,NA,NA,NA
0.00405716804449346,0.02024441146662691,dummy-rcmmlx0p,NA,NA,NA,NA,NA,NA,NA,NA
0.02089064752151003,0.0199845895710005,dummy-rctrzk3p,NA,NA,NA,NA,NA,NA,NA,NA
0.04172286108927815,0.03828048211913908,dummy-rd317eib,NA,NA,NA,NA,NA,NA,NA,NA
0.03433399649818872,0.03243121280488496,dummy-rd9rrgxi,NA,NA,NA,NA,NA,NA,NA,NA
0.02057261952764181,0.036021086970591,dummy-rdiags51,NA,NA,NA,NA,NA,NA,NA,NA
0.189387334582077,0.04370006580106731,dummy-rdn43ers,NA,NA,NA,NA,NA,NA,NA,NA
0.04982282897171776,0.01612100223518395,dummy-rdvew3fb,NA,NA,NA,NA,NA,NA,NA,NA
0.16279930213778804,0.06124557718579414,dummy-re0gamyl,NA,NA,NA,NA,NA,NA,NA,NA
0.02280153257786223,0.04095802049728742,dummy-re4ldbkt,NA,NA,NA,NA,NA,NA,NA,NA
0.06041554749482117,0.08711635300418921,dummy-rej9o9pu,NA,NA,NA,NA,NA,NA,NA,NA
0.02015699336469535,0.01712242493299939,dummy-resbpvzl,NA,NA,NA,NA,NA,NA,NA,NA
0.00551500729980793,0.01993440057958903,dummy-retdlfpz,NA,NA,NA,NA,NA,NA,NA,NA
0.0440818418818775,0.01586530318845957,dummy-rewh0cwx,NA,NA,NA,NA,NA,NA,NA,NA
0.0147721111900656,0.01666172677693555,dummy-rf2hnvw8,NA,NA,NA,NA,NA,NA,NA,NA
0.01977328619075162,0.03786231661981076,dummy-rf52fe19,NA,NA,NA,NA,NA,NA,NA,NA
0.12096848271804646,0.04794868883321088,dummy-rf6b5bss,NA,NA,NA,NA,NA,NA,NA,NA
0.2736206823029367,0.06807998535970093,dummy-rfihscoo,NA,NA,NA,NA,NA,NA,NA,NA
0.03875011773919625,0.04807111350545854,dummy-rfiiwjsj,NA,NA,NA,NA,NA,NA,NA,NA
0.0824599101182751,0.0698643575313518,dummy-rfmwpy6s,NA,NA,NA,NA,NA,NA,NA,NA
0.00414511953039342,0.01822797722221744,dummy-rfo5ktct,NA,NA,NA,NA,NA,NA,NA,NA
0.0529990537823552,0.05320603822375283,dummy-rfyiv9vb,NA,NA,NA,NA,NA,NA,NA,NA
0.02779061945693979,0.04184150870034284,dummy-rg3b1l8r,NA,NA,NA,NA,NA,NA,NA,NA
0.02672686635626884,0.02616275702122848,dummy-rh7sxa9e,NA,NA,NA,NA,NA,NA,NA,NA
0.00370694786629089,0.01704751166376019,dummy-rhfms4tn,NA,NA,NA,NA,NA,NA,NA,NA
0.02514410870557678,0.03411094662539495,dummy-rhsnijh1,NA,NA,NA,NA,NA,NA,NA,NA
0.02743308456397009,0.03606707859897086,dummy-rhx8bnne,NA,NA,NA,NA,NA,NA,NA,NA
0.07677028296931504,0.05607387823474315,dummy-ri54bn35,NA,NA,NA,NA,NA,NA,NA,NA
0.05812134654374051,0.03957386450812537,dummy-ri5q3yrm,NA,NA,NA,NA,NA,NA,NA,NA
0.03625711442781404,0.06151130327012896,dummy-ri6gvxnm,NA,NA,NA,NA,NA,NA,NA,NA
0.07899822591647651,0.03228197223781896,dummy-ri7lhr2l,NA,NA,NA,NA,NA,NA,NA,NA
0.09332902523621874,0.06497689728531907,dummy-ricmb3g5,NA,NA,NA,NA,NA,NA,NA,NA
0.01649832592580021,0.02969712156575542,dummy-rieis9qz,NA,NA,NA,NA,NA,NA,NA,NA
0.03314106595676751,0.04732273886221611,dummy-rik0mh17,NA,NA,NA,NA,NA,NA,NA,NA
0.10807861302301604,0.05609901767069984,dummy-rimtph8n,NA,NA,NA,NA,NA,NA,NA,NA
0.02107928971353619,0.02008397550336503,dummy-rin8xsrc,NA,NA,NA,NA,NA,NA,NA,NA
0.1906199323081866,0.07261399262709242,dummy-rj89w82f,NA,NA,NA,NA,NA,NA,NA,NA
0.00910008447253808,0.02394041080072974,dummy-rjp284pm,NA,NA,NA,NA,NA,NA,NA,NA
0.13745692715037286,0.04704376280856762,dummy-rjsn1332,NA,NA,NA,NA,NA,NA,NA,NA
0.0203579479935747,0.03699297864705468,dummy-rjzyo2fv,NA,NA,NA,NA,NA,NA,NA,NA
0.19969056376378316,0.07381444692760902,dummy-rk142fs8,NA,NA,NA,NA,NA,NA,NA,NA
0.02015699336469535,0.01712242493299939,dummy-rk2aae8c,NA,NA,NA,NA,NA,NA,NA,NA
0.00248826051344911,0.01223890770409243,dummy-rka7pe8a,NA,NA,NA,NA,NA,NA,NA,NA
0.21881117251529336,0.11646119636050116,dummy-rkcqwcex,NA,NA,NA,NA,NA,NA,NA,NA
0.01154750931824747,0.03180013231065044,dummy-rkpz9lwj,NA,NA,NA,NA,NA,NA,NA,NA
0.240848243729675,0.06816154467436857,dummy-rkxjk475,NA,NA,NA,NA,NA,NA,NA,NA
0.01502282572172014,0.03281072565307716,dummy-rl1jm9ng,NA,NA,NA,NA,NA,NA,NA,NA
0.05336463694803466,0.04442189631914914,dummy-rle7jzjq,NA,NA,NA,NA,NA,NA,NA,NA
0.01849784263345194,0.03346543332733715,dummy-rlkfptib,NA,NA,NA,NA,NA,NA,NA,NA
0.00712482667212588,0.01520856830106316,dummy-rlm560th,NA,NA,NA,NA,NA,NA,NA,NA
0.11635496779371332,0.04537092790883159,dummy-rlyx3hi4,NA,NA,NA,NA,NA,NA,NA,NA
0.06767825261206507,0.04416670104856067,dummy-rm7zo7dz,NA,NA,NA,NA,NA,NA,NA,NA
0.2048496295814954,0.06599543480275241,dummy-rmr8q6sp,NA,NA,NA,NA,NA,NA,NA,NA
0.09340658401735076,0.04382489426144491,dummy-rmulz5fw,NA,NA,NA,NA,NA,NA,NA,NA
0.5430213093365401,0.05861592060688517,dummy-rmyipgya,NA,NA,NA,NA,NA,NA,NA,NA
0.04315998650888161,0.03741816910543449,dummy-rn1phh25,NA,NA,NA,NA,NA,NA,NA,NA
0.02807554490859352,0.02501119644158205,dummy-rn9m6taj,NA,NA,NA,NA,NA,NA,NA,NA
0.00942390328965774,0.02649187569604953,dummy-rnb76kop,NA,NA,NA,NA,NA,NA,NA,NA
0.01430298649371821,0.03056168492543829,dummy-rnkm50zp,NA,NA,NA,NA,NA,NA,NA,NA
0.18472166244231356,0.05565735931761558,dummy-rnntjx4n,NA,NA,NA,NA,NA,NA,NA,NA
0.13902249358837496,0.07132584367193144,dummy-rnubed51,NA,NA,NA,NA,NA,NA,NA,NA
0.04072057300467478,0.03072255860627585,dummy-rnw8esua,NA,NA,NA,NA,NA,NA,NA,NA
0.00414511953039342,0.01822797722221744,dummy-ro0rft66,NA,NA,NA,NA,NA,NA,NA,NA
0.01659120520989008,0.0355349239688287,dummy-ro14bksm,NA,NA,NA,NA,NA,NA,NA,NA
0.08989288920960649,0.04261197255307999,dummy-ro3mxeqv,NA,NA,NA,NA,NA,NA,NA,NA
0.06789887740089329,0.05212097047651466,dummy-roarm300,NA,NA,NA,NA,NA,NA,NA,NA
0.00250253954626517,0.01232022647430537,dummy-roupfd5d,NA,NA,NA,NA,NA,NA,NA,NA
0.3060686128281317,0.07662224503003476,dummy-royf4bv2,NA,NA,NA,NA,NA,NA,NA,NA
0.15679983812782924,0.06124499464297378,dummy-rozctxng,NA,NA,NA,NA,NA,NA,NA,NA
0.04072428718199747,0.03121211688134052,dummy-rpceoec6,NA,NA,NA,NA,NA,NA,NA,NA
0.00686192931769231,0.01452339301461243,dummy-rpeyigpi,NA,NA,NA,NA,NA,NA,NA,NA
0.12548201719862256,0.06083995120872897,dummy-rpw3wyu1,NA,NA,NA,NA,NA,NA,NA,NA
0.03229633039752839,0.0397771453040683,dummy-rq7peryw,NA,NA,NA,NA,NA,NA,NA,NA
0.02152649652707316,0.01441447687102436,dummy-rqe2jgk2,NA,NA,NA,NA,NA,NA,NA,NA
0.0120434072374054,0.02525263589485357,dummy-rqne1i3o,NA,NA,NA,NA,NA,NA,NA,NA
0.02261238995002985,0.03699757632290704,dummy-rqs24db8,NA,NA,NA,NA,NA,NA,NA,NA
0.00130173455233329,0.01297519900552357,dummy-rrt7176u,NA,NA,NA,NA,NA,NA,NA,NA
0.21803148698309005,0.06805142093361925,dummy-rs1xcnpy,NA,NA,NA,NA,NA,NA,NA,NA
0.04144610558002834,0.0310461173033516,dummy-rs2vptpr,NA,NA,NA,NA,NA,NA,NA,NA
0.00277598488847852,0.01202334317887211,dummy-rshie2or,NA,NA,NA,NA,NA,NA,NA,NA
0.05439846037606924,0.01922027584827475,dummy-rsoq2q7e,NA,NA,NA,NA,NA,NA,NA,NA
0.04553790997144019,0.03430669616783782,dummy-rsxz4dr9,NA,NA,NA,NA,NA,NA,NA,NA
0.05566919416225669,0.01626441378413875,dummy-rtcdze8q,NA,NA,NA,NA,NA,NA,NA,NA
0.06496111287015997,0.01492586309686902,dummy-rtczdsw7,NA,NA,NA,NA,NA,NA,NA,NA
0.00517327601634922,0.0150384162428139,dummy-ru3qvw7v,NA,NA,NA,NA,NA,NA,NA,NA
0.00379493520226066,0.01513960522734339,dummy-rucck4fj,NA,NA,NA,NA,NA,NA,NA,NA
0.02027559853537857,0.03519131677189215,dummy-rujstzn3,NA,NA,NA,NA,NA,NA,NA,NA
0.04346118192430456,0.04476601358700507,dummy-rv2khmv8,NA,NA,NA,NA,NA,NA,NA,NA
0.09399531069821486,0.04399519002211707,dummy-rvgeoy20,NA,NA,NA,NA,NA,NA,NA,NA
0.01703102834008216,0.03011182676162277,dummy-rvmu8w2b,NA,NA,NA,NA,NA,NA,NA,NA
0.09079813307649907,0.04482215500131797,dummy-rvsjrnd7,NA,NA,NA,NA,NA,NA,NA,NA
0.00533711085026921,0.01788436622155545,dummy-rz5y37y6,NA,NA,NA,NA,NA,NA,NA,NA
0.04050539422448837,0.03129302395717407,dummy-rzka1vyj,NA,NA,NA,NA,NA,NA,NA,NA
0.18440670890101296,0.05565736107148478,dummy-rzu3mkfz,NA,NA,NA,NA,NA,NA,NA,NA
0.03520436425356325,0.04739284068472765,dummy-s0047hth,NA,NA,NA,NA,NA,NA,NA,NA
0.05495925673704108,0.04187975290013113,dummy-s04rtrxn,NA,NA,NA,NA,NA,NA,NA,NA
0.0139147935332517,0.02592371020605723,dummy-s0ayvn3x,NA,NA,NA,NA,NA,NA,NA,NA
0.2682904736867806,0.06601014430151363,dummy-s0cn0vz5,NA,NA,NA,NA,NA,NA,NA,NA
0.05285157643665159,0.05135241606510984,dummy-s0enxzlb,NA,NA,NA,NA,NA,NA,NA,NA
0.03347434294216667,0.01451971782391325,dummy-s0gv1jhn,NA,NA,NA,NA,NA,NA,NA,NA
0.0404930502431583,0.04983193319762839,dummy-s0p3y2fo,NA,NA,NA,NA,NA,NA,NA,NA
0.04357952589290686,0.0163024144248694,dummy-s115ewcj,NA,NA,NA,NA,NA,NA,NA,NA
0.03733984768802268,0.04109663173821898,dummy-s1hecvdz,NA,NA,NA,NA,NA,NA,NA,NA
0.15255882532262474,0.03334730471075343,dummy-s1yf0t8q,NA,NA,NA,NA,NA,NA,NA,NA
0.03380634261251882,0.03064339042930797,dummy-s1ziqhp4,NA,NA,NA,NA,NA,NA,NA,NA
0.02271445919385409,0.04152531882247692,dummy-s24mzy0x,NA,NA,NA,NA,NA,NA,NA,NA
0.16316494526748238,0.03047266958693883,dummy-s29h28yo,NA,NA,NA,NA,NA,NA,NA,NA
0.10289155829369712,0.05576758518645456,dummy-s2aqm0pt,NA,NA,NA,NA,NA,NA,NA,NA
0.02731750378562234,0.03591923519893226,dummy-s2e7z8vc,NA,NA,NA,NA,NA,NA,NA,NA
0.3673082831596778,0.096520321853602,dummy-s2ovaj5b,NA,NA,NA,NA,NA,NA,NA,NA
0.01515659428466177,0.02725663897345836,dummy-s3qpqe2k,NA,NA,NA,NA,NA,NA,NA,NA
0.0075338305760666,0.01458273561844099,dummy-s3womkum,NA,NA,NA,NA,NA,NA,NA,NA
0.01027965852102159,0.02707884448539989,dummy-s4ohl6l6,NA,NA,NA,NA,NA,NA,NA,NA
0.13918369664267474,0.08878237184156915,dummy-s4s1j10t,NA,NA,NA,NA,NA,NA,NA,NA
0.04557076695927429,0.03191190821964754,dummy-s4t3ateg,NA,NA,NA,NA,NA,NA,NA,NA
0.00708275816447222,0.01396539887435707,dummy-s4zmda7i,NA,NA,NA,NA,NA,NA,NA,NA
0.00353838935337906,0.01253476840095227,dummy-s52o985j,NA,NA,NA,NA,NA,NA,NA,NA
0.16038896004408593,0.01766418196136461,dummy-s5r7axzb,NA,NA,NA,NA,NA,NA,NA,NA
0.12480005430325604,0.01654332381815131,dummy-s68mbs4x,NA,NA,NA,NA,NA,NA,NA,NA
0.04415123303789917,0.0674833156061524,dummy-s6b4tgn2,NA,NA,NA,NA,NA,NA,NA,NA
0.19069662259986217,0.03224071359964825,dummy-s6bb1hpx,NA,NA,NA,NA,NA,NA,NA,NA
0.03101482958930484,0.01527284436691108,dummy-s6nk0zmj,NA,NA,NA,NA,NA,NA,NA,NA
0.122464410209015,0.03822706360330553,dummy-s77xk8hp,NA,NA,NA,NA,NA,NA,NA,NA
0.05218468980558599,0.01860314747448161,dummy-s7bm1p2r,NA,NA,NA,NA,NA,NA,NA,NA
0.0342436054781674,0.04725881803062478,dummy-s7mifwfp,NA,NA,NA,NA,NA,NA,NA,NA
0.03142031912604869,0.03763661755653844,dummy-s7rlucpa,NA,NA,NA,NA,NA,NA,NA,NA
0.03022787663903856,0.05233008341937823,dummy-s81nzjy0,NA,NA,NA,NA,NA,NA,NA,NA
0.09465488038418432,0.04935875237328731,dummy-s83iodju,NA,NA,NA,NA,NA,NA,NA,NA
0.1123119908038672,0.04195010606503292,dummy-s85f7h14,NA,NA,NA,NA,NA,NA,NA,NA
0.09004924618468288,0.02889262893505976,dummy-s88oexc8,NA,NA,NA,NA,NA,NA,NA,NA
0.10749459682455488,0.07611169115079322,dummy-s8qghv8s,NA,NA,NA,NA,NA,NA,NA,NA
0.06118888132985672,0.04422829146173412,dummy-safllm97,NA,NA,NA,NA,NA,NA,NA,NA
0.10179703299889024,0.06146264591817063,dummy-sanv4ztz,NA,NA,NA,NA,NA,NA,NA,NA
0.13720860631655538,0.06989785501099696,dummy-saql8tm7,NA,NA,NA,NA,NA,NA,NA,NA
0.1201622864951844,0.07732998796657806,dummy-sax5ts9s,NA,NA,NA,NA,NA,NA,NA,NA
0.1718024104361743,0.0627485000392734,dummy-sb5r4qac,NA,NA,NA,NA,NA,NA,NA,NA
0.0867653102413475,0.04514175920704375,dummy-sb62vhdv,NA,NA,NA,NA,NA,NA,NA,NA
0.13823504865143385,0.04947165775393163,dummy-sbbrtf45,NA,NA,NA,NA,NA,NA,NA,NA
0.03988177358363604,0.04506971602436044,dummy-sbpkte07,NA,NA,NA,NA,NA,NA,NA,NA
0.00289560253523784,0.01974217808879752,dummy-sczq8yih,NA,NA,NA,NA,NA,NA,NA,NA
0.10190264668632576,0.05370362731280699,dummy-sd33hnkc,NA,NA,NA,NA,NA,NA,NA,NA
0.09323780994717468,0.01974124311178247,dummy-sd3g4bs0,NA,NA,NA,NA,NA,NA,NA,NA
0.12216030277483506,0.05644215766631932,dummy-sduzb2dy,NA,NA,NA,NA,NA,NA,NA,NA
0.07532626033685771,0.04539379153405409,dummy-se3hnri7,NA,NA,NA,NA,NA,NA,NA,NA
0.14888407532740458,0.04515935047657484,dummy-sea6kjxi,NA,NA,NA,NA,NA,NA,NA,NA
0.01720738130170608,0.02082875760459995,dummy-sec6cubd,NA,NA,NA,NA,NA,NA,NA,NA
0.06972620846294872,0.07832263023459585,dummy-sefg4bxg,NA,NA,NA,NA,NA,NA,NA,NA
0.07787721186782079,0.04459532928675106,dummy-sepyqtz7,NA,NA,NA,NA,NA,NA,NA,NA
0.01427684354115018,0.03444989846957477,dummy-serl57z1,NA,NA,NA,NA,NA,NA,NA,NA
0.05100901795543165,0.029397402128113,dummy-sew9fn3u,NA,NA,NA,NA,NA,NA,NA,NA
0.03625711442781404,0.06151130327012896,dummy-sftx1od5,NA,NA,NA,NA,NA,NA,NA,NA
0.01881750924607769,0.03940158958660976,dummy-sg5rsxle,NA,NA,NA,NA,NA,NA,NA,NA
0.00524664182147369,0.02049115477887489,dummy-sg9rndnd,NA,NA,NA,NA,NA,NA,NA,NA
0.03650056692949025,0.03665651543535794,dummy-sgnmyvk9,NA,NA,NA,NA,NA,NA,NA,NA
0.08912636457815568,0.04457742341239877,dummy-sgycimlq,NA,NA,NA,NA,NA,NA,NA,NA
0.13261606966681322,0.03887847776400183,dummy-shbc33u7,NA,NA,NA,NA,NA,NA,NA,NA
0.07182571409483667,0.04169912018224855,dummy-shncdd16,NA,NA,NA,NA,NA,NA,NA,NA
0.00730326900781417,0.01558008011305622,dummy-shnkeakj,NA,NA,NA,NA,NA,NA,NA,NA
0.115920491305707,0.05234396828774094,dummy-shr9dsot,NA,NA,NA,NA,NA,NA,NA,NA
0.2661341841724266,0.06967315969774858,dummy-sia5betk,NA,NA,NA,NA,NA,NA,NA,NA
0.03033308339621583,0.04164888524202285,dummy-sibywpwp,NA,NA,NA,NA,NA,NA,NA,NA
0.1707673027853768,0.06235403176917883,dummy-simw4k3k,NA,NA,NA,NA,NA,NA,NA,NA
0.00951558656359312,0.0270470684195241,dummy-siwv693b,NA,NA,NA,NA,NA,NA,NA,NA
0.09300282143420446,0.01879771488444119,dummy-sj1o5acu,NA,NA,NA,NA,NA,NA,NA,NA
0.32450036380888025,0.05256633942670271,dummy-sjbapu7w,NA,NA,NA,NA,NA,NA,NA,NA
0.03825677649634628,0.04988360848706388,dummy-sjhzfeoo,NA,NA,NA,NA,NA,NA,NA,NA
0.14186519751340831,0.0613874873834393,dummy-sjtwp745,NA,NA,NA,NA,NA,NA,NA,NA
0.00931717724214175,0.02074952456354509,dummy-sk0o40lo,NA,NA,NA,NA,NA,NA,NA,NA
0.204441295263818,0.04370006705763132,dummy-skngf0p1,NA,NA,NA,NA,NA,NA,NA,NA
0.06625450203143614,0.04381826256903054,dummy-sko5qd10,NA,NA,NA,NA,NA,NA,NA,NA
0.00285878269968732,0.01874820211418158,dummy-skyjqt8i,NA,NA,NA,NA,NA,NA,NA,NA
0.049112958686805173,0.05062287380029616,dummy-sl5abpfp,NA,NA,NA,NA,NA,NA,NA,NA
0.08364714758454848,0.05759379767104392,dummy-sl6smvwg,NA,NA,NA,NA,NA,NA,NA,NA
0.05406434243153013,0.04515805160474478,dummy-slivufey,NA,NA,NA,NA,NA,NA,NA,NA
0.11970915542664765,0.057808015422314,dummy-slix4vpr,NA,NA,NA,NA,NA,NA,NA,NA
0.05514687868565349,0.05368101993109344,dummy-slz0bket,NA,NA,NA,NA,NA,NA,NA,NA
0.04172286108927815,0.03828048211913908,dummy-smb5cfsb,NA,NA,NA,NA,NA,NA,NA,NA
0.08816884538192774,0.04861740853610354,dummy-smnzc58u,NA,NA,NA,NA,NA,NA,NA,NA
0.08385990301161848,0.05355199505678158,dummy-sn50ih5t,NA,NA,NA,NA,NA,NA,NA,NA
0.2332666949359582,0.08811852461810311,dummy-sn5cbxux,NA,NA,NA,NA,NA,NA,NA,NA
0.20139242596423151,0.05293473757658841,dummy-sn9q08fy,NA,NA,NA,NA,NA,NA,NA,NA
0.24518206295987577,0.08328197504764262,dummy-snh2e64c,NA,NA,NA,NA,NA,NA,NA,NA
0.01767661438198774,0.01471845105270406,dummy-sns1mzv0,NA,NA,NA,NA,NA,NA,NA,NA
0.13641089133823348,0.04252204307164142,dummy-snwv007f,NA,NA,NA,NA,NA,NA,NA,NA
0.3271353393213698,0.07655865489414988,dummy-so9w0qll,NA,NA,NA,NA,NA,NA,NA,NA
0.03011776785898639,0.04212410898603714,dummy-sohwrwao,NA,NA,NA,NA,NA,NA,NA,NA
0.05152500388268427,0.01989995109441299,dummy-sovhnoyp,NA,NA,NA,NA,NA,NA,NA,NA
0.07031154904845362,0.05980234804931358,dummy-sqdsjae8,NA,NA,NA,NA,NA,NA,NA,NA
0.08045998105396089,0.02097203485270002,dummy-sqqdom33,NA,NA,NA,NA,NA,NA,NA,NA
0.13968554603263303,0.03228779923398708,dummy-sqtc7pe8,NA,NA,NA,NA,NA,NA,NA,NA
0.03934096769009027,0.0398215518974411,dummy-sqw88ncp,NA,NA,NA,NA,NA,NA,NA,NA
0.31573812633969267,0.08163448113563881,dummy-srg4ibho,NA,NA,NA,NA,NA,NA,NA,NA
0.00225659505962186,0.01430972622240956,dummy-ss7irggn,NA,NA,NA,NA,NA,NA,NA,NA
0.081530758557852,0.08102507301702697,dummy-ss9rn5xr,NA,NA,NA,NA,NA,NA,NA,NA
0.09231674681129906,0.03469871807700031,dummy-ssx5h84k,NA,NA,NA,NA,NA,NA,NA,NA
0.2312850205133317,0.06955191224353137,dummy-st7tnk05,NA,NA,NA,NA,NA,NA,NA,NA
0.14367817270878538,0.05832853064224273,dummy-stoca7gx,NA,NA,NA,NA,NA,NA,NA,NA
0.10617035869585437,0.07884828408636851,dummy-strzvewh,NA,NA,NA,NA,NA,NA,NA,NA
0.08022856089645146,0.06393748354308484,dummy-su8n95wt,NA,NA,NA,NA,NA,NA,NA,NA
0.2052370808157241,0.11666247281352528,dummy-svmpwl36,NA,NA,NA,NA,NA,NA,NA,NA
0.0711913692252243,0.03611596387216442,dummy-svqgizbw,NA,NA,NA,NA,NA,NA,NA,NA
0.1493386160507292,0.04226786143377901,dummy-sw84l6x2,NA,NA,NA,NA,NA,NA,NA,NA
0.08516046782403025,0.0441123906795691,dummy-sw9yf7a5,NA,NA,NA,NA,NA,NA,NA,NA
0.3933782576266681,0.05366675378194925,dummy-swawsrry,NA,NA,NA,NA,NA,NA,NA,NA
0.10959930636983088,0.04586426119480366,dummy-swlqojzd,NA,NA,NA,NA,NA,NA,NA,NA
0.02707240876936641,0.03861235280127043,dummy-swlt30dc,NA,NA,NA,NA,NA,NA,NA,NA
0.02089064752151003,0.0199845895710005,dummy-sxcaf66y,NA,NA,NA,NA,NA,NA,NA,NA
0.1441408528874541,0.06621484680326237,dummy-sxe2sz3e,NA,NA,NA,NA,NA,NA,NA,NA
0.10342218399074209,0.03993132068261764,dummy-sxwlu13h,NA,NA,NA,NA,NA,NA,NA,NA
0.00364751645443213,0.0241266142872845,dummy-syrd966p,NA,NA,NA,NA,NA,NA,NA,NA
0.14716274003934365,0.06208920623220387,dummy-szj2e01z,NA,NA,NA,NA,NA,NA,NA,NA
0.05473848530870334,0.05995124278616131,dummy-szw0fy0c,NA,NA,NA,NA,NA,NA,NA,NA
0.37135067242550934,0.09231850189566232,dummy-t0g92joq,NA,NA,NA,NA,NA,NA,NA,NA
0.05674032155679008,0.04835893589910418,dummy-t0mdzzoz,NA,NA,NA,NA,NA,NA,NA,NA
0.02271632899432115,0.04671830885672384,dummy-t0y0qgzr,NA,NA,NA,NA,NA,NA,NA,NA
0.125729160371486,0.11231860013308416,dummy-t15spc7b,NA,NA,NA,NA,NA,NA,NA,NA
0.07114447481661496,0.04529039625771922,dummy-t1bibo5x,NA,NA,NA,NA,NA,NA,NA,NA
0.3277554788353012,0.05458761377793403,dummy-t1i21dfh,NA,NA,NA,NA,NA,NA,NA,NA
0.3122021383111922,0.1527616311875805,dummy-t2g16vae,NA,NA,NA,NA,NA,NA,NA,NA
0.13990372175603272,0.04876621171621832,dummy-t2rf6g9k,NA,NA,NA,NA,NA,NA,NA,NA
0.01783943253029142,0.03020913922806126,dummy-t2sk9c36,NA,NA,NA,NA,NA,NA,NA,NA
0.12404579972321864,0.05136586565204648,dummy-t3387g3p,NA,NA,NA,NA,NA,NA,NA,NA
0.07192330022633106,0.0929960236942224,dummy-t3rqafw8,NA,NA,NA,NA,NA,NA,NA,NA
0.20516314770561864,0.10857531964393438,dummy-t4kong80,NA,NA,NA,NA,NA,NA,NA,NA
0.05022920984907775,0.03725778973640181,dummy-t58z9plw,NA,NA,NA,NA,NA,NA,NA,NA
0.05436658982704367,0.04271246527581395,dummy-t5dcr7p4,NA,NA,NA,NA,NA,NA,NA,NA
0.07865080005971035,0.03644501937909781,dummy-t5j6upg1,NA,NA,NA,NA,NA,NA,NA,NA
0.03241883438351886,0.04550903677541077,dummy-t6039hd1,NA,NA,NA,NA,NA,NA,NA,NA
1.3408062175429958,0.10314619545409996,dummy-t60vn7dm,NA,NA,NA,NA,NA,NA,NA,NA
0.05033092537380958,0.05619917633368113,dummy-t644rgu1,NA,NA,NA,NA,NA,NA,NA,NA
0.05785759521816693,0.04877227800051657,dummy-t6959fm4,NA,NA,NA,NA,NA,NA,NA,NA
0.00243691153036003,0.01528431932539187,dummy-t6f37mce,NA,NA,NA,NA,NA,NA,NA,NA
0.06296699491262911,0.04680053546639827,dummy-t6glcbsa,NA,NA,NA,NA,NA,NA,NA,NA
0.10595857845243677,0.10480217694460316,dummy-t6whc4qa,NA,NA,NA,NA,NA,NA,NA,NA
0.0663066913676612,0.04906616563841255,dummy-t70uvw7k,NA,NA,NA,NA,NA,NA,NA,NA
0.03204816509147308,0.03723898573203923,dummy-t71gkc31,NA,NA,NA,NA,NA,NA,NA,NA
0.03960607305442048,0.03104549498416131,dummy-t7dg89gd,NA,NA,NA,NA,NA,NA,NA,NA
0.01157574311419497,0.02975020393870551,dummy-t7elss3x,NA,NA,NA,NA,NA,NA,NA,NA
0.05888871449781827,0.03027020238034666,dummy-t7fcmnb2,NA,NA,NA,NA,NA,NA,NA,NA
0.06740264285338043,0.0507563690981887,dummy-t7kfl646,NA,NA,NA,NA,NA,NA,NA,NA
0.02197389180363432,0.0363627545809083,dummy-t7uhhlvo,NA,NA,NA,NA,NA,NA,NA,NA
0.23580167628715573,0.06023391943387649,dummy-t8gehvkg,NA,NA,NA,NA,NA,NA,NA,NA
0.00251232647982224,0.0169839968697601,dummy-t988fhwr,NA,NA,NA,NA,NA,NA,NA,NA
0.0713206964338796,0.05360528916926961,dummy-t9bncit8,NA,NA,NA,NA,NA,NA,NA,NA
0.02899297099338912,0.04321929242807597,dummy-t9d6ynzo,NA,NA,NA,NA,NA,NA,NA,NA
0.03717801625015647,0.05137604417245249,dummy-ta7x6esz,NA,NA,NA,NA,NA,NA,NA,NA
0.10205747495843533,0.03667886749611954,dummy-tap77tkz,NA,NA,NA,NA,NA,NA,NA,NA
0.00342292696278143,0.01311503022968308,dummy-tazbxlvx,NA,NA,NA,NA,NA,NA,NA,NA
0.06768931830530303,0.07664694163926801,dummy-tb7kpq9e,NA,NA,NA,NA,NA,NA,NA,NA
0.10789969864342572,0.06161603809946576,dummy-tb92q6y2,NA,NA,NA,NA,NA,NA,NA,NA
0.00851228567043815,0.0175097614983325,dummy-tbp41hi6,NA,NA,NA,NA,NA,NA,NA,NA
0.03277298495259087,0.04738824090509293,dummy-tbs3tq1h,NA,NA,NA,NA,NA,NA,NA,NA
0.05130417532695845,0.05622353841956545,dummy-tbxw78h3,NA,NA,NA,NA,NA,NA,NA,NA
0.1441953763122375,0.01583305560108183,dummy-tbz0hfqj,NA,NA,NA,NA,NA,NA,NA,NA
0.00285878269968732,0.01874820211418158,dummy-tc1buppu,NA,NA,NA,NA,NA,NA,NA,NA
0.1264398317429413,0.07853156593686204,dummy-tcdcv898,NA,NA,NA,NA,NA,NA,NA,NA
0.03923170221190846,0.04978737005229748,dummy-tce4c6rk,NA,NA,NA,NA,NA,NA,NA,NA
0.05303053476470185,0.03749196207045136,dummy-tcen2can,NA,NA,NA,NA,NA,NA,NA,NA
0.09924948566070288,0.08191139380136388,dummy-tcq08hvp,NA,NA,NA,NA,NA,NA,NA,NA
0.00270577507924839,0.0117542038060683,dummy-td2xw2q8,NA,NA,NA,NA,NA,NA,NA,NA
0.06412164322931987,0.01453610390247843,dummy-td7f8rjl,NA,NA,NA,NA,NA,NA,NA,NA
0.10680074984559244,0.06856223811443578,dummy-tdl5whgh,NA,NA,NA,NA,NA,NA,NA,NA
0.07446718650639773,0.05348595171835016,dummy-tdzbrx44,NA,NA,NA,NA,NA,NA,NA,NA
0.03451459300198286,0.05338826541515406,dummy-te1tvdez,NA,NA,NA,NA,NA,NA,NA,NA
0.05366692177412494,0.03751060231676417,dummy-teewg4li,NA,NA,NA,NA,NA,NA,NA,NA
0.0617366665569334,0.07567136224985162,dummy-tehb6kr5,NA,NA,NA,NA,NA,NA,NA,NA
0.08966121925336339,0.0291755026464686,dummy-tenb94dl,NA,NA,NA,NA,NA,NA,NA,NA
0.00243691153036003,0.01528431932539187,dummy-tevqzcfv,NA,NA,NA,NA,NA,NA,NA,NA
0.07161381980339826,0.04059942267441862,dummy-tf789l15,NA,NA,NA,NA,NA,NA,NA,NA
0.18486352536687423,0.11413331641105354,dummy-tfbnw9bc,NA,NA,NA,NA,NA,NA,NA,NA
0.02862053522946551,0.01909190756547641,dummy-tfng5gva,NA,NA,NA,NA,NA,NA,NA,NA
0.03335984499190202,0.01631251913793933,dummy-tfq3sed3,NA,NA,NA,NA,NA,NA,NA,NA
0.05471869503424082,0.05995124286355523,dummy-tfuzesu9,NA,NA,NA,NA,NA,NA,NA,NA
0.12127949931797324,0.069293478296610575,dummy-tfwwn5n3,NA,NA,NA,NA,NA,NA,NA,NA
0.01977328619075162,0.03786231661981076,dummy-tg2guesb,NA,NA,NA,NA,NA,NA,NA,NA
0.8587283982831126,0.06811807002482645,dummy-tgzbcjpi,NA,NA,NA,NA,NA,NA,NA,NA
0.01018748718595446,0.01742792891706137,dummy-thpz16lj,NA,NA,NA,NA,NA,NA,NA,NA
0.13686923232261952,0.0325189312774594,dummy-ti0qrlwz,NA,NA,NA,NA,NA,NA,NA,NA
0.04893816340516005,0.07016595954383344,dummy-ti5gl6ne,NA,NA,NA,NA,NA,NA,NA,NA
0.15099571484126662,0.09304304614764988,dummy-tiew8kkf,NA,NA,NA,NA,NA,NA,NA,NA
0.11947331020285244,0.04155773562773551,dummy-tij6a65b,NA,NA,NA,NA,NA,NA,NA,NA
0.02717857879364171,0.01650985973375433,dummy-tikem6g6,NA,NA,NA,NA,NA,NA,NA,NA
0.483679661464866,0.05825431388569951,dummy-tj6kvhl7,NA,NA,NA,NA,NA,NA,NA,NA
0.0957432455496086,0.06188532063701205,dummy-tkd5pm3v,NA,NA,NA,NA,NA,NA,NA,NA
0.11945261317253963,0.04223439490404218,dummy-tkgpigzv,NA,NA,NA,NA,NA,NA,NA,NA
0.07220703258915354,0.06054504673865633,dummy-tkjj45ue,NA,NA,NA,NA,NA,NA,NA,NA
0.03285269173534713,0.04060228076372313,dummy-tkuiveyp,NA,NA,NA,NA,NA,NA,NA,NA
0.14881378644668206,0.10095252405064847,dummy-tl4zbn32,NA,NA,NA,NA,NA,NA,NA,NA
0.069328110455158,0.04945171713323435,dummy-tl7msr8q,NA,NA,NA,NA,NA,NA,NA,NA
0.11247003928800552,0.07861718353225948,dummy-tlf2i6h1,NA,NA,NA,NA,NA,NA,NA,NA
0.31135992428780884,0.0342335754951938,dummy-tlh2ejjj,NA,NA,NA,NA,NA,NA,NA,NA
0.00868449949883541,0.01547869187089408,dummy-tllnb5ai,NA,NA,NA,NA,NA,NA,NA,NA
0.00427631768711517,0.02044317571774551,dummy-tm1hpg87,NA,NA,NA,NA,NA,NA,NA,NA
0.030766073474914,0.02934229101365733,dummy-tm1wusi3,NA,NA,NA,NA,NA,NA,NA,NA
0.00567152210067015,0.01317390967437876,dummy-tm4j8519,NA,NA,NA,NA,NA,NA,NA,NA
0.06397861021761156,0.06483178913442932,dummy-tmasp2nf,NA,NA,NA,NA,NA,NA,NA,NA
0.07376630699476429,0.05056709906930796,dummy-tmc7j0qv,NA,NA,NA,NA,NA,NA,NA,NA
0.05036937548043036,0.04082608420474409,dummy-tmm56f5i,NA,NA,NA,NA,NA,NA,NA,NA
0.05962544092989489,0.06426827738326492,dummy-tmobd8x5,NA,NA,NA,NA,NA,NA,NA,NA
0.03345794196886401,0.04827554608705525,dummy-tn6blmkc,NA,NA,NA,NA,NA,NA,NA,NA
0.00452063889130398,0.01338559481485991,dummy-tn7daquu,NA,NA,NA,NA,NA,NA,NA,NA
0.03022787663903856,0.05233008341937823,dummy-tn7nzk11,NA,NA,NA,NA,NA,NA,NA,NA
0.15604279456125414,0.04013502933696054,dummy-tn7yp1hi,NA,NA,NA,NA,NA,NA,NA,NA
0.44502217810397415,0.04151079086193237,dummy-tog2knrz,NA,NA,NA,NA,NA,NA,NA,NA
0.0266236542449274,0.02910564259023484,dummy-toklu99v,NA,NA,NA,NA,NA,NA,NA,NA
0.0650052468546866,0.01920782689591498,dummy-tovp0cuq,NA,NA,NA,NA,NA,NA,NA,NA
0.04871556380554148,0.02839264577456846,dummy-tp0818xr,NA,NA,NA,NA,NA,NA,NA,NA
0.15861570416942913,0.04866552182143058,dummy-tp9lhxro,NA,NA,NA,NA,NA,NA,NA,NA
0.08458120090692536,0.05576342946488472,dummy-tpnwi2r1,NA,NA,NA,NA,NA,NA,NA,NA
0.02899297099338912,0.04321929242807597,dummy-tpoq01rz,NA,NA,NA,NA,NA,NA,NA,NA
0.03643116989030021,0.01578984863047032,dummy-tpozesdp,NA,NA,NA,NA,NA,NA,NA,NA
0.03075914421875394,0.05426560756075362,dummy-tq6wy2k7,NA,NA,NA,NA,NA,NA,NA,NA
0.02510144141708155,0.04410367689460974,dummy-tqjxy38j,NA,NA,NA,NA,NA,NA,NA,NA
0.09209306223556112,0.07674307197357629,dummy-tqp5qa68,NA,NA,NA,NA,NA,NA,NA,NA
0.25557718955903264,0.08850648121546434,dummy-tqpnmf8o,NA,NA,NA,NA,NA,NA,NA,NA
0.00311775715874886,0.01257362380878029,dummy-tr5c5c18,NA,NA,NA,NA,NA,NA,NA,NA
0.14808378238714415,0.06572686096352723,dummy-trb8zn01,NA,NA,NA,NA,NA,NA,NA,NA
0.03091591035842558,0.01406467054401467,dummy-trkmdtd1,NA,NA,NA,NA,NA,NA,NA,NA
0.14761279450386214,0.05993064584441846,dummy-trtbraz2,NA,NA,NA,NA,NA,NA,NA,NA
0.01330137061223049,0.01773260230558905,dummy-trw515ji,NA,NA,NA,NA,NA,NA,NA,NA
0.04223619739068129,0.04659246751256004,dummy-tsgh5knp,NA,NA,NA,NA,NA,NA,NA,NA
0.3430517608901239,0.07337147837818882,dummy-tsuusx00,NA,NA,NA,NA,NA,NA,NA,NA
0.10919170266359968,0.05677283049111863,dummy-tt5njbk3,NA,NA,NA,NA,NA,NA,NA,NA
0.11205305592052812,0.03942981988408716,dummy-tt6sxugp,NA,NA,NA,NA,NA,NA,NA,NA
0.1788330058115808,0.10347759507063824,dummy-ttas5kvt,NA,NA,NA,NA,NA,NA,NA,NA
0.02617879300503246,0.04004362650677367,dummy-tu99ahp6,NA,NA,NA,NA,NA,NA,NA,NA
0.03790300583402534,0.03385903912469158,dummy-tumti0vl,NA,NA,NA,NA,NA,NA,NA,NA
0.3201698817207446,0.07342266199470131,dummy-tuqz62i6,NA,NA,NA,NA,NA,NA,NA,NA
0.20228062963059323,0.04358548869215256,dummy-tuwjromy,NA,NA,NA,NA,NA,NA,NA,NA
0.04553790997144019,0.03430669616783782,dummy-tv2z96uq,NA,NA,NA,NA,NA,NA,NA,NA
0.11102924764995475,0.06305220386456042,dummy-tv4clwvq,NA,NA,NA,NA,NA,NA,NA,NA
0.02467271651591178,0.04238735398369415,dummy-tv77frky,NA,NA,NA,NA,NA,NA,NA,NA
0.06574898947288398,0.04357754108095155,dummy-tvbnxta3,NA,NA,NA,NA,NA,NA,NA,NA
0.01878795541874834,0.046422509808881,dummy-tvchl559,NA,NA,NA,NA,NA,NA,NA,NA
0.19840116983890377,0.06141330838532186,dummy-tvd3li5j,NA,NA,NA,NA,NA,NA,NA,NA
0.1904163779706999,0.08919744054127232,dummy-tvtz6vux,NA,NA,NA,NA,NA,NA,NA,NA
0.22858392366052577,0.04422559549343782,dummy-tvydk124,NA,NA,NA,NA,NA,NA,NA,NA
0.09610627943559072,0.0484713959559032,dummy-tw4f9xwk,NA,NA,NA,NA,NA,NA,NA,NA
0.00324464432185027,0.01513808590030466,dummy-twbhdisi,NA,NA,NA,NA,NA,NA,NA,NA
0.08621139357976847,0.10639771388757234,dummy-twezu11u,NA,NA,NA,NA,NA,NA,NA,NA
0.00335795909123518,0.01311241441875257,dummy-twvx1knc,NA,NA,NA,NA,NA,NA,NA,NA
0.02940950657332131,0.04357856763361208,dummy-txqwhudf,NA,NA,NA,NA,NA,NA,NA,NA
0.06910005795553723,0.05448920221401116,dummy-ty2g9fm6,NA,NA,NA,NA,NA,NA,NA,NA
0.2641074833712157,0.04663070237978214,dummy-tyovma7f,NA,NA,NA,NA,NA,NA,NA,NA
0.06647689126671152,0.04748587715584303,dummy-tzd8uilo,NA,NA,NA,NA,NA,NA,NA,NA
0.01840760564902009,0.02210470124841219,dummy-tzoblffb,NA,NA,NA,NA,NA,NA,NA,NA
0.03604382106304288,0.04062797110105416,dummy-tzu4bwf9,NA,NA,NA,NA,NA,NA,NA,NA
0.03025869017959217,0.03366590035954206,dummy-u07di3ge,NA,NA,NA,NA,NA,NA,NA,NA
0.13648661166782408,0.07742383304063544,dummy-u0ds2p32,NA,NA,NA,NA,NA,NA,NA,NA
0.07135037229537633,0.05359331650658566,dummy-u0gez92r,NA,NA,NA,NA,NA,NA,NA,NA
0.06260570296676268,0.03818038885274175,dummy-u16754ec,NA,NA,NA,NA,NA,NA,NA,NA
0.01975763864761578,0.02242001184172163,dummy-u1vi6kep,NA,NA,NA,NA,NA,NA,NA,NA
0.01130863222826937,0.0148848254557975,dummy-u1ypmdaz,NA,NA,NA,NA,NA,NA,NA,NA
0.0503892529507559,0.05619917688477897,dummy-u2qv2mkl,NA,NA,NA,NA,NA,NA,NA,NA
0.01964946842427034,0.03652674790507721,dummy-u2qy50hf,NA,NA,NA,NA,NA,NA,NA,NA
0.00379493520226066,0.01513960522734339,dummy-u3ptkkkc,NA,NA,NA,NA,NA,NA,NA,NA
0.02112745911250174,0.03329644416526953,dummy-u3yaysm8,NA,NA,NA,NA,NA,NA,NA,NA
0.02572809067629772,0.03246101060584683,dummy-u422dltc,NA,NA,NA,NA,NA,NA,NA,NA
0.01667297090569649,0.01991933444104145,dummy-u4jdjeq5,NA,NA,NA,NA,NA,NA,NA,NA
0.087189315597303,0.03829387992205301,dummy-u606d5f8,NA,NA,NA,NA,NA,NA,NA,NA
0.0800826813445836,0.0556363897971945,dummy-u66azvk5,NA,NA,NA,NA,NA,NA,NA,NA
0.02606201487688341,0.03695127830026201,dummy-u6dx2v06,NA,NA,NA,NA,NA,NA,NA,NA
0.26917004610681716,0.08013316256088418,dummy-u6i017mw,NA,NA,NA,NA,NA,NA,NA,NA
0.00524598034995075,0.014442090014182,dummy-u6sw9ok9,NA,NA,NA,NA,NA,NA,NA,NA
0.05844248382657643,0.07029713491403053,dummy-u6to48qm,NA,NA,NA,NA,NA,NA,NA,NA
0.01190141381681805,0.02611889098087005,dummy-u6xebl7z,NA,NA,NA,NA,NA,NA,NA,NA
0.03936032063493732,0.04898766861314142,dummy-u70a0un4,NA,NA,NA,NA,NA,NA,NA,NA
0.12635263017105688,0.05138848149483971,dummy-u72rp0dg,NA,NA,NA,NA,NA,NA,NA,NA
0.0627106364927913,0.03818038863484792,dummy-u7gf47uj,NA,NA,NA,NA,NA,NA,NA,NA
0.04025311809159133,0.03073930008360781,dummy-u7ut4c90,NA,NA,NA,NA,NA,NA,NA,NA
0.03270446046064326,0.03845924012385463,dummy-u8jmumsp,NA,NA,NA,NA,NA,NA,NA,NA
0.08148736868216334,0.05271772605194073,dummy-u8kg36a6,NA,NA,NA,NA,NA,NA,NA,NA
0.0063988198873558,0.01907976733664029,dummy-u8wcpyru,NA,NA,NA,NA,NA,NA,NA,NA
0.0066412519422097,0.01348254400837338,dummy-u9i0cjlt,NA,NA,NA,NA,NA,NA,NA,NA
0.46387049494330906,0.04541868222322395,dummy-u9qlcky9,NA,NA,NA,NA,NA,NA,NA,NA
0.11532508977674244,0.07294720759406118,dummy-ua0m3pi8,NA,NA,NA,NA,NA,NA,NA,NA
0.00276102582270539,0.01243759590802178,dummy-ua8g2ku6,NA,NA,NA,NA,NA,NA,NA,NA
0.1675624851136971,0.05560207919367433,dummy-uabil4ow,NA,NA,NA,NA,NA,NA,NA,NA
0.06879793612988455,0.0393506241677097,dummy-uat0gqaa,NA,NA,NA,NA,NA,NA,NA,NA
0.01502282572172014,0.03281072565307716,dummy-ub6hzsls,NA,NA,NA,NA,NA,NA,NA,NA
0.09696012118997842,0.04987567285154414,dummy-ubvt5p60,NA,NA,NA,NA,NA,NA,NA,NA
0.09570159724050978,0.04627503971878391,dummy-ubyd9oic,NA,NA,NA,NA,NA,NA,NA,NA
0.07919164467626204,0.04289211444032208,dummy-ubzcbcx3,NA,NA,NA,NA,NA,NA,NA,NA
0.01875314624130393,0.02606493309422915,dummy-uc1bx74j,NA,NA,NA,NA,NA,NA,NA,NA
0.2101126441390985,0.07791299811069838,dummy-uc8izic0,NA,NA,NA,NA,NA,NA,NA,NA
0.00294351514554692,0.01347639871002583,dummy-ucb2e6fl,NA,NA,NA,NA,NA,NA,NA,NA
0.11566387317306376,0.04569046783402952,dummy-uciiptp2,NA,NA,NA,NA,NA,NA,NA,NA
0.13134537951293382,0.01936557447878665,dummy-ucqfh6uk,NA,NA,NA,NA,NA,NA,NA,NA
0.07169495503448538,0.05224329810311467,dummy-ucwa4jxp,NA,NA,NA,NA,NA,NA,NA,NA
0.01134434707862818,0.02887672204035526,dummy-ud18vf7y,NA,NA,NA,NA,NA,NA,NA,NA
0.01160937232342211,0.03429950967308693,dummy-ud3eijw8,NA,NA,NA,NA,NA,NA,NA,NA
0.02817080025740538,0.03651938268954571,dummy-uddi9fwn,NA,NA,NA,NA,NA,NA,NA,NA
0.10497074930581282,0.05849909518932793,dummy-udnpkywm,NA,NA,NA,NA,NA,NA,NA,NA
0.01610633695163825,0.01466406292305996,dummy-udqd5rto,NA,NA,NA,NA,NA,NA,NA,NA
0.09231674681129906,0.03469871807700031,dummy-udqe6491,NA,NA,NA,NA,NA,NA,NA,NA
0.01756224746803885,0.01776664070289035,dummy-ued60l1w,NA,NA,NA,NA,NA,NA,NA,NA
0.02166088265970125,0.03195252171242636,dummy-ufboq7py,NA,NA,NA,NA,NA,NA,NA,NA
0.03026826117363492,0.03788128421911911,dummy-ufl1nmcj,NA,NA,NA,NA,NA,NA,NA,NA
0.03187058916649985,0.04202687774916176,dummy-ufneyh49,NA,NA,NA,NA,NA,NA,NA,NA
0.01577687124615508,0.0253612165387179,dummy-ufnocr8n,NA,NA,NA,NA,NA,NA,NA,NA
0.01059804458502956,0.01420575102027764,dummy-ufs9g6px,NA,NA,NA,NA,NA,NA,NA,NA
0.03026826117363492,0.03788128421911911,dummy-ufw5gqt6,NA,NA,NA,NA,NA,NA,NA,NA
0.19903583546009285,0.05250440475339126,dummy-ugdidlmo,NA,NA,NA,NA,NA,NA,NA,NA
0.03806942556103412,0.04005642709551455,dummy-uglgy8ob,NA,NA,NA,NA,NA,NA,NA,NA
0.08671093805356121,0.03820707764315969,dummy-uh1t5l7j,NA,NA,NA,NA,NA,NA,NA,NA
0.02856517825121723,0.01907706316840131,dummy-uh2arq29,NA,NA,NA,NA,NA,NA,NA,NA
0.00921911606384282,0.02825342596077959,dummy-uh4yc6a5,NA,NA,NA,NA,NA,NA,NA,NA
0.1417885185894825,0.03323902927707604,dummy-uh7umvgv,NA,NA,NA,NA,NA,NA,NA,NA
0.02999341760716721,0.01705315404973569,dummy-uhaejvby,NA,NA,NA,NA,NA,NA,NA,NA
0.01961061728955369,0.01733613805024631,dummy-uhvzqfqn,NA,NA,NA,NA,NA,NA,NA,NA
0.05260236928391089,0.0143382690048381,dummy-uhyj7rk7,NA,NA,NA,NA,NA,NA,NA,NA
0.00800213257393008,0.0262744363580134,dummy-uiwwkzyi,NA,NA,NA,NA,NA,NA,NA,NA
0.14881378644668206,0.10095252405064847,dummy-uixf6tls,NA,NA,NA,NA,NA,NA,NA,NA
0.00296759990107806,0.01201063401574758,dummy-uj1s164q,NA,NA,NA,NA,NA,NA,NA,NA
0.14872416524843582,0.07800671320941163,dummy-uj7tiz3k,NA,NA,NA,NA,NA,NA,NA,NA
0.01934898234453792,0.03330862932320838,dummy-uj9glt7n,NA,NA,NA,NA,NA,NA,NA,NA
0.14761279450386214,0.05993064584441846,dummy-ujmap7x7,NA,NA,NA,NA,NA,NA,NA,NA
0.02147056978517058,0.03347086172979263,dummy-ujpx9m94,NA,NA,NA,NA,NA,NA,NA,NA
0.05367052465043014,0.06209744677892764,dummy-ujr6l71z,NA,NA,NA,NA,NA,NA,NA,NA
0.0440903021593306,0.04088686194185723,dummy-ujz5kygz,NA,NA,NA,NA,NA,NA,NA,NA
0.00419645477769718,0.01362765023070788,dummy-ujzl78s3,NA,NA,NA,NA,NA,NA,NA,NA
0.03459744561542358,0.01831797904581927,dummy-ukb79hre,NA,NA,NA,NA,NA,NA,NA,NA
0.0152733454848691,0.01558338327172651,dummy-ukm9j02e,NA,NA,NA,NA,NA,NA,NA,NA
0.2315395725152917,0.06955191118650529,dummy-ukoclzyr,NA,NA,NA,NA,NA,NA,NA,NA
0.13961939669201728,0.06712175564071644,dummy-uljlzeqh,NA,NA,NA,NA,NA,NA,NA,NA
0.08531555913624436,0.0379152303719337,dummy-ull3vgu6,NA,NA,NA,NA,NA,NA,NA,NA
0.01765712080117927,0.03336216496745571,dummy-ulplszl0,NA,NA,NA,NA,NA,NA,NA,NA
0.01974105276789845,0.03093307493932506,dummy-ulr9t9d5,NA,NA,NA,NA,NA,NA,NA,NA
0.06342708581615866,0.04747252401830966,dummy-ume4au6g,NA,NA,NA,NA,NA,NA,NA,NA
0.0595141633409989,0.04565877363916231,dummy-umjf03sa,NA,NA,NA,NA,NA,NA,NA,NA
0.4247930716139941,0.06387141087678212,dummy-umq1y92a,NA,NA,NA,NA,NA,NA,NA,NA
0.09671307429732856,0.0445156246886521,dummy-umrxw9lb,NA,NA,NA,NA,NA,NA,NA,NA
0.00994473757904318,0.0258957277865118,dummy-umsl1k2o,NA,NA,NA,NA,NA,NA,NA,NA
0.03027681411291434,0.02785523294877751,dummy-umyt4ltp,NA,NA,NA,NA,NA,NA,NA,NA
0.14688222005035922,0.05278568600030551,dummy-uni3pevf,NA,NA,NA,NA,NA,NA,NA,NA
0.03101772494134452,0.03771163894615756,dummy-uo2cxwjl,NA,NA,NA,NA,NA,NA,NA,NA
0.0515287302770674,0.03654522519468373,dummy-uof67qgb,NA,NA,NA,NA,NA,NA,NA,NA
0.00433812382746701,0.01299199423065818,dummy-uohw5swa,NA,NA,NA,NA,NA,NA,NA,NA
0.9899858303392808,0.0585099577793397,dummy-up2zuik7,NA,NA,NA,NA,NA,NA,NA,NA
0.02740342714665668,0.01412209253887598,dummy-up3tpzpw,NA,NA,NA,NA,NA,NA,NA,NA
0.10244457640634629,0.03349143525320891,dummy-updrq491,NA,NA,NA,NA,NA,NA,NA,NA
0.01033122716913907,0.02451113200751097,dummy-upo92dt5,NA,NA,NA,NA,NA,NA,NA,NA
0.01316027758035646,0.02757283891513558,dummy-upo9c88o,NA,NA,NA,NA,NA,NA,NA,NA
0.1035936070458381,0.05858611201465322,dummy-upqsfmzw,NA,NA,NA,NA,NA,NA,NA,NA
0.13272765708964704,0.06234994576406858,dummy-upqsozcw,NA,NA,NA,NA,NA,NA,NA,NA
0.0519757583775817,0.01422930479760067,dummy-upwt7jdl,NA,NA,NA,NA,NA,NA,NA,NA
0.00915135670686783,0.01456258184261276,dummy-uq0d0fgs,NA,NA,NA,NA,NA,NA,NA,NA
0.03287091739574221,0.04739834408023171,dummy-uqbplhim,NA,NA,NA,NA,NA,NA,NA,NA
0.13853334102065465,0.07035433437581058,dummy-uqkvfe31,NA,NA,NA,NA,NA,NA,NA,NA
0.00327515910577037,0.01538543455421281,dummy-uqns23lw,NA,NA,NA,NA,NA,NA,NA,NA
0.26974698553564797,0.04910179247453014,dummy-ur9f0v2v,NA,NA,NA,NA,NA,NA,NA,NA
0.06343983670597572,0.04106952042304709,dummy-urld6ag5,NA,NA,NA,NA,NA,NA,NA,NA
0.23242414198156605,0.11565481617330518,dummy-urwtos94,NA,NA,NA,NA,NA,NA,NA,NA
0.00302894905260723,0.01353684340501834,dummy-us63ejg7,NA,NA,NA,NA,NA,NA,NA,NA
0.03033245342033612,0.01671464842802997,dummy-usgupyix,NA,NA,NA,NA,NA,NA,NA,NA
0.15947766960761783,0.07844005051738807,dummy-ut0ooo7v,NA,NA,NA,NA,NA,NA,NA,NA
0.02040309261344193,0.03121661103404638,dummy-ut57bx9a,NA,NA,NA,NA,NA,NA,NA,NA
0.01116675831941054,0.02589361613612727,dummy-ut6piqtm,NA,NA,NA,NA,NA,NA,NA,NA
0.5576264668907049,0.1099186688344405,dummy-utna4yb8,NA,NA,NA,NA,NA,NA,NA,NA
0.04983992683866053,0.0387734663282822,dummy-utv0zvc3,NA,NA,NA,NA,NA,NA,NA,NA
0.00699438011396187,0.01484405386844632,dummy-uug04pup,NA,NA,NA,NA,NA,NA,NA,NA
0.16310061399132694,0.07359892279948085,dummy-uuw7huts,NA,NA,NA,NA,NA,NA,NA,NA
0.04569542207988662,0.04981772954303914,dummy-uw5y7xuq,NA,NA,NA,NA,NA,NA,NA,NA
0.10716320606859872,0.05623547433057244,dummy-uxc0wka1,NA,NA,NA,NA,NA,NA,NA,NA
0.00589502603803277,0.01536204674752293,dummy-uxca82qz,NA,NA,NA,NA,NA,NA,NA,NA
0.14932570644455392,0.01620690972508277,dummy-uxl71fmu,NA,NA,NA,NA,NA,NA,NA,NA
0.16550035726839937,0.05515675724303789,dummy-uxnkvgog,NA,NA,NA,NA,NA,NA,NA,NA
0.02660247835667006,0.05039861874584026,dummy-uxv9t79q,NA,NA,NA,NA,NA,NA,NA,NA
0.00336067830322808,0.01247208791749444,dummy-uy0d2qg4,NA,NA,NA,NA,NA,NA,NA,NA
0.02361901367132889,0.03531181977576523,dummy-uyf65ek5,NA,NA,NA,NA,NA,NA,NA,NA
0.0276184277406577,0.04013470235998538,dummy-uyg4p9xn,NA,NA,NA,NA,NA,NA,NA,NA
0.04318014727962272,0.04387796671254065,dummy-uytec6yn,NA,NA,NA,NA,NA,NA,NA,NA
0.0367632839517966,0.04813727328083989,dummy-uyxbs9xl,NA,NA,NA,NA,NA,NA,NA,NA
2.554153531030378,0.08417354497131727,dummy-uz4xrww5,NA,NA,NA,NA,NA,NA,NA,NA
0.15705815057962058,0.05952961371523172,dummy-uz9kywuo,NA,NA,NA,NA,NA,NA,NA,NA
0.12229524948947486,0.01683189817403551,dummy-uzas7jsn,NA,NA,NA,NA,NA,NA,NA,NA
0.02460865673255863,0.03403852193555352,dummy-uzs003ex,NA,NA,NA,NA,NA,NA,NA,NA
0.00903350287177605,0.01790247460120233,dummy-v06cgqxu,NA,NA,NA,NA,NA,NA,NA,NA
0.00774774563716619,0.01484793750243621,dummy-v0cjdq3j,NA,NA,NA,NA,NA,NA,NA,NA
0.02707240876936641,0.03861235280127043,dummy-v0owwj6b,NA,NA,NA,NA,NA,NA,NA,NA
0.00998908243021902,0.03109146461723381,dummy-v0q6iu7u,NA,NA,NA,NA,NA,NA,NA,NA
0.03106980779757076,0.01410791184549882,dummy-v0qreenu,NA,NA,NA,NA,NA,NA,NA,NA
0.13917998843787538,0.0644719609934034,dummy-v10b0zw2,NA,NA,NA,NA,NA,NA,NA,NA
0.04097186407174674,0.03026191689077718,dummy-v121500n,NA,NA,NA,NA,NA,NA,NA,NA
0.10179703299889024,0.06146264591817063,dummy-v1i5quqi,NA,NA,NA,NA,NA,NA,NA,NA
0.01650735413523022,0.01535567612699903,dummy-v1qu1iog,NA,NA,NA,NA,NA,NA,NA,NA
0.06153565627252641,0.01814991832497819,dummy-v1wrhlur,NA,NA,NA,NA,NA,NA,NA,NA
0.02010611873182185,0.01711025523578722,dummy-v2a3z5v1,NA,NA,NA,NA,NA,NA,NA,NA
0.12805213796681916,0.05706846312945958,dummy-v33lggrp,NA,NA,NA,NA,NA,NA,NA,NA
0.20906497371661403,0.03995757353466708,dummy-v3b2bs5r,NA,NA,NA,NA,NA,NA,NA,NA
0.27297139093835066,0.08496656737571505,dummy-v3ztmz8b,NA,NA,NA,NA,NA,NA,NA,NA
0.19840116983890377,0.06141330838532186,dummy-v48vzobc,NA,NA,NA,NA,NA,NA,NA,NA
0.08384580713732465,0.07746461457896085,dummy-v4ec92xx,NA,NA,NA,NA,NA,NA,NA,NA
0.03226154848213174,0.02991081610852586,dummy-v4n8scmn,NA,NA,NA,NA,NA,NA,NA,NA
0.02514410870557678,0.03411094662539495,dummy-v54o9rq8,NA,NA,NA,NA,NA,NA,NA,NA
0.01178047921584068,0.0298408410862787,dummy-v552g2x3,NA,NA,NA,NA,NA,NA,NA,NA
0.14030490173438537,0.04546492481156859,dummy-v56ms9xc,NA,NA,NA,NA,NA,NA,NA,NA
0.05378053262554484,0.04832849389116064,dummy-v5smwkqe,NA,NA,NA,NA,NA,NA,NA,NA
0.05781935509846853,0.03732377467687346,dummy-v604cs4k,NA,NA,NA,NA,NA,NA,NA,NA
0.01067503690559783,0.02409904415987665,dummy-v69sigk1,NA,NA,NA,NA,NA,NA,NA,NA
0.19699699815218985,0.09145538634855443,dummy-v6at0udk,NA,NA,NA,NA,NA,NA,NA,NA
0.15204006545978088,0.06635331354970499,dummy-v6i4c0d1,NA,NA,NA,NA,NA,NA,NA,NA
0.09568019814429785,0.04627503983228376,dummy-v75o8ttf,NA,NA,NA,NA,NA,NA,NA,NA
0.01246002805160293,0.034330400107984,dummy-v793dii4,NA,NA,NA,NA,NA,NA,NA,NA
0.1170812027354607,0.06025340819436377,dummy-v7ccxq10,NA,NA,NA,NA,NA,NA,NA,NA
0.03648775765616745,0.03665651548183418,dummy-v7qhwd8y,NA,NA,NA,NA,NA,NA,NA,NA
0.09673344424020104,0.07744182847907886,dummy-v87a0g0z,NA,NA,NA,NA,NA,NA,NA,NA
0.15438213088524896,0.05167382544152046,dummy-v8e00pr6,NA,NA,NA,NA,NA,NA,NA,NA
2.212417723797863,0.08417354998285038,dummy-v8kgtzun,NA,NA,NA,NA,NA,NA,NA,NA
0.08833331841619566,0.09193201289881382,dummy-v8uhhj98,NA,NA,NA,NA,NA,NA,NA,NA
0.02112091299548445,0.01747872294286142,dummy-v91tvbf3,NA,NA,NA,NA,NA,NA,NA,NA
0.07787721186782079,0.04459532928675106,dummy-v94nhaca,NA,NA,NA,NA,NA,NA,NA,NA
0.0865876260373972,0.0442855222513388,dummy-v97yam4q,NA,NA,NA,NA,NA,NA,NA,NA
0.1956778147272233,0.06170803495050064,dummy-v9a70mya,NA,NA,NA,NA,NA,NA,NA,NA
0.05487028920316249,0.03338641748703503,dummy-v9kaqxb2,NA,NA,NA,NA,NA,NA,NA,NA
0.03331524684778231,0.04301469534042263,dummy-v9l32wyw,NA,NA,NA,NA,NA,NA,NA,NA
0.00545350567899859,0.01622324312804497,dummy-v9lbs1wu,NA,NA,NA,NA,NA,NA,NA,NA
0.20215386877997496,0.11265667712103827,dummy-v9m2zupi,NA,NA,NA,NA,NA,NA,NA,NA
0.05733408171899614,0.03562867927041084,dummy-v9thxa6k,NA,NA,NA,NA,NA,NA,NA,NA
0.11788430532140327,0.08375293071906874,dummy-v9z165b4,NA,NA,NA,NA,NA,NA,NA,NA
0.02236913663615014,0.03263207625304874,dummy-vadb27fd,NA,NA,NA,NA,NA,NA,NA,NA
0.12917317227794797,0.03819614163110121,dummy-vakaxyxg,NA,NA,NA,NA,NA,NA,NA,NA
0.02902749465377424,0.04235159718359239,dummy-vaxbc7xb,NA,NA,NA,NA,NA,NA,NA,NA
0.09595449278937056,0.01463368722239627,dummy-vb0j9vey,NA,NA,NA,NA,NA,NA,NA,NA
0.00419645477769718,0.01362765023070788,dummy-vbcdow3t,NA,NA,NA,NA,NA,NA,NA,NA
0.02918195631457729,0.04011928753460352,dummy-vbinb02l,NA,NA,NA,NA,NA,NA,NA,NA
0.07236648263030035,0.05262991523397065,dummy-vblchgla,NA,NA,NA,NA,NA,NA,NA,NA
0.27099266608714073,0.06783929898745071,dummy-vbmmhn8q,NA,NA,NA,NA,NA,NA,NA,NA
0.01399109990017465,0.05037847156968773,dummy-vbpxtiii,NA,NA,NA,NA,NA,NA,NA,NA
0.04973470676678664,0.04731127883831403,dummy-vbxnqp85,NA,NA,NA,NA,NA,NA,NA,NA
0.02190456691277783,0.01685470810671223,dummy-vczfigme,NA,NA,NA,NA,NA,NA,NA,NA
0.01873290120727466,0.0222446038385766,dummy-vds4012g,NA,NA,NA,NA,NA,NA,NA,NA
0.02790951249576175,0.02491314405853952,dummy-vds5fk2q,NA,NA,NA,NA,NA,NA,NA,NA
0.359534904289171,0.09541377061998783,dummy-vewyr83c,NA,NA,NA,NA,NA,NA,NA,NA
0.04029410213242317,0.06148389934682989,dummy-vf8h5f24,NA,NA,NA,NA,NA,NA,NA,NA
0.06153565627252641,0.01814991832497819,dummy-vf8ipfvm,NA,NA,NA,NA,NA,NA,NA,NA
0.00335795909123518,0.01311241441875257,dummy-vg7x6v7d,NA,NA,NA,NA,NA,NA,NA,NA
0.07803068790255412,0.07106383012399649,dummy-vh4kx2on,NA,NA,NA,NA,NA,NA,NA,NA
0.00248299165789262,0.01289743821211947,dummy-vinoxyj2,NA,NA,NA,NA,NA,NA,NA,NA
0.023897121284943892,0.01422543873349757,dummy-viviyvhm,NA,NA,NA,NA,NA,NA,NA,NA
0.02280153257786223,0.04095802049728742,dummy-vjbhp6n4,NA,NA,NA,NA,NA,NA,NA,NA
0.07156745759934256,0.06135440734960224,dummy-vjg5ay44,NA,NA,NA,NA,NA,NA,NA,NA
0.1283788464052732,0.01428635332580422,dummy-vjhfjotx,NA,NA,NA,NA,NA,NA,NA,NA
0.09952525048274184,0.0163580359713446,dummy-vjqy3pgk,NA,NA,NA,NA,NA,NA,NA,NA
0.07255775415841115,0.08321378031935146,dummy-vjr03ra9,NA,NA,NA,NA,NA,NA,NA,NA
0.10769989857810848,0.06738300436981282,dummy-vjs6anzm,NA,NA,NA,NA,NA,NA,NA,NA
0.13369565604565592,0.04832532410399584,dummy-vk9ft3g8,NA,NA,NA,NA,NA,NA,NA,NA
0.02131841775232471,0.0175952577289619,dummy-vkgnw06g,NA,NA,NA,NA,NA,NA,NA,NA
0.05104534659850456,0.03187655486390672,dummy-vkpreiab,NA,NA,NA,NA,NA,NA,NA,NA
0.00323178684980198,0.02236938240712469,dummy-vlg8ftd1,NA,NA,NA,NA,NA,NA,NA,NA
0.10076591547943509,0.09181175612723597,dummy-vlnj9in2,NA,NA,NA,NA,NA,NA,NA,NA
0.01059392492793547,0.01488132442520298,dummy-vlpas8j9,NA,NA,NA,NA,NA,NA,NA,NA
0.2557391637726644,0.07816133877129891,dummy-vlvu50qn,NA,NA,NA,NA,NA,NA,NA,NA
0.10255054145810508,0.07868304257126882,dummy-vlwctdf3,NA,NA,NA,NA,NA,NA,NA,NA
0.1132338653412644,0.07315774735054008,dummy-vlwfp383,NA,NA,NA,NA,NA,NA,NA,NA
0.04923625875830544,0.03130649036779293,dummy-vm1vnh98,NA,NA,NA,NA,NA,NA,NA,NA
0.115418024203502,0.03813420261789652,dummy-vm2cblq0,NA,NA,NA,NA,NA,NA,NA,NA
0.160333214349779,0.06671368724233781,dummy-vm3l51jx,NA,NA,NA,NA,NA,NA,NA,NA
0.1098700733415994,0.05364438926996814,dummy-vmp7svt7,NA,NA,NA,NA,NA,NA,NA,NA
0.0806403893417558,0.04414479322219834,dummy-vmynfliu,NA,NA,NA,NA,NA,NA,NA,NA
0.01705898399581069,0.02000887340632418,dummy-vn31h8r8,NA,NA,NA,NA,NA,NA,NA,NA
0.4767518573563634,0.04118100665401552,dummy-vnehva14,NA,NA,NA,NA,NA,NA,NA,NA
0.10318014650894164,0.01625438935964327,dummy-vnpl8pbh,NA,NA,NA,NA,NA,NA,NA,NA
0.0026269688797111,0.01349781253987809,dummy-vnq6e7hx,NA,NA,NA,NA,NA,NA,NA,NA
0.06603002846806591,0.03263594020271791,dummy-vnr74nr0,NA,NA,NA,NA,NA,NA,NA,NA
0.02743308456397009,0.03606707859897086,dummy-vnzxg00b,NA,NA,NA,NA,NA,NA,NA,NA
0.05367052465043014,0.06209744677892764,dummy-vobe3tgv,NA,NA,NA,NA,NA,NA,NA,NA
0.04557975917682294,0.05819315527994201,dummy-vohhmx8e,NA,NA,NA,NA,NA,NA,NA,NA
0.119092847854926,0.05402538318436394,dummy-voln02js,NA,NA,NA,NA,NA,NA,NA,NA
0.07178124151342757,0.06215561676070479,dummy-vosawonm,NA,NA,NA,NA,NA,NA,NA,NA
0.16213251586393246,0.06274850087443998,dummy-vp9smyzj,NA,NA,NA,NA,NA,NA,NA,NA
0.08877299403566795,0.06003353054301142,dummy-vq1ctvwl,NA,NA,NA,NA,NA,NA,NA,NA
0.07357401283037285,0.06273276124766079,dummy-vq9gd8hp,NA,NA,NA,NA,NA,NA,NA,NA
0.06944595338434137,0.05425240756997711,dummy-vqe9dzui,NA,NA,NA,NA,NA,NA,NA,NA
0.03037924340074814,0.03016367307962711,dummy-vrqr0bl7,NA,NA,NA,NA,NA,NA,NA,NA
0.13871771773426597,0.03212928472091543,dummy-vs1yygaf,NA,NA,NA,NA,NA,NA,NA,NA
0.03025869017959217,0.03366590035954206,dummy-vsj3kf56,NA,NA,NA,NA,NA,NA,NA,NA
0.0800010342928928,0.07731731528167245,dummy-vskvyvm0,NA,NA,NA,NA,NA,NA,NA,NA
0.04247465071829876,0.04864044292291902,dummy-vsmll0xo,NA,NA,NA,NA,NA,NA,NA,NA
0.08790217783887677,0.05977495381945587,dummy-vsswpvu0,NA,NA,NA,NA,NA,NA,NA,NA
0.2083901298557955,0.07828501257882792,dummy-vsws2i8c,NA,NA,NA,NA,NA,NA,NA,NA
0.00422239200430063,0.01571272508607541,dummy-vsyilj1k,NA,NA,NA,NA,NA,NA,NA,NA
0.11532508977674244,0.07294720759406118,dummy-vt96svwb,NA,NA,NA,NA,NA,NA,NA,NA
0.00232801060105705,0.01347842778714628,dummy-vtb8ein1,NA,NA,NA,NA,NA,NA,NA,NA
0.02052810090495206,0.01565496356091091,dummy-vtxa9q9k,NA,NA,NA,NA,NA,NA,NA,NA
0.08838574151932621,0.04417620608706622,dummy-vtyd69qu,NA,NA,NA,NA,NA,NA,NA,NA
0.12905753826048413,0.0681805339719394,dummy-vuo81z6c,NA,NA,NA,NA,NA,NA,NA,NA
0.02015699336469535,0.01712242493299939,dummy-vuomv2nm,NA,NA,NA,NA,NA,NA,NA,NA
0.1069253007422514,0.06925743431271156,dummy-vv9zz2pz,NA,NA,NA,NA,NA,NA,NA,NA
0.16038896004408593,0.01766418196136461,dummy-vvc134s3,NA,NA,NA,NA,NA,NA,NA,NA
0.11133682414439344,0.01654099513285054,dummy-vvufi3c3,NA,NA,NA,NA,NA,NA,NA,NA
0.11135229373290596,0.05781179983239746,dummy-vwdkk0l7,NA,NA,NA,NA,NA,NA,NA,NA
0.15570861474833878,0.05703114025066908,dummy-vwi92f00,NA,NA,NA,NA,NA,NA,NA,NA
0.04975848642088995,0.03930414249207011,dummy-vww68fo8,NA,NA,NA,NA,NA,NA,NA,NA
0.09352802373809344,0.070328103020574,dummy-vxbn1tzf,NA,NA,NA,NA,NA,NA,NA,NA
0.03091591035842558,0.01406467054401467,dummy-vxfo79m6,NA,NA,NA,NA,NA,NA,NA,NA
0.02547748767372327,0.01865866636369363,dummy-vxn4sknk,NA,NA,NA,NA,NA,NA,NA,NA
0.02297927191719673,0.04203422714080754,dummy-vy12mdaw,NA,NA,NA,NA,NA,NA,NA,NA
0.00373047098105088,0.01225070877033386,dummy-vyhi0gmw,NA,NA,NA,NA,NA,NA,NA,NA
0.03101708755458875,0.01536648148089352,dummy-vz1thja7,NA,NA,NA,NA,NA,NA,NA,NA
0.09208421322504384,0.04367364312853903,dummy-vz9d668d,NA,NA,NA,NA,NA,NA,NA,NA
0.03328161665104428,0.04715660313532261,dummy-vzo888kc,NA,NA,NA,NA,NA,NA,NA,NA
0.04360131742568878,0.02739654168063168,dummy-vzw4goj9,NA,NA,NA,NA,NA,NA,NA,NA
0.07048711504158323,0.06101679043112947,dummy-w0bmld55,NA,NA,NA,NA,NA,NA,NA,NA
0.00708569538360196,0.01472764275436346,dummy-w0yj9x2o,NA,NA,NA,NA,NA,NA,NA,NA
0.14876478288828804,0.05492110147618376,dummy-w1bsd2wh,NA,NA,NA,NA,NA,NA,NA,NA
0.1117511422543318,0.05035800042261115,dummy-w1fz8imf,NA,NA,NA,NA,NA,NA,NA,NA
0.00711414794966194,0.01346175653330507,dummy-w1izeqcc,NA,NA,NA,NA,NA,NA,NA,NA
0.03510788909665419,0.01591147313916134,dummy-w1qanhda,NA,NA,NA,NA,NA,NA,NA,NA
0.02366154224434257,0.04708083662178514,dummy-w1w4bbnt,NA,NA,NA,NA,NA,NA,NA,NA
0.04908021962288159,0.02866444918816007,dummy-w27eq20v,NA,NA,NA,NA,NA,NA,NA,NA
0.1077165805938961,0.0163477972477286,dummy-w2di2eiv,NA,NA,NA,NA,NA,NA,NA,NA
0.19587358555126336,0.08476240600220418,dummy-w2ffo8d1,NA,NA,NA,NA,NA,NA,NA,NA
0.14112013888640618,0.04492730656397971,dummy-w2kr6ggg,NA,NA,NA,NA,NA,NA,NA,NA
0.08160574284239193,0.09633482716151548,dummy-w2nbodeh,NA,NA,NA,NA,NA,NA,NA,NA
0.07734139069833562,0.070337829091599,dummy-w31sscxo,NA,NA,NA,NA,NA,NA,NA,NA
0.28142394145416655,0.08676384725562174,dummy-w337v4f3,NA,NA,NA,NA,NA,NA,NA,NA
0.06944887940126801,0.05442793740091726,dummy-w41ffbn7,NA,NA,NA,NA,NA,NA,NA,NA
0.01646066585496177,0.03137271453944062,dummy-w4d9b7op,NA,NA,NA,NA,NA,NA,NA,NA
0.00336784125342898,0.01458426033373719,dummy-w4dxjp1a,NA,NA,NA,NA,NA,NA,NA,NA
0.02669039106971219,0.03649006532621166,dummy-w4qa2ipa,NA,NA,NA,NA,NA,NA,NA,NA
0.03241609646070509,0.01832205753902824,dummy-w51kyc9o,NA,NA,NA,NA,NA,NA,NA,NA
0.02696508165214101,0.02649980523563641,dummy-w5bzh2pq,NA,NA,NA,NA,NA,NA,NA,NA
0.0691825606420696,0.04555033014832779,dummy-w5nnan3q,NA,NA,NA,NA,NA,NA,NA,NA
0.08782321111535847,0.09217617675275726,dummy-w60zq5xx,NA,NA,NA,NA,NA,NA,NA,NA
0.21229141941839497,0.06257117410391763,dummy-w6ce2zl3,NA,NA,NA,NA,NA,NA,NA,NA
0.01376379757434232,0.01671589376835105,dummy-w6ypngyv,NA,NA,NA,NA,NA,NA,NA,NA
0.02300315053378613,0.01747251186070565,dummy-w76dbs2q,NA,NA,NA,NA,NA,NA,NA,NA
0.16278995767052082,0.06000272284627314,dummy-w7seiqj8,NA,NA,NA,NA,NA,NA,NA,NA
0.01322436975763507,0.03270298078896776,dummy-w7tleprh,NA,NA,NA,NA,NA,NA,NA,NA
0.0026269688797111,0.01349781253987809,dummy-w845ackq,NA,NA,NA,NA,NA,NA,NA,NA
0.00714193802566076,0.01530848194942649,dummy-w89h4b5i,NA,NA,NA,NA,NA,NA,NA,NA
0.00922677784526469,0.02827170325908714,dummy-w8c9j4t3,NA,NA,NA,NA,NA,NA,NA,NA
0.04152969494048182,0.05154232114935926,dummy-w94j6u9k,NA,NA,NA,NA,NA,NA,NA,NA
0.2010492026290309,0.0822967570763237,dummy-w96gkpa0,NA,NA,NA,NA,NA,NA,NA,NA
0.13917998843787538,0.0644719609934034,dummy-w9nknc87,NA,NA,NA,NA,NA,NA,NA,NA
0.05068231257154562,0.05101232618086276,dummy-wa4atyz3,NA,NA,NA,NA,NA,NA,NA,NA
0.01051447680430525,0.02752353458272146,dummy-waapk5wv,NA,NA,NA,NA,NA,NA,NA,NA
0.00998908243021902,0.03109146461723381,dummy-waiwoesc,NA,NA,NA,NA,NA,NA,NA,NA
0.05323143787906705,0.04705755993052967,dummy-wao3n7dm,NA,NA,NA,NA,NA,NA,NA,NA
0.26657225376704863,0.14840884266797327,dummy-waqpm54t,NA,NA,NA,NA,NA,NA,NA,NA
0.1622273341950579,0.04153653387969368,dummy-wc3g0xek,NA,NA,NA,NA,NA,NA,NA,NA
0.03234224884946824,0.01828247309072419,dummy-wckagy96,NA,NA,NA,NA,NA,NA,NA,NA
0.17871499678104913,0.07647190112727174,dummy-wclqpkj6,NA,NA,NA,NA,NA,NA,NA,NA
0.3943069837641441,0.03226189250794799,dummy-wcqpigs1,NA,NA,NA,NA,NA,NA,NA,NA
0.01513171210185769,0.03065792246532831,dummy-wcs7owv6,NA,NA,NA,NA,NA,NA,NA,NA
0.0533780123615346,0.04081068157405142,dummy-wcsvlce4,NA,NA,NA,NA,NA,NA,NA,NA
0.12244352695499584,0.05362607337110948,dummy-wcut3o6c,NA,NA,NA,NA,NA,NA,NA,NA
0.07064063268945725,0.07981646966571368,dummy-wd345kn9,NA,NA,NA,NA,NA,NA,NA,NA
0.12354663753796324,0.06071906902307395,dummy-wdh1pa0s,NA,NA,NA,NA,NA,NA,NA,NA
0.00241959861608333,0.01134154216297407,dummy-wdh5n6jm,NA,NA,NA,NA,NA,NA,NA,NA
0.07232110849055562,0.04618377798297991,dummy-webi1jp9,NA,NA,NA,NA,NA,NA,NA,NA
0.18626109046223285,0.0624379534238057,dummy-wekqi56e,NA,NA,NA,NA,NA,NA,NA,NA
0.21025825397106487,0.07234848553615325,dummy-weymuxpw,NA,NA,NA,NA,NA,NA,NA,NA
0.00415996204805749,0.01814844146503086,dummy-wf5ihq6q,NA,NA,NA,NA,NA,NA,NA,NA
0.10448503929828304,0.10490805909316991,dummy-wf93fwn8,NA,NA,NA,NA,NA,NA,NA,NA
0.03101888361296458,0.01658659192770782,dummy-wfdum9w3,NA,NA,NA,NA,NA,NA,NA,NA
0.08845894074155047,0.10132638068553228,dummy-wfecplmn,NA,NA,NA,NA,NA,NA,NA,NA
0.05593928340063018,0.05670810032653917,dummy-wfjmc1cv,NA,NA,NA,NA,NA,NA,NA,NA
0.25529419569841233,0.05751334101983782,dummy-wfjyp552,NA,NA,NA,NA,NA,NA,NA,NA
0.01244060817632054,0.02522900059143296,dummy-wfwcf49n,NA,NA,NA,NA,NA,NA,NA,NA
0.03371067636538038,0.04404702690097547,dummy-wga8iza7,NA,NA,NA,NA,NA,NA,NA,NA
0.12986039357487525,0.06243989301094815,dummy-wgdzaxsx,NA,NA,NA,NA,NA,NA,NA,NA
0.08658842556452183,0.03834238774582733,dummy-wgh5thpr,NA,NA,NA,NA,NA,NA,NA,NA
0.21957291490567535,0.11458679259855828,dummy-wgkjp1nu,NA,NA,NA,NA,NA,NA,NA,NA
0.00786212515087433,0.02560463106115675,dummy-wgs7x202,NA,NA,NA,NA,NA,NA,NA,NA
0.00414511953039342,0.01822797722221744,dummy-wgyntyym,NA,NA,NA,NA,NA,NA,NA,NA
0.02904140929247259,0.01427588706571601,dummy-wha14l6g,NA,NA,NA,NA,NA,NA,NA,NA
0.05845790370429429,0.04259083817732619,dummy-whg7boe9,NA,NA,NA,NA,NA,NA,NA,NA
0.03664196227330636,0.04342040161275779,dummy-whu5vj0f,NA,NA,NA,NA,NA,NA,NA,NA
0.20504746889923364,0.0474517379622587,dummy-whuc6zwa,NA,NA,NA,NA,NA,NA,NA,NA
0.13730834742216114,0.07742383161621559,dummy-wi4i5c1p,NA,NA,NA,NA,NA,NA,NA,NA
0.02439818757283737,0.01890685991258211,dummy-wi9wsrgy,NA,NA,NA,NA,NA,NA,NA,NA
0.03541139105915324,0.04851699732825383,dummy-wis4l86w,NA,NA,NA,NA,NA,NA,NA,NA
0.06053534198001892,0.03084111856695807,dummy-wixlg2f2,NA,NA,NA,NA,NA,NA,NA,NA
0.0798843986440605,0.05589796171397569,dummy-wjdanuu8,NA,NA,NA,NA,NA,NA,NA,NA
0.01884117771882268,0.01344010176927964,dummy-wjdv2xzg,NA,NA,NA,NA,NA,NA,NA,NA
0.02163389036230376,0.01364008763068997,dummy-wl6p35ot,NA,NA,NA,NA,NA,NA,NA,NA
0.03915871771600394,0.03155007214116273,dummy-wldzy3r9,NA,NA,NA,NA,NA,NA,NA,NA
0.07372685323666026,0.01840046124641424,dummy-wlw3f2yf,NA,NA,NA,NA,NA,NA,NA,NA
0.00307883481437466,0.01451273605119723,dummy-wm2dgz46,NA,NA,NA,NA,NA,NA,NA,NA
0.15048787334979677,0.03224743556574551,dummy-wmcclgku,NA,NA,NA,NA,NA,NA,NA,NA
0.256552655141153,0.08772379276697445,dummy-wmgevf17,NA,NA,NA,NA,NA,NA,NA,NA
0.13032743994123927,0.05976087416936095,dummy-wmp1ft3c,NA,NA,NA,NA,NA,NA,NA,NA
0.00125660426826238,0.012933073609293671,dummy-wmx94p1x,NA,NA,NA,NA,NA,NA,NA,NA
0.03305500564804736,0.04575766809070471,dummy-wnounyxx,NA,NA,NA,NA,NA,NA,NA,NA
0.02009655441519865,0.03299695319972791,dummy-wnxnowrw,NA,NA,NA,NA,NA,NA,NA,NA
0.4442628372861762,0.05499040344688051,dummy-wnzzv8ck,NA,NA,NA,NA,NA,NA,NA,NA
0.07192330022633106,0.0929960236942224,dummy-wooywcun,NA,NA,NA,NA,NA,NA,NA,NA
0.137184653546692,0.03350711620660732,dummy-woy56a3f,NA,NA,NA,NA,NA,NA,NA,NA
0.01245102223600142,0.0163701588371271,dummy-wp9zpide,NA,NA,NA,NA,NA,NA,NA,NA
0.01434287011174977,0.02609583221799067,dummy-wpnied7o,NA,NA,NA,NA,NA,NA,NA,NA
0.00699438011396187,0.01484405386844632,dummy-wqak4rjq,NA,NA,NA,NA,NA,NA,NA,NA
0.03756651358863112,0.04158454828739232,dummy-wqalzvzd,NA,NA,NA,NA,NA,NA,NA,NA
0.00920062248031454,0.02070598902309185,dummy-wqtqne7r,NA,NA,NA,NA,NA,NA,NA,NA
0.00922677784526469,0.02827170325908714,dummy-wr5yn9gr,NA,NA,NA,NA,NA,NA,NA,NA
0.01901101110046068,0.03063064777439868,dummy-wr9shqzs,NA,NA,NA,NA,NA,NA,NA,NA
0.17939391451168085,0.04619154173227966,dummy-wre16e7a,NA,NA,NA,NA,NA,NA,NA,NA
0.08559255553689843,0.06386934195599057,dummy-wrgnfim3,NA,NA,NA,NA,NA,NA,NA,NA
0.04079319266197449,0.03055806076520005,dummy-ws3f3x68,NA,NA,NA,NA,NA,NA,NA,NA
0.00378042168759889,0.01461219897235781,dummy-wsiyzc7t,NA,NA,NA,NA,NA,NA,NA,NA
0.04974782902264168,0.03930414164923811,dummy-wt0fppm5,NA,NA,NA,NA,NA,NA,NA,NA
0.06562520514601032,0.04497219575051661,dummy-wt0rlsx9,NA,NA,NA,NA,NA,NA,NA,NA
0.00598480595398401,0.01449365986015039,dummy-wt60tsvg,NA,NA,NA,NA,NA,NA,NA,NA
0.00959213653689466,0.01985047950791964,dummy-wu8pe9dl,NA,NA,NA,NA,NA,NA,NA,NA
0.05367532564476383,0.03368890624618478,dummy-wujrjj11,NA,NA,NA,NA,NA,NA,NA,NA
0.04460697851859042,0.03409922592189177,dummy-wupeam42,NA,NA,NA,NA,NA,NA,NA,NA
0.00962868982851019,0.02434374158137908,dummy-wus2getm,NA,NA,NA,NA,NA,NA,NA,NA
0.28496701932409935,0.07258636941207475,dummy-wusffsiv,NA,NA,NA,NA,NA,NA,NA,NA
0.00763121782441885,0.01931586772013424,dummy-wuw3ewpw,NA,NA,NA,NA,NA,NA,NA,NA
0.05703858132335324,0.04212570100474779,dummy-wv42dtif,NA,NA,NA,NA,NA,NA,NA,NA
0.12114001958771206,0.08050651182318184,dummy-wv7d6t98,NA,NA,NA,NA,NA,NA,NA,NA
0.1564287274578423,0.09300363108598844,dummy-wv92yh2o,NA,NA,NA,NA,NA,NA,NA,NA
0.15994779542773785,0.02946893603064798,dummy-wvi44q9r,NA,NA,NA,NA,NA,NA,NA,NA
0.06304760698208307,0.07596287904217659,dummy-wvmov5y1,NA,NA,NA,NA,NA,NA,NA,NA
0.07541122352100083,0.03246511148480436,dummy-ww1lx1uu,NA,NA,NA,NA,NA,NA,NA,NA
0.02913484325278724,0.03511530351961146,dummy-ww1wp8lv,NA,NA,NA,NA,NA,NA,NA,NA
0.02070651702423452,0.02069097950078396,dummy-ww4xdwlf,NA,NA,NA,NA,NA,NA,NA,NA
0.1561740631460902,0.05764787005573713,dummy-wwc88wjc,NA,NA,NA,NA,NA,NA,NA,NA
0.02036260828248586,0.01557861229325469,dummy-wwgmkjo5,NA,NA,NA,NA,NA,NA,NA,NA
0.06750951072693351,0.05408762760759348,dummy-wwhkocii,NA,NA,NA,NA,NA,NA,NA,NA
0.3631925501964738,0.09527768847917845,dummy-wwpyw44p,NA,NA,NA,NA,NA,NA,NA,NA
0.00533711085026921,0.01788436622155545,dummy-wxk654kq,NA,NA,NA,NA,NA,NA,NA,NA
0.00534997801361038,0.01586293339070475,dummy-wxp8ebxr,NA,NA,NA,NA,NA,NA,NA,NA
0.1117511422543318,0.05035800042261115,dummy-wxxq7rre,NA,NA,NA,NA,NA,NA,NA,NA
0.07206760965527363,0.04616401094273436,dummy-wy6rftup,NA,NA,NA,NA,NA,NA,NA,NA
0.0044404004193089,0.01952371131606097,dummy-wy6tx66g,NA,NA,NA,NA,NA,NA,NA,NA
0.02684902507817081,0.03153898448770075,dummy-wyrn7t5w,NA,NA,NA,NA,NA,NA,NA,NA
0.02769096656494292,0.0515825855111455,dummy-wz0thgx4,NA,NA,NA,NA,NA,NA,NA,NA
0.05857524362737402,0.06105782429553914,dummy-wzakf45r,NA,NA,NA,NA,NA,NA,NA,NA
0.14158983370555353,0.06690609779234179,dummy-wzdj0gy2,NA,NA,NA,NA,NA,NA,NA,NA
0.04420800359193865,0.01581142968181541,dummy-wzdw8q0x,NA,NA,NA,NA,NA,NA,NA,NA
0.06675478673110012,0.05471302223213466,dummy-wzn1z8ma,NA,NA,NA,NA,NA,NA,NA,NA
0.00635872518175147,0.01488356747928667,dummy-wzub5y1x,NA,NA,NA,NA,NA,NA,NA,NA
0.02997102825636339,0.03705100771321416,dummy-x0724yla,NA,NA,NA,NA,NA,NA,NA,NA
0.07777248437549326,0.05863041343993089,dummy-x0bmivfq,NA,NA,NA,NA,NA,NA,NA,NA
0.16511129886156847,0.05874686768304239,dummy-x0fk156n,NA,NA,NA,NA,NA,NA,NA,NA
0.07487887749050785,0.05473733509546985,dummy-x0wups8e,NA,NA,NA,NA,NA,NA,NA,NA
0.11272107760845956,0.04167627160131441,dummy-x1ogjq1t,NA,NA,NA,NA,NA,NA,NA,NA
0.08693425938846262,0.0486348766892033,dummy-x1w8zdmw,NA,NA,NA,NA,NA,NA,NA,NA
0.05178569798879062,0.045512895812369183,dummy-x227aq4f,NA,NA,NA,NA,NA,NA,NA,NA
0.00529415679613784,0.01452608635111857,dummy-x28fwofh,NA,NA,NA,NA,NA,NA,NA,NA
0.04141982674921986,0.03121865807093533,dummy-x29yk6wm,NA,NA,NA,NA,NA,NA,NA,NA
0.02660247835667006,0.05039861874584026,dummy-x2gvi53p,NA,NA,NA,NA,NA,NA,NA,NA
0.06512404872604112,0.01920896336291414,dummy-x2nul17p,NA,NA,NA,NA,NA,NA,NA,NA
0.06875866500206004,0.05765145627606533,dummy-x2nxdps9,NA,NA,NA,NA,NA,NA,NA,NA
0.12820390231736825,0.04619568014166159,dummy-x2zczvx1,NA,NA,NA,NA,NA,NA,NA,NA
0.01667297090569649,0.01991933444104145,dummy-x32kpass,NA,NA,NA,NA,NA,NA,NA,NA
0.12505198454337596,0.05070143205496699,dummy-x38gf7eo,NA,NA,NA,NA,NA,NA,NA,NA
0.00382896493071319,0.01200555936280243,dummy-x3cjuxxc,NA,NA,NA,NA,NA,NA,NA,NA
0.01193294681075075,0.01770840592669158,dummy-x3r4436k,NA,NA,NA,NA,NA,NA,NA,NA
0.01534086197278281,0.03199522278915646,dummy-x3xlxm3h,NA,NA,NA,NA,NA,NA,NA,NA
0.1406840171983413,0.06356220495229459,dummy-x43gbvay,NA,NA,NA,NA,NA,NA,NA,NA
0.06643645528735853,0.05642150892541256,dummy-x4iv1iff,NA,NA,NA,NA,NA,NA,NA,NA
0.10972302579937684,0.08306093105399137,dummy-x4m2hrtg,NA,NA,NA,NA,NA,NA,NA,NA
0.1352880577357044,0.06163571305131494,dummy-x51al63l,NA,NA,NA,NA,NA,NA,NA,NA
0.03648775765616745,0.03665651548183418,dummy-x5240jx0,NA,NA,NA,NA,NA,NA,NA,NA
0.02027559853537857,0.03519131677189215,dummy-x5821t2c,NA,NA,NA,NA,NA,NA,NA,NA
0.07181058037342813,0.06215561671130956,dummy-x5c81rth,NA,NA,NA,NA,NA,NA,NA,NA
0.04702277995189738,0.04098467098066037,dummy-x5j13vk8,NA,NA,NA,NA,NA,NA,NA,NA
0.08978544069389391,0.06490266406509121,dummy-x5w3hkph,NA,NA,NA,NA,NA,NA,NA,NA
0.02972592495303336,0.02978919275986115,dummy-x5w3vopb,NA,NA,NA,NA,NA,NA,NA,NA
0.13168977331953924,0.01926979276235732,dummy-x5xsgdvs,NA,NA,NA,NA,NA,NA,NA,NA
0.02257255328751071,0.01421674570604615,dummy-x64c8x2b,NA,NA,NA,NA,NA,NA,NA,NA
0.1983940757071536,0.07719433416190748,dummy-x6f8cwh1,NA,NA,NA,NA,NA,NA,NA,NA
0.00899456351852686,0.01962758145365213,dummy-x6nf9qag,NA,NA,NA,NA,NA,NA,NA,NA
0.17855790074247216,0.10006016862553388,dummy-x6q576xn,NA,NA,NA,NA,NA,NA,NA,NA
0.05736040014533901,0.07430599887512018,dummy-x75r7kfv,NA,NA,NA,NA,NA,NA,NA,NA
0.12218478957024166,0.01689745075239962,dummy-x78a4406,NA,NA,NA,NA,NA,NA,NA,NA
0.02147056978517058,0.03347086172979263,dummy-x7crn60n,NA,NA,NA,NA,NA,NA,NA,NA
0.0931746412311911,0.04872258386555339,dummy-x8jlpy8t,NA,NA,NA,NA,NA,NA,NA,NA
0.06935731451133179,0.04945171697129637,dummy-x8xl2mjy,NA,NA,NA,NA,NA,NA,NA,NA
0.08342607480624555,0.04273086658832863,dummy-x9aw1ox7,NA,NA,NA,NA,NA,NA,NA,NA
0.11566387317306376,0.04569046783402952,dummy-x9blze22,NA,NA,NA,NA,NA,NA,NA,NA
0.0367500486308969,0.04713284262757484,dummy-x9cx1x9k,NA,NA,NA,NA,NA,NA,NA,NA
0.12488492090723743,0.06868215661050807,dummy-x9qxwvpq,NA,NA,NA,NA,NA,NA,NA,NA
0.07255775415841115,0.08321378031935146,dummy-x9scad5w,NA,NA,NA,NA,NA,NA,NA,NA
0.2730168727414637,0.07391469303216931,dummy-x9ylbbm9,NA,NA,NA,NA,NA,NA,NA,NA
0.00300017204041553,0.01364925285838914,dummy-xa3yb9x7,NA,NA,NA,NA,NA,NA,NA,NA
0.02008591238293786,0.02241854449193689,dummy-xa6tbo9n,NA,NA,NA,NA,NA,NA,NA,NA
0.08739752091951193,0.04870809862393098,dummy-xa9qsipo,NA,NA,NA,NA,NA,NA,NA,NA
0.01255164156538608,0.03432826160411689,dummy-xabiarwo,NA,NA,NA,NA,NA,NA,NA,NA
0.02145919239539114,0.0468356698185722,dummy-xag1ii1c,NA,NA,NA,NA,NA,NA,NA,NA
0.067628747429303665,0.0638823294760024,dummy-xaht3f46,NA,NA,NA,NA,NA,NA,NA,NA
0.11089923453989892,0.10459779809854002,dummy-xal1lub5,NA,NA,NA,NA,NA,NA,NA,NA
0.01269349623276292,0.03754887139474191,dummy-xalloq8y,NA,NA,NA,NA,NA,NA,NA,NA
0.0276152798474382,0.04768204896062083,dummy-xatsdt46,NA,NA,NA,NA,NA,NA,NA,NA
0.07232110849055562,0.04618377798297991,dummy-xb4al5lg,NA,NA,NA,NA,NA,NA,NA,NA
0.02290427776240998,0.02829488760158961,dummy-xb57x4r7,NA,NA,NA,NA,NA,NA,NA,NA
0.0864104780996318,0.0364993086008064,dummy-xbir7idb,NA,NA,NA,NA,NA,NA,NA,NA
0.2194129370627485,0.07084613977916472,dummy-xbjoc6vf,NA,NA,NA,NA,NA,NA,NA,NA
0.04858550508504308,0.07038560836645556,dummy-xbmt3eqh,NA,NA,NA,NA,NA,NA,NA,NA
0.13669031152213276,0.05940067189484677,dummy-xc7eotx8,NA,NA,NA,NA,NA,NA,NA,NA
0.113025078724136,0.04702065111924341,dummy-xc8k47he,NA,NA,NA,NA,NA,NA,NA,NA
0.01427071818919473,0.02211323454779421,dummy-xdh1pq1q,NA,NA,NA,NA,NA,NA,NA,NA
0.5476885297960445,0.108676536463243,dummy-xdpun82d,NA,NA,NA,NA,NA,NA,NA,NA
0.2191806330464636,0.07453039364816741,dummy-xdtkndxs,NA,NA,NA,NA,NA,NA,NA,NA
0.04084119331094535,0.04026206920412539,dummy-xdza4ewj,NA,NA,NA,NA,NA,NA,NA,NA
0.20927620855972584,0.1172371211806806,dummy-xe2urlhe,NA,NA,NA,NA,NA,NA,NA,NA
0.03434795770028475,0.04654017281367584,dummy-xe466as0,NA,NA,NA,NA,NA,NA,NA,NA
0.04378432628863651,0.02747959054520788,dummy-xeb8qtc3,NA,NA,NA,NA,NA,NA,NA,NA
0.03825677649634628,0.04988360848706388,dummy-xeq1z7te,NA,NA,NA,NA,NA,NA,NA,NA
0.07375477403844545,0.01851652592092731,dummy-xet6fa28,NA,NA,NA,NA,NA,NA,NA,NA
0.00395370858279721,0.01220439310335364,dummy-xf0uybqp,NA,NA,NA,NA,NA,NA,NA,NA
0.223316446081441,0.05703933288041177,dummy-xf406335,NA,NA,NA,NA,NA,NA,NA,NA
0.05367532564476383,0.03368890624618478,dummy-xfh3iazl,NA,NA,NA,NA,NA,NA,NA,NA
0.01417759421958207,0.0144899503855714,dummy-xfhy2b6x,NA,NA,NA,NA,NA,NA,NA,NA
0.06155650760020382,0.07514106598901485,dummy-xg0hfyjn,NA,NA,NA,NA,NA,NA,NA,NA
0.00302894905260723,0.01353684340501834,dummy-xgep2v2q,NA,NA,NA,NA,NA,NA,NA,NA
0.14423325428332362,0.05924398424779828,dummy-xgk2w7hi,NA,NA,NA,NA,NA,NA,NA,NA
0.121561909025063,0.07744435525349769,dummy-xgszpx84,NA,NA,NA,NA,NA,NA,NA,NA
0.01307379995204223,0.03355921300583622,dummy-xgxwiwzz,NA,NA,NA,NA,NA,NA,NA,NA
0.03182359309422573,0.04545511795291643,dummy-xhefj9k5,NA,NA,NA,NA,NA,NA,NA,NA
0.01984058364342392,0.01909836418307014,dummy-xhmawrof,NA,NA,NA,NA,NA,NA,NA,NA
0.134326018824514,0.06267236737076165,dummy-xhnb19bl,NA,NA,NA,NA,NA,NA,NA,NA
0.24485322446752708,0.06525962421340971,dummy-xhu293vy,NA,NA,NA,NA,NA,NA,NA,NA
0.08485596485279219,0.0447958609977392,dummy-xif6tjo3,NA,NA,NA,NA,NA,NA,NA,NA
0.13559307855961392,0.04167627165250087,dummy-xigbjjh5,NA,NA,NA,NA,NA,NA,NA,NA
0.01322436975763507,0.03270298078896776,dummy-xirnee98,NA,NA,NA,NA,NA,NA,NA,NA
0.2470324516040305,0.11092985966642134,dummy-xjisam06,NA,NA,NA,NA,NA,NA,NA,NA
0.00423338266094628,0.01294563291363983,dummy-xjkdp0nx,NA,NA,NA,NA,NA,NA,NA,NA
0.00315608890286127,0.01980311571646015,dummy-xkj3rx50,NA,NA,NA,NA,NA,NA,NA,NA
0.13030245913640326,0.06449192138278144,dummy-xl1nj9xq,NA,NA,NA,NA,NA,NA,NA,NA
0.01081384730554048,0.02858303055304699,dummy-xl3f0opy,NA,NA,NA,NA,NA,NA,NA,NA
0.1760427462423696,0.05228588287068121,dummy-xlby1zvv,NA,NA,NA,NA,NA,NA,NA,NA
0.1053009184018998,0.06252593509271583,dummy-xlj7fwly,NA,NA,NA,NA,NA,NA,NA,NA
0.00422239200430063,0.01571272508607541,dummy-xlkbw6ey,NA,NA,NA,NA,NA,NA,NA,NA
0.01840760564902009,0.02210470124841219,dummy-xlzkthid,NA,NA,NA,NA,NA,NA,NA,NA
0.05303053476470185,0.03749196207045136,dummy-xmexn3t7,NA,NA,NA,NA,NA,NA,NA,NA
0.0864104780996318,0.0364993086008064,dummy-xmq36hti,NA,NA,NA,NA,NA,NA,NA,NA
0.00395370858279721,0.01220439310335364,dummy-xmwwtz7z,NA,NA,NA,NA,NA,NA,NA,NA
0.03125218567566421,0.03022799714525898,dummy-xn09c0ub,NA,NA,NA,NA,NA,NA,NA,NA
0.03722002202854961,0.03029520621527718,dummy-xndxjwat,NA,NA,NA,NA,NA,NA,NA,NA
0.1004446941350611,0.01635309134544733,dummy-xngw75ie,NA,NA,NA,NA,NA,NA,NA,NA
0.007071353188139,0.01520561486618522,dummy-xnqidqti,NA,NA,NA,NA,NA,NA,NA,NA
0.05309481528322934,0.05445054891073428,dummy-xnrfkex9,NA,NA,NA,NA,NA,NA,NA,NA
0.01777982300076986,0.02859524199621818,dummy-xntqn144,NA,NA,NA,NA,NA,NA,NA,NA
0.12302727389006318,0.06836846558454263,dummy-xogmf3xg,NA,NA,NA,NA,NA,NA,NA,NA
0.06115533751178277,0.07087525460222967,dummy-xognakxe,NA,NA,NA,NA,NA,NA,NA,NA
0.04970084768408133,0.06123104343380579,dummy-xolaz11n,NA,NA,NA,NA,NA,NA,NA,NA
0.17047328296324335,0.03423358036913329,dummy-xotig4qq,NA,NA,NA,NA,NA,NA,NA,NA
0.05979594462511972,0.0446663256527202,dummy-xp58xd4d,NA,NA,NA,NA,NA,NA,NA,NA
0.12917317227794797,0.03819614163110121,dummy-xplydwr0,NA,NA,NA,NA,NA,NA,NA,NA
0.01954533022301111,0.03720666396038986,dummy-xq123whs,NA,NA,NA,NA,NA,NA,NA,NA
0.00790507767787281,0.01948827696125121,dummy-xq24izt5,NA,NA,NA,NA,NA,NA,NA,NA
0.02331463587443848,0.0412776181834957,dummy-xqf3y13k,NA,NA,NA,NA,NA,NA,NA,NA
0.0705863172345308,0.05469408149666821,dummy-xqigi8xw,NA,NA,NA,NA,NA,NA,NA,NA
0.0120434072374054,0.02525263589485357,dummy-xquscyj1,NA,NA,NA,NA,NA,NA,NA,NA
0.01705000206981557,0.03565844101811929,dummy-xr4cyz8g,NA,NA,NA,NA,NA,NA,NA,NA
0.0866199122466747,0.04324504315034389,dummy-xr5ugdjx,NA,NA,NA,NA,NA,NA,NA,NA
0.1813184732513477,0.02015518928392672,dummy-xragypfr,NA,NA,NA,NA,NA,NA,NA,NA
0.18284782954815396,0.04815657714292513,dummy-xrgnem4h,NA,NA,NA,NA,NA,NA,NA,NA
0.01073132558263336,0.01401163251306109,dummy-xrivzg9s,NA,NA,NA,NA,NA,NA,NA,NA
0.1614211400776707,0.07053277467663456,dummy-xrjay6uq,NA,NA,NA,NA,NA,NA,NA,NA
0.10964644823787612,0.05847983637186028,dummy-xrquhmnf,NA,NA,NA,NA,NA,NA,NA,NA
0.3047217654575152,0.12468633294864848,dummy-xt2oksnp,NA,NA,NA,NA,NA,NA,NA,NA
0.02547593360825508,0.03491196900611127,dummy-xtdo5p79,NA,NA,NA,NA,NA,NA,NA,NA
0.03345794196886401,0.04827554608705525,dummy-xtdxis0g,NA,NA,NA,NA,NA,NA,NA,NA
0.09340658401735076,0.04382489426144491,dummy-xth30h0u,NA,NA,NA,NA,NA,NA,NA,NA
0.09177629839607492,0.0499070594735567,dummy-xtlkxh6q,NA,NA,NA,NA,NA,NA,NA,NA
0.17614417403123928,0.07459318726388424,dummy-xtt5rh8l,NA,NA,NA,NA,NA,NA,NA,NA
0.19903583546009285,0.05250440475339126,dummy-xu1w29ma,NA,NA,NA,NA,NA,NA,NA,NA
0.08701590593167909,0.05931016922754904,dummy-xv574nj2,NA,NA,NA,NA,NA,NA,NA,NA
0.1283788464052732,0.01428635332580422,dummy-xv91184t,NA,NA,NA,NA,NA,NA,NA,NA
0.0536194551080414,0.04004503128944029,dummy-xw43k9d0,NA,NA,NA,NA,NA,NA,NA,NA
0.01880189805879075,0.03358066688114602,dummy-xw8ybe3g,NA,NA,NA,NA,NA,NA,NA,NA
0.14655894688342153,0.0544352168171757,dummy-xwmm7ym7,NA,NA,NA,NA,NA,NA,NA,NA
0.00296759990107806,0.01201063401574758,dummy-xxkjkxjf,NA,NA,NA,NA,NA,NA,NA,NA
0.15185819415340202,0.05770956352931016,dummy-xxoykpo0,NA,NA,NA,NA,NA,NA,NA,NA
0.17784168386662325,0.103331673533093,dummy-xxp7v0pt,NA,NA,NA,NA,NA,NA,NA,NA
0.02365367605075377,0.02814017740493744,dummy-xxqigtij,NA,NA,NA,NA,NA,NA,NA,NA
0.0482889283336939,0.046345449547749,dummy-xy469tqe,NA,NA,NA,NA,NA,NA,NA,NA
0.03641923462223938,0.03270234532428451,dummy-xynv7d8o,NA,NA,NA,NA,NA,NA,NA,NA
0.11033020902191952,0.05506563230611844,dummy-xzcgva8j,NA,NA,NA,NA,NA,NA,NA,NA
0.03019609824125075,0.03786250475041079,dummy-xzfuzp8i,NA,NA,NA,NA,NA,NA,NA,NA
0.11691107852361618,0.06815027059740408,dummy-xzgiegai,NA,NA,NA,NA,NA,NA,NA,NA
0.02421125101146642,0.01419146428675909,dummy-xzhnz9rk,NA,NA,NA,NA,NA,NA,NA,NA
0.00265166531197877,0.01154614194600661,dummy-xzhvg07t,NA,NA,NA,NA,NA,NA,NA,NA
0.0652041273293105,0.1010552685164772,dummy-xzpjop8f,NA,NA,NA,NA,NA,NA,NA,NA
0.00360753366595719,0.01576938146110594,dummy-xzuypcel,NA,NA,NA,NA,NA,NA,NA,NA
0.02226432590773307,0.02997962689006535,dummy-xzvvrjk5,NA,NA,NA,NA,NA,NA,NA,NA
0.00439818627861436,0.0187137731270305,dummy-y0l8jlv0,NA,NA,NA,NA,NA,NA,NA,NA
0.01481830366205288,0.01394938662946899,dummy-y0ppojkt,NA,NA,NA,NA,NA,NA,NA,NA
0.05857524362737402,0.06105782429553914,dummy-y0sa0ebo,NA,NA,NA,NA,NA,NA,NA,NA
0.03442239966374205,0.03267251730546922,dummy-y141wa4k,NA,NA,NA,NA,NA,NA,NA,NA
0.09170312073565898,0.01815969577150493,dummy-y1c7dnzj,NA,NA,NA,NA,NA,NA,NA,NA
0.1240233315048414,0.06248102532543865,dummy-y1okwggo,NA,NA,NA,NA,NA,NA,NA,NA
0.14808378238714415,0.06572686096352723,dummy-y1tudwph,NA,NA,NA,NA,NA,NA,NA,NA
0.17778941500635798,0.10333167379904228,dummy-y1xnty49,NA,NA,NA,NA,NA,NA,NA,NA
0.5502328768627022,0.10910117064394076,dummy-y2fmnxat,NA,NA,NA,NA,NA,NA,NA,NA
0.09989096535167266,0.07559789316678762,dummy-y3ggs75z,NA,NA,NA,NA,NA,NA,NA,NA
0.12089741798393752,0.08237655858090136,dummy-y3hoazpi,NA,NA,NA,NA,NA,NA,NA,NA
0.00666724685355836,0.01388512322867354,dummy-y3hza66g,NA,NA,NA,NA,NA,NA,NA,NA
0.14944579986628811,0.0598911601017525,dummy-y3ry7xsp,NA,NA,NA,NA,NA,NA,NA,NA
0.03676876385329755,0.04296173281383518,dummy-y3s8ik04,NA,NA,NA,NA,NA,NA,NA,NA
0.21591385944708685,0.11774929034560459,dummy-y4cb02h1,NA,NA,NA,NA,NA,NA,NA,NA
0.11717345272550496,0.05885331364135168,dummy-y4cbdf88,NA,NA,NA,NA,NA,NA,NA,NA
0.05845848049261545,0.0493558061438483,dummy-y4maq883,NA,NA,NA,NA,NA,NA,NA,NA
0.00217485020377414,0.01461186943223443,dummy-y4yczqbe,NA,NA,NA,NA,NA,NA,NA,NA
0.08283568410381847,0.02600924707838075,dummy-y529dje4,NA,NA,NA,NA,NA,NA,NA,NA
0.00923742660467477,0.01550148399101186,dummy-y63zm6f9,NA,NA,NA,NA,NA,NA,NA,NA
0.05674962702909966,0.05669781284042198,dummy-y66i8jgw,NA,NA,NA,NA,NA,NA,NA,NA
0.0672916677124222,0.04183904128141487,dummy-y67qz0mx,NA,NA,NA,NA,NA,NA,NA,NA
0.15936490507606835,0.04944489847006568,dummy-y6nx61er,NA,NA,NA,NA,NA,NA,NA,NA
0.17559237829639637,0.02068643766338365,dummy-y6pwewk6,NA,NA,NA,NA,NA,NA,NA,NA
0.02732154345257693,0.03001500183483467,dummy-y6wbxq5f,NA,NA,NA,NA,NA,NA,NA,NA
0.00303358690103627,0.01349928864060419,dummy-y6z17ud8,NA,NA,NA,NA,NA,NA,NA,NA
0.15109429580988049,0.04774694316441433,dummy-y73868jy,NA,NA,NA,NA,NA,NA,NA,NA
0.0942749420465268,0.06553954917241293,dummy-y77dz5fi,NA,NA,NA,NA,NA,NA,NA,NA
0.15976166667995506,0.04182792825951551,dummy-y7bj6mzl,NA,NA,NA,NA,NA,NA,NA,NA
0.04435044550924866,0.04566603500863516,dummy-y7epc4ii,NA,NA,NA,NA,NA,NA,NA,NA
0.4713302321615725,0.0170300998599099,dummy-y7hhqm3y,NA,NA,NA,NA,NA,NA,NA,NA
0.02046165813401841,0.03095819916525022,dummy-y7j4892g,NA,NA,NA,NA,NA,NA,NA,NA
0.4633288192486285,0.04556667657219081,dummy-y7mv10ki,NA,NA,NA,NA,NA,NA,NA,NA
0.00312309158397168,0.01494644661642426,dummy-y84vjqas,NA,NA,NA,NA,NA,NA,NA,NA
0.063974005426476993,0.01848809021932828,dummy-y8exm67c,NA,NA,NA,NA,NA,NA,NA,NA
0.17587611025040614,0.05887395760976457,dummy-y8kivpp8,NA,NA,NA,NA,NA,NA,NA,NA
0.4442628372861762,0.05499040344688051,dummy-y8mzjx9t,NA,NA,NA,NA,NA,NA,NA,NA
0.11503911971961148,0.05003215297575007,dummy-y9ok4tfl,NA,NA,NA,NA,NA,NA,NA,NA
0.07505151857672729,0.04175817686285445,dummy-yandiear,NA,NA,NA,NA,NA,NA,NA,NA
0.07662812642797244,0.04258320146547551,dummy-yau4sjpy,NA,NA,NA,NA,NA,NA,NA,NA
0.00355229314046895,0.01251018321351931,dummy-yb7y32tg,NA,NA,NA,NA,NA,NA,NA,NA
0.04577915001849575,0.02856175807721947,dummy-ybbpktsz,NA,NA,NA,NA,NA,NA,NA,NA
0.19342809171239111,0.04770464289160419,dummy-ybjkulwu,NA,NA,NA,NA,NA,NA,NA,NA
0.0595141633409989,0.04565877363916231,dummy-ychr3dqt,NA,NA,NA,NA,NA,NA,NA,NA
0.05014889801379137,0.01524066040162807,dummy-yck3yv2o,NA,NA,NA,NA,NA,NA,NA,NA
0.00444455856785552,0.01952371127727676,dummy-ycr83bbx,NA,NA,NA,NA,NA,NA,NA,NA
0.00545350567899859,0.01622324312804497,dummy-ycvnghj8,NA,NA,NA,NA,NA,NA,NA,NA
0.07431967442244086,0.03246160947286891,dummy-ydait4sj,NA,NA,NA,NA,NA,NA,NA,NA
0.01901030469601215,0.02584540736053112,dummy-ydc71mi6,NA,NA,NA,NA,NA,NA,NA,NA
0.01263731076216191,0.0158951300202914,dummy-ydhvt5qc,NA,NA,NA,NA,NA,NA,NA,NA
0.10805164149213088,0.08170968978714065,dummy-yf7n6alu,NA,NA,NA,NA,NA,NA,NA,NA
0.18484756380143952,0.08921250222847762,dummy-yf8uh56m,NA,NA,NA,NA,NA,NA,NA,NA
0.1108677965723304,0.06786677133059295,dummy-yfc5dz2q,NA,NA,NA,NA,NA,NA,NA,NA
0.03991513484721695,0.03344352811973146,dummy-yfl2jdo1,NA,NA,NA,NA,NA,NA,NA,NA
0.02280153257786223,0.04095802049728742,dummy-ygc3zjgk,NA,NA,NA,NA,NA,NA,NA,NA
0.00454862679925378,0.01958709404372324,dummy-ygh8kdlr,NA,NA,NA,NA,NA,NA,NA,NA
0.02152264076525869,0.03563513891721649,dummy-ygsbvksm,NA,NA,NA,NA,NA,NA,NA,NA
0.10776697789975104,0.06738300426062155,dummy-yh8iz8cf,NA,NA,NA,NA,NA,NA,NA,NA
0.19303724908042535,0.10446581051648914,dummy-yhutby0o,NA,NA,NA,NA,NA,NA,NA,NA
0.0960642736263575,0.04711858930318698,dummy-yiha0o3k,NA,NA,NA,NA,NA,NA,NA,NA
0.09261913446773604,0.03081619943396297,dummy-yimj83zj,NA,NA,NA,NA,NA,NA,NA,NA
0.01155640218482366,0.01347619406987177,dummy-yio8zfim,NA,NA,NA,NA,NA,NA,NA,NA
0.0789309238484611,0.04426340658084923,dummy-yj8g9ag0,NA,NA,NA,NA,NA,NA,NA,NA
0.30278706556629165,0.076416324737674,dummy-yjqgpyux,NA,NA,NA,NA,NA,NA,NA,NA
0.00302926965104275,0.01174553608605236,dummy-yjx058i3,NA,NA,NA,NA,NA,NA,NA,NA
0.11418244012724296,0.0182366648384308,dummy-yjy0dyw5,NA,NA,NA,NA,NA,NA,NA,NA
0.15573012693050298,0.0408248584637718,dummy-yjysvkl3,NA,NA,NA,NA,NA,NA,NA,NA
0.08943597370777374,0.06611433656938481,dummy-yk4rerwm,NA,NA,NA,NA,NA,NA,NA,NA
0.00297372548111407,0.01792650646572068,dummy-yk5zcv3s,NA,NA,NA,NA,NA,NA,NA,NA
0.13567440908187464,0.03350711723688113,dummy-ykpw0e0q,NA,NA,NA,NA,NA,NA,NA,NA
0.03227277296285374,0.02833127428630662,dummy-yl6pdq1l,NA,NA,NA,NA,NA,NA,NA,NA
0.1870817446813242,0.0401152074493856,dummy-ylgrf25q,NA,NA,NA,NA,NA,NA,NA,NA
0.00234750523242523,0.01155486438601526,dummy-ylmfkduv,NA,NA,NA,NA,NA,NA,NA,NA
0.00998974494678574,0.01896526590143513,dummy-ylrwbq49,NA,NA,NA,NA,NA,NA,NA,NA
0.02981298793022961,0.03887324046472303,dummy-ym8nwdsd,NA,NA,NA,NA,NA,NA,NA,NA
0.14808984184323373,0.07745615653437901,dummy-ymb03bhp,NA,NA,NA,NA,NA,NA,NA,NA
0.16838869054969854,0.0735614121060093,dummy-ymbakxns,NA,NA,NA,NA,NA,NA,NA,NA
0.02665748936413466,0.02148385603612215,dummy-ymk91w2a,NA,NA,NA,NA,NA,NA,NA,NA
0.02528194817730994,0.03256458554205967,dummy-ymrvu86g,NA,NA,NA,NA,NA,NA,NA,NA
0.10118950565578216,0.05297298215894017,dummy-yn28c3md,NA,NA,NA,NA,NA,NA,NA,NA
0.05423513643194085,0.0436879527080446,dummy-yn4jmwf7,NA,NA,NA,NA,NA,NA,NA,NA
0.1025029917905368,0.04944118215937976,dummy-ync1p4uh,NA,NA,NA,NA,NA,NA,NA,NA
0.00971363478878194,0.01987105571578618,dummy-ynkb2fai,NA,NA,NA,NA,NA,NA,NA,NA
0.01253426236761771,0.01635753228405376,dummy-ynt55z85,NA,NA,NA,NA,NA,NA,NA,NA
0.09253106636115548,0.05724749478964669,dummy-yoayygjm,NA,NA,NA,NA,NA,NA,NA,NA
0.0652041273293105,0.1010552685164772,dummy-yotbhqhj,NA,NA,NA,NA,NA,NA,NA,NA
0.22070579581298727,0.12387174293424782,dummy-yp621nlz,NA,NA,NA,NA,NA,NA,NA,NA
0.14384431807954387,0.03106870205119221,dummy-ypfr8m2p,NA,NA,NA,NA,NA,NA,NA,NA
0.03867431215166257,0.04414484156234388,dummy-yphyvhdc,NA,NA,NA,NA,NA,NA,NA,NA
0.07654510278438875,0.05235194493831158,dummy-ypnm6obx,NA,NA,NA,NA,NA,NA,NA,NA
0.04028052284338031,0.04624749381916074,dummy-ypo1vklg,NA,NA,NA,NA,NA,NA,NA,NA
0.18413476042995292,0.03481366359130352,dummy-ypsbutiw,NA,NA,NA,NA,NA,NA,NA,NA
0.02270827509685672,0.01546290118523942,dummy-ypsk67ky,NA,NA,NA,NA,NA,NA,NA,NA
0.22963136997287212,0.07411586345687483,dummy-yqownmfm,NA,NA,NA,NA,NA,NA,NA,NA
0.01971352711839556,0.03960018632508221,dummy-yra8ov5b,NA,NA,NA,NA,NA,NA,NA,NA
0.12484023903105976,0.07846883569778798,dummy-yrau54g6,NA,NA,NA,NA,NA,NA,NA,NA
0.1213686762033438,0.05647994589702955,dummy-yrl9y6di,NA,NA,NA,NA,NA,NA,NA,NA
0.08691129012297714,0.04249506026254367,dummy-yscxxhh6,NA,NA,NA,NA,NA,NA,NA,NA
0.08392063772214604,0.03982727931450739,dummy-ysdl69lq,NA,NA,NA,NA,NA,NA,NA,NA
0.07347253799960846,0.01878610276753511,dummy-yshr3ru0,NA,NA,NA,NA,NA,NA,NA,NA
0.01819548671085524,0.03248279933072997,dummy-ysijty7j,NA,NA,NA,NA,NA,NA,NA,NA
0.05309481528322934,0.05445054891073428,dummy-ysm779ch,NA,NA,NA,NA,NA,NA,NA,NA
0.1730334840804766,0.05232656660918951,dummy-ysvmpp3p,NA,NA,NA,NA,NA,NA,NA,NA
0.08015284602519979,0.05838691457778468,dummy-yt428tsl,NA,NA,NA,NA,NA,NA,NA,NA
0.00882503126212174,0.02385260650699414,dummy-yt4alf1f,NA,NA,NA,NA,NA,NA,NA,NA
0.19072718966711752,0.07238341846592138,dummy-ytnur29a,NA,NA,NA,NA,NA,NA,NA,NA
0.05340118990933568,0.05658534008659072,dummy-yu4ng1nx,NA,NA,NA,NA,NA,NA,NA,NA
0.02203164388217191,0.01642648533246965,dummy-yuecgul8,NA,NA,NA,NA,NA,NA,NA,NA
0.01269349623276292,0.03754887139474191,dummy-yuhn1arb,NA,NA,NA,NA,NA,NA,NA,NA
0.00302894905260723,0.01353684340501834,dummy-yujkcqug,NA,NA,NA,NA,NA,NA,NA,NA
0.1774890145986482,0.05157131739974802,dummy-yukini8k,NA,NA,NA,NA,NA,NA,NA,NA
0.08621139357976847,0.10639771388757234,dummy-yunqis6r,NA,NA,NA,NA,NA,NA,NA,NA
0.0308560435896568,0.04635859511306547,dummy-yute2t1c,NA,NA,NA,NA,NA,NA,NA,NA
0.00279122940450275,0.012434731788721,dummy-yuynsv1k,NA,NA,NA,NA,NA,NA,NA,NA
0.00567155966607075,0.0162444387455781,dummy-yvkmn1q7,NA,NA,NA,NA,NA,NA,NA,NA
0.1160225856224256,0.06317474662728874,dummy-yvuz25xp,NA,NA,NA,NA,NA,NA,NA,NA
0.0973558630366582,0.04452203393769781,dummy-yw0cmv6b,NA,NA,NA,NA,NA,NA,NA,NA
0.02251421477682832,0.04363617886651527,dummy-ywg5lg0x,NA,NA,NA,NA,NA,NA,NA,NA
0.01623562216244356,0.0352196744907079,dummy-ywhr0q8w,NA,NA,NA,NA,NA,NA,NA,NA
0.48270494708907374,0.03190224998023485,dummy-ywjih19d,NA,NA,NA,NA,NA,NA,NA,NA
0.11717345272550496,0.05885331364135168,dummy-yxgt13cq,NA,NA,NA,NA,NA,NA,NA,NA
0.07473333498371101,0.01837437402370098,dummy-yxw5bzgs,NA,NA,NA,NA,NA,NA,NA,NA
0.19720401202953047,0.06445753165197876,dummy-yy2kkhrh,NA,NA,NA,NA,NA,NA,NA,NA
0.00243588114762617,0.01136151418608515,dummy-yy52gtz2,NA,NA,NA,NA,NA,NA,NA,NA
0.06779282716271767,0.01618967024651235,dummy-yy65kjra,NA,NA,NA,NA,NA,NA,NA,NA
0.00755792032114102,0.0193578595867428,dummy-yycpw1d0,NA,NA,NA,NA,NA,NA,NA,NA
0.08849384540748445,0.0459629477806461,dummy-yye6hdn7,NA,NA,NA,NA,NA,NA,NA,NA
0.189387334582077,0.04370006580106731,dummy-yyiodozg,NA,NA,NA,NA,NA,NA,NA,NA
0.37889134548675624,0.03023786154705033,dummy-yyitfeqt,NA,NA,NA,NA,NA,NA,NA,NA
0.00409142636010481,0.01490713110236459,dummy-yymxf854,NA,NA,NA,NA,NA,NA,NA,NA
0.01930045544479433,0.01732190541226171,dummy-yyno6l8a,NA,NA,NA,NA,NA,NA,NA,NA
0.00389574757560207,0.01211348931282334,dummy-yysa2fwe,NA,NA,NA,NA,NA,NA,NA,NA
0.13512211150666617,0.04965687478753546,dummy-yysqq1y9,NA,NA,NA,NA,NA,NA,NA,NA
0.07881056323566246,0.05367309010296173,dummy-yz9deex5,NA,NA,NA,NA,NA,NA,NA,NA
0.14938812422497433,0.04712838631972493,dummy-yzq2zga5,NA,NA,NA,NA,NA,NA,NA,NA
0.14753035088270605,0.06899455183968205,dummy-yzshchoz,NA,NA,NA,NA,NA,NA,NA,NA
0.00715384730482131,0.02198508780200774,dummy-yztr46yv,NA,NA,NA,NA,NA,NA,NA,NA
0.01702449247800114,0.03302553169572143,dummy-z080al16,NA,NA,NA,NA,NA,NA,NA,NA
0.01169638555823737,0.0290910571241378,dummy-z12nmymo,NA,NA,NA,NA,NA,NA,NA,NA
0.03326948334946006,0.0327143326830574,dummy-z235j66x,NA,NA,NA,NA,NA,NA,NA,NA
0.11727812431460508,0.04155773568149968,dummy-z28cmxlb,NA,NA,NA,NA,NA,NA,NA,NA
0.04871940609217165,0.06457533747859356,dummy-z2wceemn,NA,NA,NA,NA,NA,NA,NA,NA
0.1660981580909199,0.06731324209298803,dummy-z2xix4db,NA,NA,NA,NA,NA,NA,NA,NA
0.11016356498355226,0.07043508302798397,dummy-z33byawr,NA,NA,NA,NA,NA,NA,NA,NA
0.0915164091150954,0.03985262280952017,dummy-z3cwd4f9,NA,NA,NA,NA,NA,NA,NA,NA
0.03025869017959217,0.03366590035954206,dummy-z3m7madg,NA,NA,NA,NA,NA,NA,NA,NA
0.08802636669001072,0.03867087989126796,dummy-z3mmuv19,NA,NA,NA,NA,NA,NA,NA,NA
0.02669039106971219,0.03649006532621166,dummy-z3xn0pat,NA,NA,NA,NA,NA,NA,NA,NA
0.03328036599101392,0.02688934976689893,dummy-z40fm80k,NA,NA,NA,NA,NA,NA,NA,NA
0.01647255671968605,0.03146101923320403,dummy-z40n8x56,NA,NA,NA,NA,NA,NA,NA,NA
0.02077555005552632,0.04689747549236429,dummy-z48j36yj,NA,NA,NA,NA,NA,NA,NA,NA
0.13942565573828364,0.06143961148709234,dummy-z4l7yct7,NA,NA,NA,NA,NA,NA,NA,NA
0.04702277995189738,0.04098467098066037,dummy-z4mxwhul,NA,NA,NA,NA,NA,NA,NA,NA
0.01410777270824034,0.02842564346679397,dummy-z4nrqjln,NA,NA,NA,NA,NA,NA,NA,NA
0.00824130529786933,0.01359155495407265,dummy-z4olve6s,NA,NA,NA,NA,NA,NA,NA,NA
0.01036209924480179,0.02573712431543086,dummy-z4oq50jp,NA,NA,NA,NA,NA,NA,NA,NA
0.08844364326989641,0.05624444323643725,dummy-z4r1y31h,NA,NA,NA,NA,NA,NA,NA,NA
0.03098979829049326,0.05224627194072653,dummy-z5bz4c3l,NA,NA,NA,NA,NA,NA,NA,NA
0.03790300583402534,0.03385903912469158,dummy-z5fovh4y,NA,NA,NA,NA,NA,NA,NA,NA
0.2711091033122406,0.11114741696116062,dummy-z5klq199,NA,NA,NA,NA,NA,NA,NA,NA
0.00513068372213953,0.01582343726445488,dummy-z6eytu9i,NA,NA,NA,NA,NA,NA,NA,NA
0.04937511171090873,0.05051455385684868,dummy-z78wd72h,NA,NA,NA,NA,NA,NA,NA,NA
0.12543328422705532,0.11127241080114024,dummy-z7f54mlg,NA,NA,NA,NA,NA,NA,NA,NA
0.22919583962974277,0.1065307263685636,dummy-z7fq3zcc,NA,NA,NA,NA,NA,NA,NA,NA
0.01677590251119696,0.03544118143416014,dummy-z84yh7yx,NA,NA,NA,NA,NA,NA,NA,NA
0.01912607861801841,0.03727062363162229,dummy-z89eziao,NA,NA,NA,NA,NA,NA,NA,NA
0.0316688402392902,0.04266323099058596,dummy-z8o6rwo3,NA,NA,NA,NA,NA,NA,NA,NA
0.11696518806848866,0.04777306332872787,dummy-z8wcqirv,NA,NA,NA,NA,NA,NA,NA,NA
0.05806478044945518,0.02988075004134124,dummy-z8x1grpk,NA,NA,NA,NA,NA,NA,NA,NA
0.03338485448253724,0.03534733456099628,dummy-z96r2858,NA,NA,NA,NA,NA,NA,NA,NA
0.12571992331930015,0.07815417312866567,dummy-za01g8i9,NA,NA,NA,NA,NA,NA,NA,NA
0.20148878677890908,0.08268134086195195,dummy-za3m33nx,NA,NA,NA,NA,NA,NA,NA,NA
0.10768832513586496,0.04847300841795744,dummy-za4gsw93,NA,NA,NA,NA,NA,NA,NA,NA
0.0320527868428923,0.01406466870639976,dummy-zalbkiig,NA,NA,NA,NA,NA,NA,NA,NA
0.3241501221165511,0.1520689317301239,dummy-zaou25nh,NA,NA,NA,NA,NA,NA,NA,NA
0.01489580328694186,0.02667904029767083,dummy-zapso2c8,NA,NA,NA,NA,NA,NA,NA,NA
0.02236913663615014,0.03263207625304874,dummy-zawht678,NA,NA,NA,NA,NA,NA,NA,NA
0.03057407136200209,0.02125073600176904,dummy-zb19f56s,NA,NA,NA,NA,NA,NA,NA,NA
0.13042931398792856,0.01462957099732647,dummy-zb3fagpg,NA,NA,NA,NA,NA,NA,NA,NA
0.05441152616748833,0.01623061257233417,dummy-zbbz2udm,NA,NA,NA,NA,NA,NA,NA,NA
0.0911857348970627,0.04013731352683177,dummy-zboh2c3d,NA,NA,NA,NA,NA,NA,NA,NA
0.03056946462746579,0.02125073602322503,dummy-zbs5zzwx,NA,NA,NA,NA,NA,NA,NA,NA
0.05940116052049739,0.04861176271802002,dummy-zbty0k75,NA,NA,NA,NA,NA,NA,NA,NA
0.05367532564476383,0.03368890624618478,dummy-zce8lwwp,NA,NA,NA,NA,NA,NA,NA,NA
0.06838012011427476,0.04137026393727258,dummy-zcig1bbp,NA,NA,NA,NA,NA,NA,NA,NA
0.01920611719849661,0.02706022970373255,dummy-zcp3r5as,NA,NA,NA,NA,NA,NA,NA,NA
0.03139102237141838,0.01676708406311541,dummy-zcxpi0lm,NA,NA,NA,NA,NA,NA,NA,NA
0.06712802802346603,0.05798211501063569,dummy-zdfwef64,NA,NA,NA,NA,NA,NA,NA,NA
0.05651094458309767,0.01883032774678935,dummy-zdjp14xf,NA,NA,NA,NA,NA,NA,NA,NA
0.07893120918110763,0.04426340658039176,dummy-zdkwa9vw,NA,NA,NA,NA,NA,NA,NA,NA
0.01844876580059988,0.01611919108694454,dummy-zdm0fybl,NA,NA,NA,NA,NA,NA,NA,NA
0.00916488429366828,0.01989069673123874,dummy-zdywavek,NA,NA,NA,NA,NA,NA,NA,NA
0.4553031059988242,0.0460290450297899,dummy-zeeqeioe,NA,NA,NA,NA,NA,NA,NA,NA
0.00658832086821659,0.01386812183431338,dummy-zekko3ni,NA,NA,NA,NA,NA,NA,NA,NA
0.06484900540879783,0.03229456476646288,dummy-zf6kif66,NA,NA,NA,NA,NA,NA,NA,NA
0.07701749724202488,0.04254763722425642,dummy-zfd60ptj,NA,NA,NA,NA,NA,NA,NA,NA
0.06124639568319397,0.04100307753512303,dummy-zfiiy4qo,NA,NA,NA,NA,NA,NA,NA,NA
0.01824219488939828,0.03338052535467389,dummy-zfqp70nb,NA,NA,NA,NA,NA,NA,NA,NA
0.04837661380003808,0.04132254851548444,dummy-zgc5ln92,NA,NA,NA,NA,NA,NA,NA,NA
0.15753745961775023,0.06637168080983041,dummy-zi7f6h6f,NA,NA,NA,NA,NA,NA,NA,NA
0.0690639269641701,0.04732929294826431,dummy-zii0uj9f,NA,NA,NA,NA,NA,NA,NA,NA
0.06562520514601032,0.04497219575051661,dummy-zii62erz,NA,NA,NA,NA,NA,NA,NA,NA
0.05068231257154562,0.05101232618086276,dummy-ziiszt6a,NA,NA,NA,NA,NA,NA,NA,NA
0.14312986700348165,0.07249819679928149,dummy-zizcnzqq,NA,NA,NA,NA,NA,NA,NA,NA
0.08192865514422698,0.05343077264258929,dummy-zjb5bnwn,NA,NA,NA,NA,NA,NA,NA,NA
0.5250447287833377,0.101846743916531,dummy-zju3eab8,NA,NA,NA,NA,NA,NA,NA,NA
0.07802808520104744,0.0710638301080034,dummy-zk6t32vy,NA,NA,NA,NA,NA,NA,NA,NA
0.05323143787906705,0.04705755993052967,dummy-zkesj5zg,NA,NA,NA,NA,NA,NA,NA,NA
0.04311904593876031,0.05891456344681516,dummy-zkzmmahb,NA,NA,NA,NA,NA,NA,NA,NA
0.0867653102413475,0.04514175920704375,dummy-zl6ci24l,NA,NA,NA,NA,NA,NA,NA,NA
0.01271925912931007,0.02990411148647493,dummy-zlk3lmiy,NA,NA,NA,NA,NA,NA,NA,NA
0.08903564275348716,0.06202834856890925,dummy-zm90hwi5,NA,NA,NA,NA,NA,NA,NA,NA
0.01483584163560763,0.01587975218787659,dummy-zmg20cov,NA,NA,NA,NA,NA,NA,NA,NA
0.07410705102641983,0.07666246094704816,dummy-zncs8vh8,NA,NA,NA,NA,NA,NA,NA,NA
0.0946127289075566,0.05984611791633016,dummy-znp8dh6z,NA,NA,NA,NA,NA,NA,NA,NA
0.4629375716547168,0.04586415019210618,dummy-znyux6mk,NA,NA,NA,NA,NA,NA,NA,NA
0.00424176430911227,0.0182854029767071,dummy-zo7odnur,NA,NA,NA,NA,NA,NA,NA,NA
0.16939652276349076,0.049013770643153,dummy-zocevgqb,NA,NA,NA,NA,NA,NA,NA,NA
0.0621679107657456,0.03616569901212829,dummy-zopyse1c,NA,NA,NA,NA,NA,NA,NA,NA
0.100459326617395,0.08773907312853833,dummy-zpkp6qil,NA,NA,NA,NA,NA,NA,NA,NA
0.01820672716827774,0.01766919261564561,dummy-zpq5yj6x,NA,NA,NA,NA,NA,NA,NA,NA
0.1110630941834144,0.05765269094877706,dummy-zpvu3vt1,NA,NA,NA,NA,NA,NA,NA,NA
0.10315687827713724,0.01620594835475061,dummy-zpwh69gf,NA,NA,NA,NA,NA,NA,NA,NA
0.05511893432139731,0.03683877662748974,dummy-zpx7phym,NA,NA,NA,NA,NA,NA,NA,NA
0.01749782341488427,0.02235094374832797,dummy-zqrxmpww,NA,NA,NA,NA,NA,NA,NA,NA
0.08512590865309236,0.04293201708377181,dummy-zr0ar78h,NA,NA,NA,NA,NA,NA,NA,NA
0.00893236223487025,0.02396927230828172,dummy-zr4rwyze,NA,NA,NA,NA,NA,NA,NA,NA
0.01253426236761771,0.01635753228405376,dummy-zrq4faze,NA,NA,NA,NA,NA,NA,NA,NA
0.1830750750108588,0.12196553850016476,dummy-zs6n7kpb,NA,NA,NA,NA,NA,NA,NA,NA
0.04205043966865234,0.03921559742131221,dummy-zs6nwfnn,NA,NA,NA,NA,NA,NA,NA,NA
0.04247965457037214,0.04256496625799465,dummy-zsgcp6qe,NA,NA,NA,NA,NA,NA,NA,NA
0.01703989648553925,0.01997820192301516,dummy-zshu5wju,NA,NA,NA,NA,NA,NA,NA,NA
0.07086776957793192,0.04993970596394089,dummy-zt0soqy1,NA,NA,NA,NA,NA,NA,NA,NA
0.00759132044351236,0.0253689384836405,dummy-zt5vsack,NA,NA,NA,NA,NA,NA,NA,NA
0.00951558656359312,0.0270470684195241,dummy-zt8mac9j,NA,NA,NA,NA,NA,NA,NA,NA
0.0956199640037312,0.05432207600735229,dummy-zu7ht227,NA,NA,NA,NA,NA,NA,NA,NA
0.10499703202966457,0.04774694317061808,dummy-zu7rz0e9,NA,NA,NA,NA,NA,NA,NA,NA
0.04327735136247761,0.06215731148638387,dummy-zuvgag5b,NA,NA,NA,NA,NA,NA,NA,NA
0.10775120657808944,0.04758062243788289,dummy-zv2kem72,NA,NA,NA,NA,NA,NA,NA,NA
0.00300017204041553,0.01364925285838914,dummy-zvda9c61,NA,NA,NA,NA,NA,NA,NA,NA
0.01824219488939828,0.03338052535467389,dummy-zvdlujzz,NA,NA,NA,NA,NA,NA,NA,NA
0.08377143528337011,0.05187512983620952,dummy-zvljqg2h,NA,NA,NA,NA,NA,NA,NA,NA
0.00304691424804956,0.0137387939872946,dummy-zvr506d6,NA,NA,NA,NA,NA,NA,NA,NA
0.00474357746895176,0.01447725168066585,dummy-zvssr7qb,NA,NA,NA,NA,NA,NA,NA,NA
0.00311775715874886,0.01257362380878029,dummy-zvxuzxf2,NA,NA,NA,NA,NA,NA,NA,NA
0.01744735929586539,0.0321166123747655,dummy-zwfbqgg5,NA,NA,NA,NA,NA,NA,NA,NA
0.48054727761383614,0.04658064513648773,dummy-zwg311gn,NA,NA,NA,NA,NA,NA,NA,NA
0.02788933757346937,0.03433189418194918,dummy-zwsk78fh,NA,NA,NA,NA,NA,NA,NA,NA
0.04733247600564133,0.01334407865522778,dummy-zx1aeof2,NA,NA,NA,NA,NA,NA,NA,NA
0.10448503929828304,0.10490805909316991,dummy-zx4c97uy,NA,NA,NA,NA,NA,NA,NA,NA
0.3726779685319068,0.09238713456218596,dummy-zy6kdr3i,NA,NA,NA,NA,NA,NA,NA,NA
0.09892945955916654,0.03072509628511786,dummy-zybk56j4,NA,NA,NA,NA,NA,NA,NA,NA
0.0193461257772179,0.01588557186358031,dummy-zym2rtpv,NA,NA,NA,NA,NA,NA,NA,NA
0.01228110033174238,0.02564270713621073,dummy-zyomyunq,NA,NA,NA,NA,NA,NA,NA,NA
0.2069981892271746,0.07612060126465517,dummy-zz52qxky,NA,NA,NA,NA,NA,NA,NA,NA
0.01560779382280708,0.03293723292302593,dummy-zztqrkq7,NA,NA,NA,NA,NA,NA,NA,NA
0.01079315118503431,0.01404561219617469,dummy-01jgbgqj,NA,NA,NA,NA,NA,NA,NA,NA
0.03337693626514523,0.03274005313854681,dummy-03oil50t,NA,NA,NA,NA,NA,NA,NA,NA
0.04305362912528999,0.05899426696002444,dummy-05plpcyn,NA,NA,NA,NA,NA,NA,NA,NA
0.18409374776544088,0.04765092987988095,dummy-08cbgi07,NA,NA,NA,NA,NA,NA,NA,NA
0.03125153121195162,0.01540232455514437,dummy-09tx2bol,NA,NA,NA,NA,NA,NA,NA,NA
0.06847013133280548,0.0414436522116054,dummy-0bww4ihn,NA,NA,NA,NA,NA,NA,NA,NA
0.00297985184527703,0.01787168567181014,dummy-0esvn9o5,NA,NA,NA,NA,NA,NA,NA,NA
0.00243161674986558,0.01140848241738327,dummy-0ewr0jya,NA,NA,NA,NA,NA,NA,NA,NA
0.01230618653242298,0.03399011857654688,dummy-0fsuib4a,NA,NA,NA,NA,NA,NA,NA,NA
0.0594539380724555,0.05218750290037756,dummy-0gc8mbhb,NA,NA,NA,NA,NA,NA,NA,NA
0.03595633131409245,0.04692997211286329,dummy-0hr5vqp1,NA,NA,NA,NA,NA,NA,NA,NA
0.01640275039348913,0.01670194135560966,dummy-0jciixef,NA,NA,NA,NA,NA,NA,NA,NA
0.2540740194773873,0.1487032393022855,dummy-0mcymou4,NA,NA,NA,NA,NA,NA,NA,NA
0.15513649589881576,0.04011163625085832,dummy-0medya2x,NA,NA,NA,NA,NA,NA,NA,NA
0.20010813766257232,0.05107758875600066,dummy-0q4si1nk,NA,NA,NA,NA,NA,NA,NA,NA
0.00279468726223986,0.01179977147142556,dummy-0sktcj7a,NA,NA,NA,NA,NA,NA,NA,NA
0.0895117707244437,0.02893249037970191,dummy-0t1dx7fa,NA,NA,NA,NA,NA,NA,NA,NA
0.05924197688868926,0.04020701372775406,dummy-0w3pusxm,NA,NA,NA,NA,NA,NA,NA,NA
0.0442590583868843,0.06731288073634177,dummy-0yi7sac4,NA,NA,NA,NA,NA,NA,NA,NA
0.4436165861242213,0.04142250976190112,dummy-0ykjiva9,NA,NA,NA,NA,NA,NA,NA,NA
0.00706497646916534,0.01519694470601537,dummy-10clu901,NA,NA,NA,NA,NA,NA,NA,NA
0.0325214127772136,0.04747058507496953,dummy-11nqkgs3,NA,NA,NA,NA,NA,NA,NA,NA
0.07817046862335565,0.0329479263861507,dummy-11usvmz5,NA,NA,NA,NA,NA,NA,NA,NA
0.01992717040428018,0.03494045715822662,dummy-13h09e9g,NA,NA,NA,NA,NA,NA,NA,NA
0.25370893059451183,0.05742029549124143,dummy-1465olmd,NA,NA,NA,NA,NA,NA,NA,NA
0.02000403487607349,0.01561173196328925,dummy-148g734t,NA,NA,NA,NA,NA,NA,NA,NA
0.27165795341915994,0.08420370605465852,dummy-14e12pn1,NA,NA,NA,NA,NA,NA,NA,NA
0.00492173892175235,0.01467674573483732,dummy-14ugwp03,NA,NA,NA,NA,NA,NA,NA,NA
0.08139619340505048,0.04354029167495629,dummy-19xml07d,NA,NA,NA,NA,NA,NA,NA,NA
0.00250691112382638,0.01226116442931246,dummy-1b8c9m7r,NA,NA,NA,NA,NA,NA,NA,NA
0.14924732390551074,0.01616037169428932,dummy-1c9w2y82,NA,NA,NA,NA,NA,NA,NA,NA
0.04855690526413011,0.05207170257754008,dummy-1dmpoegb,NA,NA,NA,NA,NA,NA,NA,NA
0.0029274380938668,0.01979855622204754,dummy-1dw189p1,NA,NA,NA,NA,NA,NA,NA,NA
0.1853891064342651,0.08910015759336144,dummy-1et8y9bl,NA,NA,NA,NA,NA,NA,NA,NA
0.0343232713874481,0.04731080339610509,dummy-1go718p0,NA,NA,NA,NA,NA,NA,NA,NA
0.05440265613273561,0.01927515192592549,dummy-1j9c3eld,NA,NA,NA,NA,NA,NA,NA,NA
0.02331904056992706,0.0163928879016468,dummy-1jstuu10,NA,NA,NA,NA,NA,NA,NA,NA
0.00235091486650731,0.01153593675673657,dummy-1kcpifoq,NA,NA,NA,NA,NA,NA,NA,NA
0.0794426807579428,0.0883385694677896,dummy-1kpznz5p,NA,NA,NA,NA,NA,NA,NA,NA
0.04158429002864744,0.03816374355329768,dummy-1l3a3nn6,NA,NA,NA,NA,NA,NA,NA,NA
0.00264441666358106,0.01347957044731514,dummy-1uey4not,NA,NA,NA,NA,NA,NA,NA,NA
0.00452055121861069,0.01341876750045507,dummy-1w4496un,NA,NA,NA,NA,NA,NA,NA,NA
0.21403901514368712,0.07721663199517455,dummy-1yf07quk,NA,NA,NA,NA,NA,NA,NA,NA
0.06364704029504777,0.07431381460825733,dummy-20i5nr74,NA,NA,NA,NA,NA,NA,NA,NA
0.04283540693858889,0.05174835136615986,dummy-23eik2s2,NA,NA,NA,NA,NA,NA,NA,NA
0.07684572758859902,0.04446919693824558,dummy-24c4bkve,NA,NA,NA,NA,NA,NA,NA,NA
0.05414970528824076,0.06145565773843424,dummy-25c3v849,NA,NA,NA,NA,NA,NA,NA,NA
0.04491437484179692,0.03687301945833502,dummy-26hs1iql,NA,NA,NA,NA,NA,NA,NA,NA
0.02266990855607446,0.02667175400898494,dummy-26wo3auy,NA,NA,NA,NA,NA,NA,NA,NA
1.203008014750805,0.04309588306874967,dummy-280ioz1n,NA,NA,NA,NA,NA,NA,NA,NA
0.05248361403962732,0.04661409170857224,dummy-2bb09je4,NA,NA,NA,NA,NA,NA,NA,NA
0.03780693038494227,0.04892226444479515,dummy-2ebkbjck,NA,NA,NA,NA,NA,NA,NA,NA
0.17704259847451417,0.04723345317206352,dummy-2hr7g6cv,NA,NA,NA,NA,NA,NA,NA,NA
0.13515326501347194,0.06289618678038295,dummy-2j52hq9m,NA,NA,NA,NA,NA,NA,NA,NA
0.0954702278914507,0.07309104273528243,dummy-2j9jgiet,NA,NA,NA,NA,NA,NA,NA,NA
0.00636872983893795,0.01904135993114242,dummy-2jdzdzsx,NA,NA,NA,NA,NA,NA,NA,NA
0.02120475982767776,0.01748772950783097,dummy-2ldd0m9w,NA,NA,NA,NA,NA,NA,NA,NA
0.02989505411958676,0.04184123908833685,dummy-2lsd7y9c,NA,NA,NA,NA,NA,NA,NA,NA
0.0934684301108439,0.04388012315838952,dummy-2mglfoy7,NA,NA,NA,NA,NA,NA,NA,NA
0.11938820629882269,0.07173014476514707,dummy-2nhhf6xd,NA,NA,NA,NA,NA,NA,NA,NA
0.1245742577120556,0.07836807109874476,dummy-2txwgeop,NA,NA,NA,NA,NA,NA,NA,NA
0.0322828728119007,0.03975973698216721,dummy-2uu5vt5i,NA,NA,NA,NA,NA,NA,NA,NA
0.01670856533389346,0.01984453764970387,dummy-2v0trkrs,NA,NA,NA,NA,NA,NA,NA,NA
0.06930273329163096,0.05453648252805232,dummy-2z2mkg56,NA,NA,NA,NA,NA,NA,NA,NA
0.05508468179544897,0.05343613114945906,dummy-32ga4yv8,NA,NA,NA,NA,NA,NA,NA,NA
0.04839307731304607,0.07034226519225995,dummy-33k0akl8,NA,NA,NA,NA,NA,NA,NA,NA
0.11172847268356338,0.03071737654985215,dummy-36jbppki,NA,NA,NA,NA,NA,NA,NA,NA
0.03213363793747963,0.0395329356055756,dummy-36v2d0xc,NA,NA,NA,NA,NA,NA,NA,NA
0.10445444379441995,0.10474105374462096,dummy-374uypry,NA,NA,NA,NA,NA,NA,NA,NA
0.01435366019158155,0.02833036954707216,dummy-388n30rw,NA,NA,NA,NA,NA,NA,NA,NA
0.0474112714438985,0.01342166920405354,dummy-38q71k43,NA,NA,NA,NA,NA,NA,NA,NA
0.1023080497805846,0.06166778772699766,dummy-39d4vljt,NA,NA,NA,NA,NA,NA,NA,NA
0.25719808865752886,0.08054907081884222,dummy-3a18fwnd,NA,NA,NA,NA,NA,NA,NA,NA
0.00711897679950982,0.01390564312605532,dummy-3aa3t6td,NA,NA,NA,NA,NA,NA,NA,NA
0.02324811751046602,0.04202224246459375,dummy-3ag0t129,NA,NA,NA,NA,NA,NA,NA,NA
0.03060479624985689,0.02116589803096139,dummy-3b7p6bwv,NA,NA,NA,NA,NA,NA,NA,NA
0.06630112010004043,0.07654451345630704,dummy-3cmkqdse,NA,NA,NA,NA,NA,NA,NA,NA
0.0992390652478298,0.03975881284189465,dummy-3fnnx8g5,NA,NA,NA,NA,NA,NA,NA,NA
0.07407798148480613,0.05073781367518738,dummy-3oyi1xuu,NA,NA,NA,NA,NA,NA,NA,NA
0.0213956012589792,0.04685310155266621,dummy-3s8t4nsl,NA,NA,NA,NA,NA,NA,NA,NA
0.01114847912259481,0.03385379880086681,dummy-3sj6qy12,NA,NA,NA,NA,NA,NA,NA,NA
3.073492508078593,0.11261313895459368,dummy-3vgz3oai,NA,NA,NA,NA,NA,NA,NA,NA
0.27628640389142906,0.09182846929106152,dummy-3vsuki2o,NA,NA,NA,NA,NA,NA,NA,NA
0.07067129148139563,0.0396172692242941,dummy-3wnvncc9,NA,NA,NA,NA,NA,NA,NA,NA
0.09135990168523853,0.04550447747747943,dummy-42lwm2vd,NA,NA,NA,NA,NA,NA,NA,NA
0.03205966443818781,0.01768067186727457,dummy-45cx5nd5,NA,NA,NA,NA,NA,NA,NA,NA
0.0150116467357059,0.02732250037764917,dummy-45nxsf71,NA,NA,NA,NA,NA,NA,NA,NA
0.01395722184275693,0.03026334202359299,dummy-45umul1p,NA,NA,NA,NA,NA,NA,NA,NA
0.06155120960447954,0.01825597977426713,dummy-47ghxfr4,NA,NA,NA,NA,NA,NA,NA,NA
0.04455466236413351,0.06097532155598893,dummy-485m693m,NA,NA,NA,NA,NA,NA,NA,NA
0.120741314398413,0.03798083819988474,dummy-488dc51f,NA,NA,NA,NA,NA,NA,NA,NA
0.01404626449304456,0.02747911823116154,dummy-48k9w1y0,NA,NA,NA,NA,NA,NA,NA,NA
0.02911082543638854,0.01636016651794312,dummy-48uup6th,NA,NA,NA,NA,NA,NA,NA,NA
0.08040638138529779,0.03228797925751343,dummy-4c9bhjs8,NA,NA,NA,NA,NA,NA,NA,NA
0.3788208174444521,0.03027895834177229,dummy-4cah8mvf,NA,NA,NA,NA,NA,NA,NA,NA
0.08235916627631513,0.02596076196097296,dummy-4cjdqikg,NA,NA,NA,NA,NA,NA,NA,NA
0.07036122044338645,0.07849620695711489,dummy-4fpne3dc,NA,NA,NA,NA,NA,NA,NA,NA
0.05323435331825796,0.03773779608251264,dummy-4gk6u9ep,NA,NA,NA,NA,NA,NA,NA,NA
0.0408990814457673,0.03836641739465245,dummy-4hy6fd86,NA,NA,NA,NA,NA,NA,NA,NA
0.00263628633714552,0.0115751559431677,dummy-4js4nhny,NA,NA,NA,NA,NA,NA,NA,NA
0.03336955034824011,0.04607853478810941,dummy-4o713sz2,NA,NA,NA,NA,NA,NA,NA,NA
0.15205671855745498,0.03310506594203434,dummy-4q0zjcma,NA,NA,NA,NA,NA,NA,NA,NA
0.05146988990239132,0.03636170181870439,dummy-4q1dvmpu,NA,NA,NA,NA,NA,NA,NA,NA
0.11710876443832292,0.04142567526382811,dummy-4q40gxvk,NA,NA,NA,NA,NA,NA,NA,NA
0.13387761397142833,0.06500281095007952,dummy-4rzj604s,NA,NA,NA,NA,NA,NA,NA,NA
0.04366106655334806,0.03597520042403174,dummy-4u4g6oa4,NA,NA,NA,NA,NA,NA,NA,NA
0.21562035710625663,0.06833011089229599,dummy-4woow7pr,NA,NA,NA,NA,NA,NA,NA,NA
0.00124341514041555,0.01289364736428401,dummy-5041i1fs,NA,NA,NA,NA,NA,NA,NA,NA
0.01040270090348363,0.02590459636688661,dummy-5054lnlz,NA,NA,NA,NA,NA,NA,NA,NA
0.16301431641392694,0.07358494904250752,dummy-511px2v4,NA,NA,NA,NA,NA,NA,NA,NA
0.10047762502421877,0.01636534757241983,dummy-51syzzed,NA,NA,NA,NA,NA,NA,NA,NA
0.1636078774176555,0.07445990166571914,dummy-52w8k5h9,NA,NA,NA,NA,NA,NA,NA,NA
0.0381104622279517,0.05324040854673276,dummy-553rwanj,NA,NA,NA,NA,NA,NA,NA,NA
0.0406026292891049,0.05801707837863518,dummy-55e5z4qd,NA,NA,NA,NA,NA,NA,NA,NA
0.03070407192383242,0.04628904260460999,dummy-56lri9vu,NA,NA,NA,NA,NA,NA,NA,NA
0.01404209016748955,0.02997858204345722,dummy-56xxjr8k,NA,NA,NA,NA,NA,NA,NA,NA
0.11708283154408064,0.04769726748750644,dummy-5aj43vwm,NA,NA,NA,NA,NA,NA,NA,NA
0.09530831144852704,0.05426295852408741,dummy-5fhey7fx,NA,NA,NA,NA,NA,NA,NA,NA
0.00227354345633252,0.013200650507879901,dummy-5gc9ju2g,NA,NA,NA,NA,NA,NA,NA,NA
0.08434983521628875,0.03830484637374992,dummy-5h22fpwf,NA,NA,NA,NA,NA,NA,NA,NA
0.06978630277432654,0.03681585561368015,dummy-5hor2nee,NA,NA,NA,NA,NA,NA,NA,NA
0.4848800625615463,0.05845661763149158,dummy-5p645nvw,NA,NA,NA,NA,NA,NA,NA,NA
0.02806972458430508,0.03281673177565254,dummy-5qzx0k2q,NA,NA,NA,NA,NA,NA,NA,NA
0.0152626375499309,0.03195463236902361,dummy-5r1ffzso,NA,NA,NA,NA,NA,NA,NA,NA
0.09955380411889451,0.03359020343498396,dummy-5rh1vmh2,NA,NA,NA,NA,NA,NA,NA,NA
0.0283098148662997,0.04198923888075194,dummy-5sometfh,NA,NA,NA,NA,NA,NA,NA,NA
0.19164858548505273,0.08398425397438868,dummy-5wwh6u92,NA,NA,NA,NA,NA,NA,NA,NA
0.06765084417443819,0.06951209763871502,dummy-5zl0xgky,NA,NA,NA,NA,NA,NA,NA,NA
0.00871478615807917,0.01545118934873527,dummy-60ltpjkx,NA,NA,NA,NA,NA,NA,NA,NA
0.00394159920601701,0.01218309602283542,dummy-65g729bf,NA,NA,NA,NA,NA,NA,NA,NA
0.14148571415642888,0.07809762923698167,dummy-65x575v1,NA,NA,NA,NA,NA,NA,NA,NA
0.0210852437062065,0.01584187915661499,dummy-65xt2ko3,NA,NA,NA,NA,NA,NA,NA,NA
0.10035143354848902,0.04814719521744576,dummy-65zlupyj,NA,NA,NA,NA,NA,NA,NA,NA
0.29976271068615357,0.13325587041195772,dummy-6cf5iq9s,NA,NA,NA,NA,NA,NA,NA,NA
0.00299301644709582,0.01359603061932515,dummy-6ciik8f0,NA,NA,NA,NA,NA,NA,NA,NA
0.15580780274804382,0.05927319234188733,dummy-6f4fnxxq,NA,NA,NA,NA,NA,NA,NA,NA
0.20791207853723337,0.11514723376822084,dummy-6fkfpwvg,NA,NA,NA,NA,NA,NA,NA,NA
0.02299688635844542,0.04181953503570397,dummy-6jq5egb6,NA,NA,NA,NA,NA,NA,NA,NA
0.01191921614698091,0.02622187145970579,dummy-6k4df7i0,NA,NA,NA,NA,NA,NA,NA,NA
0.2202723080492862,0.1240137168753486,dummy-6pd4yn23,NA,NA,NA,NA,NA,NA,NA,NA
0.225218312530242,0.07586344674678099,dummy-6qv8uswy,NA,NA,NA,NA,NA,NA,NA,NA
0.01514430406538709,0.01557995470725028,dummy-6rfev33z,NA,NA,NA,NA,NA,NA,NA,NA
0.3105490954370087,0.1256839733209482,dummy-6rquipqs,NA,NA,NA,NA,NA,NA,NA,NA
0.26838887774629705,0.11097192820221254,dummy-6s8hc9fm,NA,NA,NA,NA,NA,NA,NA,NA
0.0099452821922133,0.02556557575426723,dummy-6wvq4vpe,NA,NA,NA,NA,NA,NA,NA,NA
0.14902894409540904,0.04229870670307333,dummy-6xunswbz,NA,NA,NA,NA,NA,NA,NA,NA
0.24628915743495905,0.06865121925503176,dummy-6xxttvhp,NA,NA,NA,NA,NA,NA,NA,NA
0.0632579448399647,0.04494011325094292,dummy-6y54m9kk,NA,NA,NA,NA,NA,NA,NA,NA
0.1008353408386897,0.08801071453950152,dummy-750tjswb,NA,NA,NA,NA,NA,NA,NA,NA
0.01143281617337166,0.0291264355453363,dummy-7b910l7y,NA,NA,NA,NA,NA,NA,NA,NA
0.07569941262303619,0.10142189491069672,dummy-7bwk3aa5,NA,NA,NA,NA,NA,NA,NA,NA
0.08178363102071234,0.07695009149168713,dummy-7camvh3o,NA,NA,NA,NA,NA,NA,NA,NA
0.13910275630047092,0.05353767179597462,dummy-7dnk2bfm,NA,NA,NA,NA,NA,NA,NA,NA
0.12232893625871576,0.01689745451637541,dummy-7io72c9j,NA,NA,NA,NA,NA,NA,NA,NA
0.03468619003500484,0.017113163794549,dummy-7jql7pam,NA,NA,NA,NA,NA,NA,NA,NA
0.00358409737111467,0.01577097795012879,dummy-7k07fpe1,NA,NA,NA,NA,NA,NA,NA,NA
0.04622738907097421,0.04987205500973701,dummy-7lvuesoy,NA,NA,NA,NA,NA,NA,NA,NA
0.03223934494530805,0.04585772196582087,dummy-7mn4rypx,NA,NA,NA,NA,NA,NA,NA,NA
0.04399341486803553,0.03952909553003781,dummy-7o2y2ecr,NA,NA,NA,NA,NA,NA,NA,NA
0.12815078411062197,0.06892048901098864,dummy-7szg2ru4,NA,NA,NA,NA,NA,NA,NA,NA
0.06010688410788356,0.06721674410212239,dummy-7tsppig6,NA,NA,NA,NA,NA,NA,NA,NA
0.01147308663670429,0.02853799596655271,dummy-7vl5ytfn,NA,NA,NA,NA,NA,NA,NA,NA
0.09415553741352951,0.05205213155980888,dummy-7wz5ohba,NA,NA,NA,NA,NA,NA,NA,NA
0.00901438821817227,0.01973433406829683,dummy-7z39zocc,NA,NA,NA,NA,NA,NA,NA,NA
0.0399905067088232,0.01668258626099115,dummy-7zn6fcvt,NA,NA,NA,NA,NA,NA,NA,NA
0.00248631580065981,0.01291341173204802,dummy-80kzul10,NA,NA,NA,NA,NA,NA,NA,NA
0.09293676629255306,0.04369362518162616,dummy-80uvnla8,NA,NA,NA,NA,NA,NA,NA,NA
0.10036456144998998,0.05243369410762105,dummy-82pgl0y5,NA,NA,NA,NA,NA,NA,NA,NA
0.17187152132995318,0.07015030227312401,dummy-88x36wzk,NA,NA,NA,NA,NA,NA,NA,NA
0.05241506696332215,0.03615974277026085,dummy-8cpsqmtm,NA,NA,NA,NA,NA,NA,NA,NA
0.01996931167048009,0.03774482708546856,dummy-8d4kpfwt,NA,NA,NA,NA,NA,NA,NA,NA
0.05507752288054769,0.03137129711739054,dummy-8dv6nuto,NA,NA,NA,NA,NA,NA,NA,NA
0.03088322210912936,0.01410780482282727,dummy-8g56sp5w,NA,NA,NA,NA,NA,NA,NA,NA
0.06918455423367717,0.04555762363110514,dummy-8i39wcrb,NA,NA,NA,NA,NA,NA,NA,NA
0.00326585149163134,0.01516252407242086,dummy-8iljruwa,NA,NA,NA,NA,NA,NA,NA,NA
0.02662885167563973,0.03726991329647977,dummy-8li5fx3v,NA,NA,NA,NA,NA,NA,NA,NA
0.02640348534026292,0.05038342727996141,dummy-8lxadn8o,NA,NA,NA,NA,NA,NA,NA,NA
0.10027599790372758,0.03457705742973671,dummy-8n786426,NA,NA,NA,NA,NA,NA,NA,NA
0.137415153085331,0.01615120316114498,dummy-8owis5v7,NA,NA,NA,NA,NA,NA,NA,NA
0.10140969823676547,0.06612563632470757,dummy-8pk576ou,NA,NA,NA,NA,NA,NA,NA,NA
0.05110463893704123,0.01988542325663729,dummy-8poys2p0,NA,NA,NA,NA,NA,NA,NA,NA
0.01172952566785785,0.02516929392353164,dummy-8s0qjv6v,NA,NA,NA,NA,NA,NA,NA,NA
0.06538619584419797,0.10126064260931418,dummy-8sep1mmh,NA,NA,NA,NA,NA,NA,NA,NA
0.03287243343789465,0.03066620436521436,dummy-8t28ccal,NA,NA,NA,NA,NA,NA,NA,NA
0.00987852036273523,0.03103888140018121,dummy-8vwqcmfz,NA,NA,NA,NA,NA,NA,NA,NA
0.11119340685579264,0.07052948675314441,dummy-8w00o270,NA,NA,NA,NA,NA,NA,NA,NA
0.0030265601886227,0.01353525497653402,dummy-8womp1ww,NA,NA,NA,NA,NA,NA,NA,NA
0.00919175877635216,0.02824678710125611,dummy-8wua0g25,NA,NA,NA,NA,NA,NA,NA,NA
0.00596060695380493,0.01448063586502915,dummy-8zu80hyu,NA,NA,NA,NA,NA,NA,NA,NA
0.12266858561442948,0.05387504868608168,dummy-93hqai8z,NA,NA,NA,NA,NA,NA,NA,NA
0.00345060146211622,0.01436284549553153,dummy-93mvujcr,NA,NA,NA,NA,NA,NA,NA,NA
0.04469498166252265,0.0458564825712147,dummy-98x8bvev,NA,NA,NA,NA,NA,NA,NA,NA
0.02121178042409232,0.02083775239330501,dummy-99q28e58,NA,NA,NA,NA,NA,NA,NA,NA
0.16516377190383816,0.04015430868477677,dummy-99xe0cg1,NA,NA,NA,NA,NA,NA,NA,NA
0.08501153928098064,0.04256542493907965,dummy-9czrwk3u,NA,NA,NA,NA,NA,NA,NA,NA
0.03668723105867329,0.04960146535425629,dummy-9d0q43vw,NA,NA,NA,NA,NA,NA,NA,NA
0.2303142329966453,0.06940157201407272,dummy-9d36vd49,NA,NA,NA,NA,NA,NA,NA,NA
0.03002264715132057,0.04941368294295847,dummy-9eglrw2h,NA,NA,NA,NA,NA,NA,NA,NA
0.05468441052219317,0.03591963742056506,dummy-9gwie5g0,NA,NA,NA,NA,NA,NA,NA,NA
0.06607765336124162,0.03282796539658106,dummy-9imt5zwq,NA,NA,NA,NA,NA,NA,NA,NA
0.0182043551189248,0.03208331116415777,dummy-9kz7ej3x,NA,NA,NA,NA,NA,NA,NA,NA
0.2051552599775293,0.1087040534878706,dummy-9mqq970d,NA,NA,NA,NA,NA,NA,NA,NA
0.18720371585303971,0.05961047173093595,dummy-9nsqz2aq,NA,NA,NA,NA,NA,NA,NA,NA
0.00539685413521786,0.01865629132537705,dummy-9rl3ush6,NA,NA,NA,NA,NA,NA,NA,NA
0.07371531599431196,0.01844272205348477,dummy-9sym94fi,NA,NA,NA,NA,NA,NA,NA,NA
0.6223982350036247,0.05485109199406515,dummy-9t5d7ksw,NA,NA,NA,NA,NA,NA,NA,NA
0.06951621448651073,0.05455192740239049,dummy-9u4d7h4l,NA,NA,NA,NA,NA,NA,NA,NA
0.02989445709247484,0.04154872065131824,dummy-9vmxgc9b,NA,NA,NA,NA,NA,NA,NA,NA
0.07378078272943714,0.07679544077552505,dummy-9vxfi4pc,NA,NA,NA,NA,NA,NA,NA,NA
0.14945958229589598,0.05029005532756535,dummy-9wlj6l5m,NA,NA,NA,NA,NA,NA,NA,NA
0.07150908944646021,0.06235691854677522,dummy-9ykul8fl,NA,NA,NA,NA,NA,NA,NA,NA
0.02083672417769809,0.02002060374900163,dummy-a3csd1ma,NA,NA,NA,NA,NA,NA,NA,NA
0.06854321283728125,0.06137759068872836,dummy-a6c22jgh,NA,NA,NA,NA,NA,NA,NA,NA
0.01729957040377775,0.02231243098931444,dummy-a7omwv5a,NA,NA,NA,NA,NA,NA,NA,NA
0.00601712452067063,0.02168763601457959,dummy-aaolemiz,NA,NA,NA,NA,NA,NA,NA,NA
0.08942337723414498,0.07864773386308699,dummy-adcj951t,NA,NA,NA,NA,NA,NA,NA,NA
0.03013501078509138,0.05211814563076971,dummy-adqiztsa,NA,NA,NA,NA,NA,NA,NA,NA
0.03576762166711793,0.04313024585218109,dummy-aemfspo9,NA,NA,NA,NA,NA,NA,NA,NA
0.45437685903494207,0.04598815106947379,dummy-aepxoi6t,NA,NA,NA,NA,NA,NA,NA,NA
0.04698244615408729,0.04104186910785724,dummy-aezv0dc7,NA,NA,NA,NA,NA,NA,NA,NA
0.17592612842486144,0.05909886632246595,dummy-ahgw0iib,NA,NA,NA,NA,NA,NA,NA,NA
0.08685568455286873,0.09194168087731684,dummy-ahkw6bd7,NA,NA,NA,NA,NA,NA,NA,NA
0.01038340438330814,0.02455515164668648,dummy-ak51a0m1,NA,NA,NA,NA,NA,NA,NA,NA
0.32902474819544697,0.05436117378803237,dummy-akj5ly8p,NA,NA,NA,NA,NA,NA,NA,NA
0.0910861387334555,0.05358656518524273,dummy-akokum1m,NA,NA,NA,NA,NA,NA,NA,NA
0.04068976519892812,0.03133055461409633,dummy-al5jk0fl,NA,NA,NA,NA,NA,NA,NA,NA
0.04688983662968076,0.05292722124681497,dummy-amh7wjoi,NA,NA,NA,NA,NA,NA,NA,NA
0.31066439449165206,0.05174354835854522,dummy-amolra52,NA,NA,NA,NA,NA,NA,NA,NA
0.00525553124939392,0.02052401299907004,dummy-anq213h8,NA,NA,NA,NA,NA,NA,NA,NA
0.05999515051204686,0.04605222187290508,dummy-artxa7ck,NA,NA,NA,NA,NA,NA,NA,NA
0.01821410954627016,0.03244186514066276,dummy-aru4ewiy,NA,NA,NA,NA,NA,NA,NA,NA
0.09557040641878528,0.06181854062338516,dummy-aulmv1py,NA,NA,NA,NA,NA,NA,NA,NA
0.00320549663011062,0.01534483431596423,dummy-avrgd2wm,NA,NA,NA,NA,NA,NA,NA,NA
0.0054551218850927,0.01619512285093618,dummy-awoxg1ih,NA,NA,NA,NA,NA,NA,NA,NA
0.01400577441570597,0.05039739030954397,dummy-ax5w98tp,NA,NA,NA,NA,NA,NA,NA,NA
0.01646431216292922,0.01529291714956323,dummy-axiwouv8,NA,NA,NA,NA,NA,NA,NA,NA
0.27082437265468845,0.06773903576385706,dummy-axuyh293,NA,NA,NA,NA,NA,NA,NA,NA
0.00313392618995022,0.01973613892438767,dummy-ay2oxz1e,NA,NA,NA,NA,NA,NA,NA,NA
0.06251860096310252,0.03827732828325833,dummy-ay9xggbb,NA,NA,NA,NA,NA,NA,NA,NA
0.5143377078785372,0.04865956865272618,dummy-b0yudj3w,NA,NA,NA,NA,NA,NA,NA,NA
0.1530704869839045,0.02647386180226131,dummy-b41umm0h,NA,NA,NA,NA,NA,NA,NA,NA
0.08706255013992588,0.03644955505023947,dummy-b6v5ouoy,NA,NA,NA,NA,NA,NA,NA,NA
0.02444498484800721,0.02851860926406162,dummy-b78vrpfo,NA,NA,NA,NA,NA,NA,NA,NA
0.00939963263815432,0.02659136004427527,dummy-b7ur0e8w,NA,NA,NA,NA,NA,NA,NA,NA
0.11511021044133156,0.05005458799491619,dummy-ba6sj9j3,NA,NA,NA,NA,NA,NA,NA,NA
0.01968460995024819,0.01741362013542606,dummy-bb6bnnf2,NA,NA,NA,NA,NA,NA,NA,NA
0.12552199920308155,0.06083089288198498,dummy-bbgk76ex,NA,NA,NA,NA,NA,NA,NA,NA
0.00993775157649387,0.02595563847377587,dummy-bcz14vla,NA,NA,NA,NA,NA,NA,NA,NA
0.03236762129130723,0.04551779031187392,dummy-bg3vsdid,NA,NA,NA,NA,NA,NA,NA,NA
0.02676034769966344,0.02615478293691913,dummy-bi3sr9tc,NA,NA,NA,NA,NA,NA,NA,NA
0.1478451987801995,0.09234196147784718,dummy-bi99rqxg,NA,NA,NA,NA,NA,NA,NA,NA
0.00468095532169907,0.01836575335004428,dummy-biwlr9pn,NA,NA,NA,NA,NA,NA,NA,NA
0.13910485965698427,0.06406912589570841,dummy-bnbux5iw,NA,NA,NA,NA,NA,NA,NA,NA
0.03248684282516853,0.02693224416867693,dummy-bopifqdw,NA,NA,NA,NA,NA,NA,NA,NA
0.02652559611607451,0.0365045756158984,dummy-bpvw0e7v,NA,NA,NA,NA,NA,NA,NA,NA
0.00227966027684237,0.01437378775759768,dummy-bpz43s43,NA,NA,NA,NA,NA,NA,NA,NA
0.06515938434004863,0.01924762930689888,dummy-brkoeirl,NA,NA,NA,NA,NA,NA,NA,NA
0.03838563011998921,0.04993825995947834,dummy-btuzrtgu,NA,NA,NA,NA,NA,NA,NA,NA
0.03406885801411653,0.02973807793361765,dummy-c1fryyfs,NA,NA,NA,NA,NA,NA,NA,NA
0.01474342524368022,0.02575285602598576,dummy-c1mdbs3h,NA,NA,NA,NA,NA,NA,NA,NA
0.11262165458982418,0.04163002750745168,dummy-c2321rky,NA,NA,NA,NA,NA,NA,NA,NA
0.08435241617708752,0.07138778297389632,dummy-c28dju9l,NA,NA,NA,NA,NA,NA,NA,NA
0.13664874394458673,0.04829879265923298,dummy-c7updn0h,NA,NA,NA,NA,NA,NA,NA,NA
0.00473754516896036,0.01440576309076147,dummy-c8nxkg23,NA,NA,NA,NA,NA,NA,NA,NA
0.00338314483059287,0.01312271633995006,dummy-c9197s69,NA,NA,NA,NA,NA,NA,NA,NA
0.06105809257131413,0.04125271960874089,dummy-ca7tb5dx,NA,NA,NA,NA,NA,NA,NA,NA
0.01954240545642899,0.03278615656756462,dummy-cbf1da0c,NA,NA,NA,NA,NA,NA,NA,NA
0.07225580171619102,0.05257248248412926,dummy-ce3ce7we,NA,NA,NA,NA,NA,NA,NA,NA
0.08619680149279219,0.10616746015909152,dummy-cf1v9a6m,NA,NA,NA,NA,NA,NA,NA,NA
0.01821445259622743,0.01864756102843983,dummy-cio9qvj8,NA,NA,NA,NA,NA,NA,NA,NA
0.16990188311742957,0.03421611576950349,dummy-cjpp9enx,NA,NA,NA,NA,NA,NA,NA,NA
0.01158998431112265,0.02970448651068875,dummy-cjsu5wqi,NA,NA,NA,NA,NA,NA,NA,NA
0.10946832043474468,0.04605396050905723,dummy-cmmy53a2,NA,NA,NA,NA,NA,NA,NA,NA
0.0248623075663883,0.04604761046221661,dummy-cmr21j9a,NA,NA,NA,NA,NA,NA,NA,NA
0.1122275999271089,0.06895400992190044,dummy-cnrexdzt,NA,NA,NA,NA,NA,NA,NA,NA
0.0056955978357903,0.01318624609686623,dummy-co50g52g,NA,NA,NA,NA,NA,NA,NA,NA
0.03218804529925887,0.0373675053143578,dummy-coyub1k4,NA,NA,NA,NA,NA,NA,NA,NA
0.02846562318689729,0.04332024849860808,dummy-cp5db1qq,NA,NA,NA,NA,NA,NA,NA,NA
0.07824424965819328,0.07109597540731018,dummy-cqa4i6gy,NA,NA,NA,NA,NA,NA,NA,NA
0.01270208451502103,0.02652612384926598,dummy-cqtkx9xn,NA,NA,NA,NA,NA,NA,NA,NA
0.01003615213227735,0.02420620736717413,dummy-ctcixd32,NA,NA,NA,NA,NA,NA,NA,NA
0.10244472351946786,0.04743382738027152,dummy-ctueri3d,NA,NA,NA,NA,NA,NA,NA,NA
0.3816394252424916,0.09225730099218922,dummy-cydcuqos,NA,NA,NA,NA,NA,NA,NA,NA
0.06681439392800978,0.07190957071981703,dummy-cz044il2,NA,NA,NA,NA,NA,NA,NA,NA
0.05912006876500086,0.06434751632275781,dummy-d0jxb5f8,NA,NA,NA,NA,NA,NA,NA,NA
0.03015262675002844,0.03359283193302662,dummy-d3sqje1m,NA,NA,NA,NA,NA,NA,NA,NA
0.07720771893799795,0.04275337895939419,dummy-d91uyxuf,NA,NA,NA,NA,NA,NA,NA,NA
0.00516185707202058,0.01501248326913707,dummy-db1p2tav,NA,NA,NA,NA,NA,NA,NA,NA
0.00373788786354254,0.01714734037744312,dummy-db2p11b3,NA,NA,NA,NA,NA,NA,NA,NA
0.02128012035694572,0.0142486605984899,dummy-ddt266gv,NA,NA,NA,NA,NA,NA,NA,NA
0.08655707309788298,0.04855494187941846,dummy-dfvsbia5,NA,NA,NA,NA,NA,NA,NA,NA
0.02932947683972601,0.02980414425000389,dummy-dgkysp26,NA,NA,NA,NA,NA,NA,NA,NA
0.3112499004441026,0.15251511689570227,dummy-dhdli3sa,NA,NA,NA,NA,NA,NA,NA,NA
0.01111506287662069,0.02417131181053964,dummy-dim8svzt,NA,NA,NA,NA,NA,NA,NA,NA
0.10381651344203548,0.05877320840834649,dummy-dkd0px42,NA,NA,NA,NA,NA,NA,NA,NA
0.19264075289904417,0.11562255345126086,dummy-dmne2pg6,NA,NA,NA,NA,NA,NA,NA,NA
0.08192543434733672,0.05359112672223096,dummy-dpa2emcr,NA,NA,NA,NA,NA,NA,NA,NA
0.05923425732704751,0.04853144612844333,dummy-drgxmi33,NA,NA,NA,NA,NA,NA,NA,NA
0.03758787281689987,0.03883439414920262,dummy-dscvkp2m,NA,NA,NA,NA,NA,NA,NA,NA
0.02725048378275045,0.04026689644007239,dummy-dsl6zk70,NA,NA,NA,NA,NA,NA,NA,NA
0.045966137419803,0.03998710403097568,dummy-dt9j9m1i,NA,NA,NA,NA,NA,NA,NA,NA
0.07742301111424298,0.05835261144437007,dummy-dtne6xz1,NA,NA,NA,NA,NA,NA,NA,NA
0.03421935096105096,0.04043244736875887,dummy-dtqast6d,NA,NA,NA,NA,NA,NA,NA,NA
0.04357362455669862,0.01626629859579223,dummy-du7mky8p,NA,NA,NA,NA,NA,NA,NA,NA
0.12395331153440874,0.05573343600508879,dummy-duzrsshu,NA,NA,NA,NA,NA,NA,NA,NA
0.05586225159314446,0.04192428769603244,dummy-dyhvvxsk,NA,NA,NA,NA,NA,NA,NA,NA
0.13103607774891077,0.09731330026425804,dummy-dzgblhj6,NA,NA,NA,NA,NA,NA,NA,NA
0.05737956049463676,0.07001480531998541,dummy-e12lm340,NA,NA,NA,NA,NA,NA,NA,NA
0.00244430947866842,0.01219804781113297,dummy-e1a7b20n,NA,NA,NA,NA,NA,NA,NA,NA
0.05615421370643693,0.01956290639085075,dummy-e1vh1d88,NA,NA,NA,NA,NA,NA,NA,NA
0.1383209255397868,0.06719970809820683,dummy-eamkyg5g,NA,NA,NA,NA,NA,NA,NA,NA
0.16035455980990496,0.01767188823811491,dummy-ebhpg2ik,NA,NA,NA,NA,NA,NA,NA,NA
0.00215968718692802,0.01459427888672972,dummy-edvpm3n2,NA,NA,NA,NA,NA,NA,NA,NA
0.02008486218458684,0.02240495434825345,dummy-ee5cr0bn,NA,NA,NA,NA,NA,NA,NA,NA
0.18417186569391267,0.05554027792286258,dummy-ee9e10c3,NA,NA,NA,NA,NA,NA,NA,NA
0.21755987383911868,0.08066283258445,dummy-eeu5ys5z,NA,NA,NA,NA,NA,NA,NA,NA
0.00379833840070698,0.01522993016009329,dummy-efaraa1m,NA,NA,NA,NA,NA,NA,NA,NA
0.14757180398912226,0.05298686164527079,dummy-egy8ba0x,NA,NA,NA,NA,NA,NA,NA,NA
0.07218125962848025,0.04609773107474128,dummy-ei8t1b8k,NA,NA,NA,NA,NA,NA,NA,NA
0.03456877934737501,0.04675511497643597,dummy-emkqyhh3,NA,NA,NA,NA,NA,NA,NA,NA
0.04014681043929283,0.05077111859433107,dummy-esbxp0w1,NA,NA,NA,NA,NA,NA,NA,NA
0.35782797092051744,0.09526250446702704,dummy-eucsycav,NA,NA,NA,NA,NA,NA,NA,NA
0.02980612279945198,0.04363882359978901,dummy-eujcl1ml,NA,NA,NA,NA,NA,NA,NA,NA
0.05523988730059782,0.06027207904596412,dummy-exeg9qxi,NA,NA,NA,NA,NA,NA,NA,NA
0.00799593256103842,0.01954144628193153,dummy-ez6kqg2b,NA,NA,NA,NA,NA,NA,NA,NA
0.09573220661172488,0.04971729206127763,dummy-f5tlt85r,NA,NA,NA,NA,NA,NA,NA,NA
0.06564093913162289,0.04631413944629678,dummy-f6rfbmwb,NA,NA,NA,NA,NA,NA,NA,NA
0.10577132678207886,0.07610958629503373,dummy-f93uwdi8,NA,NA,NA,NA,NA,NA,NA,NA
0.11717911671178811,0.08286193207413424,dummy-fb0n2eri,NA,NA,NA,NA,NA,NA,NA,NA
0.02242875819294762,0.04643831168650786,dummy-fbigz0vz,NA,NA,NA,NA,NA,NA,NA,NA
0.13044028143412503,0.01461959474831533,dummy-fceaivw8,NA,NA,NA,NA,NA,NA,NA,NA
0.01850851537116509,0.03054537517787942,dummy-fclrvkxf,NA,NA,NA,NA,NA,NA,NA,NA
0.14825399323514118,0.0548471605530705,dummy-fflrqn4e,NA,NA,NA,NA,NA,NA,NA,NA
0.00269225577626037,0.01170069841255017,dummy-fj072mwb,NA,NA,NA,NA,NA,NA,NA,NA
0.01853576917319669,0.03285241411499288,dummy-fkkqkhzv,NA,NA,NA,NA,NA,NA,NA,NA
0.0036274468652906,0.01390692062058848,dummy-fknj20uh,NA,NA,NA,NA,NA,NA,NA,NA
0.07868569269323712,0.04395032136137395,dummy-flewjuro,NA,NA,NA,NA,NA,NA,NA,NA
0.02172640112853736,0.03075422386139532,dummy-fmkmvotd,NA,NA,NA,NA,NA,NA,NA,NA
0.19468052561055615,0.06411609516370824,dummy-frob60k1,NA,NA,NA,NA,NA,NA,NA,NA
0.01486291091596724,0.03270223730172598,dummy-fszftww9,NA,NA,NA,NA,NA,NA,NA,NA
0.08864991986081627,0.05980481469104846,dummy-ftrl0agx,NA,NA,NA,NA,NA,NA,NA,NA
0.03734384010231417,0.016285326232802,dummy-fujoes36,NA,NA,NA,NA,NA,NA,NA,NA
0.05716254094802726,0.03962075388624429,dummy-fx25bilb,NA,NA,NA,NA,NA,NA,NA,NA
0.02163088122634468,0.01373435841372447,dummy-fxoiu9wq,NA,NA,NA,NA,NA,NA,NA,NA
0.00688241047431538,0.01339470992509555,dummy-fzeeyc3e,NA,NA,NA,NA,NA,NA,NA,NA
0.15413201425660125,0.04059861670206172,dummy-g01vctkp,NA,NA,NA,NA,NA,NA,NA,NA
0.08334762351921716,0.05314649087924221,dummy-g0kl3oks,NA,NA,NA,NA,NA,NA,NA,NA
0.2233508608445096,0.08296054686888689,dummy-g1fi27tj,NA,NA,NA,NA,NA,NA,NA,NA
0.1552378566461726,0.05220503078868234,dummy-g28cmykz,NA,NA,NA,NA,NA,NA,NA,NA
0.01633630478717446,0.03559075609420367,dummy-g4p3ygzh,NA,NA,NA,NA,NA,NA,NA,NA
0.22364660939784395,0.0732469453245822,dummy-g7r3we43,NA,NA,NA,NA,NA,NA,NA,NA
0.04864443289107816,0.0282556202316933,dummy-g9n8tk3l,NA,NA,NA,NA,NA,NA,NA,NA
0.01038086054423078,0.02793527853930142,dummy-g9vjj5sy,NA,NA,NA,NA,NA,NA,NA,NA
0.0991607544948095,0.03068649443273319,dummy-gdepwjxo,NA,NA,NA,NA,NA,NA,NA,NA
0.07217708431902328,0.0335323262777427,dummy-gf5ixid1,NA,NA,NA,NA,NA,NA,NA,NA
0.01374901527771757,0.01545991522868597,dummy-gh4umzzf,NA,NA,NA,NA,NA,NA,NA,NA
0.1629792298563464,0.04150663545176064,dummy-gkum2ep9,NA,NA,NA,NA,NA,NA,NA,NA
0.08088230352077001,0.06985335857209832,dummy-gl9c1l2m,NA,NA,NA,NA,NA,NA,NA,NA
0.05442148008098226,0.01632606692030476,dummy-gsx4rl8b,NA,NA,NA,NA,NA,NA,NA,NA
0.0088084444757915,0.02379399291816089,dummy-gwsfyvij,NA,NA,NA,NA,NA,NA,NA,NA
0.0417802263272692,0.03997882366736306,dummy-gxbe2h54,NA,NA,NA,NA,NA,NA,NA,NA
0.22052929561710327,0.07187785937198597,dummy-gzrtyuxd,NA,NA,NA,NA,NA,NA,NA,NA
0.12363381046015044,0.11208617764072788,dummy-h1ky0vrk,NA,NA,NA,NA,NA,NA,NA,NA
0.20901540476329888,0.03999540561390034,dummy-h3v13c4a,NA,NA,NA,NA,NA,NA,NA,NA
0.0956950747166764,0.04625269465956148,dummy-h5cet72e,NA,NA,NA,NA,NA,NA,NA,NA
0.08041274399998438,0.02081527621607555,dummy-h6qm2mwu,NA,NA,NA,NA,NA,NA,NA,NA
0.06316734603207062,0.04654104945017945,dummy-ha0xpzxm,NA,NA,NA,NA,NA,NA,NA,NA
0.03325821521028609,0.04372761626955582,dummy-ha459r47,NA,NA,NA,NA,NA,NA,NA,NA
0.12840866911633028,0.01424592280089404,dummy-hbg937xp,NA,NA,NA,NA,NA,NA,NA,NA
0.08916227078439219,0.04869229510137745,dummy-helkujsk,NA,NA,NA,NA,NA,NA,NA,NA
0.207570778170791,0.03147992234422234,dummy-hgcvhrth,NA,NA,NA,NA,NA,NA,NA,NA
0.06758562349951229,0.05214158139275059,dummy-hm2zggrg,NA,NA,NA,NA,NA,NA,NA,NA
0.1125182063993477,0.05114785984901122,dummy-hmz0d4at,NA,NA,NA,NA,NA,NA,NA,NA
0.15233794978590284,0.07864601867430332,dummy-hphsvj7i,NA,NA,NA,NA,NA,NA,NA,NA
0.02200382496127265,0.0296501876200625,dummy-hrr9ejep,NA,NA,NA,NA,NA,NA,NA,NA
0.03545587434243032,0.04744363908144795,dummy-htti52nc,NA,NA,NA,NA,NA,NA,NA,NA
0.11461244052420666,0.05859313253540463,dummy-hu67o9uz,NA,NA,NA,NA,NA,NA,NA,NA
0.03812904799028798,0.05541723045944154,dummy-huwigamc,NA,NA,NA,NA,NA,NA,NA,NA
0.156877472317941,0.0658202369832063,dummy-hv128ows,NA,NA,NA,NA,NA,NA,NA,NA
0.16555963574591925,0.05479197950846972,dummy-hye9o1xr,NA,NA,NA,NA,NA,NA,NA,NA
0.01843269058021691,0.03515088554097282,dummy-hyycn1gj,NA,NA,NA,NA,NA,NA,NA,NA
0.04975644787992334,0.06135515667285295,dummy-i0nbllbc,NA,NA,NA,NA,NA,NA,NA,NA
0.02300445773121027,0.04287658026039966,dummy-i0zsm6pz,NA,NA,NA,NA,NA,NA,NA,NA
0.03431389461858414,0.04703915936691721,dummy-i1r90i0l,NA,NA,NA,NA,NA,NA,NA,NA
0.07875065929913067,0.05368946916060625,dummy-i492ork7,NA,NA,NA,NA,NA,NA,NA,NA
0.00309159828028981,0.01448742826865402,dummy-i4hlqy9b,NA,NA,NA,NA,NA,NA,NA,NA
0.13684455072358953,0.06978861775010882,dummy-i5fufn9c,NA,NA,NA,NA,NA,NA,NA,NA
0.02546947584230753,0.01875730005589324,dummy-i981q2b7,NA,NA,NA,NA,NA,NA,NA,NA
0.1294397487054488,0.06205099142668851,dummy-i9f6sovc,NA,NA,NA,NA,NA,NA,NA,NA
0.01101675237305685,0.02654826152552068,dummy-i9tj9vpu,NA,NA,NA,NA,NA,NA,NA,NA
0.01521664611801247,0.01380676404435843,dummy-ib4gygsi,NA,NA,NA,NA,NA,NA,NA,NA
0.02278826985978442,0.01549396486018309,dummy-idb42p2h,NA,NA,NA,NA,NA,NA,NA,NA
0.13143995286512292,0.05992126454313964,dummy-idg9v8f0,NA,NA,NA,NA,NA,NA,NA,NA
0.11122215737726876,0.0908848214823438,dummy-iedezavf,NA,NA,NA,NA,NA,NA,NA,NA
0.00531260171017315,0.01293274323014891,dummy-ig0zc5lp,NA,NA,NA,NA,NA,NA,NA,NA
0.06763212469821851,0.05736939517491081,dummy-ihf4if5s,NA,NA,NA,NA,NA,NA,NA,NA
0.06072050897657175,0.08707578796851596,dummy-ihstskyq,NA,NA,NA,NA,NA,NA,NA,NA
0.4630370009198686,0.04530609031324673,dummy-iihz81cw,NA,NA,NA,NA,NA,NA,NA,NA
0.05722196901568287,0.02969311501692421,dummy-ij8h25kq,NA,NA,NA,NA,NA,NA,NA,NA
0.10383188889020942,0.04748178144515076,dummy-ijn54a29,NA,NA,NA,NA,NA,NA,NA,NA
0.04174201253363265,0.03065594940367412,dummy-iojw60bp,NA,NA,NA,NA,NA,NA,NA,NA
0.07008453943017835,0.05993866220702758,dummy-iozqhvpp,NA,NA,NA,NA,NA,NA,NA,NA
0.00429112164566251,0.02047796276804318,dummy-iqizj8xy,NA,NA,NA,NA,NA,NA,NA,NA
0.02978915226084667,0.04557654513647918,dummy-iuy2soa0,NA,NA,NA,NA,NA,NA,NA,NA
0.11518881658955445,0.0641209552321938,dummy-iwitja0z,NA,NA,NA,NA,NA,NA,NA,NA
0.01648937840403734,0.03533318963078449,dummy-iwy5b7iz,NA,NA,NA,NA,NA,NA,NA,NA
0.01260362424910586,0.03339075991800135,dummy-j0k2gwgv,NA,NA,NA,NA,NA,NA,NA,NA
0.07185855237599971,0.04078655018082443,dummy-j1qn16lj,NA,NA,NA,NA,NA,NA,NA,NA
0.03301043612316859,0.03889662978639,dummy-j3xflvup,NA,NA,NA,NA,NA,NA,NA,NA
0.1521605469863282,0.11733479022387976,dummy-j4pvue08,NA,NA,NA,NA,NA,NA,NA,NA
0.01160125126242995,0.0249139773480123,dummy-j617fvfd,NA,NA,NA,NA,NA,NA,NA,NA
0.1402505009608409,0.05756974283172483,dummy-j7fbe1co,NA,NA,NA,NA,NA,NA,NA,NA
0.01546688809622973,0.03126606023722501,dummy-j9bp1h71,NA,NA,NA,NA,NA,NA,NA,NA
0.13533615015433578,0.04532408427054599,dummy-ja687yff,NA,NA,NA,NA,NA,NA,NA,NA
0.02778097388531255,0.02731778395033316,dummy-jafztulw,NA,NA,NA,NA,NA,NA,NA,NA
0.04792282264713839,0.01403767451021162,dummy-jap12nmr,NA,NA,NA,NA,NA,NA,NA,NA
0.00531622949667348,0.01785804102342041,dummy-jbsarjdl,NA,NA,NA,NA,NA,NA,NA,NA
0.13747335751359463,0.05959465399447829,dummy-jcql3v21,NA,NA,NA,NA,NA,NA,NA,NA
0.00498949276593541,0.0190909989183894,dummy-jej3qf9l,NA,NA,NA,NA,NA,NA,NA,NA
0.19790041678681733,0.07722489005353804,dummy-jeu20csr,NA,NA,NA,NA,NA,NA,NA,NA
0.03756055815320905,0.0337200921945725,dummy-jf3tckzn,NA,NA,NA,NA,NA,NA,NA,NA
0.10287633356888312,0.05555480943213557,dummy-ji5xv20z,NA,NA,NA,NA,NA,NA,NA,NA
0.06443824530452631,0.07046374208797994,dummy-jkc7c0z3,NA,NA,NA,NA,NA,NA,NA,NA
0.02861391749820167,0.0190535302191823,dummy-jrjel4cy,NA,NA,NA,NA,NA,NA,NA,NA
0.02745239741126071,0.01624531961897298,dummy-juw6olh7,NA,NA,NA,NA,NA,NA,NA,NA
0.1387614368790043,0.03222233505265518,dummy-jv4f95wd,NA,NA,NA,NA,NA,NA,NA,NA
0.00443888062968341,0.01958262808615256,dummy-jw92x652,NA,NA,NA,NA,NA,NA,NA,NA
0.06699653047510211,0.01599948481284812,dummy-jwi8octi,NA,NA,NA,NA,NA,NA,NA,NA
0.03337155844432268,0.03984813869394734,dummy-jwrftife,NA,NA,NA,NA,NA,NA,NA,NA
0.0069819163083768,0.01478690346153503,dummy-jwy1q8ut,NA,NA,NA,NA,NA,NA,NA,NA
0.03693658137625744,0.04297216525120085,dummy-jz5iy0e4,NA,NA,NA,NA,NA,NA,NA,NA
0.03518871603392833,0.01599410797686927,dummy-jzyvy6mt,NA,NA,NA,NA,NA,NA,NA,NA
0.01654032928657203,0.03297405390755906,dummy-k1q6xwzr,NA,NA,NA,NA,NA,NA,NA,NA
0.0179991903377188,0.01758036849290103,dummy-k2u9fnco,NA,NA,NA,NA,NA,NA,NA,NA
0.0301223625712967,0.02983808446328549,dummy-k2w4500x,NA,NA,NA,NA,NA,NA,NA,NA
0.0751843795446314,0.05462200742110278,dummy-k34crjfw,NA,NA,NA,NA,NA,NA,NA,NA
0.06828343876452604,0.07903442922997643,dummy-k4w3zwua,NA,NA,NA,NA,NA,NA,NA,NA
0.00659521823954489,0.01390284703098844,dummy-k6vr91c8,NA,NA,NA,NA,NA,NA,NA,NA
0.00484583072938792,0.01554291038169489,dummy-k7kkpbvs,NA,NA,NA,NA,NA,NA,NA,NA
0.1873509832837539,0.0522064761465183,dummy-k9l7vdgs,NA,NA,NA,NA,NA,NA,NA,NA
0.00488662093664861,0.01319526052402006,dummy-kbg5f580,NA,NA,NA,NA,NA,NA,NA,NA
0.3974996825258398,0.04982770473050427,dummy-kfbzc4dr,NA,NA,NA,NA,NA,NA,NA,NA
0.00351983203798716,0.01250796473875273,dummy-ki0dp0cv,NA,NA,NA,NA,NA,NA,NA,NA
0.065790586178028,0.01416151034262745,dummy-kial5kvj,NA,NA,NA,NA,NA,NA,NA,NA
0.1812952504032732,0.02013082255207261,dummy-kj8ac8uf,NA,NA,NA,NA,NA,NA,NA,NA
0.01418498015753773,0.01447344500001604,dummy-kjklmmnb,NA,NA,NA,NA,NA,NA,NA,NA
0.547398658182911,0.1087623014492354,dummy-kjw4hoch,NA,NA,NA,NA,NA,NA,NA,NA
0.0028121517171407,0.01249785850855724,dummy-kmimhe7w,NA,NA,NA,NA,NA,NA,NA,NA
0.0272539909744774,0.03585664825568575,dummy-ko7n2foz,NA,NA,NA,NA,NA,NA,NA,NA
0.24484316736126932,0.08777842396967371,dummy-kpl3j79e,NA,NA,NA,NA,NA,NA,NA,NA
0.02981787578997114,0.01706793681630238,dummy-ksahb3tx,NA,NA,NA,NA,NA,NA,NA,NA
0.01281251813296963,0.03759109484411687,dummy-kss71vvr,NA,NA,NA,NA,NA,NA,NA,NA
0.01794333888125052,0.03877334504982717,dummy-kswbd1xz,NA,NA,NA,NA,NA,NA,NA,NA
0.140986060159687,0.04507264476010675,dummy-ksz64o0a,NA,NA,NA,NA,NA,NA,NA,NA
0.201188562967284,0.08217270654470016,dummy-kukqlbet,NA,NA,NA,NA,NA,NA,NA,NA
0.06068655651551404,0.05753591412981731,dummy-kwz84lt4,NA,NA,NA,NA,NA,NA,NA,NA
0.03139102317063431,0.03761002512971236,dummy-l06jo5of,NA,NA,NA,NA,NA,NA,NA,NA
0.04349992111663395,0.04097782213789902,dummy-l0ap64a4,NA,NA,NA,NA,NA,NA,NA,NA
0.02224047567592312,0.02990383002506433,dummy-l3c3vt3n,NA,NA,NA,NA,NA,NA,NA,NA
0.04927349754500667,0.03940521789116266,dummy-l60xhpje,NA,NA,NA,NA,NA,NA,NA,NA
0.18303841625973605,0.07193508240972875,dummy-l6nwzaba,NA,NA,NA,NA,NA,NA,NA,NA
0.0125681168310574,0.02970326741066079,dummy-l72haeyv,NA,NA,NA,NA,NA,NA,NA,NA
0.01900359167976284,0.03735726547498318,dummy-l7nz4i88,NA,NA,NA,NA,NA,NA,NA,NA
0.0126010033726853,0.01638420296619833,dummy-l838mzxa,NA,NA,NA,NA,NA,NA,NA,NA
0.09357722785744069,0.0981417657092637,dummy-l8cijy9y,NA,NA,NA,NA,NA,NA,NA,NA
0.06458909127458602,0.0966021076604878,dummy-l9507hdy,NA,NA,NA,NA,NA,NA,NA,NA
0.1391105874427675,0.07122228249858362,dummy-launbudy,NA,NA,NA,NA,NA,NA,NA,NA
0.10676633144577444,0.06877909694442726,dummy-lbz2yyl0,NA,NA,NA,NA,NA,NA,NA,NA
0.03290562512627766,0.04721729009991136,dummy-lcpbsaum,NA,NA,NA,NA,NA,NA,NA,NA
0.20643865960416535,0.10904496889276429,dummy-ldj3z3gz,NA,NA,NA,NA,NA,NA,NA,NA
0.05890246417637891,0.03124627154357953,dummy-lfmqgud8,NA,NA,NA,NA,NA,NA,NA,NA
0.05124339420498709,0.04741692110730535,dummy-lfv3xzu2,NA,NA,NA,NA,NA,NA,NA,NA
0.00519126742406949,0.01443668024407868,dummy-lgrr4qe7,NA,NA,NA,NA,NA,NA,NA,NA
0.26832674644475585,0.07434562740178619,dummy-lgw5bl7i,NA,NA,NA,NA,NA,NA,NA,NA
0.2520440164546102,0.06985781270028324,dummy-lhahbyep,NA,NA,NA,NA,NA,NA,NA,NA
0.0603988262710449,0.06877638323104428,dummy-liyxb6o3,NA,NA,NA,NA,NA,NA,NA,NA
0.04081541781967152,0.06152994795545894,dummy-ljilasgi,NA,NA,NA,NA,NA,NA,NA,NA
0.00419168782297349,0.01366210961445597,dummy-lkhkei4j,NA,NA,NA,NA,NA,NA,NA,NA
0.02325216096364044,0.01413421667793576,dummy-ll2x2qfl,NA,NA,NA,NA,NA,NA,NA,NA
0.1866110793869704,0.06227439430511351,dummy-lmcaz4qd,NA,NA,NA,NA,NA,NA,NA,NA
0.02055040152149101,0.04675627156142123,dummy-logjmxxs,NA,NA,NA,NA,NA,NA,NA,NA
0.01435758709412552,0.03440965044058019,dummy-lqiagvd1,NA,NA,NA,NA,NA,NA,NA,NA
0.03775454987855538,0.04755867503149018,dummy-lruzr8zq,NA,NA,NA,NA,NA,NA,NA,NA
0.19004574974399652,0.07229930607031743,dummy-ls3lh85o,NA,NA,NA,NA,NA,NA,NA,NA
0.01665573415683769,0.02984246216210118,dummy-ls7pq15d,NA,NA,NA,NA,NA,NA,NA,NA
0.13471700103844542,0.04931989608395444,dummy-ls95vidr,NA,NA,NA,NA,NA,NA,NA,NA
0.3918175597153432,0.03203336437956571,dummy-lsi9pj08,NA,NA,NA,NA,NA,NA,NA,NA
0.0784343850394675,0.07440158586000159,dummy-ltb1e6d6,NA,NA,NA,NA,NA,NA,NA,NA
0.267105974907525,0.06614639585649125,dummy-ltr6u63o,NA,NA,NA,NA,NA,NA,NA,NA
0.20562240507610496,0.11659156288366494,dummy-lv4va1ao,NA,NA,NA,NA,NA,NA,NA,NA
0.00272307578655706,0.01193958523191429,dummy-lwq5n11t,NA,NA,NA,NA,NA,NA,NA,NA
0.08446544506655584,0.05571757716996178,dummy-lxlelb92,NA,NA,NA,NA,NA,NA,NA,NA
0.00409125976263899,0.01240333005049779,dummy-lxlg6133,NA,NA,NA,NA,NA,NA,NA,NA
0.09583335580497386,0.04428674958213761,dummy-m0w369fy,NA,NA,NA,NA,NA,NA,NA,NA
0.0092533125103831,0.02941603728846439,dummy-m1ejhyk7,NA,NA,NA,NA,NA,NA,NA,NA
0.02013850494879995,0.01707991815782681,dummy-m1rx2g8t,NA,NA,NA,NA,NA,NA,NA,NA
0.07043241222063652,0.06101888128791415,dummy-m4f0l56b,NA,NA,NA,NA,NA,NA,NA,NA
0.04587313458206303,0.05134848882633375,dummy-m62z2klq,NA,NA,NA,NA,NA,NA,NA,NA
0.1421997292645171,0.02933674405064078,dummy-m6yljw1f,NA,NA,NA,NA,NA,NA,NA,NA
0.12326262949272768,0.06218744310187794,dummy-m7ehhr19,NA,NA,NA,NA,NA,NA,NA,NA
0.26356704591871716,0.04656625849691377,dummy-m9vll7in,NA,NA,NA,NA,NA,NA,NA,NA
0.0932419868788792,0.01975677579876951,dummy-mafu5i0i,NA,NA,NA,NA,NA,NA,NA,NA
0.00241109288237092,0.01524568708196583,dummy-mamu54hl,NA,NA,NA,NA,NA,NA,NA,NA
0.06073039045274228,0.04541803909721326,dummy-mc1mesvv,NA,NA,NA,NA,NA,NA,NA,NA
0.07082641945759027,0.0360886764721377,dummy-mcq7ht77,NA,NA,NA,NA,NA,NA,NA,NA
0.01899490726530827,0.04660647401125089,dummy-md1c55gt,NA,NA,NA,NA,NA,NA,NA,NA
0.00313654317122225,0.01231540111154234,dummy-mdvc2sm4,NA,NA,NA,NA,NA,NA,NA,NA
0.00538828208476618,0.01579937733957391,dummy-mfskle79,NA,NA,NA,NA,NA,NA,NA,NA
0.8606416974693494,0.06833951154524996,dummy-mht7iedj,NA,NA,NA,NA,NA,NA,NA,NA
0.02123108834588353,0.03652610896229718,dummy-mhu3p2o5,NA,NA,NA,NA,NA,NA,NA,NA
0.05540854243766299,0.01433248640146204,dummy-mjnhwze7,NA,NA,NA,NA,NA,NA,NA,NA
0.02266192435661225,0.05049206152209306,dummy-mk0icoct,NA,NA,NA,NA,NA,NA,NA,NA
0.02152685500162179,0.03558449161687693,dummy-mku5o8m8,NA,NA,NA,NA,NA,NA,NA,NA
0.01441499780325483,0.03718606087242922,dummy-ml3360wo,NA,NA,NA,NA,NA,NA,NA,NA
0.1656760894411968,0.06708441713526964,dummy-mmes0ow7,NA,NA,NA,NA,NA,NA,NA,NA
0.02149114418753933,0.03351457265776598,dummy-moow6rbk,NA,NA,NA,NA,NA,NA,NA,NA
0.01584831995331406,0.03515886332546054,dummy-mpoy1yvo,NA,NA,NA,NA,NA,NA,NA,NA
0.44424494960987815,0.0555304453494654,dummy-mpy0dbdk,NA,NA,NA,NA,NA,NA,NA,NA
0.02233717409079763,0.04034099615511086,dummy-mpzb6roz,NA,NA,NA,NA,NA,NA,NA,NA
0.0450157961615858,0.04537709650880613,dummy-mv4vocrt,NA,NA,NA,NA,NA,NA,NA,NA
0.05778031031860153,0.05119027878560012,dummy-mxfkpc3l,NA,NA,NA,NA,NA,NA,NA,NA
0.00249730428336339,0.0169584326488395,dummy-mzzb9oez,NA,NA,NA,NA,NA,NA,NA,NA
0.1358786890910858,0.05624193960544436,dummy-n0fuopq6,NA,NA,NA,NA,NA,NA,NA,NA
0.00337024162670364,0.01242944643278468,dummy-n1cn8xi3,NA,NA,NA,NA,NA,NA,NA,NA
0.06190224137483487,0.0359063127447872,dummy-n6qs5a29,NA,NA,NA,NA,NA,NA,NA,NA
0.00321599816873876,0.01412832137242743,dummy-n7te9ylr,NA,NA,NA,NA,NA,NA,NA,NA
0.0611339955317404,0.07526318464032848,dummy-n9h0xfyj,NA,NA,NA,NA,NA,NA,NA,NA
0.1901175335180355,0.04381981457657561,dummy-ncpu6vwu,NA,NA,NA,NA,NA,NA,NA,NA
0.02132422020184026,0.0176150939866784,dummy-ndl140ip,NA,NA,NA,NA,NA,NA,NA,NA
0.150470326456455,0.03230819991187152,dummy-ndu6bf0o,NA,NA,NA,NA,NA,NA,NA,NA
0.22620272929505175,0.16424868736573503,dummy-nh035vv6,NA,NA,NA,NA,NA,NA,NA,NA
0.00395924901356138,0.01628916843713985,dummy-nhgtttah,NA,NA,NA,NA,NA,NA,NA,NA
0.04235597692393441,0.03300605307411256,dummy-niz1z3eg,NA,NA,NA,NA,NA,NA,NA,NA
0.01285194900539476,0.03246829246179981,dummy-nk6c5w1b,NA,NA,NA,NA,NA,NA,NA,NA
0.07842793370664163,0.07702241396194606,dummy-nkj635un,NA,NA,NA,NA,NA,NA,NA,NA
0.1112962915905298,0.01659001961517487,dummy-nkzbhd7m,NA,NA,NA,NA,NA,NA,NA,NA
0.00318618340004374,0.02235465899776256,dummy-nml6zrj6,NA,NA,NA,NA,NA,NA,NA,NA
0.16269048996265248,0.03016880756649546,dummy-nnlp2l37,NA,NA,NA,NA,NA,NA,NA,NA
0.00846288450408799,0.01365199392186583,dummy-nren9qmc,NA,NA,NA,NA,NA,NA,NA,NA
0.0624551642994084,0.04662002076884387,dummy-nrruz6u7,NA,NA,NA,NA,NA,NA,NA,NA
0.01762794480066838,0.01805250563438443,dummy-ns3yit4f,NA,NA,NA,NA,NA,NA,NA,NA
0.02232856227411965,0.03281186700137915,dummy-nu5uidpr,NA,NA,NA,NA,NA,NA,NA,NA
0.01612339276343315,0.01463471307332869,dummy-nuirhdkf,NA,NA,NA,NA,NA,NA,NA,NA
0.16113455957440898,0.06209999612434524,dummy-o0xwglcq,NA,NA,NA,NA,NA,NA,NA,NA
0.18832834556403952,0.03558020540775902,dummy-o13rj09u,NA,NA,NA,NA,NA,NA,NA,NA
0.03010334392853528,0.05403549080129646,dummy-o214gdnb,NA,NA,NA,NA,NA,NA,NA,NA
0.00347753044844455,0.02415060328075702,dummy-o6oxqi56,NA,NA,NA,NA,NA,NA,NA,NA
0.10503571631984553,0.02151606024083732,dummy-o6r5g8sk,NA,NA,NA,NA,NA,NA,NA,NA
0.04576612302117058,0.03452020747046942,dummy-o9fzdvs7,NA,NA,NA,NA,NA,NA,NA,NA
0.12627424218057728,0.04876027786441177,dummy-oa56vime,NA,NA,NA,NA,NA,NA,NA,NA
0.06709168820323295,0.07968598794088114,dummy-obfgaczw,NA,NA,NA,NA,NA,NA,NA,NA
0.04039329810876465,0.03180224374106828,dummy-odmh00ul,NA,NA,NA,NA,NA,NA,NA,NA
0.03962141606929872,0.04611472218075425,dummy-ohzyp90n,NA,NA,NA,NA,NA,NA,NA,NA
0.18065227252510008,0.06651968874343994,dummy-oioaq7rj,NA,NA,NA,NA,NA,NA,NA,NA
0.08831957522736278,0.04967584042550838,dummy-ois80i4i,NA,NA,NA,NA,NA,NA,NA,NA
0.02787868308954385,0.04305332955591368,dummy-oj8vp5uu,NA,NA,NA,NA,NA,NA,NA,NA
0.11348271895031824,0.05258886483177451,dummy-om37grim,NA,NA,NA,NA,NA,NA,NA,NA
0.2890781156836758,0.01705889434269797,dummy-ona5k2am,NA,NA,NA,NA,NA,NA,NA,NA
0.15050874216963436,0.05646446725562321,dummy-oo26zjqk,NA,NA,NA,NA,NA,NA,NA,NA
0.01309073361864949,0.02733823307000331,dummy-orek2kf3,NA,NA,NA,NA,NA,NA,NA,NA
0.01345614431582177,0.032476846878683,dummy-ot3a59ad,NA,NA,NA,NA,NA,NA,NA,NA
0.25133946546344815,0.06599222715585396,dummy-ou92l85t,NA,NA,NA,NA,NA,NA,NA,NA
0.04683615124299915,0.03326478991928907,dummy-ovp4xa3x,NA,NA,NA,NA,NA,NA,NA,NA
0.15669587690066625,0.08213413567947213,dummy-ovrmbrpk,NA,NA,NA,NA,NA,NA,NA,NA
0.04537897629835038,0.03827078327576899,dummy-oz39pvtk,NA,NA,NA,NA,NA,NA,NA,NA
0.07266290390071228,0.03170433541117855,dummy-p078hef3,NA,NA,NA,NA,NA,NA,NA,NA
0.12324370668156952,0.07021095238272845,dummy-p19celfk,NA,NA,NA,NA,NA,NA,NA,NA
0.0846811289700514,0.04386035026850343,dummy-p2210tfy,NA,NA,NA,NA,NA,NA,NA,NA
0.08816244110685183,0.05607933877381035,dummy-p2qjhzvq,NA,NA,NA,NA,NA,NA,NA,NA
0.13905158639911,0.04835506435822578,dummy-p4wulte9,NA,NA,NA,NA,NA,NA,NA,NA
0.00633214826055828,0.01486322865812414,dummy-p5sm660q,NA,NA,NA,NA,NA,NA,NA,NA
0.1355428605998122,0.08316395435697282,dummy-p6qg3me9,NA,NA,NA,NA,NA,NA,NA,NA
0.02942450967063349,0.03826337348659066,dummy-p73eavor,NA,NA,NA,NA,NA,NA,NA,NA
0.01204902490273469,0.02604104115983413,dummy-p77x334j,NA,NA,NA,NA,NA,NA,NA,NA
0.02023657537929286,0.03618056108300613,dummy-p7kt8e4f,NA,NA,NA,NA,NA,NA,NA,NA
0.01785606072643916,0.03332729941287657,dummy-p7myohih,NA,NA,NA,NA,NA,NA,NA,NA
0.08682552769342387,0.0384509981267725,dummy-p86hlr6f,NA,NA,NA,NA,NA,NA,NA,NA
0.03175132091827432,0.04260895014647096,dummy-peog12a4,NA,NA,NA,NA,NA,NA,NA,NA
0.12814040436023283,0.03776814126976229,dummy-pggq69tt,NA,NA,NA,NA,NA,NA,NA,NA
0.06583547615308918,0.03107074942233857,dummy-ph5bfsh3,NA,NA,NA,NA,NA,NA,NA,NA
0.00310534195744711,0.0125697119257497,dummy-pjgh0jkj,NA,NA,NA,NA,NA,NA,NA,NA
0.14879917661187228,0.12462790140035192,dummy-pl50ufu8,NA,NA,NA,NA,NA,NA,NA,NA
0.03326946383131281,0.04838668217549862,dummy-pq7jd29w,NA,NA,NA,NA,NA,NA,NA,NA
0.14362646068090437,0.05833081948921699,dummy-pyevl35o,NA,NA,NA,NA,NA,NA,NA,NA
0.11810727904145374,0.05049574420858637,dummy-pyqyj43l,NA,NA,NA,NA,NA,NA,NA,NA
0.00249717310010907,0.01850221412017114,dummy-q1jn9twt,NA,NA,NA,NA,NA,NA,NA,NA
0.13527070097405758,0.03341170466871403,dummy-q3oewlfc,NA,NA,NA,NA,NA,NA,NA,NA
0.05327573970475502,0.03372804374386274,dummy-q47wu2ql,NA,NA,NA,NA,NA,NA,NA,NA
0.03310566619724155,0.03256846317532074,dummy-q4cge2np,NA,NA,NA,NA,NA,NA,NA,NA
0.20842652963394329,0.0610309478376129,dummy-q4dzkb3x,NA,NA,NA,NA,NA,NA,NA,NA
0.01796534089504064,0.03510586076303668,dummy-q8j4xpcd,NA,NA,NA,NA,NA,NA,NA,NA
0.02882386512655953,0.0421232908412688,dummy-q9uccwjt,NA,NA,NA,NA,NA,NA,NA,NA
0.05008709302173634,0.0479822331255631,dummy-qafuxrzk,NA,NA,NA,NA,NA,NA,NA,NA
0.0113004605145225,0.02562166879585998,dummy-qaux5lw4,NA,NA,NA,NA,NA,NA,NA,NA
0.8288155007905124,0.05784431082589138,dummy-qebm41ee,NA,NA,NA,NA,NA,NA,NA,NA
0.03810287965833454,0.01867248600513184,dummy-qgcz31hi,NA,NA,NA,NA,NA,NA,NA,NA
0.01448478586318684,0.02613087374029797,dummy-qhfmtzim,NA,NA,NA,NA,NA,NA,NA,NA
0.06740212104039972,0.05915329399575481,dummy-qi1e6myi,NA,NA,NA,NA,NA,NA,NA,NA
0.03490637520980881,0.04031930565663184,dummy-qir69w5r,NA,NA,NA,NA,NA,NA,NA,NA
0.00769372815310542,0.02534215354334792,dummy-qmv0f6y8,NA,NA,NA,NA,NA,NA,NA,NA
0.02041475140026968,0.0172724927556789,dummy-qppw4u8o,NA,NA,NA,NA,NA,NA,NA,NA
0.06747283945311228,0.0497193718848966,dummy-qqmqw0eo,NA,NA,NA,NA,NA,NA,NA,NA
0.0931478856175234,0.05867206206933842,dummy-qrxb1788,NA,NA,NA,NA,NA,NA,NA,NA
0.19910537319815133,0.06114967129577205,dummy-qsr0qqon,NA,NA,NA,NA,NA,NA,NA,NA
0.0509816311090737,0.04565745838314773,dummy-quq0s9cx,NA,NA,NA,NA,NA,NA,NA,NA
0.03219524699919431,0.0182711241610758,dummy-qvpe2xta,NA,NA,NA,NA,NA,NA,NA,NA
0.1507279040538065,0.06149076272668959,dummy-r0fu3wy7,NA,NA,NA,NA,NA,NA,NA,NA
0.13835762218769596,0.04565542104300292,dummy-r1106rpb,NA,NA,NA,NA,NA,NA,NA,NA
0.19101139468620776,0.03242437427541782,dummy-r3ek7ris,NA,NA,NA,NA,NA,NA,NA,NA
0.00284463481300387,0.01875754144877601,dummy-r3pjlr2v,NA,NA,NA,NA,NA,NA,NA,NA
0.01874949401070345,0.03927475657700072,dummy-r66huroy,NA,NA,NA,NA,NA,NA,NA,NA
0.01689240843325426,0.03015807482744524,dummy-r7b2yfxr,NA,NA,NA,NA,NA,NA,NA,NA
0.01388234917826126,0.02814401261201963,dummy-r7t2kn9r,NA,NA,NA,NA,NA,NA,NA,NA
0.14850844217982326,0.05961925884438373,dummy-rapt8vx5,NA,NA,NA,NA,NA,NA,NA,NA
0.02678494499186268,0.0455923683904197,dummy-rbjz6dgs,NA,NA,NA,NA,NA,NA,NA,NA
0.06001464538598104,0.0452973812192985,dummy-rc5rq93f,NA,NA,NA,NA,NA,NA,NA,NA
0.03672758482138409,0.05991685890582649,dummy-rcd4uypa,NA,NA,NA,NA,NA,NA,NA,NA
0.17852950483863295,0.10005295200960544,dummy-reih4sqx,NA,NA,NA,NA,NA,NA,NA,NA
0.11978579839944369,0.07731113701957852,dummy-rhc12ttj,NA,NA,NA,NA,NA,NA,NA,NA
0.03007145570299973,0.03790570857740328,dummy-rhmje7av,NA,NA,NA,NA,NA,NA,NA,NA
0.05502329661676782,0.05383253476516304,dummy-rif13b3e,NA,NA,NA,NA,NA,NA,NA,NA
0.02102173209402866,0.01652005961918357,dummy-rivakgq5,NA,NA,NA,NA,NA,NA,NA,NA
0.07924534267264503,0.06348732179273885,dummy-rkcwoimd,NA,NA,NA,NA,NA,NA,NA,NA
0.16441826863475753,0.07994662582071776,dummy-rotmd717,NA,NA,NA,NA,NA,NA,NA,NA
0.17714946087762432,0.05941415362467604,dummy-roxjc2oo,NA,NA,NA,NA,NA,NA,NA,NA
0.01932452446268001,0.0158865982324019,dummy-rqfiy5x8,NA,NA,NA,NA,NA,NA,NA,NA
0.05725336195864632,0.07435307945291685,dummy-rrwn6pol,NA,NA,NA,NA,NA,NA,NA,NA
0.02711621183699901,0.01645308019085743,dummy-ry0m69c7,NA,NA,NA,NA,NA,NA,NA,NA
0.05018359282280085,0.05603890148721446,dummy-ryddol3v,NA,NA,NA,NA,NA,NA,NA,NA
0.07419799947695065,0.03241261327546244,dummy-ryuzv9we,NA,NA,NA,NA,NA,NA,NA,NA
0.01866677215484682,0.02202146240103985,dummy-rz8h2ngc,NA,NA,NA,NA,NA,NA,NA,NA
0.03617024872438362,0.0363795527199958,dummy-s1ub4r6n,NA,NA,NA,NA,NA,NA,NA,NA
0.03158411051286202,0.03125740384809449,dummy-s31j69kw,NA,NA,NA,NA,NA,NA,NA,NA
0.04409956643344877,0.05509108607114352,dummy-s83haftc,NA,NA,NA,NA,NA,NA,NA,NA
0.02774951409196082,0.03965238778587916,dummy-s8hs4tgj,NA,NA,NA,NA,NA,NA,NA,NA
0.10321403930374688,0.05556521984448163,dummy-sbccil5l,NA,NA,NA,NA,NA,NA,NA,NA
0.10356166234605776,0.05605975458722766,dummy-sgfjonxf,NA,NA,NA,NA,NA,NA,NA,NA
0.0265298505869992,0.02138183636581166,dummy-shlfg7js,NA,NA,NA,NA,NA,NA,NA,NA
0.12298802595043444,0.0769430274808373,dummy-si6v6w9f,NA,NA,NA,NA,NA,NA,NA,NA
0.0091700479880973,0.02063187407450608,dummy-skw8pbz1,NA,NA,NA,NA,NA,NA,NA,NA
0.03255249215423678,0.0471031553972173,dummy-sl3easbn,NA,NA,NA,NA,NA,NA,NA,NA
0.03470162740849701,0.04629830743698112,dummy-snntk20n,NA,NA,NA,NA,NA,NA,NA,NA
0.05411997793911179,0.01836495048558803,dummy-sql1e3kb,NA,NA,NA,NA,NA,NA,NA,NA
0.08237133025933198,0.04363718058148527,dummy-sr3itwel,NA,NA,NA,NA,NA,NA,NA,NA
0.03042738291077241,0.03794999689047508,dummy-ss3j1abw,NA,NA,NA,NA,NA,NA,NA,NA
0.04097668280085969,0.05070672348568768,dummy-sv0tf36c,NA,NA,NA,NA,NA,NA,NA,NA
0.10189332491244377,0.05391623901205471,dummy-swykqyz4,NA,NA,NA,NA,NA,NA,NA,NA
0.0400568507577378,0.03349892924734793,dummy-t07i736j,NA,NA,NA,NA,NA,NA,NA,NA
0.22054683457213953,0.1148138188715098,dummy-t0n6tw69,NA,NA,NA,NA,NA,NA,NA,NA
0.06413901671073499,0.01457443327275689,dummy-t1rmtfyl,NA,NA,NA,NA,NA,NA,NA,NA
0.0108483609594755,0.02859862635046799,dummy-t3k64jer,NA,NA,NA,NA,NA,NA,NA,NA
0.03508044291814897,0.03195279860946997,dummy-t4udfmwk,NA,NA,NA,NA,NA,NA,NA,NA
0.0533538691096534,0.0566024019770464,dummy-t5iseiy3,NA,NA,NA,NA,NA,NA,NA,NA
0.02071996262761798,0.03261417528218047,dummy-t6b1aj72,NA,NA,NA,NA,NA,NA,NA,NA
0.10095515787266364,0.07805535278184605,dummy-t6yif958,NA,NA,NA,NA,NA,NA,NA,NA
0.1032034589641157,0.01627697275737505,dummy-t7ktcv7m,NA,NA,NA,NA,NA,NA,NA,NA
0.11137440114695678,0.07477896872584013,dummy-t8dam8wv,NA,NA,NA,NA,NA,NA,NA,NA
0.2591058944368408,0.07763419869823796,dummy-tbbg55cs,NA,NA,NA,NA,NA,NA,NA,NA
0.05035788482422534,0.05134148046017699,dummy-te4b2phc,NA,NA,NA,NA,NA,NA,NA,NA
0.01199597211916795,0.0249302658210569,dummy-teu3fbjk,NA,NA,NA,NA,NA,NA,NA,NA
0.08671686458519236,0.04503828609356827,dummy-tfqjtupr,NA,NA,NA,NA,NA,NA,NA,NA
0.04540158394161626,0.05833837187135712,dummy-tgdxniel,NA,NA,NA,NA,NA,NA,NA,NA
0.00374535990347019,0.01454732431664368,dummy-tgqby1n6,NA,NA,NA,NA,NA,NA,NA,NA
0.02727314156333731,0.0141217916677585,dummy-tjicnt4z,NA,NA,NA,NA,NA,NA,NA,NA
0.04147257110065332,0.03719367906693399,dummy-tkiklz8k,NA,NA,NA,NA,NA,NA,NA,NA
0.1763022781031637,0.10301289275427356,dummy-tmxzqzuw,NA,NA,NA,NA,NA,NA,NA,NA
0.00300603112229649,0.01372487652801326,dummy-tq84m4tl,NA,NA,NA,NA,NA,NA,NA,NA
0.07205210161093781,0.093175359420625,dummy-tqvggetg,NA,NA,NA,NA,NA,NA,NA,NA
0.02346215919029055,0.04606965605771847,dummy-ttl0ahmz,NA,NA,NA,NA,NA,NA,NA,NA
0.5407825088225702,0.10342995820014148,dummy-ttqv914n,NA,NA,NA,NA,NA,NA,NA,NA
0.1663520536871396,0.04324991997499548,dummy-tuy8yggv,NA,NA,NA,NA,NA,NA,NA,NA
0.24318490599141587,0.08970696185391057,dummy-twrbr7rs,NA,NA,NA,NA,NA,NA,NA,NA
0.14777542118636297,0.06565515889840319,dummy-ty7q05i3,NA,NA,NA,NA,NA,NA,NA,NA
0.0526567681543649,0.03158958593463044,dummy-u02qi1hj,NA,NA,NA,NA,NA,NA,NA,NA
0.01631233779248073,0.03832762431176887,dummy-u0346x3u,NA,NA,NA,NA,NA,NA,NA,NA
0.10743696401359255,0.05644008533068426,dummy-u0gn37ez,NA,NA,NA,NA,NA,NA,NA,NA
0.01213154078530256,0.02550599985265671,dummy-u2ykj9fz,NA,NA,NA,NA,NA,NA,NA,NA
0.07991460769066835,0.04866519914451042,dummy-u7anhuva,NA,NA,NA,NA,NA,NA,NA,NA
0.11887362691695626,0.0290064874329408,dummy-u8mwssrb,NA,NA,NA,NA,NA,NA,NA,NA
0.0042018969161996,0.01574177823298269,dummy-uao70vw0,NA,NA,NA,NA,NA,NA,NA,NA
0.01823367216671978,0.03355373820287805,dummy-uar785yl,NA,NA,NA,NA,NA,NA,NA,NA
0.00612746283420169,0.02109366951524957,dummy-ucngldu0,NA,NA,NA,NA,NA,NA,NA,NA
0.04013733854398812,0.0448496501234383,dummy-uf18hxge,NA,NA,NA,NA,NA,NA,NA,NA
0.02409027308260609,0.02336446466159926,dummy-uhuy92ju,NA,NA,NA,NA,NA,NA,NA,NA
0.00327801822980831,0.01539573969034969,dummy-ulh7xf3r,NA,NA,NA,NA,NA,NA,NA,NA
0.08276683463702575,0.04992074242604144,dummy-uodtqik6,NA,NA,NA,NA,NA,NA,NA,NA
0.08066704254201416,0.05520469248726529,dummy-uqbmbssi,NA,NA,NA,NA,NA,NA,NA,NA
0.00660185656345412,0.01910024563734653,dummy-usmzpkn9,NA,NA,NA,NA,NA,NA,NA,NA
0.01528462282187956,0.02546699285199806,dummy-usytpml7,NA,NA,NA,NA,NA,NA,NA,NA
0.02654653953226519,0.0513810595114987,dummy-ut9sm3ai,NA,NA,NA,NA,NA,NA,NA,NA
0.00798277613320238,0.02632667695142059,dummy-utt94wll,NA,NA,NA,NA,NA,NA,NA,NA
0.0072136835265057,0.02377328045679661,dummy-uvp5bnrx,NA,NA,NA,NA,NA,NA,NA,NA
0.00755733908681154,0.01937143247567971,dummy-uw8snf4v,NA,NA,NA,NA,NA,NA,NA,NA
0.0054840979253231,0.01991519953163519,dummy-uxsq414h,NA,NA,NA,NA,NA,NA,NA,NA
0.14327085438853318,0.07235577440735808,dummy-v1ezfvw6,NA,NA,NA,NA,NA,NA,NA,NA
0.04925688713331544,0.03138231018100568,dummy-v3igltth,NA,NA,NA,NA,NA,NA,NA,NA
0.14634969646913282,0.04881512743554471,dummy-v6x2mrj0,NA,NA,NA,NA,NA,NA,NA,NA
0.01265049781634693,0.01588784248371063,dummy-v92578lm,NA,NA,NA,NA,NA,NA,NA,NA
0.1837423897910702,0.04612233272691184,dummy-vbsayqul,NA,NA,NA,NA,NA,NA,NA,NA
0.12770103579794026,0.04635086685552004,dummy-vjw2qey0,NA,NA,NA,NA,NA,NA,NA,NA
0.05850961294149396,0.06073383405268697,dummy-vkh9juu9,NA,NA,NA,NA,NA,NA,NA,NA
0.00777334524876067,0.0143214539652794,dummy-vlx3a8et,NA,NA,NA,NA,NA,NA,NA,NA
0.04632260928769211,0.05018248156077046,dummy-vqh9k5cg,NA,NA,NA,NA,NA,NA,NA,NA
0.1313721334227713,0.01935434492878845,dummy-vr3vlogj,NA,NA,NA,NA,NA,NA,NA,NA
0.06875156993461327,0.04920510690287603,dummy-vrpnjgt2,NA,NA,NA,NA,NA,NA,NA,NA
0.05595430838429053,0.05683410215521251,dummy-vwkh3578,NA,NA,NA,NA,NA,NA,NA,NA
0.00261746933863497,0.0114901534186015,dummy-vwmx4zyy,NA,NA,NA,NA,NA,NA,NA,NA
0.0023528437959957,0.01157324404907821,dummy-vxukb6lu,NA,NA,NA,NA,NA,NA,NA,NA
0.08135385251534324,0.05263996886046097,dummy-w2l9x77m,NA,NA,NA,NA,NA,NA,NA,NA
0.1167984874468071,0.05158630983860107,dummy-w3f3g3kb,NA,NA,NA,NA,NA,NA,NA,NA
0.0729265891213925,0.08309788384438195,dummy-w3k6wipd,NA,NA,NA,NA,NA,NA,NA,NA
0.08157526846901014,0.09659837727278804,dummy-w5dhmugp,NA,NA,NA,NA,NA,NA,NA,NA
0.3934113117188652,0.05366921684270085,dummy-w63e4biv,NA,NA,NA,NA,NA,NA,NA,NA
0.175485943234927,0.02063697175224533,dummy-w7x3cpc9,NA,NA,NA,NA,NA,NA,NA,NA
0.00333664731653031,0.01451440083227674,dummy-w8a0ezmp,NA,NA,NA,NA,NA,NA,NA,NA
0.02277584480625584,0.04390252760521172,dummy-w8h6ul65,NA,NA,NA,NA,NA,NA,NA,NA
0.04843890646790192,0.04636905906057135,dummy-w8ivuc5f,NA,NA,NA,NA,NA,NA,NA,NA
0.04763718819283622,0.06453239567466681,dummy-wdwfeq6n,NA,NA,NA,NA,NA,NA,NA,NA
0.11594097566595508,0.0460371144461212,dummy-wgyyjwn9,NA,NA,NA,NA,NA,NA,NA,NA
0.10802267804331572,0.04846385062321538,dummy-wj3fnibe,NA,NA,NA,NA,NA,NA,NA,NA
0.309323015330114,0.07738294893159092,dummy-wjm5zshw,NA,NA,NA,NA,NA,NA,NA,NA
0.02710449739160781,0.01679693813348523,dummy-wmakr2ag,NA,NA,NA,NA,NA,NA,NA,NA
0.00969599436826028,0.02443148351449146,dummy-wni2bmlm,NA,NA,NA,NA,NA,NA,NA,NA
0.12132930279839244,0.08262171481615191,dummy-wo25c514,NA,NA,NA,NA,NA,NA,NA,NA
0.06543120346770782,0.04367722172883418,dummy-womeithh,NA,NA,NA,NA,NA,NA,NA,NA
0.0203712093445351,0.03694479447334693,dummy-wpvrpd8i,NA,NA,NA,NA,NA,NA,NA,NA
0.06689997274060543,0.05883313776845155,dummy-wq037m6n,NA,NA,NA,NA,NA,NA,NA,NA
0.06614875633429418,0.06358013961956441,dummy-wrdh1qif,NA,NA,NA,NA,NA,NA,NA,NA
0.04096170328185342,0.05373123592411848,dummy-wrsxr0ip,NA,NA,NA,NA,NA,NA,NA,NA
0.07269683309329152,0.01677645804059552,dummy-wsh2vy3n,NA,NA,NA,NA,NA,NA,NA,NA
0.02278789402054982,0.04106258452009264,dummy-wt5sukd8,NA,NA,NA,NA,NA,NA,NA,NA
0.14669398659653962,0.01784759663180906,dummy-wtuke9uc,NA,NA,NA,NA,NA,NA,NA,NA
0.0432580486980153,0.02952908029675574,dummy-wu4jg0hm,NA,NA,NA,NA,NA,NA,NA,NA
0.03627139984758602,0.06166335877503139,dummy-wutbjt6d,NA,NA,NA,NA,NA,NA,NA,NA
0.13634426183326842,0.0473456803494842,dummy-wyr5lpiq,NA,NA,NA,NA,NA,NA,NA,NA
0.04504789674301655,0.05298310949965434,dummy-wzkn9qu8,NA,NA,NA,NA,NA,NA,NA,NA
0.00623957843605583,0.01501740085717604,dummy-wzlirvg0,NA,NA,NA,NA,NA,NA,NA,NA
0.04367288708158488,0.02747987378196458,dummy-x3oi9vaq,NA,NA,NA,NA,NA,NA,NA,NA
0.1487168221247248,0.10089889002967815,dummy-x3yw64pf,NA,NA,NA,NA,NA,NA,NA,NA
2.212699691594779,0.08381682286994596,dummy-x4bteadq,NA,NA,NA,NA,NA,NA,NA,NA
0.0099754371513871,0.03190054945366889,dummy-x4p8asik,NA,NA,NA,NA,NA,NA,NA,NA
0.1414685840433463,0.01566431491232978,dummy-x50cg81p,NA,NA,NA,NA,NA,NA,NA,NA
0.02357650642369979,0.01967159920673249,dummy-x64qffy5,NA,NA,NA,NA,NA,NA,NA,NA
0.1072362909222537,0.05617090053384312,dummy-xatmm78z,NA,NA,NA,NA,NA,NA,NA,NA
0.15889927892650507,0.05196520795607089,dummy-xbkso9ab,NA,NA,NA,NA,NA,NA,NA,NA
0.05703966909816135,0.03567887148990168,dummy-xejclxrb,NA,NA,NA,NA,NA,NA,NA,NA
0.13448398630347477,0.05477102019358114,dummy-xfy672v9,NA,NA,NA,NA,NA,NA,NA,NA
0.00299002839108142,0.01201485192015188,dummy-xga933iz,NA,NA,NA,NA,NA,NA,NA,NA
0.00863860681180198,0.02379802541288547,dummy-xkmufh2q,NA,NA,NA,NA,NA,NA,NA,NA
0.00301930431830513,0.01173010167581373,dummy-xlma2h6a,NA,NA,NA,NA,NA,NA,NA,NA
0.03655193311064412,0.04418392758819716,dummy-xmbawwhm,NA,NA,NA,NA,NA,NA,NA,NA
0.07124724342923157,0.0537490487608333,dummy-xmdfotf8,NA,NA,NA,NA,NA,NA,NA,NA
0.02520691873310768,0.03436884887200518,dummy-xp034rbx,NA,NA,NA,NA,NA,NA,NA,NA
0.0776748520494913,0.05555197138210759,dummy-xqn9fna1,NA,NA,NA,NA,NA,NA,NA,NA
0.01044270746999748,0.02389380384668942,dummy-xuocbqz5,NA,NA,NA,NA,NA,NA,NA,NA
0.11484190056028935,0.07282662180991313,dummy-xvazu9fx,NA,NA,NA,NA,NA,NA,NA,NA
0.06094343251443531,0.05992977855549897,dummy-xvo2h28f,NA,NA,NA,NA,NA,NA,NA,NA
0.00622592474102485,0.01312572664270001,dummy-xwpg8eg6,NA,NA,NA,NA,NA,NA,NA,NA
0.01503091808132586,0.02154823648831517,dummy-xy897jiy,NA,NA,NA,NA,NA,NA,NA,NA
0.03791575864708866,0.0489518575533162,dummy-xyokozzw,NA,NA,NA,NA,NA,NA,NA,NA
0.11528075511663684,0.03813757498215035,dummy-y2gaotld,NA,NA,NA,NA,NA,NA,NA,NA
0.01878963997977768,0.02576134189274016,dummy-y3zia319,NA,NA,NA,NA,NA,NA,NA,NA
0.05111503142216418,0.03190118873770573,dummy-y89cmgte,NA,NA,NA,NA,NA,NA,NA,NA
0.08409532763364892,0.0431907917724007,dummy-y8khtdlk,NA,NA,NA,NA,NA,NA,NA,NA
0.0925115512865764,0.03093738082260624,dummy-y8mkmle3,NA,NA,NA,NA,NA,NA,NA,NA
0.2449671783459909,0.09388617080264224,dummy-y8w3fk0i,NA,NA,NA,NA,NA,NA,NA,NA
0.4504390036280517,0.099427847778044115,dummy-ya9gvaka,NA,NA,NA,NA,NA,NA,NA,NA
0.09215410561905046,0.03446877568824768,dummy-ycfrkp63,NA,NA,NA,NA,NA,NA,NA,NA
0.09005735322171886,0.06488744706789021,dummy-yk939grf,NA,NA,NA,NA,NA,NA,NA,NA
0.02800784259019046,0.0249791954107205,dummy-ylrhnsoy,NA,NA,NA,NA,NA,NA,NA,NA
0.17524461916794393,0.07258030282678046,dummy-ym92hx0e,NA,NA,NA,NA,NA,NA,NA,NA
0.09487933999524896,0.06320922934381483,dummy-yn1vcaht,NA,NA,NA,NA,NA,NA,NA,NA
0.04408004566233265,0.01589697652676854,dummy-yod0zm4k,NA,NA,NA,NA,NA,NA,NA,NA
0.13159248665428908,0.0625107697434654,dummy-yqnzh185,NA,NA,NA,NA,NA,NA,NA,NA
0.06629207800508799,0.0605391049039846,dummy-yw2ufmm5,NA,NA,NA,NA,NA,NA,NA,NA
0.01385086203032139,0.0222112897502134,dummy-yxmj9dvm,NA,NA,NA,NA,NA,NA,NA,NA
0.02694164074300056,0.03844360465024846,dummy-z12f8l0u,NA,NA,NA,NA,NA,NA,NA,NA
0.09127956191648871,0.07667535729409808,dummy-z2eppsds,NA,NA,NA,NA,NA,NA,NA,NA
0.113086648481818,0.07293587247026116,dummy-z4i3c899,NA,NA,NA,NA,NA,NA,NA,NA
0.09356741257780626,0.03981431984447966,dummy-z4idk8cg,NA,NA,NA,NA,NA,NA,NA,NA
0.00902248223473807,0.02696811992698815,dummy-z76qzjto,NA,NA,NA,NA,NA,NA,NA,NA
0.07845553736433813,0.06732675065408225,dummy-z84st7cv,NA,NA,NA,NA,NA,NA,NA,NA
0.13795630258253588,0.07762476990748483,dummy-z8sbz75m,NA,NA,NA,NA,NA,NA,NA,NA
0.02808798285625294,0.03696783331079931,dummy-z9ygzzpt,NA,NA,NA,NA,NA,NA,NA,NA
0.13000009091941844,0.04633134437922726,dummy-zaji0cu4,NA,NA,NA,NA,NA,NA,NA,NA
0.17048627182112064,0.06219314808371984,dummy-zefxi1oz,NA,NA,NA,NA,NA,NA,NA,NA
0.052628949480741,0.01424718437807226,dummy-zej9sjgd,NA,NA,NA,NA,NA,NA,NA,NA
0.01761761393855501,0.01471153402745207,dummy-zeoaq9as,NA,NA,NA,NA,NA,NA,NA,NA
0.08953827732134577,0.04454374339915488,dummy-zepm2xcb,NA,NA,NA,NA,NA,NA,NA,NA
0.05395280326715197,0.0544455345535061,dummy-zexsmlqr,NA,NA,NA,NA,NA,NA,NA,NA
0.0046816412706683,0.01606619474495641,dummy-zih3g38p,NA,NA,NA,NA,NA,NA,NA,NA
0.00708557905841177,0.01472139326035706,dummy-zjbx876k,NA,NA,NA,NA,NA,NA,NA,NA
0.02797635903190947,0.03428452699754539,dummy-zlepfsj3,NA,NA,NA,NA,NA,NA,NA,NA
0.01055476342368267,0.01552859216555354,dummy-zlgsxole,NA,NA,NA,NA,NA,NA,NA,NA
0.0299250733584703,0.0149672619306481,dummy-zpfjh43h,NA,NA,NA,NA,NA,NA,NA,NA
0.03117441853212351,0.03951239372566603,dummy-zrwljlpj,NA,NA,NA,NA,NA,NA,NA,NA
0.00415871252206811,0.01820884194760579,dummy-zs5wwet3,NA,NA,NA,NA,NA,NA,NA,NA
0.08623436655735346,0.03858709133172874,dummy-zy0fs4qh,NA,NA,NA,NA,NA,NA,NA,NA
0.13922021667032589,0.04291369586520267,dummy-zyygajhy,NA,NA,NA,NA,NA,NA,NA,NA
0.08299853771849204,0.04003334884675959,dummy-zzfwsbe9,NA,NA,NA,NA,NA,NA,NA,NA
0.00265787733780401,0.0118083616382763,dummy-031x8iq0,0.9986666666666668,1,0.9986666666666668,1,0.04793942430385826,0.04756350592891342,0.04860910238823135,0.048169773529857
0.03705052352290102,0.03730321921864366,dummy-06cdrc4d,0.9806666666666668,0.8513333333333334,0.9666666666666668,0.8133333333333334,0.1369017454485369,0.11827895072611214,0.13854376419929726,0.12029839845305632
0.03082844578301602,0.01730476136845399,dummy-0708xrqw,0.976,0.702,0.9793333333333332,0.718,0.05310088056578414,0.14701630099909185,0.05357625547289233,0.14864350802751933
0.00341834728257138,0.02195718998213328,dummy-078yl134,0.6813333333333333,0.9533333333333334,0.764,0.9153333333333332,0.04911571613309618,0.05382873808576229,0.04964666173373654,0.054911398990572
0.07716700332788146,0.03233228890440444,dummy-08fltts4,1,0.712,0.9953333333333332,0.744,0.11452396174078124,0.13548650719264457,0.11652724688150032,0.13921172286534975
0.02282550815490219,0.02707262862357772,dummy-0a740vtd,0.978,0.8566666666666667,0.9786666666666668,0.8586666666666667,0.09771403503903237,0.09198665972396045,0.09887039102389744,0.09332333734223136
0.05314668744209099,0.01868836126841977,dummy-0ehkhvk9,0.9726666666666668,0.9893333333333332,0.9746666666666668,0.9946666666666668,0.05313910808959499,0.13086893180670264,0.05364796162392665,0.13214482939507954
0.17880784699147567,0.1033084606299511,dummy-0i0jj3ua,0.37,0.556,0.36933333333333335,0.5666666666666667,0.15748700318430517,0.2015706889482683,0.16194559622234211,0.20560948446738203
0.14489336605390102,0.07739251877324006,dummy-0jt0wwed,0.9586666666666668,0.774,0.9926666666666668,0.8033333333333333,0.2125623395832812,0.3908057646781108,0.2199214014990984,0.4018827698133004
0.10567810026856587,0.10520933223795131,dummy-0juudz2c,0,0.43133333333333335,0,0.5033333333333333,0.12759866677923606,0.11942595325612816,0.12929069771349014,0.12160231120179908
0.08718093098374559,0.04568767301437754,dummy-0nknqsas,0.992,0.5073333333333333,0.9866666666666668,0.546,0.12961721949668245,0.11546762073371468,0.13153378156958628,0.118588451337291
0.05478161844329166,0.05463331210845733,dummy-0r93559z,1,1,1,1,0.1952738631743582,0.1904103078539603,0.19927787471108344,0.19907684290814648
0.14657975821530012,0.1235434882981496,dummy-0rpmw53a,0.00466666666666666,0.4086666666666667,0,0.41933333333333334,0.16690732973925512,0.14565478046302316,0.1734176899614231,0.148480366744041
0.05238656054557906,0.03523119955977463,dummy-0sbk96wp,0.99,0.9953333333333332,0.9906666666666668,0.99,0.11582218167428528,0.2480608890663544,0.11729786604948032,0.2526499063604421
0.03360733418342181,0.04471861683263133,dummy-0ww1lne0,1,1,1,1,0.13180730911861466,0.13917861893970965,0.13334744563504308,0.14259909680658994
0.00393223871106457,0.0162435947354571,dummy-10oaqs0c,0.9966666666666668,0.9986666666666668,0.9973333333333332,0.9986666666666668,0.04721854705275273,0.04922688174772001,0.04761182927600008,0.04981972389868655
0.03083852781226129,0.02979673480534378,dummy-11dnnfl1,0.9993333333333332,1,0.9913333333333332,0.998,0.10831037768698312,0.1222069564848816,0.10962709813487792,0.12619598312030458
0.04565159508527677,0.05369761054405677,dummy-1343wllz,0.622,0.884,0.6633333333333333,0.9166666666666666,0.12051341729337578,0.12349048697122691,0.12246649301481452,0.12494676405547542
0.08720780600939594,0.01705610047129413,dummy-13ukxrd9,0.8346666666666667,0.774,0.836,0.7886666666666666,0.05285730333922191,0.11620477502900044,0.05330662755090121,0.11729118534601383
0.06994550318773635,0.04968481546516067,dummy-1592u46l,0.9906666666666668,0.714,0.9913333333333332,0.7226666666666667,0.16782254235818514,0.1722259042137147,0.1711383299383827,0.17680542661706933
0.1199938633944224,0.08262439517994118,dummy-17f9zhbr,1,0.762,0.9993333333333332,0.8173333333333334,0.20967414245710164,0.20908331106866063,0.21454822794878503,0.22035611889595255
0.02102345104303267,0.02003383819558125,dummy-18jtgu7g,0.894,0.7946666666666666,0.874,0.7993333333333333,0.0516601608449757,0.0698273238202466,0.05228020496142617,0.0707017200770904
0.08165859851979512,0.03319853746593083,dummy-1c12z2nb,0.91,0.6846666666666666,0.9133333333333332,0.7893333333333333,0.1105134002907194,0.12315550971683582,0.11161264326721708,0.12642919238339648
0.02927609556987856,0.03749299698022322,dummy-1k8r3hpq,1,1,1,1,0.1352642291978809,0.13590336902248892,0.1377125785885595,0.13931216518164558
0.1390378977548099,0.078638075453703285,dummy-1mj484sl,0.522,0.7953333333333333,0.924,0.828,0.17077071408034689,0.2564444132298959,0.1758507340442921,0.26351174932871424
0.06949504551810276,0.05468365658926732,dummy-1oi3u4js,0.568,0.59,0.606,0.6233333333333333,0.12034218264465192,0.1467207113265694,0.12179120705262007,0.1496304071620019
0.16524016015316387,0.0682726708460971,dummy-1q94xptw,0.812,0.452,0.8153333333333334,0.47,0.19223158410596283,0.28363301483439063,0.1940107205346469,0.29013574627125244
0.06067140987618601,0.04584489492759237,dummy-1spdvm28,0.7873333333333333,0.7453333333333333,0.8166666666666667,0.756,0.12521484160840282,0.1318115530013706,0.12749430865517003,0.13555324630365992
0.09428349817955696,0.04570865479584218,dummy-1u8kuluj,0.702,0.8573333333333333,0.7366666666666667,0.862,0.1171846913287302,0.13741549761551738,0.11874538291265388,0.13914527643286215
0.0024502457102871,0.01863443655967362,dummy-1uc0prgn,0.6966666666666667,0.6153333333333333,0.682,0.6893333333333334,0.04667356511795773,0.04459073103495312,0.04745332245479053,0.04528627324672631
0.07146008145553888,0.09366235041732866,dummy-1v3jr8bb,0.04666666666666667,0.482,0.01333333333333333,0.47,0.11652658891432612,0.11648977538309206,0.11817980558316069,0.11826722051221064
0.01712408363146439,0.02998454355286249,dummy-1v4joo9l,0.9986666666666668,1,0.9993333333333332,1,0.1007281033478088,0.101452947674318,0.10250974080338614,0.1043496927294825
0.12466682342484052,0.07037597934065201,dummy-1vgg2ych,0.7273333333333334,0.512,0.6306666666666667,0.5566666666666666,0.15094762181567356,0.15616028407143015,0.15284435709272076,0.16407467959336824
0.05476713751819475,0.04660268263431601,dummy-1x3ra4j7,0.998,0.9986666666666668,0.9986666666666668,0.9993333333333332,0.18100164838846536,0.19006666636741587,0.18553621007045945,0.19755289529070233
0.05495034899736113,0.05777941251044472,dummy-1xp93tg9,0.9986666666666668,0.8113333333333334,0.9926666666666668,0.8493333333333334,0.18524070320194955,0.15477066301039025,0.18983661541787825,0.1585969491165896
0.1135667403761227,0.07283251283513924,dummy-23iq3g1w,0.7833333333333333,0.442,0.734,0.4633333333333333,0.2026057257766356,0.12849271644136526,0.20631163631809185,0.13029380686267947
0.0984681603198694,0.03388746859139698,dummy-2a59tjpr,0.8173333333333334,0.7653333333333333,0.8406666666666667,0.78,0.09803463214829967,0.13668605609598028,0.0993077477064673,0.14189525998068583
0.5461932661438972,0.10884586513060784,dummy-2boueadc,0.268,0.33466666666666667,0.298,0.3453333333333333,0.12395091307630704,0.2040656891152236,0.12753602843932144,0.2084806825085734
0.06457624152867475,0.04601980158519194,dummy-2d1ft0zz,0.756,0.5593333333333333,0.7546666666666667,0.6066666666666667,0.11754061030793524,0.1831651838711359,0.11879247422034796,0.1904144816003696
0.08809776640499474,0.03696319998068784,dummy-2dtcdbym,0.7373333333333333,0.6486666666666666,0.772,0.6386666666666667,0.11207011673100112,0.12476903883645438,0.11301788683027587,0.12813396767623572
0.03273603171230954,0.04605599221042443,dummy-2g7r9rii,0.996,0.9986666666666668,0.998,0.9993333333333332,0.17577950219802535,0.1656120750111515,0.1795857465378411,0.16914477877684084
0.00426676360105263,0.01370993163539833,dummy-2hnouj42,1,1,1,1,0.04597817177151443,0.04705942728336342,0.0463983112375734,0.04768532621903419
0.0818254440545142,0.04185102999648504,dummy-2knpg1wk,1,0.996,1,1,0.16302348040204329,0.18834360140468265,0.16549853387921162,0.19218261516952825
0.03176755165325644,0.03201121886912491,dummy-2ls2lrjx,0.8173333333333334,0.8113333333333334,0.8886666666666667,0.77,0.09417685295208066,0.10186765153504725,0.09549833595339492,0.10355981346500329
0.07102979452045705,0.06093513947700661,dummy-2npdnt6m,0.832,0.9353333333333332,0.8713333333333333,0.962,0.174448951002846,0.19017439718286164,0.1779763113680084,0.1956400456874001
0.02883983822082902,0.04402280877898865,dummy-2phoflaq,1,1,1,1,0.1760968632968368,0.15274077675131403,0.17926644757736748,0.15551726276462766
0.04583082015858265,0.05316514746926892,dummy-2pqyjr9p,0.9986666666666668,0.974,0.9793333333333332,0.9966666666666668,0.19530581445219175,0.1531043420313012,0.19950159496299424,0.15775929928250806
0.11527081645743484,0.06435374131727782,dummy-2q2hm7vn,0.362,0.514,0.478,0.556,0.11851632696419163,0.181453659325905,0.12132559624857246,0.18651708429528063
0.00429427072179778,0.01909468807227332,dummy-2q4jjvh2,0.7046666666666667,0.9786666666666668,0.7113333333333334,0.9906666666666668,0.04646493388484881,0.05204613402837935,0.04695305200350989,0.05305635709730587
0.12340100051056856,0.07767332416602032,dummy-2tu4hkht,0.8833333333333333,0.4826666666666667,0.8366666666666667,0.466,0.19225973807750932,0.17798732273592596,0.1977415703235965,0.18293419847813527
0.11062019937499631,0.01734583707911484,dummy-2u9g26go,0.9453333333333334,0.752,0.9633333333333334,0.7326666666666667,0.05240662080872176,0.11700623329681302,0.05289259512666949,0.11814178855770814
0.00544192741214498,0.01982516454802584,dummy-2v7wyh6t,0.9993333333333332,0.9993333333333332,0.9993333333333332,0.9993333333333332,0.04675636583385303,0.04775601320758723,0.04728464725108778,0.04831137462404436
0.01013931011842021,0.02331477160040117,dummy-2y54gshg,1,1,1,1,0.09485984265580764,0.08991077613908872,0.09582286622112823,0.0916927791958104
0.02103497181837247,0.03694455441305222,dummy-30u936dq,1,1,1,1,0.1350866388721314,0.1371764489146899,0.13715840608086485,0.13913422512663373
0.015569897559026191,0.02128800196505502,dummy-31x5xie6,0.7286666666666667,0.6533333333333333,0.766,0.6433333333333333,0.0525322176921025,0.09551795212577747,0.05299920856695514,0.09652810801145471
0.01013329665608612,0.02687640990069017,dummy-323bhtnc,1,1,1,1,0.0965602572643955,0.09122510023074017,0.09794658807175984,0.09312301344065074
0.00529079609296566,0.01577787019548762,dummy-332wx27o,0.9393333333333334,0.9993333333333332,0.9926666666666668,0.9993333333333332,0.04880612236616574,0.04923592778751712,0.04914647579829621,0.04989169350103262
0.03741166150067516,0.0434455643999953,dummy-348uq4dt,0.952,0.984,0.9846666666666668,0.996,0.1292393322979405,0.14055657990990986,0.13129349589182365,0.14463013226618443
2.1972610872741933,0.08370523907121238,dummy-356w9nyu,0.5426666666666666,0.8073333333333333,0.5793333333333334,0.7473333333333333,0.1565992206396679,0.5025153064162209,0.16176976950832042,0.5146841476368178
0.1337646419986057,0.06349082174723113,dummy-37341yls,0.7873333333333333,0.7593333333333333,0.8,0.7653333333333333,0.14478119259521424,0.14863315578217154,0.14727473702124963,0.1540680888732417
0.01141792591042009,0.0249064072743177,dummy-37k32ajj,1,1,1,1,0.09873001753210132,0.09539753924063284,0.09983530940213024,0.09733254916462576
0.04654331838727833,0.04551920335979464,dummy-37sbnl4h,0.9386666666666666,0.6786666666666666,0.89,0.696,0.14418859680449733,0.10939794591350575,0.14684845287530823,0.11090198215143009
0.02853546272122669,0.04748596518340347,dummy-381wao01,0.9973333333333332,0.9986666666666668,0.9973333333333332,1,0.12623466904313577,0.11193543339167526,0.12733455653311052,0.11305840670435088
0.07992355561439594,0.03973852014632924,dummy-38ay6y5a,0.7573333333333333,0.834,0.876,0.8846666666666667,0.10276292915376632,0.19652121818318977,0.10451355072508002,0.2002164699332108
0.00298751756298285,0.01329282486324966,dummy-38qp6mmm,1,1,1,1,0.04727886395866326,0.05132471468643244,0.04785434037248699,0.05207484825681791
0.09121143372637996,0.04373284525982526,dummy-393vtyby,0.8213333333333334,0.744,0.836,0.788,0.10863416063930306,0.11050053942551635,0.11077299200723846,0.11419040953396883
0.18315504012932937,0.03503138773188725,dummy-39dupayp,0.9393333333333334,0.9813333333333332,0.9513333333333334,0.9826666666666668,0.11209531023656227,0.23966226048430975,0.11358923286687622,0.24427330484019455
0.2787694674680534,0.09246424707384213,dummy-39skj4wd,0.58,0.81,0.5766666666666667,0.8306666666666667,0.16670874522074808,0.2721799184335839,0.17056401843582522,0.2873382158799351
0.02860943577496889,0.04181643868417101,dummy-3cua2thr,0.736,0.9266666666666666,0.7586666666666667,0.938,0.0908699858224417,0.0959956583427865,0.09194224852207408,0.0971895567765833
0.04626918912420984,0.04943471163798163,dummy-3fkw78jr,1,1,0.9926666666666668,0.9993333333333332,0.1950533073306625,0.17903990327308705,0.19854078884819296,0.18524712262095855
0.04294724937364821,0.05849737678215067,dummy-3ij9vkxt,0.8286666666666667,0.946,0.8233333333333334,0.972,0.1280948790897995,0.12506460573750644,0.12998539373344253,0.1276388718430916
0.00390754735318039,0.01207312476560707,dummy-3j8yv4cr,0.9993333333333332,0.9993333333333332,0.994,0.9993333333333332,0.04766950649265524,0.04873480352205271,0.04817707695102279,0.04923903897784842
0.13533210269661838,0.04292594495687301,dummy-3knqngen,0.9813333333333332,0.8213333333333334,0.9773333333333334,0.886,0.15695158513394608,0.3499034386825474,0.15974271336413595,0.35710139385984696
0.16781091242151444,0.04298942033763298,dummy-3l4k60tk,0.86,0.928,0.9086666666666666,0.9493333333333334,0.14933360940352244,0.3321009251954964,0.15261555953279804,0.34290066975976324
0.18243277728450652,0.06772994693074487,dummy-3mgswgkv,0.9513333333333334,0.46,0.9613333333333334,0.41733333333333333,0.17836935249632094,0.2598991790254355,0.18039667862637115,0.2633001418380178
0.00716587001161975,0.01557535726628863,dummy-3neolc8i,0.9226666666666666,0.994,0.914,0.986,0.04874820856178524,0.04816389170989282,0.04948942996368678,0.0486767730953438
0.00209778762487651,0.01464208952226316,dummy-3p4ki85a,0.988,0.996,0.9966666666666668,0.9993333333333332,0.04761590824991418,0.04866057643297419,0.04831348916700452,0.0490601101157616
0.07125573973991635,0.04002398902735469,dummy-3pm2z5a5,1,0.8533333333333334,0.9886666666666668,0.8666666666666667,0.11886376762821314,0.13584974827080867,0.1205412741031455,0.13817223019078567
0.4416606128056864,0.04165057076712569,dummy-3qcs3o0c,0.8433333333333334,0.9606666666666668,0.898,0.9673333333333334,0.12204226138900089,0.2941234356503202,0.124375923284018,0.2984532840616484
0.1307239792884125,0.05510499326119584,dummy-3r5oob99,0.9286666666666666,0.698,0.9933333333333332,0.748,0.15028364118611254,0.25588285322358606,0.15549847878411371,0.2686119957552575
0.02278153097586905,0.04651144971678562,dummy-3rvp2poz,1,1,0.9953333333333332,1,0.1320686105312696,0.1133259643077164,0.1346103684196685,0.11482225322792716
0.10649613855272284,0.08003623381202611,dummy-3s7bpqe6,0.7393333333333333,0.5253333333333333,0.7286666666666667,0.5313333333333333,0.20653598024502337,0.13667423597889483,0.209444202628264,0.13886884982282555
0.00552081819088356,0.0181314450509624,dummy-3s9e66gw,0.998,1,0.9973333333333332,1,0.04751809937060394,0.0483540251002254,0.04788161460665229,0.0488329058533973
0.11493644708103848,0.07365102155267338,dummy-3sx7a3gq,0.644,0.8493333333333334,0.742,0.844,0.1544785762951591,0.18461450310231511,0.15801390562149767,0.1902323318902193
0.1354604658329337,0.0669162473958776,dummy-3w2wux15,1,0.9466666666666668,1,1,0.2080931461267475,0.2590102059604985,0.21337288896605475,0.27010578196965485
0.03330779907517201,0.04641263957783686,dummy-3wa4djqc,1,1,1,1,0.17742976542258687,0.15104325976591257,0.1809003270854362,0.1536760683588982
0.1311016520931468,0.01918857783699899,dummy-3wzct9jt,0.7993333333333333,0.9126666666666666,0.894,0.9253333333333332,0.04989136539940554,0.1693258228422293,0.05051971127305719,0.1709677659630242
0.11181125202594826,0.06963192839885704,dummy-41j5eiyv,0.902,0.49066666666666664,0.844,0.5246666666666666,0.19679023888082947,0.16828083945959713,0.2011652795635818,0.17303716627990423
0.00304124507331662,0.01413627693083811,dummy-41vnd966,1,1,1,1,0.04781972433484407,0.06353340757699917,0.04841757277228193,0.06469497903780973
0.03296842839379695,0.0429880243339102,dummy-43tgedtl,1,1,1,1,0.1401988622171278,0.1381792929893671,0.14259317432873522,0.14209850189064124
0.07252104617960187,0.06118716324361214,dummy-43wl2czm,0.9993333333333332,0.706,0.9986666666666668,0.6913333333333334,0.2019683739771863,0.16809789579613296,0.20609072599007117,0.1714693502632238
0.01715275390471056,0.01739590331228995,dummy-46achnkm,0.9973333333333332,0.9726666666666668,0.9973333333333332,0.9826666666666668,0.05161864392292052,0.08706672315952985,0.05197035624767902,0.08804908714697507
0.01235144118706458,0.02680546556202846,dummy-484qbw2d,0.9986666666666668,0.9993333333333332,0.9993333333333332,0.9993333333333332,0.09687463890351504,0.09536432871949103,0.0984943636800577,0.0967358604983759
0.02292468730115761,0.0423925126717852,dummy-49nev6kc,0.9873333333333332,0.998,0.998,1,0.0953323554981,0.0928075200988648,0.09633067550291712,0.09402064011505704
0.01389228461218167,0.02837255809573835,dummy-4c9stw9k,0.9986666666666668,1,0.996,0.9993333333333332,0.09524295704888236,0.08184391963394298,0.0963799052967452,0.0824919515819745
0.08185089124346852,0.09735953499846954,dummy-4e3mxerz,0.488,0.6106666666666667,0.5186666666666667,0.6113333333333333,0.182653879129773,0.1389936596636663,0.1864908497480571,0.14068736218849737
0.05778489175755472,0.04399711822559355,dummy-4g7dyz0q,0.9633333333333334,0.778,0.9706666666666668,0.798,0.17209711927418828,0.2049458259775918,0.17521876722469323,0.20806852945822937
0.01332199787127725,0.03470934075661217,dummy-4hrk23ag,0.9986666666666668,1,0.9986666666666668,1,0.09866793916024735,0.08956209063107849,0.09976652970255977,0.09133102870284313
0.00465730488596013,0.01590677741402996,dummy-4lvrya5x,1,1,1,1,0.04776056346268564,0.05343369905878495,0.04836424125002423,0.0547176975895122
0.09365261043935535,0.06164689207964044,dummy-4mlq6n42,0.508,0.7666666666666667,0.5213333333333333,0.8533333333333334,0.11357781511999586,0.20481566895282496,0.11561217943243383,0.20798585432608405
0.04761333740380848,0.03877601868445068,dummy-4nkitka5,1,1,0.998,1,0.1456758900525687,0.17016592351129925,0.14828567397524897,0.17539484706111225
0.0051517124408767,0.02068070088806632,dummy-4q16shno,0.602,0.7933333333333333,0.644,0.77,0.04695361013226531,0.04518548648625707,0.04742806072816201,0.04562310841051811
0.01110362593748443,0.02530539609479119,dummy-4rrzveqt,0.41733333333333333,0.68,0.39666666666666667,0.6473333333333333,0.04611617141623061,0.04605382319789494,0.04645012907613913,0.04646919149865641
0.1632025330811629,0.07391989228758566,dummy-4tinktky,0.486,0.616,0.586,0.5853333333333334,0.15963455323358727,0.22669194664103032,0.16406554843141694,0.23486287812901663
0.06669630678755273,0.05117903654564302,dummy-4tu35mq7,1,0.9366666666666666,1,0.9726666666666668,0.1910823816625648,0.18837163594617065,0.193865056710637,0.19506108355442123
0.05336875814417743,0.04776318362654245,dummy-4uo1v0k5,0.9806666666666668,0.9946666666666668,0.994,0.9966666666666668,0.18159850885767745,0.2047090815973476,0.18572816283771768,0.21018160632043403
0.00465231845694004,0.0141329608316499,dummy-4ut68fyy,0.9993333333333332,1,0.9993333333333332,1,0.04712883067913405,0.04900535444130192,0.04743110597745433,0.04970134227983818
0.00644293313662529,0.01532821629971674,dummy-4ws3bvdu,0.9973333333333332,0.9993333333333332,0.9993333333333332,1,0.04921029160988332,0.06062002648865835,0.04973097284878956,0.06195843099478373
0.2064301418222553,0.1164555490401256,dummy-4zozbfnk,0.456,0.5453333333333333,0.49933333333333335,0.576,0.216339089946435,0.17054373463513697,0.21971648040806444,0.17607863929361478
0.01164554612876383,0.02842266084538024,dummy-5058svtg,0.998,0.9993333333333332,0.9986666666666668,1,0.09397182076411738,0.09109707856199624,0.0954985816624568,0.0925128153863044
0.26818567977241253,0.06731503353482209,dummy-51awxckp,0.598,0.87,0.6733333333333333,0.89,0.1582758445544399,0.2670387615143848,0.16135320925125324,0.27232253253571187
0.04367447050610014,0.03559866297826518,dummy-58d95dsb,0.6893333333333334,0.822,0.6953333333333334,0.736,0.09795761144247112,0.12543080032693768,0.0990616464912876,0.12838649781550046
0.02733337981154155,0.03602848340853974,dummy-5a74m74o,0.8613333333333333,0.6646666666666666,0.8046666666666666,0.6126666666666667,0.10503283803649235,0.08105842556492746,0.10602870629989988,0.08190632121057659
0.00278191446599445,0.01184409563910203,dummy-5ae831gh,1,1,1,1,0.04711074197024404,0.04882229891463502,0.0474883219523419,0.04968551475707009
0.02083773426579522,0.03273758272765158,dummy-5dc838cg,0.8113333333333334,0.948,0.828,0.956,0.0930980720434981,0.10043172433501948,0.0942220159745776,0.10230677769459674
0.0770448160420354,0.04303279226776995,dummy-5g34we0q,0.8726666666666667,0.9393333333333334,0.8906666666666667,0.948,0.1611496730472903,0.1766839355559141,0.16331012979926351,0.17880661335129272
0.05863177321715293,0.07122804316593323,dummy-5l82ixi5,1,1,1,1,0.18635397817381147,0.16233577547406208,0.1898179011627314,0.1651456774656448
0.14723563325605832,0.05409923048898274,dummy-5lbnwvos,0.9933333333333332,0.4766666666666667,0.976,0.5146666666666667,0.1366542201807656,0.11988755149314852,0.13871067014200625,0.1250806979873687
0.05333936418835389,0.03392572415218967,dummy-5m641qfc,0.998,0.9033333333333332,0.9973333333333332,0.968,0.11338806310954803,0.14752374497993778,0.11486074169997948,0.15117150132544205
0.03566024807496445,0.04821586870695187,dummy-5mgo8q53,0.6553333333333333,0.8426666666666667,0.628,0.77,0.11094757995609014,0.1228638177996456,0.11264537901883652,0.12693611632115434
0.15562170572710335,0.06577594276362464,dummy-5oudhm8b,0.844,0.43866666666666665,0.8833333333333333,0.5106666666666667,0.19115996829091156,0.18722114018482364,0.19498211835616933,0.1969211878810768
0.00953866290254593,0.01531648075792094,dummy-5r1j7wzf,0.998,0.6953333333333334,0.998,0.7053333333333334,0.05233205110905106,0.09253941893247712,0.05277516216861214,0.09329433339500616
0.00310686999735712,0.01826158607289606,dummy-5rvdcm8b,0.9926666666666668,1,1,1,0.04630858871711775,0.04957109265691145,0.04669275295916934,0.0500493269661626
0.04631290963315892,0.04427897931357082,dummy-5tgjkaf3,0.934,0.9813333333333332,0.9673333333333334,0.99,0.15328663280818977,0.16095923808813808,0.15604334089479047,0.163724623388383
0.2071623688329037,0.05998364636038231,dummy-5txp4h7p,0.7186666666666667,0.946,0.7926666666666666,0.9506666666666668,0.16504134742597532,0.2013271917999582,0.16888379814956572,0.20785337742576704
0.0198251379358135,0.01719188608688689,dummy-5ug8nqqa,0.9766666666666668,0.5466666666666666,0.99,0.57,0.05187614953256852,0.07649951724279735,0.05233346681074843,0.07735201533431908
0.14020689901308064,0.04609987077169249,dummy-5utm5n49,0.6906666666666667,0.8466666666666667,0.6006666666666667,0.972,0.10830475763271072,0.17528078085842655,0.11071268616084734,0.18454158316387428
0.1349262545875737,0.04571991605224065,dummy-5ux7tju1,0.902,0.8233333333333334,0.9426666666666668,0.9173333333333332,0.1636579038056827,0.1901846416073237,0.16706843078064756,0.19636294938170595
0.1680974423412551,0.08096538711112791,dummy-5x8wv9r5,0.7286666666666667,0.7866666666666666,0.8033333333333333,0.8246666666666667,0.1930498505327519,0.3262604353544486,0.19712923335040727,0.33776688824480305
0.05790897961990803,0.06199243355659873,dummy-5xtf8weu,0.65,0.9206666666666666,0.856,0.9826666666666668,0.13945938923900988,0.14637413946590205,0.14144992416570815,0.1516442863480116
0.04878561102182166,0.01903209381381842,dummy-5yaeybda,0.936,0.826,0.9613333333333334,0.8126666666666666,0.05308515815394714,0.10236686915034848,0.05357793680651467,0.10336882977251256
0.04049301648279369,0.05037955677919427,dummy-5yzkknkc,1,1,1,1,0.1451873968677387,0.1648660149615301,0.14805952266319625,0.17031286487630884
0.05505357432657203,0.04150405904806074,dummy-5zo1g091,1,1,1,1,0.15895715315894127,0.2489640784918052,0.1624428277208907,0.25424723507414665
0.00275718259177895,0.01873568388409095,dummy-64jl80sr,0.7613333333333333,0.774,0.8213333333333334,0.7613333333333333,0.0477338130316657,0.04759535932209163,0.04819882740196669,0.04808637785804222
0.05800161570904063,0.05104122846921656,dummy-64w81ayn,0.99,0.998,0.9986666666666668,0.9993333333333332,0.1671067371468272,0.17845920736417573,0.17047088594071688,0.1835744184452668
0.04619963278784685,0.0630759324317517,dummy-675tzb26,0.4633333333333333,0.856,0.544,0.8493333333333334,0.12353336035325316,0.12082662415895493,0.12564823108244863,0.12296056568246332
0.02019111808271348,0.03401625703212162,dummy-679lb624,0.9973333333333332,0.9986666666666668,0.9986666666666668,0.9993333333333332,0.1366549451023254,0.13026973244709453,0.13911104742951422,0.13323874101813518
0.00418097659008168,0.01578474547699376,dummy-68yt19jb,0.9253333333333332,0.9833333333333332,0.95,0.988,0.04650919504861157,0.05174521383247986,0.04708903665765895,0.05248344768852353
0.05658486956299595,0.01904498730761277,dummy-6ay8i82h,0.9073333333333332,0.8266666666666667,0.8873333333333333,0.8186666666666667,0.05049925211444556,0.100001717451889,0.05099574351132551,0.10082857676597276
0.03120634249146297,0.0443746033169201,dummy-6ct7s810,1,1,1,1,0.17353313552832897,0.1451224223460715,0.17732665615418844,0.147476336188803
0.01254572363799151,0.01619844494056101,dummy-6dhj1cur,0.966,0.83,0.986,0.838,0.05222004457611097,0.0833571715260249,0.05285244090371318,0.08430750260952406
0.04141913737522002,0.03804775602343851,dummy-6eje9hy1,0.8766666666666667,0.9606666666666668,0.9026666666666666,0.97,0.12549328631396264,0.14036403112958,0.1275439041440088,0.14365931582979083
0.13922648583787917,0.0447764461448164,dummy-6enrwb44,0.7693333333333333,0.9166666666666666,0.762,0.942,0.1278822299981471,0.2615762098750039,0.12966151880581386,0.2692289956279516
0.18612336911974697,0.05630318681512918,dummy-6f0mcopq,0.758,0.8866666666666667,0.7873333333333333,0.9053333333333332,0.16595796142432695,0.2356520516646596,0.16895822641589525,0.24372118565610856
0.11999582160547656,0.05097699736486452,dummy-6g4fspgm,0.872,0.914,0.9126666666666666,0.9286666666666666,0.15141990795778107,0.20485787355826465,0.1557343161364154,0.20990146726475295
0.12945168504466295,0.06052810425773436,dummy-6jqreuev,0.9933333333333332,0.9973333333333332,0.9693333333333334,0.9926666666666668,0.21794699252998145,0.38081039231758274,0.22381103804069216,0.3983487399931282
0.00643694840511114,0.01863851701563421,dummy-6jvw506t,0.9653333333333334,0.9926666666666668,0.9726666666666668,0.9913333333333332,0.04584369649608922,0.04849722201894638,0.04627388410238923,0.04931003783922613
0.08581288695455885,0.04900875666998734,dummy-6kspromh,0.61,0.7233333333333334,0.708,0.7313333333333333,0.12007652779559648,0.15098896876527745,0.1229854473424239,0.1549421040378031
0.0034515289609063,0.01219735635959185,dummy-6otf49gi,0.9993333333333332,1,0.9993333333333332,1,0.04606309166395495,0.04557700001208669,0.04643211419639313,0.04634263970590626
0.0512978674537435,0.03262347711531859,dummy-6ra0x2hg,0.9906666666666668,0.9946666666666668,0.994,0.9966666666666668,0.11580103683418302,0.17806883224913364,0.1168780013227276,0.18055844808653865
0.06800811096928373,0.01440111704668471,dummy-6uhv5lej,0.9853333333333332,0.9946666666666668,0.9866666666666668,0.992,0.05287416328268062,0.1766677722266997,0.05336484041266735,0.17937785414105867
0.08281990647025976,0.05268393170288297,dummy-72zeonfb,0.99,0.684,0.9873333333333332,0.7566666666666667,0.1685304735860987,0.13562049887113167,0.1750447613099738,0.13885346767977969
0.01791277459487883,0.0188003282259539,dummy-76h57fvg,0.9133333333333332,0.9673333333333334,0.9246666666666666,0.9606666666666668,0.05280878834268833,0.09468917295095466,0.05335705375107483,0.09570872427523938
0.04253053057350949,0.05138079332210723,dummy-775rpgxy,1,1,1,1,0.18324103825838495,0.1691536609043468,0.18695483278627495,0.17304723727114163
0.5187930732006454,0.06752371815631272,dummy-77yutw4x,0.55,0.9646666666666668,0.9486666666666668,0.9646666666666668,0.15210097085476573,0.5800449261827073,0.15679047078943212,0.5922104785977663
0.07867337075831923,0.07685925919504256,dummy-788nmgbp,0.6366666666666667,0.7153333333333334,0.7473333333333333,0.7466666666666667,0.16383385375031653,0.17901473765805145,0.16752096809970682,0.18371381188586852
0.3856242208606572,0.03207073056910928,dummy-7avrh35u,0.898,0.9266666666666666,0.9146666666666666,0.968,0.10324496901213938,0.39959227698674304,0.10469368169878111,0.41066356046367536
0.01602119368966774,0.03560956436568523,dummy-7bjk9wj2,1,1,0.9933333333333332,1,0.13472768003545135,0.10960398026748572,0.1362005134326481,0.11147077925423614
0.24813648393919951,0.06675528546459539,dummy-7hidykhk,0.928,0.9653333333333334,0.9493333333333334,0.968,0.18892346782108,0.3539741118648487,0.1914665282781304,0.3684844036357891
0.07541490696528096,0.03211528823901425,dummy-7ihyec01,0.9386666666666666,0.8286666666666667,0.9493333333333334,0.8493333333333334,0.1045380978766792,0.21692900490780717,0.10547136958181871,0.222316599679718
0.11812730829891012,0.01500979780891587,dummy-7klqg2j3,0.9273333333333332,0.8466666666666667,0.9293333333333332,0.8486666666666667,0.05367204397829034,0.14815810123576822,0.05415354879265421,0.14949126716543135
0.10895094454055285,0.05696308279733832,dummy-7m274zzw,0.5126666666666667,0.6393333333333333,0.5253333333333333,0.6306666666666667,0.11711661498075109,0.145711615421915,0.11942469694584676,0.14839859696857446
0.01520031691895311,0.0156970897097556,dummy-7ncqce2j,0.9766666666666668,0.904,0.996,0.904,0.050887086461448273,0.09320740647085204,0.05133888818550176,0.0942655795213104
0.01124951310591254,0.02881268809380731,dummy-7o79rwko,0.992,0.998,0.9973333333333332,0.9986666666666668,0.09724401236521894,0.09750257401379908,0.0984099850471154,0.09929977039265354
0.3750727871695869,0.03020931991062463,dummy-7r7510p3,0.932,0.97,0.948,0.9713333333333334,0.09751508963929452,0.2554794937743392,0.0989267432775808,0.26176853782067105
0.06943029785002157,0.0543984541165763,dummy-7re350kq,0.45666666666666667,0.5746666666666667,0.4646666666666667,0.598,0.10580380632955376,0.10797943056761286,0.10676912919470702,0.11178001749607924
0.10737997511915973,0.04917150497648549,dummy-7tapfk56,0.9906666666666668,0.8766666666666667,0.9933333333333332,0.994,0.15609145490306725,0.2795724509786246,0.15840896064833213,0.29135849916124434
0.00695851955192456,0.01472786085339974,dummy-7uwfdgmo,0.9206666666666666,0.9926666666666668,0.9433333333333334,0.99,0.04768241462443383,0.04531126577080908,0.04820230997734737,0.04588040816368163
0.06510758425583886,0.07895577325183997,dummy-7v2l0b24,0.29533333333333334,0.572,0.24666666666666667,0.6073333333333333,0.11875676617422,0.11634789094235348,0.12128318928140096,0.11800403620762476
0.25194364288623133,0.07905087418300867,dummy-7vr503uc,0.48,0.546,0.5833333333333334,0.6133333333333333,0.16368819900030493,0.23617131634365496,0.1704103750280615,0.24568249004632992
0.0819698551974733,0.02620417518536145,dummy-7xb70t2c,0.9586666666666668,0.982,0.9666666666666668,0.9846666666666668,0.10127502364673846,0.13891657927998463,0.10239057719013678,0.14351357644071733
0.00401016689327563,0.01789667128349417,dummy-7ze5xpjg,0.9966666666666668,0.9406666666666668,0.9973333333333332,0.918,0.04811530186758295,0.0538572670665188,0.04857962347936722,0.05456137333595965
0.0707812695415716,0.08158461351629118,dummy-81pbqmxx,0.572,0.9673333333333334,0.9826666666666668,0.9926666666666668,0.1703839609693485,0.16841702603203632,0.17287514229116474,0.17256106371623242
0.03916078388672498,0.05163742934784961,dummy-834t5s4o,0.9993333333333332,1,0.994,0.9993333333333332,0.18915605112132353,0.14900019242535362,0.1919918963031445,0.15314846827224968
0.02870095092962017,0.04422429120909513,dummy-83tlyvy9,0.9993333333333332,1,1,1,0.17788494016129316,0.1528714314531702,0.18047674553541004,0.1549973699473184
0.06303409290208531,0.09508718654075446,dummy-84jqayum,0.36666666666666664,0.7133333333333334,0.30333333333333334,0.664,0.17356727141453385,0.1404332551355309,0.17642721074017212,0.1441318739779108
0.00247926113071161,0.01198521523064369,dummy-85wq4m4k,1,1,1,1,0.04855772265677739,0.04852521237708113,0.04895009809319952,0.04909160051576887
0.20148410512943665,0.11174525896512735,dummy-861n0arx,0.5773333333333334,0.634,0.5826666666666667,0.68,0.21745703057410035,0.2905935247801134,0.22701551071137055,0.30022827176596223
0.2711013294624289,0.11166338360435706,dummy-86q3z97f,0.43333333333333335,0.6246666666666667,0.51,0.702,0.18509206629572827,0.344093753464581,0.19384281335353312,0.3644344098506882
0.04080597026885693,0.05878947129736577,dummy-87tva0dt,0.9993333333333332,1,1,1,0.18094360079313165,0.1576424727076574,0.18451331643195287,0.16019865929199834
0.08789483297868214,0.03877990950626411,dummy-8agkoygq,0.794,0.9,0.8326666666666667,0.9093333333333332,0.11559404686551566,0.19134505700508336,0.1171874925098238,0.19495120079692177
0.02276162908125122,0.04075331171652154,dummy-8ahnp58j,1,1,1,1,0.12810322009288244,0.11377214607211432,0.1295127023645875,0.11603160998648906
0.08150223050074773,0.0491153010008926,dummy-8catemzc,0.9853333333333332,0.8733333333333333,0.986,0.952,0.13594545640666728,0.1979111454574229,0.13801094972021463,0.20211230350351003
0.09091698335398206,0.04495761950441167,dummy-8f2f52x9,0.714,0.624,0.7246666666666667,0.6066666666666667,0.119112118631374,0.13873006849321542,0.120532709844789,0.14063927765973916
0.04744712552206907,0.0416308476242454,dummy-8gsem5ck,0.7846666666666666,0.67,0.828,0.848,0.10014117182161762,0.11728219245768816,0.10150130588632277,0.12203904660260637
0.08637168089901785,0.04819091659296053,dummy-8iew6nux,0.658,0.7566666666666667,0.6753333333333333,0.7546666666666667,0.09975123006224332,0.16459212722002062,0.10060217072631417,0.16735910316057723
0.03241029348345663,0.04745870092270814,dummy-8imgpjyt,0.37866666666666665,0.698,0.436,0.724,0.09167685597319182,0.0954986626497976,0.09281229519492,0.09704761050209032
0.00549706296960081,0.01618094777386917,dummy-8ky0rspc,0.862,0.99,0.976,0.992,0.04648623284928981,0.05108875128377054,0.04696966412212608,0.0517241241398421
0.03567109735881716,0.03319507504264825,dummy-8n74c572,1,0.9453333333333334,1,0.9373333333333334,0.12325571353266242,0.15500460921705228,0.12486736955921252,0.15745169547477808
0.04048138598282851,0.01371489868649326,dummy-8ozuiyz7,0.9553333333333334,0.9873333333333332,0.9553333333333334,0.9886666666666668,0.05279740630847929,0.09745053858873905,0.05334539027317061,0.09842092207821952
0.00569608529692518,0.02052992944803806,dummy-8pkydg8s,0.6733333333333333,0.5846666666666667,0.6693333333333333,0.542,0.04476462543274873,0.05467713547876504,0.04521748780266406,0.0553866579993989
0.06743777672710241,0.07150390370105396,dummy-8tgijnwp,0.816,0.9786666666666668,0.992,0.996,0.17236117454455777,0.16723977171833038,0.17613430623796417,0.1713751079165932
0.10871008707194972,0.04824634714309718,dummy-8vrx93fi,0.9993333333333332,0.9853333333333332,0.9986666666666668,0.9993333333333332,0.1540521385884818,0.2188238275301815,0.15686592611766068,0.223288449795243
0.03561682853729509,0.06080333840209712,dummy-8xl8f4er,0.29,0.48,0.306,0.478,0.09809674342955964,0.08769712622271342,0.09951234608840231,0.08857365217288543
0.03073152904899586,0.04222230042975979,dummy-8yxjd9az,0.9586666666666668,0.9953333333333332,0.9373333333333334,0.9793333333333332,0.13788875826628677,0.10963210152261062,0.13976000284779985,0.11231637786670952
0.00260125363570937,0.01739756036132071,dummy-8ze8dtso,0.9993333333333332,1,0.9993333333333332,1,0.0490945617104982,0.05421771753485975,0.04952146163556773,0.05512809665690861
0.07819130681563446,0.05388884739404503,dummy-901mu24m,0.856,0.54,0.8613333333333333,0.6073333333333333,0.1550580896556301,0.2058876343880606,0.1565449017018209,0.21540856952151835
0.03327376821740255,0.03975703734636719,dummy-90k4he0r,0.8853333333333333,0.9733333333333334,0.9266666666666666,0.974,0.1285954685592186,0.1400117612934598,0.1302984566681401,0.14332502178772966
0.12124499950267832,0.0774027474110242,dummy-911y3vkz,0.744,0.54,0.6893333333333334,0.5546666666666666,0.204546513933086,0.15413519481918095,0.20715274030060732,0.1565923086134655
0.22093244689286287,0.08437767739355297,dummy-91lrp4c8,0.7646666666666667,0.9373333333333334,0.8026666666666666,0.9673333333333334,0.19400677299071217,0.3361010343391939,0.1982024689876984,0.3488023540805
0.0027313854295926902,0.01141091493895654,dummy-91snyb51,1,1,1,1,0.04517285701816135,0.04522854648105098,0.04551657119965182,0.04560620462382005
0.05971443394025087,0.01798822684858398,dummy-92zbhwnn,0.8106666666666666,0.78,0.81,0.778,0.05192760189311655,0.11043174718712614,0.05239735218586924,0.11150275259663206
0.00242066805653641,0.011332429421813,dummy-952kx2pe,0.9993333333333332,0.9993333333333332,0.9993333333333332,0.9993333333333332,0.04494431001760173,0.04751406530047504,0.04531154704229324,0.04791874749614404
0.00238256272043228,0.01217389216115677,dummy-964utxbg,1,1,1,1,0.04695616706536255,0.04922424016143035,0.04739044759809148,0.04986516352829111
0.1167769488803649,0.06038773584729309,dummy-96gulf49,0.6746666666666666,0.876,0.756,0.9066666666666666,0.1650246006995482,0.2062611289269586,0.16934613714896707,0.21160518158693023
0.21961989877541013,0.07380828534457198,dummy-97slchxp,0.8346666666666667,0.8493333333333334,0.8606666666666667,0.9566666666666668,0.2072289274427166,0.3071692922599796,0.21380866998745365,0.31768368878850445
0.01790241845795544,0.03893198897586327,dummy-9ceqwc30,0.998,0.9993333333333332,0.9986666666666668,0.9993333333333332,0.135101893252652,0.1202002385361278,0.1370946847089841,0.1218808119070548
0.1969132221983058,0.07735294674919821,dummy-9cuywo4l,0.5473333333333333,0.4846666666666667,0.5326666666666666,0.5526666666666666,0.1548476721992334,0.1604987570120515,0.15950618750007378,0.16496524205917518
0.03912374795544905,0.05040046590828642,dummy-9e8gaoi4,1,1,0.9986666666666668,1,0.18233419679922155,0.15394940473845417,0.18998529656776145,0.15789687222395607
0.06418725043970293,0.07610640683481534,dummy-9eury2yj,0.9213333333333332,0.8906666666666667,0.7773333333333333,0.882,0.17546784544675215,0.14014932085107168,0.1789597656615003,0.14351800784906876
0.3287516880097939,0.05411958155900549,dummy-9gcjje8d,0.8853333333333333,0.942,0.9046666666666666,0.9553333333333334,0.1790241025756433,0.4478562800852659,0.1843288960461076,0.4648933195207469
0.5150955510011882,0.10241885129043932,dummy-9gx512hb,0.5366666666666666,0.6006666666666667,0.5693333333333334,0.558,0.19530519461903548,0.8196685298453259,0.20176154171120653,0.8509376066965189
0.01267120311554985,0.0347913736558469,dummy-9ji59ad4,0.9693333333333334,1,0.954,0.9973333333333332,0.09597798071757956,0.08192685258060273,0.09688574832420484,0.08301374729762674
0.04356254494144981,0.01621670848517875,dummy-9jpyl53t,0.6673333333333333,0.804,0.7466666666666667,0.816,0.04697415663648618,0.0794228174214873,0.04742151151266412,0.08125952932624847
0.03930623970229017,0.05379062369278158,dummy-9jqt6gfb,0.9866666666666668,0.9946666666666668,0.9973333333333332,0.9986666666666668,0.17467032580785236,0.16302873875068716,0.17955047804967708,0.16708793081116757
0.10921986618897075,0.05841081710351508,dummy-9jtinebe,0.9953333333333332,0.7773333333333333,0.9953333333333332,0.828,0.2066540115860747,0.2446020596657779,0.20880593873522613,0.24878895467403409
0.03236087590442606,0.03769133784350526,dummy-9kpv9p8i,0.8353333333333334,0.542,0.8093333333333333,0.524,0.10617129741376365,0.08169629202849804,0.10709179687604224,0.08254703104954174
0.191307882266451,0.07297855331986888,dummy-9opzw603,0.748,0.48333333333333334,0.7473333333333333,0.5213333333333333,0.20813374857271325,0.2375127978070776,0.21006871559011803,0.24920357939356455
0.2511788198103942,0.07144050344352686,dummy-9qmtbvck,0.9946666666666668,0.7706666666666667,0.9993333333333332,0.8113333333333334,0.21118420556049616,0.2735549039324884,0.22027000200551913,0.28766196334305066
0.00449331818385517,0.01341073758551643,dummy-9qvji1im,0.976,0.992,0.9833333333333332,0.9933333333333332,0.04477870040121894,0.04832230599989062,0.0450335708252394,0.04867080088501135
0.01525746531189411,0.03188929908938704,dummy-9rx4nffq,0.996,0.9986666666666668,0.9986666666666668,0.9993333333333332,0.0973918093311758,0.09191087720009948,0.0986710821721862,0.09368792435418288
0.0627237434284158,0.01601781436388168,dummy-9s4jkjos,0.9853333333333332,0.79,0.9853333333333332,0.7826666666666666,0.0532514974316414,0.1460804831862927,0.05368029924579078,0.14756548463347177
0.04491572012348835,0.03389899911913404,dummy-9ulfdb4q,0.98,0.904,0.9893333333333332,0.996,0.11385081356819744,0.2294546887204854,0.11549413777342646,0.2327936526345237
0.03371426059683363,0.01742465909933312,dummy-9ws6jsfq,0.9806666666666668,0.996,0.9713333333333334,0.9933333333333332,0.05392358482853478,0.147177470413712,0.05442064674181312,0.14902985879575914
0.00584295550854703,0.01428344351123508,dummy-9ztztmgz,0.9746666666666668,0.9973333333333332,0.9446666666666668,0.9926666666666668,0.04710529971726988,0.04580149168076056,0.04739740272594077,0.0462841458830215
0.09741148561105924,0.01679180138922054,dummy-a1vrqhiu,0.9213333333333332,0.8213333333333334,0.9266666666666666,0.8286666666666667,0.05110511376664659,0.11757591440692455,0.05150928896836875,0.11889982177950144
0.14676729834106564,0.05297812013158172,dummy-a36pxdf8,0.858,0.9466666666666668,0.8966666666666666,0.9593333333333334,0.1599593571105545,0.30791037436132795,0.16263730361351447,0.31357117626512143
0.09400198444531736,0.0979062743246826,dummy-a3wowc0u,0.09466666666666666,0.7146666666666667,0.3606666666666667,0.944,0.17585858260423504,0.14823590786308252,0.17870057826672145,0.15111160157042233
0.04359854279782872,0.03043540745154253,dummy-a434uj94,0.9986666666666668,0.9306666666666666,0.9966666666666668,0.996,0.11221713578163496,0.16920504162441438,0.11349642758916095,0.17214136404339578
0.13528251124457266,0.05022777318446847,dummy-a5ne8f4j,0.7226666666666667,0.7806666666666666,0.782,0.8173333333333334,0.13405402724222812,0.18241102894313307,0.13855730357530308,0.18777748289643345
0.0268500833639656,0.03331812205675232,dummy-a5zid7fz,0.9986666666666668,0.9986666666666668,0.9986666666666668,1,0.0998220809380129,0.11214939546415224,0.10128049779088398,0.11361636046781842
0.04703932463065041,0.01618100581930507,dummy-a6i33nx7,0.9906666666666668,0.93,0.9913333333333332,0.96,0.05168462515894683,0.12086743615850112,0.05212498122158289,0.12255955329286145
0.1611494440531204,0.04668152986661486,dummy-a8i4zkl0,0.9033333333333332,0.6733333333333333,0.884,0.658,0.12069984662148772,0.2869423604218249,0.12212928144382108,0.2917098756167629
0.10458414678388378,0.05519910312504447,dummy-abr5v4ez,0.9053333333333332,0.9593333333333334,0.9813333333333332,0.9926666666666668,0.19429851895816733,0.23756780220497223,0.19982026774424305,0.24929259373437665
0.12568746204209577,0.06178507310212642,dummy-adx2ki0l,0.9846666666666668,0.664,0.988,0.7173333333333334,0.1977869618198041,0.24846097797579572,0.20088412588539767,0.25843013067308457
0.02416411443032796,0.02089679428259104,dummy-ae77pqu5,0.6793333333333333,0.938,0.692,0.9953333333333332,0.05106114321020748,0.12213953835922958,0.05142220534628916,0.12360036177328848
0.06939499534730514,0.04635869160132139,dummy-affwtwpf,0.7606666666666667,0.9106666666666666,0.788,0.9193333333333332,0.11418232600697016,0.1542224333597771,0.11558683651930574,0.1578781911642262
0.05521767331935985,0.06140437132790803,dummy-afxjskh8,0.4733333333333334,0.8306666666666667,0.4513333333333333,0.832,0.11785251657344432,0.11722612427030012,0.11936785179992472,0.11866714287465584
0.02142656137490317,0.01790312921244613,dummy-agcw5r55,0.992,0.814,0.992,0.8526666666666667,0.054152970434227,0.08737109647730379,0.0546520371088469,0.08823841357917261
0.07031229394474398,0.01902436374057477,dummy-aj4sxn8f,0.956,0.8313333333333334,0.982,0.8173333333333334,0.05247391502952729,0.11810578445284216,0.05291977172051073,0.11906334625068692
0.14615524196633306,0.01689156996101197,dummy-ajhusyso,0.9286666666666666,0.7626666666666667,0.9266666666666666,0.772,0.05135441012321617,0.1458612513712883,0.05200304794581351,0.14701857696201384
0.09133795731340444,0.04557116390551909,dummy-aku9fa5k,0.9946666666666668,0.828,0.9906666666666668,0.9093333333333332,0.15485893562098366,0.18421460904807188,0.1574891169222379,0.18943963936402827
0.21853533541385017,0.07424517890277313,dummy-am9859z3,0.5506666666666666,0.56,0.6033333333333334,0.5953333333333334,0.1571643937372092,0.33545325507087986,0.16016587233646573,0.3432205830867822
0.05987519287890233,0.0485300286861526,dummy-ar3nag8f,0.994,0.5826666666666667,0.9926666666666668,0.63,0.14425030957316776,0.1421235612461707,0.14645573565832348,0.14610906463019224
0.05598771167641038,0.0606159435890652,dummy-axzrdhyw,0.5433333333333333,0.8533333333333334,0.5626666666666666,0.8986666666666666,0.12131664621200544,0.1252449359755999,0.1230601948125172,0.12771265663870554
0.1611600314679808,0.05962512940882387,dummy-aybipxms,0.8133333333333334,0.9813333333333332,0.95,0.9826666666666668,0.1549254753758919,0.28588792781826533,0.15880347067834796,0.29244328705086653
0.09262308303248848,0.07784902264787735,dummy-azdm3hb0,0.54,0.362,0.5186666666666667,0.35933333333333334,0.13219955779188378,0.15333980198579444,0.13405587608998645,0.1593759005250897
0.09134206577700583,0.05418022765375553,dummy-b5aqm3j8,0.982,0.6833333333333333,0.9766666666666668,0.7486666666666667,0.15493139020399802,0.1960174157132379,0.1567014952808453,0.20108561801922167
0.1349061888644361,0.04696314912481714,dummy-b5txdn5h,0.95,0.6006666666666667,0.9566666666666668,0.6466666666666666,0.13699455153327156,0.19170457722304596,0.13955104841314478,0.19789979919555745
0.0389519742036573,0.03123826197708574,dummy-b8qiyrre,0.998,0.9993333333333332,0.998,0.9993333333333332,0.11484651347961038,0.1716809254091759,0.11634476955732634,0.1745546299849551
0.01520612446965349,0.02548107415702412,dummy-bbu3sv3z,0.9866666666666668,0.9946666666666668,0.9926666666666668,0.9966666666666668,0.09473189014799682,0.10542900903771328,0.096055404857481,0.1084040990151662
0.0098167179130086,0.03083282154155471,dummy-bcxt99b2,1,1,1,1,0.09582165185189158,0.08620252366971501,0.09693613383941534,0.08714890322435549
0.03580309599733258,0.04073369167549033,dummy-bg19nv9i,1,1,1,1,0.14836773885846266,0.15256497730054466,0.15103803428253276,0.15894102651588687
0.05736678819181654,0.0143183405739166,dummy-bhheicxw,0.9926666666666668,0.996,0.994,0.996,0.05470062580622035,0.14543933787668542,0.05534742614911243,0.1465993489413374
0.18777664612037084,0.03136564591263619,dummy-bin6ksj3,0.936,0.964,0.9386666666666666,0.968,0.11257748378449545,0.30697478986967325,0.11464243688203712,0.3114277339312498
0.18389772029761792,0.06055304164707211,dummy-biup1rwg,0.9713333333333334,0.9906666666666668,0.9826666666666668,0.992,0.20755866601801504,0.4247732864875247,0.21638157230112137,0.4407209518705431
0.05148911247866279,0.03616478159266563,dummy-bjtv9i71,1,0.9553333333333334,1,0.95,0.1154526095709412,0.1520386970350481,0.11721000237579288,0.15429368051786752
0.02110265058562177,0.03335212393862256,dummy-bk1k4qo0,0.9926666666666668,0.998,0.998,0.9993333333333332,0.13021372997659075,0.12712526416890263,0.13173624237149562,0.1290102482143159
0.02803981406409466,0.03031019778141832,dummy-bkzo0mu1,0.9826666666666668,0.994,0.986,0.9946666666666668,0.11127910187291978,0.18418300377680616,0.1125162666105692,0.1881284531478092
0.2105923939887221,0.07474709722633048,dummy-blwrhxw1,0.958,0.5406666666666666,0.9606666666666668,0.5206666666666667,0.18046379224819975,0.3427914877202538,0.18629015714851443,0.3578007518019369
0.05510652433475694,0.05389662575133628,dummy-bmyfhezt,0.7133333333333334,0.9066666666666666,0.7906666666666666,0.9286666666666666,0.1271936900878638,0.13994056609696948,0.1289117271521704,0.1445407520609005
0.06713945437399702,0.05895891322791311,dummy-bnzdli02,0.5346666666666666,0.41,0.556,0.454,0.10502981781361814,0.14109477084873412,0.10697120753945384,0.14797256417402074
0.17913560472101278,0.09048776256858888,dummy-bo9qyc1h,0.09733333333333331,0.738,0.10133333333333332,0.7493333333333333,0.10570070680061897,0.2067472006876354,0.10762041180625492,0.2112644910259133
0.02241752282039265,0.04158016471857857,dummy-bp3f2zlv,1,1,0.9993333333333332,1,0.1374586473187255,0.11612735268873955,0.13958777752591703,0.11791384561534742
0.03883540006349664,0.03298878086563082,dummy-bp560rub,0.724,0.8533333333333334,0.7573333333333333,0.8513333333333334,0.08860048064995882,0.10667995095408211,0.09004930764310105,0.1088454548266779
0.6224274381104693,0.05447480743741005,dummy-bqb1854v,0.8233333333333334,0.9233333333333332,0.8353333333333334,0.936,0.16656581183163802,0.5730969448600423,0.16982940485386683,0.5908265449083507
0.02345425179635862,0.01959663912664157,dummy-brc633z8,0.8793333333333333,0.7706666666666667,0.8866666666666667,0.814,0.04876107951764665,0.07799949102089425,0.04930823404491122,0.0792188976118018
0.00884478782517456,0.02390485974657632,dummy-brqlyzvz,1,1,1,1,0.09637266000311431,0.08763648831110432,0.09818943756085952,0.08866527402025466
0.00359814567494204,0.01664230022471096,dummy-bvfcq14f,0.998,1,0.9993333333333332,1,0.04688213424182329,0.05014627349664046,0.04732185271878823,0.05069696848733174
0.24405054922532124,0.06964077753498109,dummy-bvo9gm28,0.962,0.9513333333333334,0.974,0.892,0.20493139868604415,0.37368411676369045,0.21287021026023228,0.3890733446974517
0.08532165511811202,0.05416789886119723,dummy-bw4ifufb,0.6973333333333334,0.9293333333333332,0.698,0.9226666666666666,0.12462034173740846,0.27270662841618415,0.12622672301302226,0.27628700124989664
0.01096698874013451,0.02843693815743944,dummy-bww5lvub,0.9786666666666668,0.9926666666666668,0.986,0.9926666666666668,0.09731163512186015,0.0955515175359158,0.09989074469474772,0.09664306487033791
0.06154475898941106,0.01872576840475848,dummy-bz00ikkg,0.756,0.978,0.7753333333333333,0.9946666666666668,0.05107900577760594,0.1189491147470188,0.05171803620455661,0.12038528491611251
0.30869109484669194,0.15257396684339664,dummy-bzpr10jd,0.1446666666666667,0.3893333333333333,0.11733333333333332,0.33,0.14466268002975444,0.1856003268421321,0.14793460555636698,0.1904427514321394
0.07998210926288087,0.05525314400569738,dummy-c00cqbfv,0.8046666666666666,0.7566666666666667,1,0.8393333333333334,0.15890832607805147,0.1554095438901929,0.16194241966246137,0.1590988859144736
0.02431647397195232,0.01662141187406834,dummy-c0b9w4zk,0.9853333333333332,0.998,0.994,0.998,0.05303588178515034,0.10818179127740232,0.05357381935516343,0.10936844593530907
0.00361069548098284,0.02435570749090863,dummy-c0niin7v,0.6126666666666667,0.824,0.5726666666666667,0.8126666666666666,0.04922857230851765,0.05495019933061012,0.04968285874014026,0.05611298090411417
0.06286706919148871,0.04685776130063372,dummy-c2e5ilpa,0.5986666666666667,0.676,0.654,0.7193333333333334,0.11330979235278071,0.134593191179415,0.11497895243710309,0.13634678940826672
0.0549497227533068,0.06285526475304558,dummy-c2f9q8ss,1,1,0.9566666666666668,0.9933333333333332,0.19151826085515392,0.15668071146608514,0.1966853210941841,0.15934017355691846
0.01545063830705032,0.03455830074233883,dummy-c38z1b79,0.934,0.9866666666666668,0.9886666666666668,0.9973333333333332,0.09041970111897228,0.08775896397390966,0.0912851598779194,0.08915740219982636
0.02576343838209829,0.03634744557508599,dummy-c6km6waa,1,1,0.9946666666666668,1,0.14205000719706354,0.12653891414105714,0.14410435084907858,0.13042194269102392
0.03237544889533457,0.04676094562601712,dummy-c7lwoi2i,0.8346666666666667,0.9706666666666668,0.96,0.9886666666666668,0.12198932163485146,0.11639928566352312,0.12419521538722178,0.11811710315017976
0.09691634588560642,0.05358663637743711,dummy-cc043i8b,0.9386666666666666,0.726,0.954,0.7373333333333333,0.20184840959741837,0.20051961082309872,0.2075702219497745,0.2085890087715582
0.08461138212575016,0.07346892709393504,dummy-cibze1dq,0.8253333333333334,0.8553333333333333,0.8773333333333333,0.9146666666666666,0.18300981123623064,0.18768957471491568,0.18681306181053703,0.19377634054157417
0.0242504852995445,0.02602762208895848,dummy-cjb9sjak,0.6446666666666667,0.7066666666666667,0.646,0.7226666666666667,0.05258802844182105,0.11274578672654675,0.05296670720552503,0.11403053405467165
0.21857451475441583,0.08702726084443918,dummy-cjiw5wr0,0.444,0.57,0.4773333333333334,0.626,0.16023818805600737,0.49425804347716024,0.16350659960914127,0.5053607371749976
0.11750093451935048,0.04835506153889117,dummy-co404pqi,0.994,0.9193333333333332,0.994,0.956,0.16243379956973275,0.33324641335387933,0.16539002017492166,0.3415976537297313
0.09222421970179089,0.03907147319724168,dummy-cs6i5vn3,0.9126666666666666,0.696,0.9173333333333332,0.7026666666666667,0.10701022848843043,0.1467546104065966,0.108213641409763,0.15256575553811827
0.4007918929670514,0.05865358371938921,dummy-cvz1yxxz,0.9633333333333334,0.9093333333333332,0.9693333333333334,0.9766666666666668,0.21687027310259924,0.5163762213980624,0.22624626998376143,0.5339351515423029
0.05844878120766504,0.03907975684566546,dummy-cw2y4kdz,0.952,0.9813333333333332,0.978,0.9946666666666668,0.1162822275852621,0.2552200651471675,0.11788433440820766,0.2593645967054172
0.02391745287594532,0.04236247947302308,dummy-cxp4w4w6,1,1,1,1,0.13616128559570612,0.12600227313440576,0.1386280749379558,0.1281581503574845
0.13041631573079093,0.06463964530852122,dummy-d05fyfu9,0.8486666666666667,0.45066666666666666,0.8406666666666667,0.4773333333333334,0.16851065455667288,0.2575404272835687,0.17113234367722094,0.2656339831503603
0.01600987943193184,0.01481276078455566,dummy-d37d7pr6,0.982,0.7606666666666667,0.9993333333333332,0.7773333333333333,0.05413606658893488,0.07546997435673246,0.05473352826955434,0.07628269487949488
0.01676374513625603,0.01725913699515776,dummy-d5gryeq4,0.9613333333333334,0.9586666666666668,0.9693333333333334,0.956,0.05352226439126064,0.07659220606964572,0.05401386644617251,0.0773246614742655
0.07955787166509191,0.03697721493049952,dummy-d5n3c8m3,0.8586666666666667,0.918,0.8633333333333333,0.9306666666666666,0.1078826997425143,0.2492036824920371,0.10948055607951264,0.25410656464631587
0.3060258590565079,0.07591889313137123,dummy-d6r7j9rt,0.98,0.9926666666666668,0.9893333333333332,0.964,0.23083264285113175,0.5551535437090235,0.2363735578766404,0.5771661102293294
0.0131973599396423,0.02779449582851035,dummy-dedxcdp8,0.956,0.9873333333333332,0.978,0.996,0.0958352204510874,0.09593437002649956,0.09644865933043983,0.09746084161848392
0.00246814840066084,0.01290414725248124,dummy-dfheysfl,0.9986666666666668,0.9993333333333332,0.996,0.9993333333333332,0.04729807002385564,0.04808778906249917,0.0477098458219507,0.04869314216547409
0.06173773998698884,0.04756539457587978,dummy-dhf42e28,1,0.9973333333333332,1,1,0.16775403861962482,0.20168156768961895,0.17132603392282583,0.20739502836292023
0.00458111904622495,0.01826584979157988,dummy-dk89x07t,0.9746666666666668,0.8646666666666667,0.996,0.806,0.04679470020760473,0.05715774263003532,0.04734250109192529,0.05801993911768964
0.02861561249782374,0.01885624723767022,dummy-dkap3ucz,0.7913333333333333,0.48,0.8053333333333333,0.4753333333333334,0.05139282380827499,0.06244750434706053,0.0519237946451973,0.06322343168311598
0.09618751533122284,0.04480792270612385,dummy-dlwr1c5m,0.97,0.6993333333333334,0.9833333333333332,0.762,0.1468590935659747,0.26328978214288673,0.14867082145653432,0.27218225009844327
0.10273235485711868,0.05423914156998529,dummy-dn64d29e,0.7266666666666667,0.9033333333333332,0.816,0.9486666666666668,0.16002553711852785,0.1868488314298865,0.16364178691136644,0.19057303266512737
0.10312383498029862,0.04746502084621289,dummy-do7giu82,0.974,0.9906666666666668,0.9666666666666668,0.9933333333333332,0.1592913377366185,0.359630575151689,0.1629220335197901,0.3660042545775268
0.01707536221015313,0.03316447417647868,dummy-doxm6v2c,0.9993333333333332,1,0.9993333333333332,1,0.1298070857372249,0.11699079472646746,0.13179501322381962,0.11841416483230044
0.05869922874497634,0.04042040948011734,dummy-dqvpj48u,0.95,0.8606666666666667,0.958,0.8853333333333333,0.1368002635180095,0.16341808115973708,0.13880081962939128,0.16962821752781382
0.03039103578959335,0.04608787652764554,dummy-dvf2zhvj,1,1,1,1,0.18196671136448864,0.14403332611822417,0.18469717304383623,0.1466736714920198
0.01238276411864639,0.0311941078857183,dummy-dvfm5rp7,0.9993333333333332,1,0.994,1,0.09832513763271106,0.08804520731015027,0.0992118718268419,0.08948423272205257
0.03435945923917442,0.04895399891840423,dummy-dwkqjw06,1,1,1,1,0.141255573176309,0.15799329174189647,0.14330719259488828,0.16304725337669865
0.00316935322422153,0.01236511637123456,dummy-dy3om4l7,1,1,1,1,0.0464472067955202,0.04971989278232544,0.04700398173782059,0.05025386778033591
0.00783149171510231,0.01426071904495825,dummy-e0j5xafg,0.9613333333333334,0.988,0.9573333333333334,0.988,0.04875127766918606,0.0647683125837121,0.04924033304244138,0.06601712259765455
0.00718497641794407,0.01487376827329435,dummy-e1vodz1r,0.956,0.9546666666666668,0.9393333333333334,0.9493333333333334,0.04832961539865429,0.05008428440733285,0.04871759385020614,0.05069275142226384
0.13159608004477902,0.09798487538965678,dummy-e2tcw4v2,0.19333333333333333,0.4206666666666667,0.18,0.4686666666666667,0.11697132560370052,0.12558044956968625,0.11955920873998578,0.127622744414898
0.0460575625551862,0.05066959793194336,dummy-e3jrg2n8,0.644,0.712,0.5693333333333334,0.598,0.1051262625561362,0.12466378174818615,0.1069512314942264,0.12718966069369111
0.00258211769126471,0.01142856798583798,dummy-e3lga5i2,1,1,1,1,0.04564599693034823,0.04585173248923047,0.04612042658303539,0.04631866617942958
0.18782320962130464,0.06375559155697098,dummy-e46q5wu8,0.998,0.938,0.998,0.9953333333333332,0.22639832208181057,0.41170678852322445,0.23586206473711616,0.42761803197770354
0.0034928649405829,0.01283870446812139,dummy-e55cm4b2,1,1,1,1,0.04814267935795575,0.04734395791959073,0.04851465389966405,0.04782487794482396
0.02719348754914179,0.05203161348820315,dummy-e79o57yu,0.9933333333333332,0.9993333333333332,0.9986666666666668,1,0.1245262815564266,0.11690648093945494,0.12627564683487671,0.11881298856985728
0.06948509649649967,0.02161739751386856,dummy-e802yyfy,0.764,0.7946666666666666,0.738,0.8313333333333334,0.05350213319331464,0.10260586668888946,0.05396343293399359,0.10365165671989587
0.2272886999118403,0.16606577156680655,dummy-e8j8osvq,0.00733333333333333,0.34,0,0.3393333333333333,0.15732430678196255,0.1544278877206813,0.1611805967644263,0.1577763837304943
0.07013077597481189,0.054007695435117,dummy-e982kc4w,0.6573333333333333,0.8733333333333333,0.6746666666666666,0.69,0.1357819407122498,0.16976457412846058,0.13778596569610993,0.1751415916714252
0.07939684091518663,0.0484428855828574,dummy-ebwhpri3,0.5786666666666667,0.5793333333333334,0.6373333333333333,0.5886666666666667,0.1105606473369232,0.13382996632907848,0.11224783591871712,0.13603422245368677
0.07387293644096168,0.06308722365625818,dummy-efqhobaj,0.476,0.5906666666666667,0.5613333333333334,0.59,0.12246155060685034,0.1464555719061596,0.12588195723990564,0.14991038684589758
0.11641614014361294,0.04167972221054663,dummy-efsj6c1c,0.514,0.4006666666666666,0.5113333333333333,0.446,0.09249138573151716,0.1270966501121784,0.09333190105065677,0.12874965440949593
0.04106115373524533,0.03295773268220351,dummy-eh48ioyb,0.9946666666666668,0.8993333333333333,0.9946666666666668,0.9206666666666666,0.11066214796316148,0.21904170377954005,0.11241539152529584,0.22185178317880547
0.03278962663675058,0.0327928783837052,dummy-ei10ucmh,0.7526666666666667,0.8086666666666666,0.7726666666666666,0.83,0.08836911619975664,0.09296640358991395,0.0893866515058285,0.09391457210691874
0.03311773025444102,0.03999453682433643,dummy-ei4nv0oi,1,0.922,0.994,0.8546666666666667,0.14113559110346366,0.11798026098026965,0.14340026915593465,0.12073196400403984
0.00609902070376858,0.02171175926248662,dummy-ei9o26o3,0.854,0.9986666666666668,0.7293333333333333,0.9986666666666668,0.04782956632703514,0.04824786090574468,0.04833088478462438,0.04869811339302506
0.01680667726340659,0.03912031062813131,dummy-eimy2tup,0.7206666666666667,0.922,0.792,0.96,0.09410333568933466,0.09341480055750692,0.09542777783353812,0.09464681823506574
2.507265979998088,0.11093290453766634,dummy-elr95f4u,0.4066666666666667,0.9246666666666666,0.4,0.926,0.18938790230285588,0.9318553538622538,0.1965539302371926,0.9666836954271107
0.08010772795856362,0.04522687827003011,dummy-embz1tgk,0.9926666666666668,0.998,0.998,0.9986666666666668,0.16004742645848363,0.27353024369143586,0.16373548728305032,0.27861440477103844
0.00916405829103711,0.02449590173295384,dummy-emfszh44,1,1,1,1,0.09687921464225796,0.09326913230887124,0.09786141661399492,0.09429035455391171
0.05094154240104651,0.06193267620995085,dummy-emv0ulyn,1,1,0.9993333333333332,1,0.19071673022875724,0.15281028294180324,0.19453885068226065,0.154804969974508
0.01412231540794116,0.03692897683689904,dummy-emxijb4n,0.9993333333333332,1,0.9993333333333332,1,0.12753277299557636,0.1192604782083826,0.12915720309778636,0.12067531189391544
0.00668043495956953,0.01320469066128449,dummy-en4x9cg4,1,1,1,1,0.04470255690188701,0.0520216079476745,0.04526203729225891,0.05266131891151311
0.46313117024089034,0.04580730587839811,dummy-er4c905e,0.8953333333333333,0.5286666666666666,0.9,0.5166666666666667,0.12396285964501978,0.3832446365794832,0.12621191193413275,0.39182048344753184
0.0839808100895083,0.04460423919191015,dummy-eua2x88i,0.76,0.6486666666666666,0.7773333333333333,0.6193333333333333,0.10917889779516196,0.16490003269063686,0.11005547574166805,0.1688956832528628
0.0645262020597418,0.04838971252091327,dummy-evvw9eah,0.998,0.8433333333333334,0.9833333333333332,0.9673333333333334,0.15742244351944124,0.16127866025857576,0.16017477136341035,0.1683994887861432
0.17613239268913536,0.09769284897882888,dummy-ez1dr2dr,0.35533333333333333,0.5606666666666666,0.3333333333333333,0.6353333333333333,0.17032415433526807,0.11964990149431752,0.17310747802909773,0.12251214511021574
0.09650838708117136,0.08690755944434223,dummy-ez7jsp9s,0.432,0.8286666666666667,0.5026666666666667,0.8693333333333333,0.15472056016342378,0.15247209784975607,0.1578010799949334,0.15486483077341257
0.07173471490290001,0.04587390735202239,dummy-ezeii3q8,0.608,0.362,0.5846666666666667,0.37866666666666665,0.10560547079109864,0.083888146086074325,0.10701108669258008,0.08562877606160352
0.02914289587965604,0.03680959714307935,dummy-f2oexadh,1,1,0.992,0.998,0.131431157050449,0.13118020063126998,0.1332793474356279,0.133400977263383
0.25054356321792437,0.09487453369672212,dummy-f3limsmw,0.6973333333333334,0.5473333333333333,0.754,0.572,0.20812480741839132,0.2076532208465601,0.21491861864798592,0.21835193196163755
0.01285201060963615,0.03283342398137881,dummy-f42i1s05,1,1,1,1,0.13038567159859915,0.12887888760794322,0.13272902527865776,0.1321398109617563
0.030977417602511,0.01545793901689995,dummy-f9gtt5g1,0.924,0.6453333333333333,0.9266666666666666,0.648,0.0527434544949374,0.07983867452360968,0.05321927128824412,0.08050283306351723
0.5116563390338634,0.04829101967098168,dummy-favdodfj,0.8526666666666667,0.9506666666666668,0.8833333333333333,0.9593333333333334,0.15178549009010722,0.3651578143826304,0.15468199837188237,0.3709913910664834
0.05670538757506538,0.02942162559657804,dummy-ffbw73sd,0.9066666666666666,0.9593333333333334,0.922,0.9666666666666668,0.10651782933346834,0.18409404803213367,0.10809183612239268,0.18845620672082533
0.09012762484689772,0.0785431889125249,dummy-fgxxwe84,0.29133333333333333,0.76,0.30266666666666664,0.734,0.13169522527822722,0.15215043335380204,0.13487423975619312,0.1560449390384106
0.03035311745925047,0.01412095327836513,dummy-fi0cvrs5,0.9913333333333332,0.9953333333333332,0.9913333333333332,0.9953333333333332,0.05300057371951126,0.13069609324445977,0.05355751751395622,0.1317391693677102
0.02100959095468701,0.03075401049064999,dummy-fiuorlca,0.9993333333333332,0.9993333333333332,0.9986666666666668,0.9993333333333332,0.10365316589786272,0.09995866786148316,0.1050465420113716,0.10185616243601613
0.0670131383007037,0.04978070309752652,dummy-fjitpfp2,0.684,0.498,0.6166666666666667,0.52,0.1168996317847494,0.14006524381114713,0.11805275281535266,0.14428598816987465
0.43772716118380206,0.05263260234628563,dummy-fkhf9j2r,0.7613333333333333,0.9426666666666668,0.784,0.95,0.12348710862018372,0.23199211970362105,0.12497063343825938,0.23832829757774524
0.17789728685421036,0.05924102503796355,dummy-fm5b8zn6,0.8313333333333334,0.4653333333333333,0.9626666666666668,0.5153333333333333,0.168547127050809,0.13285598122990805,0.1733842729825303,0.13697530920832302
0.10087209555374511,0.06078147425336192,dummy-fmzxb21h,0.944,0.7053333333333334,0.952,0.774,0.16720699050732304,0.2078870472626546,0.1706126581770447,0.21250458863478563
0.00462846876072136,0.0159861905336325,dummy-fp5u3era,1,1,1,1,0.04571090059065955,0.0480291943595159,0.0460675022438894,0.04868838049142199
0.08732558283927286,0.1083669678431072,dummy-frbnipi1,0.06866666666666667,0.48533333333333334,0.15933333333333333,0.49466666666666664,0.1720885486883613,0.14436220928980212,0.17595991806091613,0.14713589059194523
0.01066467211288913,0.01395051610351375,dummy-fsi1w4ho,0.998,0.9993333333333332,0.9946666666666668,0.9993333333333332,0.05199301559622351,0.0787133943967386,0.05238446643340116,0.07939571663867752
0.0865801221773766,0.02972770622512651,dummy-fsidmt1t,0.9786666666666668,0.9933333333333332,0.982,0.994,0.11602116471211314,0.2440960753000793,0.11771200582049392,0.2493331065904327
0.00244000229060773,0.01195212022341386,dummy-fspqahne,1,1,1,1,0.0478494631633135,0.04801723659502145,0.04826166612103215,0.04881274682149293
0.15411622327286734,0.05662241259227516,dummy-fu66qlf0,0.604,0.49666666666666665,0.5973333333333334,0.49733333333333335,0.11391129251257326,0.40539652271551047,0.1156114519947128,0.4120314144306848
0.07630669826713565,0.05192114629888168,dummy-fvol9x39,0.912,0.9773333333333334,0.984,0.9933333333333332,0.18968708797726205,0.20035599164632703,0.1935750028906544,0.2064593417240638
0.1061230185036381,0.05579987159971695,dummy-fw9en38j,0.6866666666666666,0.7566666666666667,0.6913333333333334,0.762,0.13630833444440457,0.21814860112051013,0.13763882564152088,0.22396940570377513
0.114804920168635,0.01500258057933756,dummy-fyng9t3a,0.9846666666666668,0.9846666666666668,0.9853333333333332,0.982,0.0520121208505919,0.14804707695615937,0.05273802079778174,0.14925787622674738
0.12257162952822208,0.07347010588108567,dummy-fzqei2w1,0.5833333333333334,0.778,0.6553333333333333,0.8273333333333334,0.16285375713590255,0.19130289629646943,0.16647329863031585,0.1964440473718198
0.03303299812561893,0.03996062763264554,dummy-fzuf4res,1,1,0.9993333333333332,1,0.14579586382152504,0.13800181952929222,0.14766616996165918,0.14158670240281063
0.09191198486825868,0.02004441858287629,dummy-g0u3zmtk,0.728,0.5073333333333333,0.73,0.524,0.05149050295553366,0.09525486424313724,0.05202542003119367,0.09699657696170327
0.07704185558740881,0.06669199051565443,dummy-g19afsm0,0.7753333333333333,0.9333333333333332,0.864,0.9573333333333334,0.1747393539690113,0.17904756083765028,0.17987944615487042,0.1839604538221584
0.00270093805490371,0.01181816991984937,dummy-g3rlo5js,1,1,1,1,0.047469654097181,0.04994491194905596,0.04774518798438061,0.05050765745494131
0.01243476025560825,0.02518196359103023,dummy-g43ejz2d,0.9953333333333332,0.9986666666666668,0.9973333333333332,0.9993333333333332,0.0969300574924624,0.09764898134852834,0.09852183952673736,0.09947599984149988
0.05528155118141263,0.07288703053097045,dummy-g4ie4kge,0.308,0.7506666666666667,0.2886666666666667,0.8,0.12356096969794332,0.12622626258921033,0.12498573913441546,0.12799884941034778
0.028334905946648,0.04137912201008249,dummy-g6xcxmx1,0.9993333333333332,0.9993333333333332,0.9886666666666668,0.9973333333333332,0.1418917161407184,0.12184805253780888,0.1438602475231911,0.12328012257700588
0.08811724881921675,0.0929078122691048,dummy-g7qbullo,0.5446666666666666,0.8266666666666667,0.534,0.9146666666666666,0.17838106968822814,0.14795948884228957,0.18374312874115672,0.15049470078517968
1.1981363099812397,0.04281107232299728,dummy-g9cxfsvr,0.846,0.92,0.8573333333333333,0.922,0.13288531766248862,0.33260629322569324,0.1342964888172612,0.34368655231813505
0.22335388794816297,0.1263598146091182,dummy-g9rxroku,0.124,0.554,0.148,0.6086666666666667,0.14770616730769273,0.25369579340639786,0.15068802706044918,0.2614065705069355
0.16443030594040825,0.05585167166459662,dummy-g9xpqp5p,0.95,0.9773333333333334,0.934,0.9766666666666668,0.1460317444169203,0.2585445413587996,0.14827615904036393,0.2661337340983755
0.17295621187745047,0.01868285619505428,dummy-gbwcxydg,0.8326666666666667,0.564,0.8986666666666666,0.5733333333333334,0.0527308400446849,0.14536749245904135,0.05338504148682103,0.14699272675825023
0.04328004908553908,0.04090917875300556,dummy-gcoi802v,0.6973333333333334,0.8186666666666667,0.7146666666666667,0.892,0.10224864924871065,0.12590884737921176,0.10363548777222754,0.12935337494503069
0.11163000943885544,0.07104603112844012,dummy-gdvfps9t,0.8766666666666667,0.728,0.8586666666666667,0.7533333333333333,0.16738088368511206,0.21967677032483116,0.16987483247962762,0.22442460963862845
0.00972980588093283,0.02710301845067276,dummy-ge5yacos,0.4513333333333333,0.47,0.4573333333333333,0.4646666666666667,0.04699658897077262,0.04446532173122551,0.04746284666854283,0.04492572102759067
0.2156604500832496,0.06813341624744318,dummy-ge7ro0z5,0.914,0.418,0.8926666666666667,0.456,0.20269427315651184,0.27272482691042116,0.20634315497535255,0.2853372014064486
0.05555788627375794,0.05700245941121969,dummy-ghstosjf,0.6726666666666666,0.794,0.7233333333333334,0.7786666666666666,0.1248663281616648,0.14635124207880623,0.1264783397009416,0.1494107251516134
0.39478908666481927,0.04801898790552146,dummy-ghwt4pt6,0.882,0.9493333333333334,0.8873333333333333,0.9486666666666668,0.16525195405790352,0.2742045826509693,0.16815038372454594,0.2808442943381542
0.02475138464711872,0.01644552208604523,dummy-gk43t3ud,0.8633333333333333,0.9213333333333332,0.844,0.9566666666666668,0.05380867487691978,0.0961550379410956,0.05462631506311214,0.0973601902223362
0.00748297092573065,0.0254578110370906,dummy-gkva85hw,0.9993333333333332,1,0.9993333333333332,1,0.09427864072507168,0.09092960791346916,0.095258467094544,0.09192216332048496
0.03836701329644235,0.03346336732004463,dummy-gl2wai9u,0.6466666666666666,0.632,0.6733333333333333,0.6533333333333333,0.08527396720506986,0.09651954872063254,0.08602698982414131,0.09741051036039428
0.01452559558836912,0.01478181281979385,dummy-gljf8p5d,0.994,0.9966666666666668,0.9946666666666668,0.9973333333333332,0.05093891065762795,0.11467107548129112,0.05158590252697444,0.1157313969911824
0.01213169300775179,0.03080278976462045,dummy-gltp6v4g,0.9986666666666668,0.9993333333333332,0.9986666666666668,1,0.0993038614530225,0.09119432267665074,0.10030778611991334,0.09231051031129373
0.01718212474690909,0.03384210638001153,dummy-glwym1tp,0.998,1,0.9993333333333332,1,0.12496775674339748,0.11911123858727524,0.1263871455130005,0.1205057405385016
0.08584896568752987,0.05510301593183642,dummy-gnti92v4,0.804,0.5293333333333333,0.7853333333333333,0.57,0.15537854300482115,0.16048323281293567,0.1571268109449594,0.16466909256732512
0.1351927602846454,0.03168084039224242,dummy-grb6fmbe,0.8973333333333333,0.9693333333333334,0.918,0.9893333333333332,0.1050654668839992,0.2989559600641777,0.10771367677982446,0.3031381046215462
0.17170106104781502,0.0704792014597602,dummy-gtgpghqq,0.6406666666666667,0.24133333333333337,0.5953333333333334,0.25266666666666665,0.1576346072800184,0.20100141384048945,0.160098964454723,0.20574722682561633
0.07189222367694524,0.04094177528164959,dummy-gx9cwxbj,0.82,0.676,0.8313333333333334,0.8413333333333334,0.13086540308985117,0.15461761048690767,0.13240739548981345,0.15913157796731947
0.03708873282935723,0.03918558910179759,dummy-gyf0kl1x,0.9993333333333332,0.9993333333333332,0.9993333333333332,0.9993333333333332,0.14990581002546752,0.15509415891502712,0.15396349033498685,0.16251685490438694
0.02325786496733578,0.01386597021464646,dummy-h0a11f74,0.996,0.984,0.996,0.9913333333333332,0.0513006203872119,0.11154579450991953,0.05183540750724581,0.11277684866067438
0.1009598285485188,0.05696708116655233,dummy-h2x2n0r1,0.9486666666666668,0.8393333333333334,0.984,0.9053333333333332,0.17321319108238864,0.21775395426148456,0.17675790444348988,0.2243445516119604
0.00783969522951702,0.01945367774027071,dummy-h5i87ml5,0.72,0.8393333333333334,0.7133333333333334,0.9226666666666666,0.04740352754534707,0.0455223085194025,0.04790758363165462,0.04608150849387119
0.35790246410972176,0.04955892972712856,dummy-h6wio04p,0.502,0.6953333333333334,0.574,0.708,0.10438323476204316,0.42372530837337624,0.10683928176494148,0.43014719075609575
0.22752480620043217,0.06855687452343057,dummy-h8vv79t6,0.4846666666666667,0.5146666666666667,0.558,0.5406666666666666,0.1409024931349613,0.19177695815411772,0.1463010504774537,0.1960015385955418
0.1133428041469307,0.03671550404259299,dummy-h9kza75x,0.908,0.942,0.8953333333333333,0.9706666666666668,0.1110934185337749,0.2296169604000409,0.11236313718086324,0.2340049805239687
0.13153824894207544,0.0641526872493387,dummy-hb0zyy29,0.9726666666666668,0.7366666666666667,0.9046666666666666,0.7746666666666666,0.19225909374758351,0.17088042194847483,0.19668902682309045,0.1796341334904106
0.04129716724111258,0.0509692805826978,dummy-hcugne5x,0.9973333333333332,0.9986666666666668,0.9993333333333332,1,0.18018466531047975,0.1809857073015939,0.18415598027040547,0.18529348700074189
0.01767784276405184,0.02142873614517187,dummy-he17e1fk,0.942,0.84,0.924,0.8513333333333334,0.05509404518110973,0.06126832169268937,0.05601207443091113,0.06200385831701859
0.03012662002232608,0.04183131906948167,dummy-henp9ufe,0.7746666666666666,0.6986666666666667,0.7173333333333334,0.7486666666666667,0.1015551507767822,0.08137004653942902,0.10261669599012412,0.08268011841770977
0.16639317830553654,0.0799671866697997,dummy-hf2pc8n3,0.6133333333333333,0.7886666666666666,0.654,0.8006666666666666,0.16379713582873545,0.18607308860494,0.16841888793794832,0.1905142719331428
0.03972609599428631,0.06048348492096821,dummy-hfcxqkdf,0.346,0.6446666666666667,0.394,0.656,0.10269313060218038,0.11723368005685444,0.10456037092276532,0.12018521455071364
0.02166617703899311,0.04749169087684919,dummy-hibzx15b,0.5206666666666667,0.908,0.5766666666666667,0.8873333333333333,0.09538924053199332,0.08253813872888591,0.0966705209354691,0.08371639019439568
0.12690253451223382,0.03727450051754302,dummy-hjlj4iyu,0.966,0.9873333333333332,0.966,0.9873333333333332,0.1425803255987262,0.2936428773082463,0.14431735909938037,0.3073726819397674
0.00527941979579924,0.01522173279039359,dummy-hkfzx0ce,0.9926666666666668,0.9993333333333332,0.9733333333333334,0.9913333333333332,0.04761975584186213,0.04882851987474641,0.04819457435684195,0.04941149485702308
0.01841231757922889,0.03264446660634457,dummy-hq4w7zm9,0.9993333333333332,1,0.9993333333333332,1,0.13264148597098743,0.11725381034183212,0.13507561789245542,0.11914037612003874
0.04237747969712769,0.05436197292710332,dummy-hqra47fv,0.9946666666666668,0.9993333333333332,0.924,0.9753333333333334,0.18352642792938215,0.1309341846120704,0.18571535308490103,0.13335057229758374
0.00335628366405613,0.01293260017460458,dummy-hx3ym2qr,0.9893333333333332,0.9966666666666668,0.9913333333333332,0.9986666666666668,0.04645551315664313,0.04871307394595359,0.04685384997197743,0.04917401264048
0.02880509179084967,0.04429674278384141,dummy-hxexsvhc,1,1,1,1,0.1709616718982544,0.14490394893439357,0.17433379800361903,0.14771434182648444
0.04258037850270839,0.01581789718588515,dummy-hzfgt2fg,0.97,0.976,0.9806666666666668,0.996,0.0520634227020043,0.10865994638910398,0.05279441787763724,0.1097947296530484
0.01796548612571408,0.03289434864843174,dummy-hzkgdype,0.9973333333333332,1,0.9993333333333332,1,0.09780359964905525,0.1051406121574349,0.0995481507508602,0.107153508915143
0.010233821979623,0.02489006871912518,dummy-hzpvhhw4,0.9986666666666668,0.9993333333333332,0.9986666666666668,0.9993333333333332,0.09765839563824384,0.09409567000888472,0.09873030101265116,0.0959704946654968
0.00905314955621127,0.02032015196852926,dummy-i0wbqcx8,0.598,0.8693333333333333,0.59,0.7413333333333333,0.04508287970159807,0.05283797158064888,0.04551221041298319,0.05388326779990592
0.00314798736513487,0.01410394305560145,dummy-i2l9udvt,0.9826666666666668,0.9986666666666668,0.984,1,0.0459205010223244,0.0478590319735167,0.04631097424763215,0.04824305094816208
0.00963822761388402,0.02571833045815625,dummy-i7mf479n,1,1,1,1,0.09676304386686264,0.09248155516173476,0.09744480358064853,0.09481571218157592
0.03374986393742855,0.04102730319843171,dummy-i9u3kyj1,1,1,1,1,0.15159222074617174,0.1457273414132666,0.15402438959241535,0.15111298446094132
0.02676754968570853,0.01655375855817355,dummy-iafpjb17,0.982,0.9466666666666668,0.9853333333333332,0.962,0.05395529486291298,0.08432888095193833,0.05458117545923449,0.08521655723773722
0.2705195893387994,0.08309211448450603,dummy-ibh55ysh,0.6013333333333334,0.5586666666666666,0.618,0.576,0.1827956288998468,0.3088239866061347,0.1866666245623131,0.31299401416614
0.02757993127075979,0.03955303121308162,dummy-ig6w34zv,0.9953333333333332,0.998,0.9766666666666668,0.994,0.13612224439986495,0.10645170057279658,0.1377277389248832,0.10765033644559208
0.14821773679617203,0.04166464804655894,dummy-ikle7c6l,0.9826666666666668,0.99,0.9853333333333332,0.99,0.1112622111269993,0.4051744955154248,0.11241661327296729,0.4102798622534433
0.2036956050727829,0.10689582574181825,dummy-ililow7s,0.4133333333333334,0.6166666666666667,0.418,0.6253333333333333,0.1896360247675403,0.1455907255041152,0.195013337082598,0.1508366663450293
0.00324158255937063,0.0153813120130666,dummy-in6a4xag,1,1,1,1,0.04580915910168828,0.04673651418501765,0.04637444212318763,0.04729797274733897
0.1600936402464918,0.02963037022395132,dummy-injya9yx,0.9673333333333334,0.9846666666666668,0.972,0.986,0.1071166611661386,0.30327750789507224,0.1084285742112898,0.31100534195095164
0.03613744774478986,0.04655896809445783,dummy-intubk9m,0.8353333333333334,0.966,0.9986666666666668,0.9993333333333332,0.12979865224197623,0.13965514540991028,0.13135015981603207,0.1433586422363207
0.0955185903919869,0.06260640313256925,dummy-ipuqg92q,0.8546666666666667,0.7513333333333333,0.8366666666666667,0.7593333333333333,0.16541110899979253,0.2158775569504123,0.1678708515571745,0.22070305799881973
0.04036167445057682,0.03946446271682934,dummy-irkvxnqq,0.7733333333333333,0.5693333333333334,0.7306666666666667,0.5213333333333333,0.10792015884080725,0.09233769789302494,0.10938794825164476,0.09392954814256668
0.00295836018968303,0.01157176336604372,dummy-iuo04j6e,1,1,1,1,0.045697467724555,0.04799188267968055,0.04609051327226349,0.04845204073402721
0.04077401300841048,0.05076064797304633,dummy-iw01fpdi,0.8293333333333334,0.6613333333333333,0.796,0.6526666666666666,0.1392623834911743,0.10460757095885193,0.14031333593483017,0.10577875834704402
0.00934844293551693,0.02851557109729112,dummy-iwf074ah,0.36933333333333335,0.6813333333333333,0.374,0.728,0.04572579223898139,0.05066498715808452,0.04608295294080261,0.05130413703382982
0.03041905927196398,0.04411402439364532,dummy-iwyrezw4,0.992,0.998,0.9966666666666668,0.9986666666666668,0.1655732544948482,0.15702996487785564,0.16996262826780198,0.15979485453422354
0.01452673470573857,0.01593426539982401,dummy-ix2lx7py,0.9966666666666668,0.7973333333333333,0.9973333333333332,0.7926666666666666,0.05581979500705719,0.08749401209696528,0.05650192328858935,0.08860306787284733
0.00958609314152002,0.02718747181045851,dummy-iydsxgcw,0.9913333333333332,0.998,0.9966666666666668,0.9993333333333332,0.09709477140855811,0.11205525169183826,0.09865511003441244,0.11460256093061538
0.16141080200222832,0.04173025136653612,dummy-j0qw8dzx,0.8266666666666667,0.9406666666666668,0.8406666666666667,0.9473333333333334,0.1109041854353805,0.27107886975149725,0.1130762706074406,0.2785187517845945
0.10098163332923492,0.05349175528970314,dummy-j1alev1q,0.9626666666666668,0.7646666666666667,0.9673333333333334,0.852,0.16765235630524883,0.24017521798050745,0.1721213064805838,0.24768112309474105
0.00654704062589875,0.01373648107615437,dummy-j3y08d6d,1,1,0.9993333333333332,0.9706666666666668,0.04929031009860918,0.05585430938423748,0.04989329100288678,0.05686050524961784
0.0394746643934084,0.04535633683848392,dummy-j4oandh9,0.746,0.926,0.7553333333333333,0.9293333333333332,0.12535073451150294,0.14141665713627516,0.1279882391523939,0.14368568499527923
0.01011185285862895,0.02582241064255883,dummy-j6ufb5s1,1,1,1,1,0.10058426122502948,0.09391904772550878,0.1019501182634072,0.0956883943418256
0.03790091633295123,0.01668840435631137,dummy-j7bqozti,0.968,0.7953333333333333,0.9726666666666668,0.8026666666666666,0.05278757259583709,0.09458421046199104,0.05318347274960693,0.09557779784757416
0.1383869701496198,0.05329518622355259,dummy-j7o044bv,0.8646666666666667,0.9693333333333334,0.8813333333333333,0.9753333333333334,0.1757458030715293,0.31320497561461363,0.1782537861399789,0.3208331146695497
0.02133303843869211,0.02079148555286075,dummy-j8mg8loa,0.774,0.674,0.7613333333333333,0.6846666666666666,0.05364060505376762,0.1109009104748844,0.05420726288029888,0.11294234591137373
0.14679219659687265,0.05910907622031975,dummy-j9e0k3iu,0.9953333333333332,0.858,0.988,0.8973333333333333,0.21880604130869064,0.4257750115883019,0.2267994287663221,0.4368996073832359
0.01427551337913848,0.03078625315834295,dummy-ja6224ko,0.98,0.992,0.9633333333333334,0.9893333333333332,0.09764127323565087,0.08564621325284952,0.09866821592996664,0.08696335296170163
0.14066507524660804,0.06618280025913803,dummy-jaf7ynnl,0.9373333333333334,0.98,0.9866666666666668,0.9946666666666668,0.2138045247657941,0.27926724525967267,0.2191905771540573,0.29260397346822364
0.02900498119325371,0.01759134934866785,dummy-janz4ocv,0.9026666666666666,0.556,0.9633333333333334,0.584,0.05333584714773925,0.09604047979069526,0.05386712101255642,0.09750536371826792
0.05515846840739964,0.05359930588269701,dummy-jauqyuqs,1,0.786,0.9953333333333332,0.772,0.19489527992369535,0.1455144873654876,0.19989198743129075,0.14855724775868973
0.10911488828651024,0.04307615244622926,dummy-jazotgio,0.678,0.964,0.9206666666666666,0.9793333333333332,0.1094205846132379,0.1952839607611767,0.11189534813788132,0.2001417041795758
0.12358007303350475,0.07890175729234816,dummy-je4ohvkh,0.49,0.6513333333333333,0.5306666666666666,0.6446666666666667,0.14896006134574788,0.1717293232224623,0.15189419649401442,0.17456046860373858
0.16214956055182306,0.04704211522589009,dummy-jhoiusxt,0.9033333333333332,0.8886666666666667,0.9746666666666668,0.9806666666666668,0.1510318947021082,0.32206067508758934,0.1543605310445592,0.3327289389367337
0.16875520119893916,0.07180038696819613,dummy-jju0igsg,0.9866666666666668,0.7566666666666667,0.9606666666666668,0.7913333333333333,0.23467748733807067,0.29836791553836234,0.2423454966057111,0.3099129596085438
0.06999117906231725,0.05282272211221614,dummy-jkjnzs8g,0.7646666666666667,0.8633333333333333,0.8306666666666667,0.8026666666666666,0.15520628110654125,0.1813177413912958,0.15794180981690428,0.18477940808179927
0.02767923814447693,0.027194375578665,dummy-jmvutfxr,0.9773333333333334,0.988,0.9873333333333332,0.9953333333333332,0.10060843335297126,0.11559595606349864,0.10213153706673424,0.11823763374148576
0.01561262074890129,0.0277173671174918,dummy-jnjri9b0,0.998,0.9986666666666668,0.99,0.9973333333333332,0.10008305804021804,0.08311390873320311,0.10117689361607309,0.08387836094089149
0.04215541047013314,0.04615185289861605,dummy-jp4lzxot,0.9993333333333332,1,1,1,0.1842325404495685,0.18149725981798057,0.18744750135999183,0.18685033357867004
0.02626396081523991,0.05036425709854269,dummy-jpu8j09t,1,1,0.996,0.9993333333333332,0.1339183429284255,0.1175923522153379,0.13609202983231555,0.12001986402787965
0.07518005717952947,0.10148468722250636,dummy-jqttmqzu,6.6666666666666e-4,0.26666666666666666,0,0.25733333333333336,0.09149136312455249,0.08632387426293683,0.09217790973586058,0.0871929242989145
0.1000556974872545,0.02074765557996761,dummy-jruxs2ei,0.908,0.8046666666666666,0.934,0.8173333333333334,0.0529370073081164,0.1559321673915374,0.05343650627520499,0.15769309087031824
0.0033713236853644,0.0131828517668187,dummy-jvmv9d66,0.9993333333333332,1,1,1,0.04657860821891665,0.04628583121206097,0.04683502181197616,0.0468047611035472
0.03542023302669035,0.01588176672073242,dummy-jyuk2dh3,0.99,0.7773333333333333,0.9946666666666668,0.794,0.05177711552969889,0.09256941072436202,0.05233023070869353,0.09354192134970432
0.00294896656941176,0.0134582782513854,dummy-k2atefzb,0.986,0.998,0.9913333333333332,0.9993333333333332,0.0461864843944105,0.04924331337703823,0.04670330259787899,0.04987108627138971
0.03081747890579353,0.03856217960470889,dummy-k54srxk4,0.7166666666666667,0.9086666666666666,0.7493333333333333,0.9406666666666668,0.09303014569335948,0.09940278866329769,0.09429020237473008,0.10179191457329272
0.06554312278593775,0.06290684758616151,dummy-k8pbyvy6,0.6393333333333333,0.5286666666666666,0.6833333333333333,0.5453333333333333,0.14878527754959986,0.11166349279841845,0.15094155536451834,0.11477152553376058
0.14150360220182673,0.07127926267097903,dummy-k945d4ml,0.9973333333333332,0.9413333333333334,0.9566666666666668,0.984,0.22382756977281665,0.26081500732819735,0.2286915585617148,0.27177523627065847
0.10567140160317172,0.06839478849981058,dummy-kalypinu,0.794,0.8053333333333333,0.778,0.8713333333333333,0.15586476550034406,0.262855468882033,0.1590144162154178,0.2704648117954142
0.01258643687806727,0.02581734286943157,dummy-kani4nad,0.9986666666666668,0.9993333333333332,0.998,0.9986666666666668,0.09650897909676404,0.08938937373372499,0.09738260840666076,0.09151544506388128
0.4447751062646632,0.09929071911063266,dummy-keufn5gt,0.4,0.6046666666666667,0.428,0.6046666666666667,0.15002547180611778,0.31444767126261663,0.15510346313199655,0.32232593394228365
0.04799269308522692,0.05108072962630525,dummy-kgl4l8uh,0.9993333333333332,1,0.9993333333333332,0.9993333333333332,0.1893178988317693,0.16323100878401317,0.19336819583442083,0.16780856637288827
0.22621421744017864,0.1164245009491373,dummy-kl6vt0yz,0.312,0.26266666666666666,0.33666666666666667,0.29733333333333334,0.14029729112079534,0.5100775755004998,0.1434949427534263,0.5220005796595194
0.00358907385769479,0.01545966058667814,dummy-kpwpsjfs,1,1,1,1,0.04644297794934122,0.0490448922136527,0.0469936813333613,0.04951993092927875
0.06026141910353283,0.05934429488779818,dummy-ks1qr1ry,0.8073333333333333,0.9473333333333334,0.9306666666666666,0.9813333333333332,0.16754552034090217,0.17411730720386043,0.17186822820070757,0.1776846721000431
0.0835493709227839,0.08974623048896771,dummy-kstfjkiy,0.9133333333333332,0.8013333333333333,0.5173333333333333,0.8426666666666667,0.182802299845179,0.15463292634974504,0.1865475496276872,0.15745760324507757
0.18174805768056188,0.04371259520091626,dummy-ku30u6ob,0.8153333333333334,0.8386666666666667,0.806,0.8913333333333333,0.11906666434144896,0.187868239125733,0.12032396690280052,0.19163146992272032
0.10269810160144102,0.04928623229367332,dummy-kv0loccw,0.9693333333333334,0.9946666666666668,0.9413333333333334,0.99,0.16726778104073958,0.34576815096771124,0.17053828309116473,0.3604853291872225
0.00347047295069691,0.01492211219984696,dummy-kvdjt0z6,0.9993333333333332,1,0.9993333333333332,1,0.04846447039474805,0.04644045079662733,0.04906109497901786,0.04680915365399941
0.06824944172311428,0.05643171088495764,dummy-kx86yvlw,0.802,0.936,0.8633333333333333,0.9466666666666668,0.16272574395277223,0.17439419485209437,0.16594281453883716,0.178690540561294
0.14819883119042326,0.0921164179008168,dummy-kxmc7zge,0.41,0.8046666666666666,0.39266666666666666,0.7946666666666666,0.15151499460643175,0.17218590803417105,0.15483903803783886,0.175475203004309
0.05690000739046858,0.03518647249161236,dummy-kzb8q4nz,1,0.8753333333333333,0.9926666666666668,0.9233333333333332,0.1150622750476215,0.13853385606354054,0.11680560386279444,0.14053558783934897
0.00645337985419145,0.01342213046786578,dummy-kzhong6x,0.9973333333333332,1,0.994,0.9993333333333332,0.04688712212842165,0.04984839538576872,0.0473477435224845,0.05026970210345239
0.02822439189499869,0.03284875027575136,dummy-l0yidfhw,0.91,0.6993333333333334,0.8826666666666667,0.6946666666666667,0.10265928737438304,0.08233513200707925,0.1038398463805835,0.08318946708803551
0.0662563641219122,0.10222117768220952,dummy-l1d0rbi4,0.04733333333333333,0.394,0.02266666666666667,0.402,0.12688102771976387,0.11983788099837282,0.12866305806113984,0.1219146615720045
0.11951648877178574,0.08175136828054974,dummy-l3rsorfp,0.42333333333333334,0.5433333333333333,0.422,0.55,0.12196726565524406,0.10472746633083097,0.1242984699140077,0.10738297165927356
0.04332967575157667,0.02998198435558874,dummy-l5i9pt1e,0.992,0.5026666666666667,0.9933333333333332,0.5113333333333333,0.10020298567607648,0.10141339076073864,0.10130314583062516,0.10247273661417582
0.01395131569534874,0.0218189807833079,dummy-l5kapn87,0.7586666666666667,0.8426666666666667,0.7853333333333333,0.8446666666666667,0.05177155805027579,0.07533394729319731,0.05233495956358355,0.07609520304715175
0.00299762860523856,0.01342908829513344,dummy-l6xe2nli,0.9666666666666668,0.99,0.994,0.9986666666666668,0.046113211498522703,0.05112447762585431,0.04646062023102437,0.05195875902063282
0.15892807016346536,0.01651382060547543,dummy-l8yys2y7,0.8406666666666667,0.8493333333333334,0.8653333333333333,0.8473333333333334,0.05101706808392047,0.2376337743208309,0.05163031805350421,0.24037193120754788
0.14198764132325573,0.05532817687012777,dummy-l9i2rd9w,0.9966666666666668,0.9946666666666668,0.9973333333333332,0.998,0.200297210592588,0.2914302268849437,0.20602426008327987,0.30729290199983816
0.1938412932642409,0.11535130170203282,dummy-l9n2nmh9,0.30733333333333335,0.518,0.28733333333333333,0.518,0.15436621066363615,0.18204772910290212,0.15709519355130025,0.18528558757383173
0.00226021550810857,0.01283875095460893,dummy-lb3kyxv7,0.9993333333333332,1,0.9993333333333332,1,0.04558337599672706,0.05342053717848636,0.04593287804352958,0.05472413218566667
0.06456432829350825,0.06084010328347898,dummy-lcw37f8w,0.718,0.9,0.8466666666666667,0.9613333333333334,0.1647232122861497,0.18008174284141534,0.17075528415155278,0.1855043110078305
0.2749854457856722,0.0171840461664716,dummy-le19ntr3,0.9253333333333332,0.9793333333333332,0.9293333333333332,0.9813333333333332,0.0502124461005071,0.15696607503607693,0.05059572712699466,0.1592170800682968
0.09889185313569838,0.05966437702195214,dummy-lefnnyd0,0.7906666666666666,0.9293333333333332,0.8253333333333334,0.9433333333333334,0.17551578549581037,0.2489950580991664,0.1791839654821329,0.2611231043002955
0.1179340951250024,0.02825251636187424,dummy-leyut94c,0.9493333333333334,0.7846666666666666,0.9386666666666666,0.8166666666666667,0.10143941744132112,0.1957928649943235,0.10245753364032398,0.2009078346400748
0.0200689772053714,0.01561472674000383,dummy-lfqo1lcg,0.9866666666666668,0.9446666666666668,0.976,0.9693333333333334,0.05448643945550812,0.093916993477668,0.05498065771926147,0.09502263652300928
0.04880978243840923,0.06998868188035887,dummy-lgignrv3,0.5226666666666666,0.5906666666666667,0.484,0.5393333333333333,0.13221543845855607,0.10985661118890282,0.13455456078109806,0.11170742989398408
0.04061992863589903,0.03649189828546902,dummy-lhba7mvo,0.9866666666666668,0.9966666666666668,0.9926666666666668,0.9986666666666668,0.13539380688707156,0.17962484372281798,0.13778994503760106,0.1870930343188726
0.03175270020223727,0.04616605841551807,dummy-liz4txe2,0.9953333333333332,0.9986666666666668,0.9986666666666668,1,0.1262659491563219,0.1295262945044497,0.12887390498315326,0.13186819987173415
0.03052099887080003,0.02194073631394787,dummy-llemqvvm,0.632,0.4553333333333333,0.6666666666666666,0.4553333333333333,0.05085643464470128,0.07504352192950084,0.05147166203063941,0.07631524308195768
0.02560954080976501,0.01811028327465848,dummy-lns2c052,0.7533333333333333,0.4126666666666667,0.7773333333333333,0.43466666666666665,0.04765476652787343,0.05746778333204667,0.04803909254257162,0.05851147083306365
0.05915559595214858,0.03105373088811097,dummy-lp1z0t3m,0.996,0.9646666666666668,0.9946666666666668,0.97,0.11442371726685212,0.16934472391376248,0.11665441115510504,0.17194371106542053
0.0190510479339674,0.01612894918543076,dummy-lr0mad9a,0.9806666666666668,0.9593333333333334,0.988,0.994,0.05142857280371644,0.0963299250843406,0.0519139621122301,0.097580364063232
0.0143876555403141,0.02612650075798511,dummy-lra3bfsp,0.9713333333333334,0.9953333333333332,0.9913333333333332,0.9986666666666668,0.09278140507001144,0.09398043666352524,0.09355734916086486,0.09486706668075398
0.02072570734766082,0.04605542696197452,dummy-lrwvq01e,0.598,0.8833333333333333,0.4826666666666667,0.9486666666666668,0.09231727178115728,0.09188751633915912,0.09371333102218156,0.09367460384431518
0.01922479140640674,0.04022891822410754,dummy-lve5nfl9,0.608,0.826,0.6493333333333333,0.8073333333333333,0.09211929650726684,0.0945607322739137,0.09294617848069936,0.09558467908447409
0.30973518631989366,0.05115568494880087,dummy-lxigvu0p,0.9426666666666668,0.7866666666666666,0.9526666666666668,0.8573333333333333,0.16329563487967017,0.4514879448117356,0.16749190320889917,0.4614690807105178
0.00707023391903241,0.02384313418983556,dummy-m3okfvga,0.9986666666666668,1,0.9993333333333332,1,0.09654179028974008,0.08840828613182505,0.09763447154797034,0.0895068849358858
0.1006800073097471,0.04886388856286993,dummy-m3z4kogj,0.8493333333333334,0.5493333333333333,0.7806666666666666,0.5306666666666666,0.12581878274744734,0.2485148711078534,0.12756739987955548,0.25233680446779827
0.01664176740484516,0.02954308985581887,dummy-m56pebd0,0.9046666666666666,0.9673333333333334,0.904,0.984,0.09091351293049704,0.09701825488534128,0.0919537503144894,0.09871856574332034
0.1996992009577629,0.06063873387582078,dummy-m5kgepo5,0.812,0.9106666666666666,0.8333333333333334,0.922,0.19274344207264657,0.2494265597118213,0.1993731081900103,0.25924301238297276
0.2066605522268262,0.0301925010471199,dummy-m6t08me5,0.922,0.9586666666666668,0.9193333333333332,0.962,0.10994749632743868,0.26268942552171415,0.11135899128246587,0.26584906371411426
0.00328171863307162,0.01523385890365402,dummy-m7aiv08w,0.9953333333333332,0.9553333333333334,0.9966666666666668,0.8466666666666667,0.04825544212600705,0.04943523984164684,0.04861109757965752,0.05017202983581678
0.03064156217956908,0.02946555779463498,dummy-m8n0e2a2,1,0.998,1,1,0.1142121479794408,0.1608726853970655,0.11578025484401468,0.1651833851381945
0.15818715510956366,0.01640223246945364,dummy-mbu2ftke,0.9933333333333332,0.7813333333333333,0.994,0.8013333333333333,0.05333128224037774,0.2043767860488369,0.05382693165556184,0.20673730139459137
0.17296939047074522,0.07066893948793632,dummy-md1vqq21,0.9653333333333334,0.9726666666666668,0.966,0.9746666666666668,0.214259875773114,0.33156489921574156,0.2176779134717108,0.3484561597712477
0.03178662888376617,0.03665890330626346,dummy-mezmmqa1,0.9973333333333332,0.8373333333333334,0.998,0.8306666666666667,0.1362155584914245,0.14470363193069857,0.13841484752839997,0.14703207998313875
0.3748134335396297,0.09274510070461783,dummy-mg5o091l,0.524,0.43933333333333335,0.5353333333333333,0.5126666666666667,0.1824725667666269,0.18932362683807435,0.1893920922704162,0.20177805247787808
0.03333796212121514,0.03320804637095282,dummy-mgcehfgr,1,1,1,1,0.11754309380087166,0.1865191491456749,0.11933554899671368,0.1886709286329498
0.23818597922964135,0.08817052833691895,dummy-mhnnco3h,0.3973333333333333,0.49333333333333335,0.44266666666666665,0.5166666666666667,0.14241027685737187,0.2011632162810491,0.14833115496569876,0.2067632667509256
0.03465781860957532,0.04643847208743297,dummy-mlv8jc3v,0.6633333333333333,0.9066666666666666,0.7473333333333333,0.9226666666666666,0.10080618619600168,0.10932716714880455,0.10245637809005134,0.1115779160171562
0.03298164368320233,0.04633278328399331,dummy-mm3u8loe,0.9666666666666668,0.9886666666666668,0.9833333333333332,0.9933333333333332,0.12503704600821006,0.11375425882295978,0.126446376113338,0.1148173878802458
0.13597002889968518,0.0336225759447923,dummy-mpx7vs38,0.7653333333333333,0.9233333333333332,0.8113333333333334,0.826,0.09323661386297108,0.21256228135132804,0.09423807685126456,0.21677511957287113
0.1043127896674757,0.01710252745147085,dummy-mqujwn88,0.928,0.676,0.8766666666666667,0.754,0.05045354722379724,0.1148394422893672,0.05113131970710044,0.11705076190722769
0.01204783356202294,0.02565523536510979,dummy-msy0ozv2,1,1,1,1,0.10305347721318528,0.101859935355362,0.1043325189996144,0.10382054057807318
0.01812346780520224,0.03666369044931016,dummy-mwm7xsr5,1,1,1,1,0.13290620088962585,0.1186744258137164,0.13466012791892668,0.12107781691028952
0.1497989266912566,0.05004923251537561,dummy-mxj96up5,0.7953333333333333,0.9146666666666666,0.8613333333333333,0.9406666666666668,0.15064500693497762,0.31948062124442933,0.15413304547413872,0.3285006867530891
0.06622500823840752,0.07622102093858138,dummy-mzl9ivfk,0.5406666666666666,0.9153333333333332,0.6746666666666666,0.9746666666666668,0.16874406654090124,0.16665956121896774,0.17324691946411197,0.16953905425280277
0.07956238484086092,0.04259067144634627,dummy-n67ftp3p,0.996,0.9966666666666668,0.9953333333333332,0.9973333333333332,0.16180525318114855,0.24500912590998616,0.16408393789481762,0.25176578450454473
0.2605444362603469,0.07415051318643366,dummy-n8ayaxa6,0.44133333333333336,0.5006666666666667,0.49133333333333334,0.5053333333333333,0.14132839696807475,0.21100820851678645,0.14535176827559818,0.21550627070456024
0.11436299956511664,0.0492777118421271,dummy-n8b4zuze,0.7253333333333334,0.6206666666666667,0.732,0.6366666666666667,0.14157405405266463,0.12681580068255024,0.1426913480307262,0.1298037083463709
0.01425552745833386,0.05096528685830098,dummy-nadaj5m2,0.3506666666666667,0.8906666666666667,0.508,0.9933333333333332,0.09680887246304493,0.08846734966433566,0.09792968942441332,0.08997510668506839
0.008621239574796,0.01381418115108991,dummy-ncjvvrcg,0.9646666666666668,0.986,0.9766666666666668,0.992,0.04471341279528745,0.04883254857837284,0.04519857172583833,0.0494859261434484
0.00245675746822166,0.01512384059527131,dummy-ndzgp40n,0.8233333333333334,0.8893333333333333,0.8593333333333333,0.8913333333333333,0.04582535755854097,0.04777930817256346,0.04610002102060361,0.04813596445779178
0.03290871576362073,0.03973697780055707,dummy-nhu8z4vt,0.8326666666666667,0.9526666666666668,0.8893333333333333,0.9646666666666668,0.12187050053914111,0.12495192938029492,0.1237534698651093,0.12689408030380195
0.0650539392813925,0.0444365307447615,dummy-ni3uv8vv,0.9853333333333332,0.956,0.952,0.8866666666666667,0.15387961319965243,0.15608403408769833,0.156311142668739,0.16158020841478188
0.00470730413614093,0.01843654000245464,dummy-nkviku5o,0.8293333333333334,0.988,0.808,0.9686666666666668,0.04593789117696581,0.04446990546986695,0.0463238282576352,0.04483968586939659
0.04532005515473576,0.05098828202110728,dummy-nl0ekdmc,0.5073333333333333,0.5366666666666666,0.5193333333333333,0.5326666666666666,0.09116588477926646,0.09990697580785037,0.09237955307840372,0.10193940730253984
0.01528520512020492,0.03319853752753078,dummy-nnftoupe,0.9973333333333332,1,0.998,1,0.13213977441355476,0.12115799453639048,0.13390933756573367,0.12258046020876344
0.04566048475100092,0.06858805572135673,dummy-nnicnh2z,0.20933333333333337,0.84,0.254,0.892,0.1274750126890135,0.12253601798966576,0.12910187971402484,0.12523804202481428
0.02995508436517243,0.05392379196933718,dummy-nsg5k8jm,0.318,0.7913333333333333,0.388,0.788,0.09601373718951128,0.086095607155623,0.09729845282931378,0.0871405587464122
0.15559012780072976,0.05150457404885977,dummy-nt2zjnzi,0.8366666666666667,0.9086666666666666,0.8686666666666667,0.922,0.15325069371280078,0.21740362046544404,0.15718138296216733,0.22395063953311095
0.00575513593422688,0.01359729230972198,dummy-ntpegwj3,0.9973333333333332,0.9993333333333332,0.994,0.9973333333333332,0.04998190361433063,0.04886057766944993,0.05051235174791754,0.04943409744141862
0.02209590808907328,0.03037992846954141,dummy-nu25uvhl,0.9706666666666668,0.9906666666666668,0.9453333333333334,0.986,0.10736308914761004,0.09717099750780572,0.1082766436833512,0.099045591827796
0.10517231113256156,0.07562439437281107,dummy-nwtk9nk8,0.9313333333333332,0.7106666666666667,0.846,0.7553333333333333,0.1852016279424709,0.23944767654070537,0.18871694710020415,0.24401248755384455
0.13886060896249264,0.01479087074039857,dummy-nwy0ymzc,0.9146666666666666,0.978,0.918,0.9826666666666668,0.05059796938570986,0.13139491879676246,0.05106388253006454,0.13285202360189632
0.15317635873011198,0.1181330616753468,dummy-o0p246es,0.18333333333333332,0.424,0.25133333333333335,0.472,0.1523286669623361,0.17329120625630356,0.15477656322624175,0.17911298000619422
0.04124302607928946,0.05452358220122973,dummy-o57bi5u0,0.9346666666666666,0.9833333333333332,0.9853333333333332,0.9966666666666668,0.1736139483300232,0.16500715876109345,0.17729644832041913,0.1679179321459535
0.01912712286186235,0.02633173995500122,dummy-o5ry82rv,0.9826666666666668,0.994,0.9906666666666668,0.9966666666666668,0.0934350981581168,0.09656597528107602,0.09438800101340544,0.09925559441936271
0.02690846204473883,0.01686946711549557,dummy-o7e3hlw1,0.924,0.718,0.9406666666666668,0.7386666666666667,0.05290874861752084,0.08470516064130089,0.05349651939032366,0.08602948790860528
0.0207087229233658,0.0137051897876746,dummy-ob4929v1,0.9973333333333332,0.9986666666666668,0.998,0.998,0.05133588340782021,0.0864826775672353,0.05182288755973353,0.087531363532894
0.11262650115145362,0.04586198983606118,dummy-ob7feur1,0.99,0.9733333333333334,0.998,0.94,0.15671774057060076,0.2647676663495847,0.16167268791395684,0.27224189946247784
0.02392217336661517,0.0450116563612678,dummy-obaqxa86,1,1,1,1,0.1379885481637179,0.12885281868487,0.14021388562531303,0.13207266047478347
0.03199588157422572,0.01580536749832497,dummy-ocle2rqo,0.952,0.9273333333333332,0.9713333333333334,0.9426666666666668,0.05164487112192094,0.10309479406940084,0.05211471754627066,0.1043407568646932
0.01016424294913441,0.02931684410797374,dummy-od7ezu8b,0.9986666666666668,1,1,1,0.09636824898184929,0.09459958560799804,0.09756681049091832,0.09564407119305927
0.0584263282014829,0.06616737592596475,dummy-oeox39bc,0.9993333333333332,0.9366666666666666,0.9953333333333332,0.8686666666666667,0.1822838100567903,0.1380565235970684,0.18544746198077625,0.14084129344588062
0.08068465535081001,0.05288738136572799,dummy-oerfz1hj,0.9006666666666666,0.924,0.9386666666666666,0.94,0.1864227419867362,0.1702363669314739,0.19202476272972088,0.17605697167959805
0.06995360067414765,0.05999689036025725,dummy-olkcx2ny,0.6806666666666666,0.37266666666666665,0.6866666666666666,0.396,0.1405276901947008,0.13374614571023355,0.14193232655128474,0.1360257829985839
0.10437355711784554,0.05899010450488792,dummy-oll9rx7n,0.9333333333333332,0.9766666666666668,0.934,0.9766666666666668,0.17417671164019366,0.1950007480788109,0.17932638347531055,0.19872407718950183
0.04860117080708036,0.06354788855038188,dummy-omtu9ex1,0.7586666666666667,0.992,0.7626666666666667,0.9126666666666666,0.13539008326240975,0.1347042946622037,0.1384795275271762,0.1388364178552738
0.00637757498519142,0.01311791748855713,dummy-opocggch,1,1,1,1,0.04613697624169518,0.05052144084419133,0.04658582000694215,0.05135469426987766
0.1901954958464095,0.0526884416866685,dummy-orwivie3,0.8873333333333333,0.978,0.9513333333333334,0.9846666666666668,0.15211101507066796,0.3643133713055633,0.15449482700822997,0.3769235709319934
0.00362463798572855,0.01491982663496096,dummy-ovrnztka,0.9986666666666668,1,0.9993333333333332,1,0.04608508670864812,0.05085908771613957,0.04656142664862876,0.05170056796378498
0.01685954479035773,0.02021505613903955,dummy-owba8f1k,0.942,0.9,0.9673333333333334,0.908,0.05275733162380723,0.09441171629926166,0.05340922652532833,0.09537626969434644
0.02781606904497866,0.04320201527896548,dummy-oy973sob,0.9993333333333332,1,0.9993333333333332,1,0.1353659677141947,0.1313232803072822,0.1368170473153167,0.13321065625814077
0.01217871826625124,0.02548707541088964,dummy-p1j0w3y4,0.9926666666666668,0.996,0.9953333333333332,0.9973333333333332,0.09542157930610572,0.09395594737653978,0.09640509244803185,0.09513541857436016
0.02026282060631938,0.03522955178157532,dummy-p1u6rzd6,0.9993333333333332,1,0.9993333333333332,1,0.1339785014598159,0.11691978928103744,0.13511865190123434,0.1196318448121864
0.01631963126412356,0.03139695426232582,dummy-p2sqtrrt,1,1,1,1,0.1269667706042822,0.11422046102171136,0.12866163272698972,0.11682150342322768
0.04975635779205176,0.0139521018043844,dummy-p3fv47v7,0.9653333333333334,0.9946666666666668,0.972,0.992,0.05276555326521803,0.13349284913735474,0.05341127701129995,0.13519184456287597
0.03832917291677137,0.03150713211813382,dummy-p3nxg59m,0.7306666666666667,0.9133333333333332,0.7593333333333333,0.9233333333333332,0.09633577507013934,0.12796611289961107,0.09809171313201356,0.13231771796085587
0.1295807145732807,0.06921449521172728,dummy-p5i7ntjy,0.9866666666666668,0.456,0.9893333333333332,0.4606666666666666,0.1809876156187438,0.2272010375145018,0.18475984788194816,0.23221521965469968
0.1915110306567793,0.06303921475222493,dummy-p5och55j,0.592,0.65,0.588,0.6366666666666667,0.1218699716385776,0.19302981110473497,0.12320520841362707,0.19788585494168243
0.01038237440416979,0.02610028437386946,dummy-p77u5ua2,0.9993333333333332,1,0.9993333333333332,0.9993333333333332,0.0984995338457955,0.09315183791725892,0.09982395558391384,0.09450703640700207
0.01004592772465071,0.03209268735788419,dummy-p7lqhm16,0.00866666666666666,0.7786666666666666,0.04333333333333333,0.7613333333333333,0.04886723736851063,0.05085445053610596,0.04944436589487686,0.05178860257336864
0.12317939265763744,0.057358662610009,dummy-p8dubzwq,0.7853333333333333,0.872,0.8266666666666667,0.92,0.15635045082389967,0.22247479596139025,0.1592603845375246,0.23180237094010833
0.11218288428420434,0.05212589239711469,dummy-p91f82ix,0.8113333333333334,0.906,0.9186666666666666,0.9286666666666666,0.1428266814429873,0.2484108213367878,0.14535577915463976,0.2569762561080939
0.03441004210078807,0.02961883209511263,dummy-pdiyvucv,0.9893333333333332,0.9893333333333332,0.9913333333333332,0.9986666666666668,0.1077473204924248,0.15363553963249427,0.10943455764855142,0.15819264940084748
0.06252624946370458,0.03860742069858204,dummy-pexbxdd8,0.8066666666666666,0.65,0.9233333333333332,0.736,0.12333233954118351,0.163168923347302,0.12474798258542276,0.1656615157147198
0.13277278767863862,0.06304009180992848,dummy-phgcmrji,1,0.7193333333333334,0.9986666666666668,0.7873333333333333,0.20348989367750073,0.19433005438887924,0.2093220743693607,0.20521410006282853
0.06115008810903141,0.04034084822269092,dummy-podwkcuo,0.9046666666666666,0.822,0.8833333333333333,0.8366666666666667,0.1213960850978696,0.1532658917300757,0.12366959692298164,0.1557479997997616
0.35783628495226716,0.09533602175552462,dummy-prgivzu8,0.516,0.666,0.5326666666666666,0.66,0.14747968025330138,0.24344694809781572,0.14974876994691064,0.24732363629838391
0.02026023852172638,0.02285633214004186,dummy-puhc5yl9,0.8726666666666667,0.8693333333333333,0.8913333333333333,0.87,0.05428180505026463,0.07029007951540545,0.05475242063943302,0.07083246599251368
0.02385110668075402,0.02313642488514258,dummy-pz7oh32b,0.772,0.7453333333333333,0.7546666666666667,0.73,0.05218203786473335,0.09298131680389592,0.05276546196439345,0.094159259979476
0.00500468379228993,0.01487615766629151,dummy-q0d5wewf,0.9586666666666668,0.986,0.9286666666666666,0.982,0.04740155000796001,0.04548994935032023,0.04788671212223031,0.04593068007483394
0.01851748846595485,0.04576474396523071,dummy-q0z3fgvq,0.932,0.97,0.8566666666666667,0.894,0.10050029431045736,0.09835604293486051,0.10142330445352477,0.10107714961266016
0.14631571065061036,0.03968186653206855,dummy-q2ir6bow,0.8246666666666667,0.926,0.8386666666666667,0.9386666666666666,0.11011575787451088,0.2094569144822873,0.1121390926025428,0.2131943680555544
0.09275116494162423,0.03154703353045859,dummy-q3dklmwh,0.9133333333333332,0.954,0.9193333333333332,0.9566666666666668,0.1033128161291794,0.1671720553297082,0.10481001882611606,0.17206580874444136
0.07360916758521771,0.07601721628075526,dummy-q8gito85,0.2693333333333333,0.71,0.26866666666666666,0.762,0.12204819092563551,0.1292517480375405,0.12401349154578611,0.13165567400455852
0.00335511853177799,0.01991657168114406,dummy-q9mvyetg,0.928,0.9986666666666668,0.8826666666666667,1,0.04785351387632734,0.04866319851264329,0.04838244752426207,0.04933163435507181
0.14015146025480724,0.06077631959967897,dummy-qab25tqg,0.9966666666666668,0.9966666666666668,0.9966666666666668,0.9966666666666668,0.2351552850069329,0.5575495191557311,0.2422371010964445,0.5788473353164975
0.04796969072954527,0.01403962691594576,dummy-qc7yvouu,0.956,0.8606666666666667,0.9546666666666668,0.812,0.05037339614366862,0.084842809115149,0.05093511624782793,0.08606151184532417
0.01274054650322529,0.03731624338395341,dummy-qf8q3yyl,1,1,1,1,0.09508843959388828,0.08966506336992822,0.09609919848848808,0.09103320363164494
0.00305688637484524,0.01420652478751225,dummy-qhnn5iih,1,1,1,1,0.04685051396316453,0.0489326439372267,0.04763755568333071,0.04939806516046931
0.02261342204588715,0.03952134833754429,dummy-qijoahpo,0.9986666666666668,0.9986666666666668,0.9986666666666668,0.9986666666666668,0.1341099315604996,0.14028020528045254,0.13589043269410567,0.1445002488624462
0.05663060096760197,0.05116629513781057,dummy-qiydl1wu,0.8833333333333333,0.9566666666666668,0.9353333333333332,0.9733333333333334,0.16306974547483205,0.16931940446552524,0.16683329907207498,0.172358294977621
0.08498413490334118,0.05619584362424915,dummy-qk2mtduc,0.6833333333333333,0.41933333333333334,0.682,0.478,0.14372068201368163,0.10993515600437286,0.14490275552050683,0.11172340205116307
0.06958564139983588,0.03674801456443163,dummy-qkow9gby,0.952,0.906,0.968,0.9113333333333332,0.11213194584902957,0.1581435986230746,0.11407676063662896,0.16117100613017094
0.04801971320937736,0.03127333198887293,dummy-ql1ts4v1,0.9946666666666668,0.7866666666666666,0.99,0.8026666666666666,0.11944633894364316,0.12946284252327225,0.1212656080027398,0.1313502316058644
0.27043572865037807,0.06896838011118668,dummy-ql466jgy,0.8526666666666667,0.36466666666666664,0.834,0.36533333333333334,0.2092848586460404,0.21365063483754704,0.2129289229652495,0.21982743389956255
0.00568535097479646,0.01913627445318042,dummy-qmzub9ug,0.8246666666666667,0.9346666666666666,0.8406666666666667,0.9506666666666668,0.04705594764657044,0.04928065318005843,0.04754525574383077,0.05004768444789755
0.0679090338453982,0.04131995031323914,dummy-qn5gjflu,0.6746666666666666,0.6346666666666667,0.71,0.6413333333333333,0.09417892747558884,0.11111821645693946,0.09604778447744736,0.11338907810050862
0.0436362492779306,0.02706627223472798,dummy-qnvcsfga,0.8673333333333333,0.934,0.8893333333333333,0.9346666666666666,0.09295649867443682,0.10978785018155114,0.0945838077678262,0.11134223131003249
0.02771637672722379,0.01551846792878897,dummy-qrs7w0j5,0.9893333333333332,0.8353333333333334,0.9906666666666668,0.9366666666666666,0.05305973759350528,0.12907999314183094,0.05360306123008942,0.13081646231354757
0.06609433771576928,0.07754487606038644,dummy-qspxbneb,0.9486666666666668,0.9913333333333332,0.998,0.9993333333333332,0.1720133731361103,0.15963973050468175,0.1749046105499781,0.16382446606658263
0.1549246427542585,0.05975485675238645,dummy-qvkpzb3s,0.976,0.9886666666666668,0.982,0.9886666666666668,0.22048548818045932,0.3447470105683099,0.22673652003283065,0.3564734581709053
0.11992793489267152,0.03701144304659014,dummy-qyqwwgch,0.8766666666666667,0.758,0.8833333333333333,0.7726666666666666,0.1268950672629885,0.14274191154655036,0.12884183827064863,0.14514968061139152
0.120302694114465,0.1092982309065668,dummy-r0cj281v,0.38133333333333336,0.5573333333333333,0.432,0.68,0.18669176250674513,0.14518108059066595,0.18981751497607455,0.14819477879769968
0.1157471030976742,0.04524280876392158,dummy-r285nmwu,0.9713333333333334,0.39266666666666666,0.9613333333333334,0.4046666666666667,0.12676296660125805,0.0935096688521116,0.1286919141795162,0.09607805561813136
0.14015668171701198,0.04804962944598907,dummy-r6megh2r,0.8386666666666667,0.9113333333333332,0.8833333333333333,0.866,0.14577400579047534,0.19635952625120923,0.14890928770644635,0.20237041983436643
0.06649486770994827,0.03138864042205692,dummy-r7zq7t4m,0.7113333333333334,0.404,0.7293333333333333,0.464,0.09138756671653638,0.13126032631519624,0.09409224535712996,0.13305953641918442
0.13990358479762835,0.04935889356308183,dummy-ra6eb8nu,0.9726666666666668,0.834,0.978,0.7986666666666666,0.16439684069767763,0.3852168389225744,0.16982054607924948,0.3943375725051163
0.08664115168651151,0.04292537734452454,dummy-rc9x3u90,0.9886666666666668,0.9553333333333334,0.9606666666666668,0.9906666666666668,0.11864812239686492,0.28819039853681944,0.12035981949777014,0.29161674615639427
0.00382526550606825,0.01462817897378417,dummy-rcm2wk1y,0.9926666666666668,0.9973333333333332,0.996,0.9973333333333332,0.04585018332572894,0.04898641819462421,0.04634242925407386,0.04988101927498416
0.0311518486072378,0.03842159006241548,dummy-re20upoi,0.9813333333333332,0.992,0.9973333333333332,0.9986666666666668,0.1384055105811517,0.14932619715851814,0.1404437911196861,0.15263148881835592
0.06182014836716005,0.07607892408577253,dummy-reimtmxi,0.9913333333333332,0.9986666666666668,1,1,0.17473343758537735,0.15919584900144898,0.17942999863964895,0.16269421371472909
0.00227543422590351,0.01440039153321842,dummy-rev6860a,1,1,1,1,0.04639810332576648,0.04670668361387355,0.04679982173882285,0.04724058180320901
0.22934871642390836,0.0770703702036559,dummy-rgdpaacb,0.432,0.4773333333333334,0.47933333333333333,0.504,0.14107149152739243,0.19862564764374363,0.1448701432772305,0.20371052607883475
0.02742339760087341,0.04590617062505232,dummy-rgv7xzju,1,1,1,1,0.18024345339687595,0.15753872964260543,0.1847583187432759,0.15968138662338643
0.01379499205875655,0.03297865808026415,dummy-rhmqqa7f,0.9986666666666668,1,0.9946666666666668,1,0.09745695508868683,0.08495178590092732,0.09834826045342646,0.08617325448503804
0.10125266954030912,0.03532007835542635,dummy-rj0ee12e,0.9353333333333332,0.9733333333333334,0.9393333333333334,0.9753333333333334,0.1300023015035731,0.16456025010247868,0.1318914508646352,0.16763436520261152
0.02096550130028461,0.01604674310703859,dummy-rnbdtppp,0.9773333333333334,0.6613333333333333,0.9886666666666668,0.6646666666666666,0.05338553323401689,0.07073104446243078,0.05393487624353818,0.07159767440292393
0.04637011271146619,0.01923604046118349,dummy-ro9228nj,0.7193333333333334,0.804,0.7373333333333333,0.8093333333333333,0.0523653992948419,0.09581078798959772,0.0529556126193698,0.09680244760932824
0.09593921370484576,0.05026605755125075,dummy-rp49fb19,0.5086666666666667,0.55,0.5673333333333334,0.594,0.11606108529022344,0.14411511250763726,0.118293390014023,0.1471341463149525
0.20798716005709775,0.1103348294456396,dummy-rt89kami,0.31733333333333336,0.49066666666666664,0.302,0.4806666666666667,0.14741445410780715,0.1839504652109307,0.1500311368177972,0.18720334778860043
0.05960900280754858,0.01479142120371177,dummy-rtgmeqy3,0.982,0.9946666666666668,0.986,0.9926666666666668,0.05241309355287497,0.13869915553830303,0.05302071903591076,0.1401413353320661
0.022631552091384802,0.04603142555350899,dummy-rua5yf5q,0.9993333333333332,1,0.9913333333333332,1,0.1325525184931828,0.108630166809696,0.13469813117361723,0.1100328871051099
0.02227641584451855,0.03001304665385508,dummy-rwhfhid7,0.7906666666666666,0.9406666666666668,0.8426666666666667,0.9486666666666668,0.09305258719467654,0.10022293921743364,0.09379846785825954,0.10227073266507455
0.12099890912920484,0.0347886759469994,dummy-rxj6wnur,0.9813333333333332,0.7613333333333333,0.9846666666666668,0.7726666666666666,0.11322887387657583,0.30477751834118866,0.11478429149162712,0.3096445805031908
0.10851559079825496,0.04574268518152788,dummy-rygla188,0.8506666666666667,0.5206666666666667,0.9026666666666666,0.5573333333333333,0.12036986316862146,0.13779151969719636,0.12223943247233968,0.1400740628315577
0.04445652588238406,0.05668268400325423,dummy-rzk7zk69,1,1,0.9993333333333332,1,0.18667611989645855,0.16328331589654546,0.19157091501627205,0.16727621475113522
0.02805491726911767,0.02497028768912834,dummy-rzxbrvzu,0.5613333333333334,0.422,0.5973333333333334,0.432,0.0527776265411491,0.07224987797278967,0.05330961775818459,0.07301118250084151
0.02295644071404306,0.03293832984017001,dummy-s0tdp8gq,0.994,0.998,0.998,0.9993333333333332,0.12181687299401651,0.1175849948412966,0.12374899206105724,0.11916657278456728
0.06029951060057467,0.0687509595179581,dummy-s2rxu0h8,0.9686666666666668,0.738,0.8526666666666667,0.7893333333333333,0.19094309474571872,0.14155700118840317,0.19655598346934144,0.14445712501215363
0.06109121718245933,0.05834380853730825,dummy-s52xh33v,0.8413333333333334,0.936,0.87,0.954,0.17241406153571606,0.19013115515247905,0.176401869323186,0.19644560511794945
0.1097945532070502,0.07482968849897757,dummy-s5jdpf3r,0.9933333333333332,0.5093333333333333,0.9966666666666668,0.5246666666666666,0.2058976271375761,0.22529937162652433,0.20918989458014356,0.23353605478026637
0.06691206265823306,0.05891468971154456,dummy-s6n8sqp4,0.5126666666666667,0.6873333333333334,0.5286666666666666,0.626,0.12028513511440654,0.1332369177102848,0.1218549878466468,0.13503724746846996
0.01335995360039153,0.02687621087335927,dummy-s8sqvt27,0.9993333333333332,1,0.9993333333333332,1,0.093859372388775,0.08763950768126358,0.09556709209208689,0.08880367965827955
0.00819396171789205,0.01558810683376538,dummy-s9x22exn,0.968,0.6806666666666666,0.9793333333333332,0.7713333333333333,0.04995622354682384,0.08084201298670152,0.05033712987339779,0.08273050126939019
0.13448586034922194,0.08232153455307221,dummy-sacfhny4,0.7133333333333334,0.456,0.58,0.452,0.19223221738087837,0.15978739783852525,0.19505969381786709,0.1633054622134834
0.1223243459105626,0.0529888222794507,dummy-sbalhp1u,0.8973333333333333,0.6926666666666667,0.898,0.8146666666666668,0.18356003692343037,0.1650194768866926,0.1852629250742881,0.16940337293782312
0.14714983730939205,0.09977738392758265,dummy-sc4nvd2l,0.44,0.5686666666666667,0.39066666666666666,0.5893333333333334,0.16832482946996158,0.11926298005699132,0.17158588505279018,0.12195171201948428
0.03842322107695956,0.01841905883173088,dummy-scsegtjk,0.8933333333333333,0.548,0.954,0.604,0.05020239886197174,0.08355473720305964,0.05082472248733834,0.08515938254879017
0.00270464456656465,0.01229235393443788,dummy-scwiznri,1,1,1,1,0.0460848891496989,0.04893360668064024,0.04651483045805994,0.04957232509193118
0.01652362203521734,0.0152374726425562,dummy-sed313y2,0.998,0.8773333333333333,0.9926666666666668,0.8733333333333333,0.05163966241657453,0.06325606501452481,0.05208377856920108,0.06401102945886396
0.01468762777206857,0.02851060585667173,dummy-seor2t6e,1,1,1,1,0.09865643722002908,0.10587650281554475,0.09960012249445768,0.10911324965483978
0.00770424893133181,0.01928118534078833,dummy-sfc2jmnc,0.7006666666666667,0.8426666666666667,0.6826666666666666,0.6766666666666666,0.0503355562734574,0.05410608587942052,0.05101689427733336,0.05533603910591908
0.15216421780270337,0.05073026008306615,dummy-sh4ma2xx,0.82,0.922,0.8346666666666667,0.9346666666666666,0.15690849267833024,0.2341925656765401,0.16057047723131718,0.2429146233865737
0.1007235808755842,0.07555380828604043,dummy-sjtry2vy,0.9286666666666666,0.952,0.9986666666666668,1,0.17338887218306048,0.19637097656342792,0.17894283378708012,0.2037916926930351
0.02078468475385986,0.03624761065516288,dummy-slynkf4l,1,1,0.9993333333333332,1,0.13310567586362734,0.11529439130761791,0.1348810481236309,0.1167436253796442
0.02316463506907962,0.03412071502689613,dummy-smdj8di5,0.804,0.932,0.788,0.9446666666666668,0.093191369002668,0.10304558504451242,0.09388201872729068,0.10472154009769856
0.02254765870100852,0.04310904536466566,dummy-smp83oqo,0.678,0.93,0.75,0.9806666666666668,0.09337146992963694,0.09292094717140208,0.09438332903502876,0.0942818471480403
0.01969386234468047,0.01749015946186553,dummy-splqzcwh,0.9993333333333332,0.6553333333333333,0.9986666666666668,0.6633333333333333,0.053081529687393,0.08046476201191348,0.05352148435519856,0.0812326477731558
0.00117479881767445,0.01252466799944246,dummy-su28yyc8,0.998,0.9993333333333332,0.998,0.9986666666666668,0.04510891696033972,0.04543092857120499,0.04552881531147383,0.04585145408035115
0.0532292958846829,0.03772818787798632,dummy-swrx7sew,0.8993333333333333,0.724,0.9273333333333332,0.7426666666666667,0.1059583114329728,0.15172743261528723,0.10770110994205412,0.154911346972505
0.01729199090733358,0.03011492989975809,dummy-sz08rlf0,0.9993333333333332,0.9993333333333332,0.9993333333333332,0.9993333333333332,0.10556716273374442,0.1088780559656554,0.10662368003187636,0.11144655249265084
0.10774582313916872,0.06704673326666077,dummy-szww549u,0.9293333333333332,0.916,0.974,0.8853333333333333,0.1817805856454709,0.24178178129056616,0.18707847991446977,0.2501992870726499
0.1104476917685135,0.04902878863350334,dummy-t7ksyd5d,0.9966666666666668,0.9966666666666668,0.9966666666666668,0.9966666666666668,0.1700914664502997,0.4388789723859654,0.1733300617766873,0.44829108360662007
0.00524656967739143,0.01453572918903113,dummy-t8wg13ks,0.9853333333333332,0.9973333333333332,0.964,0.9926666666666668,0.04880062329147767,0.04880522775842557,0.04914179002781586,0.0493282110030473
0.04990366814092976,0.05027729430464844,dummy-t9c46wo6,0.996,1,0.9993333333333332,1,0.18052709904315517,0.18018449845878676,0.18433969010165033,0.18662987389308464
0.2921073426171736,0.12619827309044207,dummy-taht15cb,0.384,0.6093333333333333,0.412,0.6713333333333333,0.21637236181334815,0.6063110689387771,0.2210474903384215,0.6232939319543005
0.01142130015825217,0.03529008955401003,dummy-tbb47eba,0.9853333333333332,0.994,0.932,0.99,0.10044208406008018,0.08641715326091502,0.10163719988266225,0.08843818756591357
0.02174091635480806,0.03659169435148549,dummy-tbyh52iu,0.99,0.9986666666666668,0.9953333333333332,0.9986666666666668,0.1317392373958867,0.12767639697565153,0.13389455049184007,0.12977918932796254
0.0777561502326662,0.03805857982305433,dummy-tdc78vyo,0.9933333333333332,0.9653333333333334,0.9946666666666668,0.996,0.11588541338477486,0.21891325011414856,0.11761792557962664,0.2228223003929719
0.04483329723396109,0.03648947453590931,dummy-te5p87py,0.998,0.9593333333333334,0.9933333333333332,0.976,0.11062838330489932,0.11887998527331346,0.11220299030902256,0.12286493179283718
0.06549084174086689,0.03553232293943774,dummy-tp4l2e0n,0.9653333333333334,0.942,0.9946666666666668,0.9946666666666668,0.1085255043675372,0.21517421442341067,0.11026358246913956,0.21868927203451172
0.01998403741894418,0.03648765526252933,dummy-ttk6b7bv,0.7466666666666667,0.9286666666666666,0.7886666666666666,0.9366666666666666,0.0908054794546114,0.09177928915145576,0.0917177674749034,0.09308138893662664
0.1698526815593853,0.01865226218866245,dummy-ttyksb1y,0.8593333333333333,0.596,0.94,0.5986666666666667,0.04918218616498125,0.17104128535585592,0.04967016212079953,0.17242818124309636
0.00277616572463343,0.01919615591939614,dummy-tvflcayl,0.88,0.9893333333333332,0.7686666666666667,0.9786666666666668,0.04473891267729087,0.0440902908295882,0.04525647673078051,0.04457762206915373
0.0199294072959994,0.03826863254807715,dummy-tz69muwr,0.9993333333333332,0.9993333333333332,0.9993333333333332,1,0.13062833864356846,0.12455437541272238,0.13241925455618325,0.1281552533401439
0.01575902411044234,0.0259357482346132,dummy-u0dtp7ya,0.9986666666666668,0.9993333333333332,0.9993333333333332,1,0.1006150280842022,0.1111671441898008,0.10185263697643644,0.11342394639779138
0.01733468301495288,0.01789239524770199,dummy-u10vmxmu,0.8333333333333334,0.9153333333333332,0.8293333333333334,0.92,0.05128941812708168,0.08985211496396135,0.0517749145454206,0.09080603626584027
0.01022028746343169,0.0247807835168673,dummy-u4205op8,1,1,1,1,0.09723871017356524,0.08797580255400363,0.09882651601907652,0.089342320666334
0.07543005806132912,0.05442554598629582,dummy-u470tyiw,0.6846666666666666,0.88,0.686,0.8893333333333333,0.12766237229488298,0.14554145030895524,0.1298650945493911,0.14930360697562076
0.03207764135565411,0.01834020692310468,dummy-u5sbfqt1,0.9486666666666668,0.6253333333333333,1,0.6453333333333333,0.05412600222442271,0.07335227635345323,0.05469547602810745,0.074141306142819
0.09563005132862187,0.04464875402540032,dummy-u72m4skb,0.9026666666666666,0.8833333333333333,0.9006666666666666,0.9833333333333332,0.1564328584551808,0.16020218470689415,0.15828792512908907,0.1661929375298413
0.01628624134902486,0.0351399118640053,dummy-u7cla2i8,0.994,0.998,0.9993333333333332,1,0.09768548482774828,0.09358941340646934,0.0987215389876743,0.09518109767578364
0.06118193125426677,0.03527371031486573,dummy-u896cq8v,0.7306666666666667,0.8273333333333334,0.7406666666666667,0.8346666666666667,0.09034076721970492,0.10897927720515262,0.09119543125086536,0.11156229653158488
0.01132823336402729,0.0261678006332804,dummy-u9txq0j0,0.9986666666666668,1,0.9933333333333332,0.998,0.1012049998276616,0.09447815292659022,0.102478384022637,0.09662929805813504
0.04461231646872812,0.03953137948279472,dummy-ubxku0x8,0.9533333333333334,0.9866666666666668,0.982,0.996,0.12717448601029002,0.16282038468573573,0.1286208805832519,0.16890897606734154
0.01434808425073024,0.03052336310876608,dummy-ud4yt9uc,1,1,1,1,0.10049302789676667,0.0937443787070642,0.10222632045576235,0.09514237769393552
0.03138453895961127,0.03944987289730858,dummy-ue5l2usz,0.9693333333333334,0.9493333333333334,0.942,0.9826666666666668,0.1380915843470997,0.10632153042899203,0.13956296265343154,0.1079855297276043
0.4484425151307751,0.04566358354591245,dummy-uelrzztz,0.9246666666666666,0.78,0.9286666666666666,0.8353333333333334,0.14247189345670003,0.3057472940740495,0.1448683137599051,0.31754089899424814
0.01901833412321139,0.0136351931513304,dummy-ueqnln63,0.9873333333333332,0.994,0.9886666666666668,0.9946666666666668,0.0526499861492721,0.11763059640428788,0.0532013007581059,0.1187284089953022
0.01052420433315843,0.02478406043681768,dummy-ufl30ty1,0.4133333333333334,0.7306666666666667,0.394,0.754,0.04833005906348651,0.06147700594056469,0.04880696682423269,0.06308813428725032
0.00273401010794906,0.01194104036785833,dummy-ug5xrmr4,1,1,0.9993333333333332,1,0.04461173765006229,0.0457011641545714,0.04501911339703252,0.04623781425569617
0.1364358557819322,0.06977678031968429,dummy-ugi0tm8d,0.9646666666666668,0.988,0.9853333333333332,0.9926666666666668,0.19032357483097664,0.3839258620838566,0.195203436288974,0.3988815675586775
0.0090584406285681,0.01978816012435575,dummy-uj5yttpz,0.9053333333333332,0.9693333333333334,0.8513333333333334,0.8753333333333333,0.05059641275668521,0.07417613346398161,0.05101745050426765,0.07592348453981047
0.00640338846272177,0.0192507043609852,dummy-ujj1l9xz,0.7113333333333334,0.812,0.778,0.8053333333333333,0.04652557361695975,0.05033519530212656,0.04694058841073936,0.05081691710849439
0.13196509025317,0.03147090605233406,dummy-ukddj56p,0.15266666666666667,0.896,0.21333333333333335,0.906,0.05164677962167339,0.1327786646028302,0.05212444672053461,0.1346086229649622
0.03108168166640026,0.03413413094293496,dummy-ulaf21hy,0.9433333333333334,0.7813333333333333,0.9346666666666666,0.7126666666666667,0.1079743362540374,0.09956058626208768,0.10890376711668222,0.10211873016679468
0.07754771539771155,0.0580986968085803,dummy-um2yghqx,0.654,0.7026666666666667,0.6666666666666666,0.7213333333333334,0.1326954577372304,0.1192016555675733,0.13531968586507093,0.12401697489129976
0.05181595551542286,0.05709992085879899,dummy-um4nemsp,0.9993333333333332,0.9993333333333332,0.998,0.9993333333333332,0.19033889717193503,0.16239882891677868,0.19410888256545153,0.1663594028123356
0.07318619504723084,0.03178170558192478,dummy-umh9udfl,0.7686666666666667,0.908,0.8126666666666666,0.954,0.095657598572191,0.15029196146081905,0.09642585165774534,0.15331816384057334
0.07890213770281246,0.07178694676661064,dummy-uoduuolp,0.25866666666666666,0.49733333333333335,0.23933333333333337,0.5433333333333333,0.09319194262676912,0.12698021868014445,0.09447121871727678,0.13005020280754945
0.2096396284495272,0.04032683752709118,dummy-uph4wmdl,0.914,0.5246666666666666,0.9166666666666666,0.536,0.13274244696552603,0.1686602927775588,0.13416718928980895,0.1708188063705844
0.03555438999642198,0.04462911790676939,dummy-urccoomo,0.9993333333333332,1,0.9993333333333332,1,0.17492241264202335,0.16256124669654526,0.17898765768105743,0.1669353242824024
0.13442342287351836,0.06923135136809422,dummy-urmz5lfi,0.5746666666666667,0.658,0.598,0.686,0.1460874305497621,0.17682240758809173,0.148048219983332,0.17936922460601631
0.01288027511203538,0.01636089513808397,dummy-urretrrj,0.9993333333333332,0.874,1,0.8753333333333333,0.05539456251543818,0.08057971581976826,0.05591953783962585,0.08133690325251414
0.00799002880673406,0.026155333210509,dummy-uu624uro,0.10266666666666668,0.9426666666666668,0.10533333333333332,0.9573333333333334,0.04627981014537694,0.0479945487121047,0.04679859226006625,0.04849773366000669
0.04623479249973152,0.04813315680093805,dummy-uvifg44i,1,1,1,1,0.18491230876214185,0.19095618640462567,0.18834819135014028,0.19684750501411055
0.03684181481150816,0.05977811017380394,dummy-uyk3bwd7,0.68533333333333335,0.8033333333333333,0.6973333333333334,0.7853333333333333,0.13649844115678222,0.11170115599611434,0.13836576886798813,0.11348971835504618
0.01779680632369262,0.03305589634558709,dummy-uytnubez,0.9973333333333332,1,0.9986666666666668,1,0.1248601847156033,0.11392693505628856,0.1264503573345167,0.11649085830748498
0.02631280685454982,0.03652769421852293,dummy-uzwxhfl0,0.9993333333333332,1,1,1,0.12875245017818884,0.12336886714763053,0.13107404332281383,0.1257635655893692
0.01412342960453339,0.01470835635311663,dummy-v0301rw8,0.9933333333333332,0.5666666666666667,0.992,0.5846666666666667,0.053627770329278,0.06805172840954941,0.05418474109844747,0.06886271360828718
0.09290079204345349,0.03964862346961444,dummy-v1f24oxc,0.9006666666666666,0.95,0.8873333333333333,0.9453333333333334,0.11779561255901742,0.27691484468908484,0.11911047824284306,0.2813763134812146
0.16273006700442164,0.06472376767534804,dummy-v23x4610,0.9566666666666668,0.9813333333333332,0.9386666666666666,0.934,0.19571443245978248,0.30777057297838717,0.1993488411564719,0.3154706153758956
0.15067735199944018,0.03188824290488893,dummy-v330v9e7,0.9133333333333332,0.666,0.9166666666666666,0.698,0.10309848866026232,0.1645807675708883,0.10410285872578166,0.1675667238324865
0.257452911361283,0.15092201019253662,dummy-v4czo425,0.058,0.4133333333333334,0.03466666666666666,0.444,0.1525049245399656,0.16828485163137435,0.15458391346821743,0.17098166250658414
0.03001351819229541,0.05211282451097306,dummy-v4jtcrel,0.9766666666666668,0.992,0.9886666666666668,0.9966666666666668,0.1291542295516375,0.12134292105647626,0.13027366786040614,0.12297441406023456
0.1721739040095416,0.04850167408171286,dummy-v5ebxoj8,0.8513333333333334,0.7753333333333333,0.902,0.8033333333333333,0.1540968774946343,0.30300490928592594,0.1574760082546901,0.3121094518996059
0.15526428856568125,0.08096729300965139,dummy-v6hlm6wa,0.7653333333333333,0.512,0.7706666666666667,0.564,0.19656429540886217,0.1924487923600776,0.19981890264684135,0.20080369101766443
0.13693150452688857,0.0460787650551608,dummy-vf6yq06y,0.8973333333333333,0.9473333333333334,0.9126666666666666,0.9513333333333334,0.1444539409852576,0.2532403190144174,0.1463867958062153,0.26196147650413404
0.1516778824103934,0.02662427350556667,dummy-vlqh5x8s,0.928,0.974,0.932,0.9746666666666668,0.09908478898783922,0.1775377493915562,0.0997698969855196,0.17971608058315136
0.03525344571452042,0.04252951346509517,dummy-vnn06iku,0.8253333333333334,0.714,0.8873333333333333,0.7453333333333333,0.09468155334830151,0.10068120696323332,0.09590473965680578,0.1020459156185588
0.15514003090404926,0.04113871378368823,dummy-vpn130ig,0.7713333333333333,0.92,0.7893333333333333,0.9413333333333334,0.1218619094257334,0.241511872215333,0.12397905929841407,0.24611191888781608
0.08825598393623955,0.03471583691433493,dummy-vr2m5zlr,0.8966666666666666,0.922,0.9933333333333332,0.94,0.10699234547261396,0.20804881443665155,0.10931986968664174,0.21169353163782725
0.00356673600080601,0.01384682790814813,dummy-vr4su7b3,0.9066666666666666,0.9833333333333332,0.9233333333333332,0.9886666666666668,0.04388415608287485,0.04665884133841183,0.04450089217083138,0.04707275110599236
0.023650276295963,0.05009007808073699,dummy-vttv3o4g,0.6873333333333334,0.9906666666666668,0.558,0.856,0.10251646225904472,0.10958500266137287,0.10437629685441638,0.11279063289931532
0.01954057198483689,0.01327696588751033,dummy-vzlai49j,0.9633333333333334,0.9906666666666668,0.9653333333333334,0.9953333333333332,0.05064138558926268,0.11637366074161704,0.05118203564231939,0.11800186758712772
0.00517984839352072,0.01292086971022163,dummy-w20ti55g,0.9906666666666668,0.998,0.9973333333333332,0.9993333333333332,0.04574238103937214,0.04847373575901269,0.04638381856158331,0.04907251787376696
0.11873890451230344,0.03052009009501038,dummy-w4osdylo,0.9946666666666668,0.9946666666666668,0.9946666666666668,0.9946666666666668,0.11748969338368576,0.3847243418662789,0.11952028860701332,0.3904309856639762
0.05186174615157639,0.03608793794151425,dummy-w5wsszzo,0.988,0.558,0.9913333333333332,0.5786666666666667,0.1310832379981073,0.12673112305698672,0.1331661368200603,0.12838459756499826
0.03660250057615554,0.04882152656742578,dummy-w8vqij6u,0.9866666666666668,0.996,0.9966666666666668,1,0.17217199684264745,0.17055985004822233,0.17498471470624954,0.17365768337239207
0.17582485044332544,0.04852731523933546,dummy-wa7sx72d,0.5933333333333334,0.578,0.7213333333333334,0.6126666666666667,0.1063509010150064,0.27650266194481526,0.1082642307800006,0.281108080535458
0.12781544068243447,0.04619823441118675,dummy-wd9g090z,0.6346666666666667,0.8653333333333333,0.6813333333333333,0.8753333333333333,0.11419865431884786,0.15154974373610935,0.11583498198879796,0.1538869422296531
0.05157001233109077,0.04035164621794395,dummy-wf19ula6,0.9706666666666668,0.822,0.972,0.7873333333333333,0.14265061452686234,0.1910377327555217,0.1443101882668156,0.19390920408522236
0.0042419805937469,0.02025137509521688,dummy-wfupwfxc,0.7206666666666667,0.9373333333333334,0.6886666666666666,0.9113333333333332,0.04863184884789232,0.04635779506422671,0.04920239467949777,0.04693291234652547
0.19862799382352864,0.08135376391439228,dummy-wgsh3w6p,0.716,0.33,0.7226666666666667,0.346,0.20295686405919627,0.23485579991585356,0.20502273206794708,0.2414191958086652
0.0908683963054462,0.04813145738916929,dummy-whw42wfx,0.9186666666666666,0.9733333333333334,0.986,0.9946666666666668,0.14795155431859222,0.3683309469530931,0.15141409166993483,0.3780964004849323
0.037358310109816,0.04834636410379265,dummy-wk43wt0s,0.9913333333333332,1,1,1,0.17168079748324877,0.1670709456606298,0.1748812787458379,0.17171830254399914
0.07105261438331541,0.07466982080091043,dummy-wmlvk6l3,1,1,0.9906666666666668,0.9973333333333332,0.18246135756236553,0.1557247728281275,0.18571675011655361,0.15947515498312567
0.04665274657103407,0.04010780955733029,dummy-wmpo3gxc,0.5286666666666666,0.7306666666666667,0.6053333333333333,0.7173333333333334,0.08639426502433939,0.09352820307215326,0.08770452763292086,0.09474035188604474
0.01057328398719768,0.0259841856276496,dummy-wmq0gqze,0.9866666666666668,0.9966666666666668,0.9946666666666668,0.9986666666666668,0.09073913750852626,0.08710065910908509,0.09182276564360924,0.08802370602067515
0.07262575161583883,0.0529983446225633,dummy-wob3yiqv,0.7446666666666667,0.45466666666666666,0.7166666666666667,0.4493333333333333,0.14428356993872293,0.09436242121955574,0.1452545682268319,0.095414628220158
0.03348401859940976,0.04477753228232013,dummy-wt1v6tyn,0.9426666666666668,0.7366666666666667,0.8973333333333333,0.7813333333333333,0.14387969425739958,0.10385954367789596,0.14610119147638723,0.10499659376552074
0.14829421870413037,0.04148253082560225,dummy-wxfqutdq,0.9766666666666668,0.9146666666666666,0.978,0.9873333333333332,0.14513050514463074,0.30048632649783075,0.14709093197288467,0.3106145934854254
0.06990045516419885,0.03296592979010167,dummy-wyg5r0z7,0.992,0.9933333333333332,0.9926666666666668,0.9946666666666668,0.10864849276345684,0.2230839814958913,0.10986583873800967,0.22768702094654672
0.08448399319491957,0.04305334651587345,dummy-x015goj5,0.9633333333333334,0.8373333333333334,0.9713333333333334,0.8573333333333333,0.1496222071583369,0.1759781655445832,0.15267272936438475,0.18089290346489503
0.01749378010900876,0.01490627988973432,dummy-x2wlrtnx,0.9946666666666668,0.828,0.9926666666666668,0.85,0.05345292637957914,0.07304734489671354,0.05399228495504134,0.07383342817607272
0.04451650059373937,0.04652933595410392,dummy-x3dsgijt,1,1,1,1,0.17773641362273915,0.18731279551002167,0.18077344048733293,0.19445480905690415
0.16198877382993468,0.07429494374153443,dummy-x4alhmsd,0.8586666666666667,0.972,0.8406666666666667,0.97,0.18959752851622952,0.24423406668750833,0.19291154775584837,0.25265094789435505
0.01535353828947077,0.03104743908249854,dummy-x5dthboc,1,1,1,1,0.10277140860451876,0.10423689373005136,0.10424951934552734,0.10634346794595606
0.14315104341579002,0.02885813170999995,dummy-xdze93nl,0.9413333333333334,0.8513333333333334,0.9413333333333334,0.9146666666666666,0.10013213875106504,0.1761101077083091,0.1011813297510798,0.18055537425384777
0.08867352797051785,0.06022079505774715,dummy-xfj31lla,0.5,0.5506666666666666,0.5013333333333333,0.5626666666666666,0.09756915100993,0.09973313752768607,0.09868788296880124,0.10336933952009132
0.14427643040049357,0.01580942620986394,dummy-xfqmyv3t,0.9753333333333334,0.8406666666666667,0.982,0.8206666666666667,0.05089327314829142,0.1511862137909004,0.05151434844256714,0.15290613460992428
0.25345170509747567,0.05618404813506934,dummy-xg81u4g4,0.7986666666666666,0.9486666666666668,0.834,0.966,0.14430802834955694,0.28777056741752943,0.14634223620156905,0.29774755085845783
0.06552454362541811,0.03299367173994521,dummy-xgtd1luo,0.9026666666666666,0.926,0.9906666666666668,0.9726666666666668,0.1143497046211496,0.14567761808754567,0.11614007659868368,0.14861304103404818
0.02753954390887247,0.01614151162608248,dummy-xjmpdig2,0.9406666666666668,0.9946666666666668,0.9853333333333332,0.996,0.05116988666360995,0.0877952147842651,0.05167075028136322,0.08865032946049414
0.25780767495388557,0.07662156772992224,dummy-xkr7vnmh,0.436,0.44733333333333336,0.4713333333333333,0.5106666666666667,0.13435384310027737,0.19345185232976791,0.1384707201191447,0.19672295520959013
0.14716767764401406,0.0639283327924141,dummy-xmed904i,0.9053333333333332,0.594,0.9153333333333332,0.5633333333333334,0.16430806045394888,0.19557703749803057,0.16843921165174566,0.20045710668299152
0.02947767251153331,0.04266829276435021,dummy-xpl80qj3,1,1,1,1,0.1733665557636239,0.159147509039171,0.17695575702284153,0.16145975339265917
0.14137894640779902,0.07944894332103802,dummy-xsl57b12,0.8033333333333333,0.436,0.708,0.42133333333333334,0.21503415082266508,0.13048534487528185,0.2192187194771313,0.1338859550888038
0.05235953437967029,0.03133875902875836,dummy-xuvhfief,1,0.848,0.9986666666666668,0.8726666666666667,0.11517807335292192,0.15359709757498016,0.11692655291859892,0.15623455377163473
0.01806326363938265,0.03511052648959272,dummy-xx1zrza1,1,1,1,1,0.13321109629904387,0.12798724240539325,0.13478470142063417,0.12987713553444916
0.04474849263125965,0.03219475922778052,dummy-xx25dhfe,0.9573333333333334,0.8933333333333333,0.9693333333333334,0.9173333333333332,0.1154622043481273,0.1683141770560981,0.11679641273453809,0.17300866835097448
0.06806494285672914,0.06839333074105627,dummy-xyeossvh,0.2713333333333333,0.8966666666666666,0.5806666666666667,0.914,0.1329806813785338,0.13897186194147784,0.13549853607048307,0.14360775727086575
0.05099568706398238,0.04533108942470095,dummy-y0e38f10,0.7686666666666667,0.494,0.742,0.586,0.10492696360454976,0.1081079828489651,0.105687386208932,0.1105221042801797
0.26056292083218086,0.04609596558312293,dummy-y0kymxrj,0.9466666666666668,0.734,0.904,0.7246666666666667,0.1458066810242959,0.19680004613639143,0.14874235306839,0.2015231915445376
0.09977807298021314,0.0301934829565901,dummy-y0ms3c3r,0.8993333333333333,0.9493333333333334,0.9513333333333334,0.97,0.11018485121201832,0.23406704220137273,0.11223168688510785,0.23850205002368788
0.16911336743509306,0.06230781731854122,dummy-y0x184fw,0.9746666666666668,0.44333333333333336,0.9626666666666668,0.528,0.17789763074170184,0.1297721384278907,0.1839318164073779,0.13381411187349243
0.8207516864495665,0.0595574526955139,dummy-y3s5q9wx,0.8733333333333333,0.934,0.8846666666666667,0.9493333333333334,0.17684097945247368,0.4601246451445581,0.17974056877726521,0.4748628018498355
0.01734160361591568,0.01752784619401648,dummy-y3svx0y3,0.9,0.9666666666666668,0.9073333333333332,0.9666666666666668,0.05292938705854729,0.14130870512562796,0.05370153786612971,0.14334223452898986
0.21375990547389065,0.0785473455486235,dummy-y5xp2nlo,0.7426666666666667,0.5193333333333333,0.636,0.516,0.18343191057941063,0.234898151718522,0.18765718696488257,0.24146584146697136
0.00414913871597906,0.01276248035568696,dummy-y7add8hn,0.986,0.996,0.992,0.996,0.04707090404201822,0.04822984371088287,0.04772319417846592,0.04865944458672794
0.01660629062837791,0.02235297528417285,dummy-y7wevck1,0.7313333333333333,0.9946666666666668,0.7533333333333333,0.996,0.05155549827229381,0.1104750729735356,0.0520591220329308,0.1116037130402705
0.00520135816494831,0.01360893082464093,dummy-y7yn8yqe,0.9993333333333332,1,0.9993333333333332,0.9993333333333332,0.04865862122395884,0.0498440048691068,0.04915056194192074,0.05061704826108312
0.01184587717010233,0.02852885007678399,dummy-y998ty7o,0.9973333333333332,0.9993333333333332,0.9633333333333334,0.9926666666666668,0.09336543831528092,0.08810829699387784,0.09451395817205434,0.08931313782616135
0.13530692339780354,0.05543921023261151,dummy-y9dncz44,0.8586666666666667,0.63,0.8446666666666667,0.636,0.18173938714514623,0.15210091473668527,0.18439140103680107,0.15420037792044886
0.0682432903438599,0.01764779512598297,dummy-yd3oza7d,0.8253333333333334,0.962,0.8593333333333333,0.9653333333333334,0.05068632047398689,0.1802149730491034,0.05123501232615012,0.181909211243632
0.02035824087327219,0.01707362514680381,dummy-ydcxjmuw,0.9313333333333332,0.574,0.9413333333333334,0.584,0.05238403472711155,0.07631597883120232,0.05297649949810388,0.07718887449648353
0.00263847550880237,0.01351161724910688,dummy-ye2whaub,1,1,1,1,0.04757645640882096,0.04756856641620994,0.04796738915391067,0.04802052016432558
0.0848135734424745,0.07755308264778382,dummy-yjon7bno,0.5993333333333334,0.8773333333333333,0.7113333333333334,0.908,0.16546745946767843,0.1625103486979727,0.16841890049181577,0.16535551599851192
0.00339003738221798,0.0156402665569824,dummy-yl3nmd67,1,1,1,1,0.04813117089330909,0.04687762202177571,0.04863419734639641,0.04749185760654044
0.02421868323016194,0.01530021573483973,dummy-yl8buxes,0.9353333333333332,0.8933333333333333,0.9526666666666668,0.8966666666666666,0.05242658762475698,0.10879331863792704,0.05287656072366044,0.10980753255382014
0.1146308186169807,0.05836093146575841,dummy-ym1y4zfc,0.9873333333333332,0.77,0.98,0.7586666666666667,0.1745828330559374,0.2208927064513862,0.17747986533240415,0.22827178113199323
0.02487209025665178,0.02872923365789142,dummy-ynvlgbg1,0.8413333333333334,0.9353333333333332,0.88,0.9573333333333334,0.0906158505430523,0.09775163255761736,0.09179852184763006,0.09912201393423714
0.05807414736481304,0.08605508028109102,dummy-yoar164p,0,0.44333333333333336,0.01266666666666666,0.4693333333333333,0.1229916674227535,0.10503859194392665,0.12419279444808766,0.10584280104753732
0.03159038345542966,0.02598238796411924,dummy-yqvce70a,0.5313333333333333,0.8446666666666667,0.5606666666666666,0.8393333333333334,0.0517027364870563,0.10546725053752576,0.05224774447605737,0.10651959974035494
0.1121463418111227,0.09198571757570888,dummy-yr4elxyn,0.25733333333333336,0.4533333333333333,0.23466666666666663,0.438,0.1134584372206462,0.1261947578503777,0.11545519500047058,0.12793993293852984
0.01176276642225399,0.02560681046507084,dummy-ysqoal0p,0.9993333333333332,1,0.9993333333333332,0.9993333333333332,0.10202698228367751,0.09438348465509064,0.10327787833684134,0.0957102869529502
0.04898061115185036,0.02940648494145929,dummy-yx7m8rg1,0.91,0.66,0.908,0.6893333333333334,0.09944465904737115,0.10545553906776298,0.10076256417680914,0.10683063120322242
0.02767698814057548,0.038717464379041,dummy-yxf8rzg8,0.8026666666666666,0.7553333333333333,0.7853333333333333,0.7806666666666666,0.10102353932012124,0.08690722243368923,0.10196347990484694,0.08854422954288803
0.01505992744466499,0.01375728849014538,dummy-z0d8dvhm,0.9853333333333332,0.88,0.9866666666666668,0.9753333333333334,0.04972661153309733,0.07169589329191983,0.0502957946767425,0.07356453711230718
0.080690943537060425,0.06538542294083384,dummy-z0esxoux,0.7653333333333333,0.9193333333333332,0.822,0.9293333333333332,0.17350839270464674,0.18536891762767432,0.1772113651996357,0.19078255311563497
0.12222867724304498,0.06248145763528624,dummy-z13ybjdq,0.5073333333333333,0.8573333333333333,0.44266666666666665,0.8666666666666667,0.11520583400731782,0.231860798376198,0.11719976260194748,0.23617689675936984
0.13161352714952465,0.05991324362044505,dummy-z4f9y55y,0.9706666666666668,0.9646666666666668,0.9766666666666668,0.9593333333333334,0.16191162569372494,0.33997148740553573,0.165375553992463,0.3491985060663545
0.0757881863764323,0.04130863644472935,dummy-z5lxe82e,0.9006666666666666,0.9673333333333334,0.922,0.9753333333333334,0.12580205348042847,0.18674640746175755,0.1272682198344171,0.19054213031576112
0.04135926118935622,0.05901431339088563,dummy-z65fp3ks,0.9993333333333332,1,0.9986666666666668,1,0.1842711403979027,0.15593487177161183,0.18802830496738765,0.15884131900426918
0.00242914907967274,0.01204021802743988,dummy-z6och40g,1,1,0.9986666666666668,1,0.04598289536148049,0.04573048966485692,0.04645275901748349,0.04622628809461405
0.296060611226268,0.1321712262625062,dummy-z6yx6ss2,0.37,0.6746666666666666,0.4226666666666667,0.692,0.19283962256699488,0.3551320649870009,0.2025349381358092,0.3649411529448592
0.07670306405059622,0.07300804138506384,dummy-zc33uc7t,1,1,1,1,0.18471109425729287,0.175437481505443,0.19000549983711224,0.18036172087600827
0.01806107952007699,0.03257878852737441,dummy-zdj9qjh9,0.964,0.9846666666666668,0.9833333333333332,0.998,0.09841292383155528,0.10149459862372222,0.09927799534153056,0.10382460802727796
0.0671934030156609,0.07692788598708789,dummy-zdtl2ch8,0.7706666666666667,0.9833333333333332,0.998,0.998,0.17828006854176964,0.18371250682774712,0.1811813330223535,0.1875962272948696
0.00636805862507551,0.01478639279102774,dummy-zhimmln1,0.8466666666666667,0.974,0.9413333333333334,0.9846666666666668,0.04438843915316531,0.04932020718107267,0.04494399207811959,0.0499233322072046
0.1128891691197228,0.05307272550925333,dummy-zkfvg2tk,0.974,0.982,0.978,0.9866666666666668,0.17821937335825666,0.22438264515259743,0.1825252801862968,0.2279226410497428
0.04322349596919882,0.03087837697710864,dummy-zmnu3ymm,0.9826666666666668,0.9473333333333334,0.986,0.96,0.11111571039772015,0.18469958118348165,0.11258961301495946,0.18826567713049255
0.08120178332229884,0.0695535745647393,dummy-zspub809,0.6726666666666666,0.8113333333333334,0.7266666666666667,0.828,0.1613410937119881,0.19070587563455305,0.16435123538880908,0.19469842778771837
0.14631872677296995,0.05976519938780839,dummy-ztcc66ab,0.998,0.9993333333333332,0.9993333333333332,0.9993333333333332,0.20560206897342329,0.2479532624347687,0.21073228990310183,0.25664319821425524
0.04133933030417796,0.03943947849370075,dummy-ztlew0nm,0.8566666666666667,0.96,0.9253333333333332,0.974,0.12647499172092333,0.1330688356309335,0.12816638713806824,0.1352285508355995
0.06546562042112807,0.04385685077313794,dummy-zvtq6yuu,0.5066666666666667,0.48333333333333334,0.5273333333333333,0.5,0.08677463653066278,0.10103427113575014,0.08783442662207908,0.10231647351877445
0.0918370158240388,0.06620233022554642,dummy-zx7nikmi,0.38666666666666666,0.7113333333333334,0.448,0.788,0.11598217203156144,0.15002441107289963,0.11765824727384816,0.15329636162274915
