index,variable,var_fqn,var_index,sample_size,mean,var,sd,rhat,ess_bulk,ess_tail,mcse_mean,mcse_sd,q_0.05,q_0.5,q_0.95,hdi_low,hdi_high,y,pdf
602,prob,prob[0],"(0,)",2000,1.4296719163704922e-06,4.66360377456533e-13,6.829058335206495e-07,1.0042772293598288,2229.9188193127943,996.0068061862634,1.4881937417010424e-08,2.0716764909586483e-08,4.7398003606999175e-07,1.3480373394423978e-06,2.664399946856963e-06,3.769944533496949e-07,2.4646201045339985e-06,-5.0,1.4296719163704922e-06
603,prob,prob[1],"(1,)",2000,1.6930138856953886e-06,6.453926464284027e-13,8.03363334007971e-07,1.0042707512869744,2229.9188193127943,996.0068061862634,1.7496677929773138e-08,2.4291767278347817e-08,5.658640897280369e-07,1.5982407978147266e-06,3.1441905339422456e-06,4.5074524325448193e-07,2.9100110160252634e-06,-4.966666666666667,1.6930138856953886e-06
604,prob,prob[2],"(2,)",2000,2.0025640343276182e-06,8.910406188095644e-13,9.439494789497817e-07,1.004272547371727,2229.9188193127943,996.0068061862634,2.0546620260801593e-08,2.845123222879491e-08,6.747796634192619e-07,1.8926934102465193e-06,3.706090858107568e-06,5.383009060875455e-07,3.4319191343545962e-06,-4.933333333333333,2.0025640343276182e-06
605,prob,prob[3],"(3,)",2000,2.3659963397118273e-06,1.2272742723668898e-12,1.1078241161695703e-06,1.004282315887309,2229.9188193127943,996.0068061862634,2.4099813241998002e-08,3.3284957229983884e-08,8.037289345363339e-07,2.238804104093854e-06,4.363359893561054e-06,6.421209450924807e-07,4.042753166968528e-06,-4.9,2.3659963397118273e-06
606,prob,prob[4],"(4,)",2000,2.7921805376150024e-06,1.686381787440009e-12,1.2986076341374284e-06,1.0042776958368629,2229.9188193127943,996.0068061862634,2.8234184853618624e-08,3.889556110257015e-08,9.562137585359548e-07,2.6451462278676772e-06,5.1312571010745165e-06,7.650790826388155e-07,4.7568030763913755e-06,-4.866666666666667,2.7921805376150024e-06
607,prob,prob[5],"(5,)",2000,3.2913547947589153e-06,2.311744419563035e-12,1.5204421789607899e-06,1.0042837384519503,2229.9188193127943,996.0068061862634,3.303885045274371e-08,4.5400157163717675e-08,1.1363134310922393e-06,3.1216272521916955e-06,6.0273204564957705e-06,9.105285912942321e-07,5.590503018570869e-06,-4.833333333333333,3.2913547947589153e-06
608,prob,prob[6],"(6,)",2000,3.875321057051435e-06,3.16149762328645e-12,1.7780600730252199e-06,1.0042800832677543,2229.9188193127943,996.0068061862634,3.8615574382091755e-08,5.2932220548748744e-08,1.3487736056726068e-06,3.6796809832351624e-06,7.071679281026443e-06,1.0823771452740048e-06,6.562727424698582e-06,-4.8,3.875321057051435e-06
609,prob,prob[7],"(7,)",2000,4.557665695280873e-06,4.313348046312009e-12,2.0768601412497685e-06,1.0042828852302492,2229.9188193127943,996.0068061862634,4.508039995993914e-08,6.164366872565288e-08,1.5991078087113618e-06,4.3324849225876975e-06,8.287405640724229e-06,1.2851724472528636e-06,7.695123848786207e-06,-4.766666666666667,4.557665695280873e-06
610,prob,prob[8],"(8,)",2000,5.354008319825469e-06,5.8708936221876274e-12,2.422992699573737e-06,1.0042738133283926,2229.9188193127943,996.0068061862634,5.256546388777506e-08,7.170717559076527e-08,1.893713155804546e-06,5.095205662336312e-06,9.700908404327641e-06,1.5242000296350402e-06,9.012486517521151e-06,-4.733333333333333,5.354008319825469e-06
611,prob,prob[9],"(9,)",2000,6.252588025103311e-06,7.74519729093689e-12,2.783019455723745e-06,1.0042947516557292,2229.9188193127943,996.0068061862634,6.030070162909457e-08,8.180253522365644e-08,2.2543459231178185e-06,5.966143563930395e-06,1.1232910102568186e-05,1.8208718982975637e-06,1.0449296814438812e-05,-4.7,6.252588025103311e-06
612,prob,prob[10],"(10,)",2000,7.238857744280539e-06,9.718823279264513e-12,3.1175027312360953e-06,1.004274827303482,2229.9188193127943,996.0068061862634,6.739074125696331e-08,9.048833012683825e-08,2.707764073902447e-06,6.942116037393437e-06,1.2789151503725861e-05,2.276761083450739e-06,1.1998352484140565e-05,-4.666666666666667,7.238857744280539e-06
613,prob,prob[11],"(11,)",2000,8.357730804247695e-06,1.2007165678106535e-11,3.4651357373278373e-06,1.0042900998725965,2229.9188193127943,996.0068061862634,7.472359620871692e-08,9.928382046674843e-08,3.255618955783233e-06,8.058890069780054e-06,1.4488807209411973e-05,2.754364399532833e-06,1.3628503959958946e-05,-4.633333333333334,8.357730804247695e-06
614,prob,prob[12],"(12,)",2000,9.624117455819123e-06,1.4595714451180373e-11,3.820433804056861e-06,1.0042910021883598,2229.9188193127943,996.0068061862634,8.218570080432006e-08,1.0808766806734671e-07,3.918039743202034e-06,9.333707364970513e-06,1.6333761353751648e-05,3.3370841122534913e-06,1.540869769869252e-05,-4.6,9.624117455819123e-06
615,prob,prob[13],"(13,)",2000,1.1054434120276068e-05,1.7441367889995856e-11,4.176286375477124e-06,1.0042600406776971,2229.9188193127943,996.0068061862634,8.963539406286097e-08,1.168123591253626e-07,4.719502851069426e-06,1.0785468650701511e-05,1.8324081332394324e-05,4.048836134330148e-06,1.734182889820272e-05,-4.566666666666666,1.1054434120276068e-05
616,prob,prob[14],"(14,)",2000,1.2666797029636774e-05,2.046379989176053e-11,4.5236931694977425e-06,1.0042393195336854,2229.9188193127943,996.0068061862634,9.689962668493924e-08,1.2534890724394038e-07,5.689774219199676e-06,1.2434833415926904e-05,2.0457797741170127e-05,4.919095677456114e-06,1.9429154006259405e-05,-4.533333333333333,1.2666797029636774e-05
617,prob,prob[15],"(15,)",2000,1.4481255038292535e-05,2.3536667322358167e-11,4.8514603288451374e-06,1.0042068905518413,2229.9188193127943,996.0068061862634,1.037701570592868e-07,1.3346146560306896e-07,6.865054545571279e-06,1.4304318289240093e-05,2.2730701448231796e-05,5.984203754457995e-06,2.167007783343062e-05,-4.5,1.4481255038292535e-05
618,prob,prob[16],"(16,)",2000,1.6520070250304086e-05,2.64797602723288e-11,5.145848838853392e-06,1.004183134830179,2229.9188193127943,996.0068061862634,1.0999902641096503e-07,1.414227459492956e-07,8.28937039723185e-06,1.6418392998332307e-05,2.513616409173306e-05,8.608127132444445e-06,2.52701298772628e-05,-4.466666666666667,1.6520070250304086e-05
619,prob,prob[17],"(17,)",2000,1.8808057007056082e-05,2.9053918201374815e-11,5.390168661681637e-06,1.0041031417816473,2229.9188193127943,996.0068061862634,1.152931043989899e-07,1.4938179360626298e-07,1.0016262910525573e-05,1.8803572765028253e-05,2.7664988227489584e-05,1.0372986541676022e-05,2.7797315002443107e-05,-4.433333333333334,1.8808057007056082e-05
620,prob,prob[18],"(18,)",2000,2.1372992203918613e-05,3.0961639680698305e-11,5.5643184381106644e-06,1.0040240055826466,2229.9188193127943,996.0068061862634,1.1930763762137377e-07,1.5783217413484828e-07,1.2110836274152648e-05,2.1488505910733098e-05,3.030529310589039e-05,1.2506145036507708e-05,3.043250937589939e-05,-4.3999999999999995,2.1372992203918613e-05
621,prob,prob[19],"(19,)",2000,2.42461130415694e-05,3.185802618116924e-11,5.6442914684811624e-06,1.0039917704442454,2229.9188193127943,996.0068061862634,1.2163927701475695e-07,1.6706496570815665e-07,1.4652240667938692e-05,2.4504055374723173e-05,3.304244163192888e-05,1.508504670073309e-05,3.3160491461565835e-05,-4.366666666666666,2.42461130415694e-05
622,prob,prob[20],"(20,)",2000,2.74627224365147e-05,3.1379390156091957e-11,5.6017309964056605e-06,1.003875806732045,2229.9188193127943,996.0068061862634,1.2182074237919376e-07,1.7758463977213885e-07,1.7736679149146593e-05,2.788337278419498e-05,3.585901345970016e-05,1.836268880219345e-05,3.61052826059324e-05,-4.333333333333333,2.74627224365147e-05
623,prob,prob[21],"(21,)",2000,3.106292780103409e-05,2.920114641670734e-11,5.403808510366308e-06,1.0037358965256398,2229.9188193127943,996.0068061862634,1.1932430626292092e-07,1.901967536996202e-07,2.1481045525881757e-05,3.166196366193435e-05,3.873482840189939e-05,2.2776719527188655e-05,3.951200133433762e-05,-4.300000000000001,3.106292780103409e-05
624,prob,prob[22],"(22,)",2000,3.509254631091278e-05,2.5143569403094947e-11,5.014336387109958e-06,1.003587534515474,2229.9188193127943,996.0068061862634,1.1359684501288865e-07,2.0488052006662023e-07,2.602732097292395e-05,3.5877742316393706e-05,4.164702341014667e-05,2.81475038339626e-05,4.27809473841755e-05,-4.266666666666667,3.509254631091278e-05
625,prob,prob[23],"(23,)",2000,3.9604219917442474e-05,1.9355560404023388e-11,4.399495471531183e-06,1.0033845323591717,2257.0705597655024,996.0068061862634,1.0420150200354079e-07,2.230287874185738e-07,3.154788152063989e-05,4.057107493133285e-05,4.4541268446573767e-05,3.421444286641724e-05,4.508874947431319e-05,-4.233333333333333,3.9604219917442474e-05
626,prob,prob[24],"(24,)",2000,4.465879740693152e-05,1.262629873052275e-11,3.553350352909596e-06,1.0023454895643142,2233.6438001208517,996.0068061862634,9.133538577913694e-08,2.468685683071057e-07,3.82518971264703e-05,4.575070008175701e-05,4.7485892291700234e-05,4.069106614415125e-05,4.751641213284706e-05,-4.2,4.465879740693152e-05
627,prob,prob[25],"(25,)",2000,5.0327060489746046e-05,6.909463374984689e-12,2.62858581274888e-06,1.0020925506080165,1401.7196027479492,1028.8951268251665,8.678924513074243e-08,2.661432321284305e-07,4.6018078935039134e-05,5.1206973585113744e-05,5.173856078507678e-05,4.80452285701134e-05,5.174268309040655e-05,-4.166666666666666,5.0327060489746046e-05
628,prob,prob[26],"(26,)",2000,5.6691898727157585e-05,6.208583016016132e-12,2.491702834612533e-06,1.0033303018893522,1064.1896249619047,1009.6973649435298,8.32068196912644e-08,1.9715906075760488e-07,5.2644908089895766e-05,5.755281818860257e-05,5.8316196289666584e-05,5.4147477025191214e-05,5.8322404547644876e-05,-4.133333333333333,5.6691898727157585e-05
629,prob,prob[27],"(27,)",2000,6.385107772976537e-05,1.809443381594201e-11,4.253755260465981e-06,1.0030285175579106,2282.791516637116,1626.0753347490554,1.0329863284497401e-07,1.4693526703809724e-07,5.574069899180928e-05,6.49527315878392e-05,6.830570411505556e-05,5.83274364468875e-05,6.837817077735973e-05,-4.1000000000000005,6.385107772976537e-05
630,prob,prob[28],"(28,)",2000,7.192080173350158e-05,5.637051040463037e-11,7.50802972853933e-06,1.0047880592590468,2347.842552044877,1375.2413396468066,1.6039860077832564e-07,1.977843655715299e-07,5.83110976753015e-05,7.274695959100682e-05,8.265170500429998e-05,6.207062335872512e-05,8.42329211645055e-05,-4.066666666666666,7.192080173350158e-05
631,prob,prob[29],"(29,)",2000,8.104035280127628e-05,1.4591490806306397e-10,1.20795243309935e-05,1.0042987086725284,2251.213741599902,996.0068061862634,2.5612165199892226e-07,3.134658534977257e-07,6.0654413473098925e-05,8.133337394066369e-05,0.00010053323726262855,6.03380433334366e-05,9.980224278301586e-05,-4.033333333333333,8.104035280127628e-05
632,prob,prob[30],"(30,)",2000,9.137820477006178e-05,3.318384442849962e-10,1.8216433357959956e-05,1.0040070586184757,2229.9188193127943,996.0068061862634,3.933856438546864e-07,5.495778378725807e-07,6.27821486082233e-05,9.070802107958691e-05,0.00012198513935199628,6.237984599850261e-05,0.00012059532183963467,-4.0,9.137820477006178e-05
633,prob,prob[31],"(31,)",2000,0.00010314017438145077,6.975832971914273e-10,2.64118022329304e-05,1.0038710864794902,2229.9188193127943,996.0068061862634,5.862695919578044e-07,1.016556851885239e-06,6.465970896108036e-05,0.0001009715280069696,0.00014800064561545985,6.34856630404948e-05,0.00014491458467999791,-3.9666666666666663,0.00010314017438145077
634,prob,prob[32],"(32,)",2000,0.00011658040226013429,1.4022598192261102e-09,3.744675979609064e-05,1.0037529760212647,2229.9188193127943,996.0068061862634,8.574200559853125e-07,1.8712489250315159e-06,6.625340348437921e-05,0.00011218559823986005,0.0001795362712076933,6.071556467505019e-05,0.00017029725119884696,-3.933333333333333,0.00011658040226013429
635,prob,prob[33],"(33,)",2000,0.0001296742742192834,2.112942823047644e-09,4.596675780439212e-05,1.0023662532134068,2134.273246205667,1181.3034756399743,1.0719685150113012e-06,2.2795927725399532e-06,7.057970309020092e-05,0.00012322155277437328,0.00020836118103255213,6.322369263519899e-05,0.0001963731230676571,-3.9,0.0001296742742192834
636,prob,prob[34],"(34,)",2000,0.0001436783562345383,3.091166729602178e-09,5.559826192968786e-05,1.003068591776041,2051.0583969488625,1068.4394997992208,1.3064521309553343e-06,2.499776021737563e-06,7.307591491556285e-05,0.00013469212166679,0.0002431337268969692,6.413978131599552e-05,0.00022199276297444703,-3.866666666666667,0.0001436783562345383
637,prob,prob[35],"(35,)",2000,0.0001590478692181253,4.522413826589691e-09,6.724889461240007e-05,1.002910524460467,2004.0437432208876,1274.2854262906553,1.5886078903990753e-06,2.8419307454232762e-06,7.673125557503601e-05,0.00014602359584770885,0.0002822611474863229,6.309767393176677e-05,0.00025476532379582664,-3.833333333333333,0.0001590478692181253
638,prob,prob[36],"(36,)",2000,0.00017602288577167074,6.589800422621144e-09,8.117758571564656e-05,1.0021953775642427,1973.2863815731307,1443.087650782715,1.9310345282714153e-06,3.5152520481039175e-06,7.858402608872401e-05,0.00015956521564505674,0.00031990917869924757,6.08217634292379e-05,0.00028495075387153704,-3.8,0.00017602288577167074
639,prob,prob[37],"(37,)",2000,0.00019479734358497622,9.44519387575187e-09,9.718638729653382e-05,1.0006262567454927,1933.2575964146456,1511.6942607088536,2.3356458283991714e-06,4.454858222438611e-06,8.23970276657152e-05,0.00017399142844308488,0.0003701648492483463,6.39924008170739e-05,0.0003213595921220748,-3.7666666666666666,0.00019479734358497622
640,prob,prob[38],"(38,)",2000,0.0002154831039397859,1.3114076541717627e-08,0.00011451670857004941,0.9996683261538699,1903.817536331233,1443.117998919063,2.780455335500066e-06,5.5394033447786385e-06,8.98261052070038e-05,0.00019160740821654363,0.0004277684155989038,6.136897415171655e-05,0.00035442953099429917,-3.7333333333333334,0.0002154831039397859
641,prob,prob[39],"(39,)",2000,0.00023812776799285175,1.742776347405538e-08,0.0001320142548138472,0.9995738168870214,1872.0606198769044,1340.5935386034287,3.225135523604659e-06,6.601036256119607e-06,9.443958162624145e-05,0.00021076647924333722,0.00048807480250684853,5.620625150383488e-05,0.0003887964152262921,-3.7,0.00023812776799285175
642,prob,prob[40],"(40,)",2000,0.0002627365645447512,2.208201618714136e-08,0.0001486001890548641,0.9997912857470992,1834.177686534069,1358.0316642421299,3.6277661145778047e-06,7.4189491914065915e-06,9.918738813906251e-05,0.0002325532158538969,0.0005530855425956212,7.252257821569931e-05,0.0004405948428412322,-3.666666666666667,0.0002627365645447512
643,prob,prob[41],"(41,)",2000,0.00028942362802875245,2.705904442920281e-08,0.00016449633561025853,0.9996308926901027,1796.915373516982,1357.9952967884933,3.976039282127101e-06,7.754037919820333e-06,0.00010506450621492891,0.0002560997729361431,0.0005924053766024521,6.305839445259742e-05,0.0004782272150793364,-3.633333333333333,0.00028942362802875245
644,prob,prob[42],"(42,)",2000,0.0003186241136457214,3.350459990991626e-08,0.00018304261774219758,0.9994361347734333,1780.4578587063024,1398.9058082748509,4.3561094360450075e-06,7.989555347333157e-06,0.00011276945846553323,0.0002823317764227744,0.0006557626472630071,8.416768375875422e-05,0.0005603150646160588,-3.6,0.0003186241136457214
645,prob,prob[43],"(43,)",2000,0.0003508095571338974,4.221253730239667e-08,0.00020545689889219263,1.0000858502346301,1767.2561357407712,1555.2882351529556,4.803935564940405e-06,8.451674512062023e-06,0.0001191793330709181,0.0003080604951159567,0.0007371950764751099,7.286616907044532e-05,0.0006079155334890849,-3.566666666666667,0.0003508095571338974
646,prob,prob[44],"(44,)",2000,0.00038631639481674483,5.380787548885776e-08,0.00023196524629534002,1.0004179459971179,1754.0538086605136,1583.407309325208,5.331391241697936e-06,9.342271069255881e-06,0.0001272814583785265,0.0003375644595520747,0.0008204951152096813,7.12207826120564e-05,0.0006695286955929612,-3.533333333333333,0.00038631639481674483
647,prob,prob[45],"(45,)",2000,0.00042533869872055953,6.86270078181993e-08,0.0002619675701650861,0.9996099951876952,1725.242690529579,1686.906761324784,5.931894862605735e-06,1.0701522499936944e-05,0.000139473014655007,0.0003686688972183115,0.0009182173717963619,7.58897242607752e-05,0.0007381035576691525,-3.5,0.00042533869872055953
648,prob,prob[46],"(46,)",2000,0.0004678819080015283,8.640601025961987e-08,0.00029394899261541937,0.9993853875171439,1702.140909050089,1588.441649313135,6.5731580769669796e-06,1.2456743103551196e-05,0.00014958160869732847,0.0004045393465733751,0.001010319459839594,7.462508519786426e-05,0.0008196493272109936,-3.466666666666667,0.0004678819080015283
649,prob,prob[47],"(47,)",2000,0.0005138036706821074,1.0601251463045582e-07,0.0003255956305457059,0.999510637658638,1687.425109888861,1562.4862563807874,7.202832308615986e-06,1.4414669002163691e-05,0.00016000676704882238,0.00044194123357019417,0.0010913821950163838,8.475327972641218e-05,0.0009058802873005307,-3.433333333333333,0.0005138036706821074
650,prob,prob[48],"(48,)",2000,0.0005628450953342262,1.2561878891475046e-07,0.00035442740993714135,0.9996531387276018,1699.7698813398374,1562.5925041148223,7.763217505122845e-06,1.6116150398576937e-05,0.0001748547677683027,0.000487495239065812,0.0012007316626067995,8.924958039481916e-05,0.0009967547670901948,-3.4,0.0005628450953342262
651,prob,prob[49],"(49,)",2000,0.0006148260928703534,1.4356631036804782e-07,0.0003789014520532322,0.9998104468489522,1737.5730218659235,1589.2681389443267,8.21663532386212e-06,1.714684581015165e-05,0.00018750168426991652,0.000535825110787313,0.0012951003422720774,0.00010046117885135973,0.0010798290818689893,-3.3666666666666667,0.0006148260928703534
652,prob,prob[50],"(50,)",2000,0.0006707185350187485,1.6336745829090987e-07,0.00040418740491374774,0.9999977941506899,1767.141768683025,1448.8065731091353,8.683612421764735e-06,1.7696582442222363e-05,0.00020186394199193472,0.0005884092368087706,0.0013971493390823766,0.00011051654374646628,0.001187064965087245,-3.3333333333333335,0.0006707185350187485
653,prob,prob[51],"(51,)",2000,0.0007319021678367186,1.8917966942588935e-07,0.0004349478927709495,1.0001800125400198,1817.5297895760762,1425.7409662730797,9.28260701032714e-06,1.8096101097979286e-05,0.00021776034601140372,0.0006418275047952028,0.001523811571680735,0.00011602692943993469,0.001295378594391489,-3.3,0.0007319021678367186
654,prob,prob[52],"(52,)",2000,0.0007991030117983741,2.2266778185708664e-07,0.0004718768715004865,1.000240045816993,1840.154336281573,1383.5163346886225,1.0042355209553072e-05,1.840743258687983e-05,0.00023310324142931048,0.0007019823344882851,0.001696586332946769,0.0001273242567488418,0.0014342045790172787,-3.2666666666666666,0.0007991030117983741
655,prob,prob[53],"(53,)",2000,0.0008728035969450146,2.646506254537857e-07,0.0005144420525713131,1.0002731302163104,1836.4995464085305,1403.8916255618954,1.0965825163620547e-05,1.8545017883273912e-05,0.000252434184381315,0.0007661665053612022,0.0018590403765595452,0.00017723594104817887,0.0016161553841115331,-3.2333333333333334,0.0008728035969450146
656,prob,prob[54],"(54,)",2000,0.0009531708217582731,3.146308103804837e-07,0.0005609196113352462,1.0003046433792981,1826.3558912660649,1350.6985490815855,1.2039151310771612e-05,1.879153008433617e-05,0.00028164352690860273,0.0008412474062184682,0.002022350661560505,0.0001908441287986119,0.0017550210764977858,-3.1999999999999997,0.0009531708217582731
657,prob,prob[55],"(55,)",2000,0.001040139664628091,3.705953305346087e-07,0.0006087654150283249,1.0003021808931358,1789.2369607375815,1517.84059458719,1.3210369574933425e-05,1.898630546987967e-05,0.0003084206088869219,0.0009181441766937362,0.002201824955512618,0.00012593403781713367,0.0018284818744906868,-3.1666666666666665,0.001040139664628091
658,prob,prob[56],"(56,)",2000,0.0011334322478624165,4.3001800665190123e-07,0.0006557575822298216,1.0002383380129336,1747.7770808260395,1425.4788618597286,1.4542358655463827e-05,1.9009707101588213e-05,0.00032544218241955126,0.000999025711931506,0.0023916900009216414,0.00020376229966143503,0.0020549404605117094,-3.1333333333333333,0.0011334322478624165
659,prob,prob[57],"(57,)",2000,0.0012328624637294317,4.922535934140174e-07,0.0007016078629932944,1.0001005563484686,1704.3464450211677,1343.1977436986629,1.603659377067469e-05,1.8979636405515772e-05,0.00036640693758513383,0.0010960278413754947,0.002588086634843091,0.00025583708611549226,0.0022468013774433002,-3.0999999999999996,0.0012328624637294317
660,prob,prob[58],"(58,)",2000,0.0013391114982628605,5.655395186923361e-07,0.0007520236157810046,1.0000316040904678,1654.350265078115,1287.08741497829,1.770909053081569e-05,1.9238202116810838e-05,0.0004041428084401219,0.0011884422909287178,0.0027634973588638056,0.00021188691331694922,0.0023850618775439008,-3.0666666666666664,0.0013391114982628605
661,prob,prob[59],"(59,)",2000,0.0014544532427974229,6.650041586710494e-07,0.0008154778713558384,0.9998852773646137,1617.3495965491554,1296.7257802248491,1.9571610474395088e-05,2.0044870552042312e-05,0.000425368435364215,0.0013085495860164949,0.0030172102963352005,0.00020243637825421778,0.002584123816191261,-3.033333333333333,0.0014544532427974229
662,prob,prob[60],"(60,)",2000,0.0015803503666629148,7.967560273309687e-07,0.0008926119130568272,0.9997511492714024,1587.9102157241402,1222.7770013146023,2.157813581941133e-05,2.127048265347291e-05,0.0004528524027479033,0.0014114006435910187,0.0033024544048256663,0.000312883931101207,0.0029229669600706397,-2.9999999999999996,0.0015803503666629148
663,prob,prob[61],"(61,)",2000,0.0017176286935158284,9.635813639251379e-07,0.0009816218028982128,1.000073625369832,1567.2941053284328,1223.629026017658,2.3790478456262725e-05,2.334745787460174e-05,0.0004907680727992404,0.0015264047479363976,0.003601841555692674,0.000320340946713613,0.003138914431545664,-2.966666666666667,0.0017176286935158284
664,prob,prob[62],"(62,)",2000,0.0018665793908683446,1.1643531742184271e-06,0.0010790519793867333,1.000070093496772,1548.0456210638251,1211.5188048610992,2.6166847770915968e-05,2.6197732635525987e-05,0.0005212332201488533,0.0016510976600170968,0.003981662772375359,0.0003466474288151976,0.003421412895775627,-2.9333333333333336,0.0018665793908683446
665,prob,prob[63],"(63,)",2000,0.002026872962623027,1.392915610469372e-06,0.001180218458790309,1.0001912840731635,1529.8571884649748,1205.3488664757006,2.8648948709952287e-05,2.930023763329749e-05,0.000549833550197436,0.001788641002390156,0.004292704702093622,0.000348811089779567,0.0037111159685291988,-2.9000000000000004,0.002026872962623027
666,prob,prob[64],"(64,)",2000,0.002197888867660511,1.6406392467352772e-06,0.001280874407088875,1.0000258710594505,1512.029098561804,1316.5534306833088,3.118516294352058e-05,3.225158976773498e-05,0.0005984000007028686,0.001942697352484262,0.004639861423721119,0.0003862573589132436,0.004034714498457377,-2.8666666666666663,0.002197888867660511
667,prob,prob[65],"(65,)",2000,0.0023787669586132756,1.9005793242594367e-06,0.0013786150021885867,1.0005012442163914,1490.6704030912329,1264.2006407854694,3.3777280658863505e-05,3.46673445210175e-05,0.0006612243244623132,0.002091575533450879,0.005016643599038275,0.00037272242760509627,0.004372787226869096,-2.8333333333333335,0.0023787669586132756
668,prob,prob[66],"(66,)",2000,0.0025692825926026197,2.1814517022068625e-06,0.0014769738326073562,1.0014816432356086,1459.5454345296682,1173.5517819316303,3.664849331751349e-05,3.6432396747854384e-05,0.0007086352125454889,0.002270767709030938,0.005406201120768887,0.0004270706263824798,0.0047441108849695535,-2.8,0.0025692825926026197
669,prob,prob[67],"(67,)",2000,0.002773393436262494,2.5314755143372586e-06,0.0015910611284099862,1.001877120815918,1427.251946578792,1189.1838817619787,3.988418552369536e-05,3.848987831717414e-05,0.0007666294756492512,0.002451022756371644,0.005918977937963563,0.0004631528489828585,0.00514551518804245,-2.7666666666666666,0.002773393436262494
670,prob,prob[68],"(68,)",2000,0.002994381692092905,2.9718878361258693e-06,0.001723916423764757,1.0021811107117313,1406.89940319989,1269.63119628045,4.353025310091199e-05,4.108849092618095e-05,0.0008363145299582224,0.002647350779164629,0.006436882197277509,0.0005507682749275884,0.00562504759692534,-2.7333333333333334,0.002994381692092905
671,prob,prob[69],"(69,)",2000,0.0032336761329292414,3.503834320701493e-06,0.0018718531781903977,1.0031010258122908,1390.7934161903177,1251.9592979352394,4.753931365209053e-05,4.400207774739511e-05,0.0009154161577761885,0.002848830907915212,0.007007038938157217,0.0005878632513925802,0.006101899391951928,-2.7,0.0032336761329292414
672,prob,prob[70],"(70,)",2000,0.00349188560309122,4.1159124294608435e-06,0.002028771162418483,1.0031987173158163,1372.5078475021912,1204.3528635689897,5.183079171898224e-05,4.828989702223852e-05,0.0010015478826420224,0.0031069012366325777,0.007532163478188352,0.0005082843480071292,0.006478003476405219,-2.666666666666666,0.00349188560309122
673,prob,prob[71],"(71,)",2000,0.0037686995776843126,4.78158482402928e-06,0.0021866835216897028,1.003181659545204,1352.320750688468,1263.8102261908239,5.6296447035326465e-05,5.274414167201061e-05,0.0010642975880066187,0.0033594374977726914,0.008029855681226472,0.0006024686453493888,0.0069794825918831575,-2.6333333333333333,0.0037686995776843126
674,prob,prob[72],"(72,)",2000,0.004063415098949219,5.468151953334678e-06,0.002338407995482114,1.0037529240042151,1335.5280218904545,1168.3941411287071,6.084621753362476e-05,5.672094047410702e-05,0.0011506537785470755,0.0036259353690577508,0.008621961042436715,0.0006357820148375854,0.0074563365569135535,-2.6,0.004063415098949219
675,prob,prob[73],"(73,)",2000,0.004375056193305072,6.152138057244461e-06,0.0024803503900143746,1.0033047143680118,1315.7562559407227,1296.9913481238684,6.545533833472718e-05,5.9508592714100673e-05,0.0012517369359633455,0.003928843307541358,0.009190943673393445,0.0006380971553799085,0.007901635112803979,-2.5666666666666664,0.004375056193305072
676,prob,prob[74],"(74,)",2000,0.004703478508688819,6.8581651043140505e-06,0.002618809864101258,1.0024279484551635,1292.7806041122,1335.8349026664973,7.026790218089559e-05,6.1006993629085835e-05,0.0013580981343337723,0.004235506211037798,0.009675156465499987,0.0007371302879021417,0.008544963279421305,-2.533333333333333,0.004703478508688819
677,prob,prob[75],"(75,)",2000,0.005053617149334704,7.73538990520394e-06,0.0027812568930618295,1.0027060048760823,1277.8153154541174,1466.8172902963975,7.569326789806347e-05,6.328337562303768e-05,0.0014928365297831932,0.00456288335373534,0.010348929757927111,0.0007932240063640619,0.008974792929182497,-2.5,0.005053617149334704
678,prob,prob[76],"(76,)",2000,0.005434550482850837,8.91464710236216e-06,0.00298574062878244,1.0024966765320857,1264.958606693841,1584.100844926189,8.190564861518455e-05,6.834386805714084e-05,0.0015694064814816867,0.00489065918751531,0.011039181859553904,0.0009400748135536794,0.009658429144624689,-2.466666666666667,0.005434550482850837
679,prob,prob[77],"(77,)",2000,0.00584992982357442,1.0402706907506198e-05,0.003225322760206519,1.0019126098928501,1260.0646002865421,1348.4955610615043,8.875633817524097e-05,7.588820238878072e-05,0.0016978254621951609,0.0052739049734445995,0.01194412524689406,0.0009242711520263857,0.010281979749971143,-2.433333333333333,0.00584992982357442
680,prob,prob[78],"(78,)",2000,0.006301827113452453,1.2160149076134709e-05,0.0034871405300238058,1.0019594786377104,1256.8210976554653,1367.2240986971715,9.601869138809948e-05,8.479370563287013e-05,0.001838980074883177,0.005696156462417737,0.012908713866289886,0.0009632911902536003,0.011155070134087737,-2.4,0.006301827113452453
681,prob,prob[79],"(79,)",2000,0.006790637082781643,1.4093973824917922e-05,0.003754194164520253,1.0010906814415719,1246.0347913146663,1422.3754885965634,0.00010341303292784197,9.357936700709757e-05,0.001995963736877263,0.006082440693317481,0.013880637994724087,0.0009803253268229697,0.011902809590476597,-2.3666666666666667,0.006790637082781643
682,prob,prob[80],"(80,)",2000,0.007315824153899601,1.6078886657454774e-05,0.004009848707551791,1.001061397379659,1233.1870709840114,1460.3361621248816,0.00011067981424075841,0.00010074423889196666,0.0021619484915225864,0.006566201668938416,0.01481208885035364,0.0013644497545210442,0.013077195871397567,-2.333333333333333,0.007315824153899601
683,prob,prob[81],"(81,)",2000,0.007876105198820595,1.799558343747529e-05,0.004242120158302366,1.000767784156915,1218.771125842941,1514.2002538300867,0.00011763354114482187,0.00010492306507534672,0.0023562270300943374,0.007117457053547164,0.015600105429582773,0.0014981316278261023,0.014015529786572039,-2.3,0.007876105198820595
684,prob,prob[82],"(82,)",2000,0.00847120058838151,1.9823625601840148e-05,0.004452373030400771,1.0000423193400638,1205.049008137717,1420.5478699355342,0.0001242835751539312,0.00010532203430602679,0.0025885705526818843,0.007790656032052079,0.0165073227738533,0.001716976528937577,0.015022008511870634,-2.2666666666666666,0.00847120058838151
685,prob,prob[83],"(83,)",2000,0.009107867725862504,2.183607533383359e-05,0.004672908658836976,1.0000874873749095,1194.1625946989864,1266.2703156418527,0.00013107900501564617,0.00010332230805883324,0.0028640498863593505,0.008458031564246946,0.017733647649640083,0.001936943216912621,0.01590061276959852,-2.233333333333333,0.009107867725862504
686,prob,prob[84],"(84,)",2000,0.009821945946950874,2.4607595170988126e-05,0.004960604315099938,1.0000760199979326,1196.6267584457746,1300.9886328786836,0.00013888786593523132,0.00010432853203606022,0.003200919106670668,0.009142715344418715,0.01908199336452291,0.0020400179328548275,0.016819003259219607,-2.2,0.009821945946950874
687,prob,prob[85],"(85,)",2000,0.010632221636364321,2.822116963530504e-05,0.005312360081480268,1.0000892970153217,1213.5412787292141,1341.1092916310408,0.0001476799163843498,0.00010991807724761824,0.003523220889672239,0.00989810319951304,0.02023946212366663,0.002888396846448013,0.01883238516325591,-2.1666666666666665,0.010632221636364321
688,prob,prob[86],"(86,)",2000,0.011552047248635898,3.259854267768959e-05,0.005709513348586689,1.000139797817524,1228.4079190159707,1388.3311763895588,0.00015724049425073719,0.00012058081416352646,0.0038959657659590643,0.010688164708503547,0.021825823282800538,0.0029496220267694034,0.02003666239199608,-2.133333333333333,0.011552047248635898
689,prob,prob[87],"(87,)",2000,0.01259380531204072,3.754567955066654e-05,0.0061274529415301544,1.0001806504107484,1247.0236448202766,1513.9510850889303,0.0001672986109849296,0.00013104925038205192,0.004508894452869225,0.011632439360498022,0.02382094068930029,0.0038189076219242645,0.022081706939671784,-2.0999999999999996,0.01259380531204072
690,prob,prob[88],"(88,)",2000,0.013770113524912454,4.280157794029343e-05,0.006542291490012763,1.0002081098165556,1262.030731370375,1547.0362347442049,0.00017759813972097855,0.00014219676883646436,0.005191754498833733,0.01283924479952685,0.026010656051520583,0.004328402872025244,0.02377003823395199,-2.066666666666667,0.013770113524912454
691,prob,prob[89],"(89,)",2000,0.015094481638711228,4.8149240918691405e-05,0.00693896540693866,1.0002423725618477,1277.9909914147268,1537.5999766826526,0.00018798411265625738,0.00015040014727259987,0.005898446253847662,0.014114764161362658,0.02773934860461032,0.00493234760964599,0.02546342587956774,-2.033333333333333,0.015094481638711228
692,prob,prob[90],"(90,)",2000,0.016585582349788724,5.368615140816867e-05,0.0073270834175795125,1.0003151400290873,1292.0818805899376,1422.509217571191,0.00019861288129383479,0.00015420128022894578,0.006678749777365065,0.015611430749815403,0.029718310580198422,0.0057198277186554635,0.02813330142990418,-1.9999999999999998,0.016585582349788724
693,prob,prob[91],"(91,)",2000,0.01827185344690817,6.037071222252259e-05,0.007769859215103102,1.0002194998788654,1315.3714306744887,1569.814331967449,0.0002103321913254057,0.0001556471005496679,0.0074814221439038625,0.01729023079736415,0.03232977377178491,0.006204560099615389,0.030412270070230438,-1.9666666666666668,0.01827185344690817
694,prob,prob[92],"(92,)",2000,0.02024163395867634,7.024638799340327e-05,0.008381311830101733,1.0004182554330274,1355.0195350246863,1624.3021885857386,0.00022428872247420717,0.00016386156480907335,0.008353766129162601,0.019272644089744786,0.03538803408480454,0.006909350278715053,0.03348705143613404,-1.9333333333333336,0.02024163395867634
695,prob,prob[93],"(93,)",2000,0.022586552071538202,8.391361255331251e-05,0.009160437356006126,1.0014573840397158,1408.1121204948254,1518.9117330544523,0.00023991863245737173,0.00018266141580102442,0.009441113268656005,0.021490948092152618,0.03911955315053916,0.0062027336551219205,0.03530823382455178,-1.8999999999999997,0.022586552071538202
696,prob,prob[94],"(94,)",2000,0.025372894384989863,0.00010107236586376491,0.010053475312734643,1.0023671287605669,1474.042929428434,1544.1512494180665,0.0002570968071683086,0.00021089329041939958,0.011130343235740584,0.024242104365091013,0.0433585487716669,0.008293609662411777,0.0402434768698704,-1.8666666666666667,0.025372894384989863
697,prob,prob[95],"(95,)",2000,0.028672001056566032,0.00012076982006030858,0.010989532294884464,1.0016394222808638,1536.2395931225349,1494.5077180490218,0.0002743196316838856,0.0002468941391742842,0.013304661429050256,0.027368228406900227,0.04817933212920586,0.012463738402340373,0.04688975191192372,-1.8333333333333335,0.028672001056566032
698,prob,prob[96],"(96,)",2000,0.03256545507116479,0.0001413057351392865,0.011887208887677818,1.001720226371105,1595.4909627380002,1595.2575567367887,0.00029027962580652146,0.000287745823953817,0.01593409984631124,0.031231197616342535,0.05318170609593035,0.014537900856834981,0.05113778816258445,-1.7999999999999996,0.03256545507116479
699,prob,prob[97],"(97,)",2000,0.03714683856706817,0.00016049336316938613,0.012668597521801146,1.0016539941009528,1667.410535067441,1595.7697890516142,0.0003026369319409216,0.0003359861324114664,0.019311010403370077,0.035825834355641184,0.05909554905765946,0.01787162920356677,0.05635528305501393,-1.7666666666666666,0.03714683856706817
700,prob,prob[98],"(98,)",2000,0.0425392993410655,0.00017689077379944734,0.013300029090172973,1.0021456020482826,1774.1840206927511,1626.1031073879797,0.00031012379870168946,0.00039759157668017435,0.023400981717206813,0.041252141520420185,0.0653034395877438,0.021505539464609567,0.062118505528125506,-1.7333333333333334,0.0425392993410655
701,prob,prob[99],"(99,)",2000,0.048911565256759375,0.00019335572681637548,0.013905240983757724,1.0013431052433543,1931.7253754127933,1591.945110500531,0.0003143955340191568,0.000441557740940222,0.02792948936968922,0.04786742138785144,0.07265377328463424,0.025413588242870384,0.06799076031640439,-1.6999999999999997,0.048911565256759375
702,prob,prob[100],"(100,)",2000,0.05646489347110564,0.00022471057231006266,0.014990349305805475,1.0019681542767516,2142.022838181359,1741.3993823156304,0.00032568864213406925,0.00041687860976465357,0.032752966457146836,0.05561682146642977,0.08245069664923801,0.03152609784245588,0.07953933630797261,-1.6666666666666665,0.05646489347110564
703,prob,prob[101],"(101,)",2000,0.06532760207515882,0.00028789415419357476,0.01696744394991699,1.0008738052352817,2332.5869366366464,1843.9006527290198,0.00035443704280689375,0.0004351578942060483,0.03885176870110972,0.0646573565019935,0.09417331686533632,0.036317568420211284,0.09110854791542766,-1.6333333333333333,0.06532760207515882
704,prob,prob[102],"(102,)",2000,0.07569165334361423,0.00038804418749724493,0.01969883721180631,1.0008966997825135,2462.708569208987,1732.6388447061536,0.0003993151400050578,0.0004873866560811127,0.045151370714607654,0.07483738192099751,0.1083221097744952,0.04290375740835688,0.10512212650011624,-1.6,0.07569165334361423
705,prob,prob[103],"(103,)",2000,0.08773054561005095,0.0005237759331788337,0.022886151558941352,1.0010489512887013,2543.499184776623,1636.6410412308967,0.0004550971148671386,0.0005613113445059536,0.052640355017175795,0.08645648704464232,0.12596943672956656,0.04962569246491404,0.12056426359530327,-1.5666666666666664,0.08773054561005095
706,prob,prob[104],"(104,)",2000,0.10159421527212598,0.0006824225406512379,0.026123218420616514,1.0008846082542129,2559.50319806479,1635.021837586862,0.0005164438375457258,0.0006404952231895582,0.06260049646932239,0.099424847830135,0.14616661136798528,0.056965945151657676,0.13831851862950348,-1.5333333333333332,0.10159421527212598
707,prob,prob[105],"(105,)",2000,0.11738754083519745,0.0008357095598767005,0.028908641612443508,1.0013752865219714,2536.9663384495543,1657.647327149131,0.0005722715243448413,0.0007047247115488306,0.07551266667021778,0.11498037792632454,0.16690169950498165,0.06857458314046855,0.15838179096313829,-1.5,0.11738754083519745
708,prob,prob[106],"(106,)",2000,0.13519452349590982,0.00093985376504474,0.030657034511588688,1.0017519793848177,2482.55863622335,1675.8203322261131,0.0006098521256285665,0.0007310951339727965,0.09054495387553323,0.13249271472585383,0.1901880385616166,0.08303711905552633,0.17803679325419297,-1.4666666666666663,0.13519452349590982
709,prob,prob[107],"(107,)",2000,0.15509053519012997,0.0009514990139440505,0.030846377647043916,1.001325235110697,2422.9613753620924,1709.9888053004825,0.0006189828772965729,0.0007020159174817101,0.11075851094410473,0.1529485888752794,0.20989455031230841,0.10343992554522509,0.19929090109339093,-1.4333333333333333,0.15509053519012997
710,prob,prob[108],"(108,)",2000,0.17713627256433212,0.000879955760068342,0.02966404827511481,1.001853464181525,2389.2309391206386,1802.9146861746358,0.0006038047815850085,0.0006198103148302522,0.13342059302155734,0.1749066325852176,0.2279186876305362,0.13131697896563832,0.2246933764471958,-1.4,0.17713627256433212
711,prob,prob[109],"(109,)",2000,0.20040312406710187,0.0008861995963177464,0.02976910472818668,1.0039638024141573,2323.883098496874,1767.4560602652944,0.000617702446906899,0.0006146819415935228,0.1539249021222746,0.1989862442232188,0.2509263304692931,0.1519478640786281,0.24702788963116704,-1.3666666666666663,0.20040312406710187
712,prob,prob[110],"(110,)",2000,0.2241083811540552,0.0010554187152454733,0.0324872084865024,1.0022542742614573,2283.3966715308184,1741.9090841858565,0.0006815732573245733,0.0006923266792459739,0.17346366432168212,0.22374716500237907,0.2769475911463487,0.1736538266626135,0.2770744016895122,-1.3333333333333333,0.2241083811540552
713,prob,prob[111],"(111,)",2000,0.24751569335623236,0.00140062687576155,0.03742494990994043,1.0037953250568172,2243.2522203908898,1457.7860567835785,0.0007911256563429879,0.0008440346640038739,0.1891940140620253,0.24688882075913146,0.30939137307724035,0.1880652643766882,0.30762527562914954,-1.3000000000000003,0.24751569335623236
714,prob,prob[112],"(112,)",2000,0.2696443887456876,0.0018700108374729756,0.04324362192824481,1.0020691948812273,2243.6130515556715,1394.1656483496658,0.0009091145307505149,0.00101509287238925,0.20314430355963226,0.2675734306218089,0.3433865379763855,0.2026850010082243,0.3425121246862585,-1.2666666666666662,0.2696443887456876
715,prob,prob[113],"(113,)",2000,0.2893286687534279,0.0023369378837956012,0.048341885397609405,1.0013109535514757,2262.728034724481,1362.2739789943075,0.0010041812744636949,0.001145091849326445,0.2138972269922446,0.28585932569698597,0.374229063164692,0.21390215091119477,0.37425122716216874,-1.2333333333333332,0.2893286687534279
716,prob,prob[114],"(114,)",2000,0.30524757087511273,0.002619736328995493,0.05118335988380885,1.0027443908201907,2329.6510713994885,1425.5821080897867,0.0010472811053025015,0.0012124868025836313,0.22608090413042115,0.30073030484727814,0.3958728175890876,0.22376604630241603,0.3917218990781787,-1.2000000000000002,0.30524757087511273
717,prob,prob[115],"(115,)",2000,0.31602456121286643,0.002553018132897342,0.0505273998232379,1.0022600532066168,2412.086991545013,1324.7899706792507,0.0010145715865910552,0.001182339554670707,0.23810109213957106,0.31201123866478875,0.40269667650921775,0.2419106944224758,0.4062194839080182,-1.1666666666666667,0.31602456121286643
718,prob,prob[116],"(116,)",2000,0.32034068827993967,0.0021083418019827043,0.04591668326417648,1.0020544371336502,2542.54948281723,1524.2984920332376,0.0008975400280293734,0.0010342213504643911,0.24852704784683635,0.3182494587424599,0.3988839113965018,0.24110348534532208,0.3900513321959884,-1.133333333333333,0.32034068827993967
719,prob,prob[117],"(117,)",2000,0.3200961269226306,0.001643096759009346,0.040535129936998426,1.0019269895474805,2713.8864027585737,1724.3834015593457,0.0007758917598442647,0.0008710851441358096,0.25783589973521276,0.3183176388164135,0.38888026851229246,0.2568769501249163,0.38743416042427714,-1.1,0.3200961269226306
720,prob,prob[118],"(118,)",2000,0.31978289737138005,0.0014858211058952524,0.038546350098229175,1.002512769457213,2820.2989385211577,1704.7706373007143,0.0007278608233412363,0.0008031187155484332,0.26078941652740656,0.3175810174534155,0.3860377818720758,0.2578826164260736,0.38029499651995485,-1.0666666666666669,0.31978289737138005
721,prob,prob[119],"(119,)",2000,0.32032852174876747,0.0015852445467946872,0.03981512962172404,1.0024732665953116,2761.4833059811313,1563.0525318589303,0.0007532829550165155,0.0008309856128652767,0.2576175577910065,0.3181070365733939,0.3884926435950002,0.25106042933435596,0.3806911683837104,-1.033333333333333,0.32032852174876747
722,prob,prob[120],"(120,)",2000,0.3225126659123639,0.0018192879105230033,0.042653111381504204,1.002788774437974,2719.02661389479,1563.850626030549,0.0008103753336678408,0.000912302225629442,0.2557812109147334,0.3194939422545505,0.39687805772947754,0.2468460982493966,0.3860357646647533,-0.9999999999999999,0.3225126659123639
723,prob,prob[121],"(121,)",2000,0.3269665427270755,0.0020446551768240465,0.04521786347035922,1.0043017374252774,2587.8040501751425,1415.4606072378142,0.0008634501972325021,0.0009927396600804776,0.2566668294210272,0.32422778251450735,0.405794057841711,0.2521993741082142,0.39865625482572653,-0.9666666666666668,0.3269665427270755
724,prob,prob[122],"(122,)",2000,0.334286361619419,0.00213707059697637,0.04622846089776697,1.0048913821969665,2547.59996928147,1250.0481894918673,0.000890295729923932,0.001039361205851144,0.26291757558073586,0.3324036109040354,0.4150323202853015,0.2537745734531801,0.4046326729195358,-0.9333333333333331,0.334286361619419
725,prob,prob[123],"(123,)",2000,0.3450310471724272,0.002034894150668871,0.04510980104887263,1.005911599854131,2602.562839815888,1320.0040413367365,0.0008680839616314626,0.0010421093687741291,0.2747626591908133,0.3442006697771208,0.422552947947515,0.2722771214149923,0.41953650027432793,-0.9,0.3450310471724272
726,prob,prob[124],"(124,)",2000,0.35979885783735277,0.0017815417524793334,0.04220831378389017,1.0082045059879765,2584.5921227834997,1344.274889348859,0.0008238756080552284,0.0009610960224026592,0.29250698888347343,0.3588855257186214,0.43164550698016324,0.2875200852030359,0.42272132660036627,-0.8666666666666669,0.35979885783735277
727,prob,prob[125],"(125,)",2000,0.3782363461320686,0.0015946713701944313,0.039933336577281285,1.004117633632056,2486.4616995194406,1704.860264176565,0.0007942310746464387,0.0008448748105571501,0.31299103557320485,0.37712863662963547,0.44435909160840087,0.3095928980561064,0.4401355935049127,-0.8333333333333328,0.3782363461320686
728,prob,prob[126],"(126,)",2000,0.3954875655211771,0.0017074630508918944,0.041321459931758155,1.0006291721782767,2533.2214537581785,1672.282297085991,0.0008199852736416551,0.0008506712281643491,0.3291745290832267,0.39498546796809164,0.46419792290630113,0.3311658417151885,0.4656593831744421,-0.7999999999999997,0.3954875655211771
729,prob,prob[127],"(127,)",2000,0.4102502123798453,0.0020152593928791877,0.04489164056791852,1.000491506439091,2488.3917742518292,1589.0736573910979,0.00089683222992797,0.0009274937205388094,0.33935674887878303,0.41023405720906486,0.48637369906976874,0.33831465983886616,0.4828956204793531,-0.7666666666666666,0.4102502123798453
730,prob,prob[128],"(128,)",2000,0.4220976126796085,0.0023615377779758967,0.04859565595787237,1.0003538030912056,2459.56466391363,1524.5230187774275,0.0009705181838859437,0.0010187433102089424,0.34514397418539494,0.4203228698537897,0.5072994928989518,0.336255367495294,0.4957199087829777,-0.733333333333333,0.4220976126796085
731,prob,prob[129],"(129,)",2000,0.43066330872267183,0.0026055792639453337,0.051044875001760304,1.0006844876718548,2478.180486035127,1316.2414349241383,0.001013231048341328,0.0010843609576039386,0.35028380407805426,0.4287187269924912,0.5195777779824671,0.34439798677419825,0.5122238676869654,-0.6999999999999998,0.43066330872267183
732,prob,prob[130],"(130,)",2000,0.4355834365786259,0.002646553881779173,0.051444668156954546,1.0017539135253597,2530.884638176494,1447.5617487293514,0.001008563262462496,0.0011318544904823354,0.35475295717676636,0.4333426422141218,0.525047180917348,0.34717781255843805,0.5158340395823666,-0.6666666666666667,0.4355834365786259
733,prob,prob[131],"(131,)",2000,0.436545862416457,0.0024571785492625213,0.04956993594168265,1.0018602270302777,2669.328305803457,1215.292694194254,0.0009504706353330791,0.0011353651845670595,0.3589388908598515,0.434765929100152,0.5235953453453165,0.3536186048155727,0.5170405480400234,-0.6333333333333336,0.436545862416457
734,prob,prob[132],"(132,)",2000,0.43326383858494594,0.002110219122096037,0.045937121395403485,1.0027893118842568,2897.4034467093597,1378.4254575097675,0.0008468210724334853,0.0010938100702758632,0.36047198999683827,0.43231266756609443,0.5132199064904228,0.3571684752636736,0.5094380902811817,-0.5999999999999995,0.43326383858494594
735,prob,prob[133],"(133,)",2000,0.4256694091665709,0.0018132225603599028,0.0425819511102991,1.0023846429212921,3380.7112094201434,1391.758917587194,0.0007249198538560269,0.00100509320291346,0.35628946645696835,0.4240178773905481,0.49745924389164914,0.35291004527545494,0.49210400904636203,-0.5666666666666664,0.4256694091665709
736,prob,prob[134],"(134,)",2000,0.4170733339291306,0.0018327195286001745,0.04281027363379233,1.0005611651139878,3618.235201004563,1735.5916184111973,0.0007127789718280853,0.0009681373917245962,0.3475269582462929,0.41593635217721825,0.4878510603528831,0.34622881774634745,0.4859425022947695,-0.5333333333333333,0.4170733339291306
737,prob,prob[135],"(135,)",2000,0.4102536045535927,0.002075454681149244,0.04555715839634035,1.0008781448090227,3298.2190032626168,1610.75519417035,0.0007879635790256806,0.0009907957511017997,0.33706760511656514,0.408426899677211,0.4890352277484712,0.33204059681573844,0.4801064878331777,-0.49999999999999967,0.4102536045535927
738,prob,prob[136],"(136,)",2000,0.40549974043694537,0.0023409442661232144,0.04838330565518663,1.0005984152925151,3218.9545439417298,1675.3497013393912,0.0008436974912739371,0.0010356953032162025,0.32865791333085836,0.40371061896336824,0.48856421294363483,0.32367548554780745,0.48307739527036514,-0.46666666666666656,0.40549974043694537
739,prob,prob[137],"(137,)",2000,0.4029753907595421,0.002484445922750151,0.04984421654264566,1.0008923152411173,2993.368852785165,1652.1144344545908,0.0009020696242003895,0.0010628867002158626,0.3227698134578616,0.4015564065399704,0.49238719481181586,0.31516234860756476,0.4791696700064647,-0.43333333333333346,0.4029753907595421
740,prob,prob[138],"(138,)",2000,0.4028371260558822,0.0024295210601849677,0.049290172044586814,1.001017569518951,2871.6125702186623,1742.8387161969767,0.0009098271031026393,0.00104202227709583,0.32515382254945097,0.4020722922918326,0.4908083533630272,0.318480318031501,0.4801685439633794,-0.3999999999999998,0.4028371260558822
741,prob,prob[139],"(139,)",2000,0.4052116710109786,0.00218300886598044,0.04672268042375608,1.0008161467839816,2832.357456906888,1751.7573134113018,0.0008713989152432906,0.0009708601170318706,0.33186919287373096,0.40347119035803397,0.48677650244047754,0.3307776865098701,0.4854941734573336,-0.3666666666666667,0.4052116710109786
742,prob,prob[140],"(140,)",2000,0.4102353830884237,0.0018421471126237978,0.042920241292702416,1.0012271740678875,2870.9451179103503,1869.0468148492755,0.0008010295079226729,0.0008762668813885456,0.3422625771041319,0.40884940828330807,0.48356905146493323,0.3405209914020957,0.48111080629394176,-0.33333333333333315,0.4102353830884237
743,prob,prob[141],"(141,)",2000,0.41795439050533273,0.0016084220317476973,0.04010513722389811,1.0015478513193998,3037.05347596387,1887.0676168487387,0.0007332377866649895,0.0008523296266468758,0.35470885383116274,0.41608184697731876,0.4850641192163796,0.3531012676731184,0.4823012113138528,-0.2999999999999995,0.41795439050533273
744,prob,prob[142],"(142,)",2000,0.4269086518766098,0.0017400275468453363,0.04171363742045683,1.001867933252884,2763.3086777040676,1635.7007688501171,0.0007964906706098275,0.001009314236372012,0.36010165853322273,0.42592424174696897,0.4955314316746864,0.35976687341191815,0.4942149939756365,-0.2666666666666664,0.4269086518766098
745,prob,prob[143],"(143,)",2000,0.43261388093677455,0.0021675453836225854,0.04655690478997273,1.002779086662717,2687.9311609054434,1487.5425823695668,0.0008905306314355727,0.0011824913120322875,0.3584520363532253,0.4322576996945744,0.5071050752223349,0.35735925243500216,0.50538836029725,-0.23333333333333328,0.43261388093677455
746,prob,prob[144],"(144,)",2000,0.434572175299491,0.002628406241924449,0.05126798457053338,1.0044156471551975,2637.438357931165,1499.1152926959767,0.0009764421091774523,0.0013069409757457545,0.35388557198955156,0.433482133921372,0.5176589804794698,0.34980679124494163,0.5130060448515822,-0.20000000000000018,0.434572175299491
747,prob,prob[145],"(145,)",2000,0.4327549760207427,0.0029320771185035424,0.05414865758727119,1.0041961756142304,2663.8633203005115,1475.7796497405152,0.0010247330682662354,0.0013761653465911275,0.34767353477116714,0.4308417444719403,0.5212213445207917,0.34342881022499777,0.5164120125536089,-0.16666666666666652,0.4327549760207427
748,prob,prob[146],"(146,)",2000,0.42716148409305166,0.0029714032169428357,0.05451057894521792,1.0042320067553032,2730.674932109218,1360.4332851492022,0.00101857081461363,0.001385625583621763,0.34241555876182966,0.4247496404446129,0.5166822066991882,0.34551511229565346,0.5193226153658865,-0.13333333333333341,0.42716148409305166
749,prob,prob[147],"(147,)",2000,0.417835218114646,0.0027296788188621206,0.05224632828115408,1.0046420526105668,2858.175598629274,1328.4624639044903,0.0009570270348147504,0.001333209176083423,0.33631132803523217,0.4161116822503669,0.5038630556483855,0.3387350586084119,0.5051524175842774,-0.09999999999999987,0.417835218114646
750,prob,prob[148],"(148,)",2000,0.4048385000745255,0.002278614052065162,0.04773483059638069,1.0051879624032145,3057.181075269227,1484.5165460008047,0.0008493522594514695,0.0012188380404047595,0.3280926241454768,0.40403027025610405,0.4854719710655632,0.3194761681044286,0.4762190118985188,-0.06666666666666621,0.4048385000745255
751,prob,prob[149],"(149,)",2000,0.3883189004456225,0.001780602294970575,0.04219718349570946,1.0046394092652797,3326.465914358593,1545.8434710902313,0.0007275003838329704,0.0010460424910635345,0.320781425360028,0.3885469008478746,0.4617890340843168,0.31425672315604986,0.4519737682498571,-0.033333333333333104,0.3883189004456225
752,prob,prob[150],"(150,)",2000,0.3687412889384801,0.00147192734169939,0.0383657052808806,1.0033632475506005,3341.0862583951234,1585.2747434547396,0.0006639014677085544,0.0008402016761206968,0.3076529712527169,0.36832388984132,0.43400041103407855,0.30207407064411324,0.4280919761419041,2.7755575615628914e-16,0.3687412889384801
753,prob,prob[151],"(151,)",2000,0.3507728913109717,0.0015098529340562806,0.03885682609344567,1.0011732334140984,2988.53564247059,1541.719807532053,0.0007101941820613487,0.0007627431714259197,0.2879352862484093,0.3495586071144398,0.41587815280587903,0.2872738349105002,0.4145892469297138,0.03333333333333338,0.3507728913109717
754,prob,prob[152],"(152,)",2000,0.3362366219283729,0.0017118100497242206,0.04137402626919721,1.0007383360937578,2584.265088576117,1422.2056045229715,0.0007977930089620704,0.0008228940760251812,0.2706748641143056,0.33448539104750064,0.40723497455427676,0.26695631397753933,0.3996814170482509,0.06666666666666676,0.3362366219283729
755,prob,prob[153],"(153,)",2000,0.32507537096885664,0.001904703489510941,0.0436429088112942,1.0012391236687646,2323.523420435814,1277.3060643560227,0.0008811073943972396,0.0009111126427691499,0.25729018282301325,0.3230821518869206,0.4008030109219336,0.24989091756273918,0.39064117700728046,0.09999999999999987,0.32507537096885664
756,prob,prob[154],"(154,)",2000,0.317228687708093,0.0019879262753576864,0.04458616686100843,1.0004551358433553,2233.9920342049622,1268.2288661859927,0.0009192235596490273,0.0009993808637060412,0.24772811101919928,0.3153506360540913,0.39469800520791953,0.2469453373146542,0.3928353324074968,0.13333333333333325,0.317228687708093
757,prob,prob[155],"(155,)",2000,0.3126296422936743,0.0019282925660999866,0.0439123281789976,1.0005951974693887,2228.4409360559903,1020.0759649633295,0.0009080630911035116,0.0010408034784756067,0.2423766446197003,0.3105470971814128,0.3890159791137728,0.239457119949477,0.384513815144951,0.16666666666666707,0.3126296422936743
758,prob,prob[156],"(156,)",2000,0.3112231068449302,0.0017539827133736016,0.041880576803258115,0.9996496352276428,2336.706203371195,1132.3979661295216,0.0008522934703775993,0.0010336477826490493,0.24358488402718406,0.30917555821618625,0.38455821042843535,0.24971870087523035,0.3891901171776089,0.20000000000000018,0.3112231068449302
759,prob,prob[157],"(157,)",2000,0.3128871792118513,0.0015526682717998707,0.03940391188448008,0.9998264009901909,2386.691203321413,1257.4081517355996,0.0007958897557411324,0.00099636293821634,0.24994530533193474,0.31172646389861747,0.38181451900803814,0.24381651924289247,0.3750206928368813,0.23333333333333356,0.3128871792118513
760,prob,prob[158],"(158,)",2000,0.3174710675383619,0.0014599731029423914,0.03820959438337957,0.9992551514523775,2606.739367329497,1030.0378973653744,0.000740177252783447,0.0009395278866653532,0.2554527270771477,0.3170147793226632,0.3828551077165435,0.25037108076254,0.3774502705323527,0.26666666666666694,0.3174710675383619
761,prob,prob[159],"(159,)",2000,0.3230956754084014,0.0015841330388137512,0.039801168812156146,0.9990809813400651,2868.3260741572126,1278.319231055951,0.0007338288366347841,0.0009703064019077713,0.2571448068288096,0.3225786095339331,0.3890105838522835,0.25572316394319483,0.38701498339991386,0.30000000000000004,0.3230956754084014
762,prob,prob[160],"(160,)",2000,0.3270401182011751,0.001789704502565875,0.04230489927379422,0.9991547174084853,2954.186036651669,1352.8016234901825,0.0007615411445261934,0.001050757175242116,0.25814354833765185,0.32629905542146354,0.3971958031019298,0.2569142307137342,0.3946636036612699,0.3333333333333334,0.3270401182011751
763,prob,prob[161],"(161,)",2000,0.32927061725178297,0.0019340625695963365,0.043977978234524796,0.9992153560971118,3055.5737838594964,1436.9237609985516,0.0007805233923691863,0.001091625091538651,0.2583349110043648,0.32791344980864984,0.40325685175085074,0.2558186645724847,0.3983406543820155,0.36666666666666653,0.32927061725178297
764,prob,prob[162],"(162,)",2000,0.32983851119188695,0.0019469769348796754,0.0441245615828608,0.9997992191088805,3083.058772602023,1465.888960756884,0.0007767054469200238,0.0010763133971177178,0.26004965270215225,0.3284877295184906,0.40374030411090034,0.25924388513286656,0.40296134491590885,0.40000000000000036,0.32983851119188695
765,prob,prob[163],"(163,)",2000,0.3288091819783164,0.0018206642263624727,0.04266924215828625,1.0000077914159191,3168.8409947565096,1441.5581223893066,0.0007427717870092899,0.0010073318192074954,0.26083620144203323,0.32708667582211093,0.3997926535025402,0.26035162496965836,0.39913388528509586,0.43333333333333374,0.3288091819783164
766,prob,prob[164],"(164,)",2000,0.3262567964624364,0.0015991423237279971,0.039989277609479235,1.0001401582542129,3362.9117463085095,1547.0095960439387,0.000684716300477072,0.0008984917000547687,0.26337526341859874,0.32512253494365545,0.3922866079913864,0.26576856535440874,0.3935766704694763,0.46666666666666684,0.3262567964624364
767,prob,prob[165],"(165,)",2000,0.3222740854329845,0.0013686945177910786,0.036995871631725054,0.9992998268848913,3279.5401124930695,1685.2834530148448,0.0006446952791357591,0.000784400486699315,0.2642052508096914,0.3208400127995419,0.38263878907298426,0.2678543702602014,0.38514109014259434,0.5000000000000002,0.3222740854329845
768,prob,prob[166],"(166,)",2000,0.31696378667296393,0.0012428951909871557,0.035254718705262075,0.9987314430307056,3375.8046677807356,1693.3799780055517,0.0006066326357337771,0.0007429343307308626,0.26206733356434847,0.3162466596733088,0.3757148019737356,0.26060053862420646,0.3742979554779695,0.5333333333333333,0.31696378667296393
769,prob,prob[167],"(167,)",2000,0.3104329154760973,0.0013324776284200945,0.036503118064353,0.9998002413891505,3152.064668038725,1601.2256200136949,0.0006438355071341945,0.0008551078616069862,0.2533484239578148,0.30913398599264696,0.37280101746463623,0.2507675688733505,0.36891401237225774,0.5666666666666667,0.3104329154760973
770,prob,prob[168],"(168,)",2000,0.3028662031741465,0.0015492559256134592,0.039360588481544063,1.0010721081257934,2974.2337592235554,1606.0664325741532,0.0007124132994528222,0.0010151719727808422,0.2414704354308556,0.3006795379135744,0.36937753653821626,0.24467408424330425,0.3712206594510411,0.6000000000000001,0.3028662031741465
771,prob,prob[169],"(169,)",2000,0.2943643548739797,0.0017292801976793492,0.0415846149156073,1.0036483036761328,2875.305507521744,1434.78610119823,0.0007655975843219645,0.0011159530941290234,0.2306786220430484,0.29268691104630484,0.3643713790488384,0.22805042540421258,0.360509546720156,0.6333333333333332,0.2943643548739797
772,prob,prob[170],"(170,)",2000,0.2850358638056056,0.0017881893328329972,0.042286987748396045,1.0051853982874468,2802.864689072802,1396.0950700792976,0.0007866829025091577,0.0011494120859870925,0.22021228416250868,0.2835997608807622,0.3568343364178945,0.21852668568495048,0.3535123836464321,0.666666666666667,0.2850358638056056
773,prob,prob[171],"(171,)",2000,0.2749951279501369,0.0017033963188442347,0.041272222121473356,1.0062698319534913,2770.0575998853824,1309.0099586996682,0.0007723513492669799,0.0011206637113278977,0.21156048774244487,0.2730489406190507,0.3456737975037449,0.20742759622150414,0.33906456495720916,0.7000000000000004,0.2749951279501369
774,prob,prob[172],"(172,)",2000,0.2643619634199333,0.0014990023333484302,0.038716951498645014,1.0067109801119432,2752.183082935821,1309.9644841213733,0.0007259537800609523,0.0010400886308375705,0.20354107748754446,0.26245504413364196,0.3317456020176736,0.19788124884399977,0.32123347423960585,0.7333333333333335,0.2643619634199333
775,prob,prob[173],"(173,)",2000,0.2532501155657452,0.0012330703801800736,0.035115101881954915,1.0051475175456905,2756.2484744960607,1428.8178258379928,0.0006617373872027505,0.0009322359252358661,0.1980666376658902,0.25154334056623157,0.31456780560208875,0.18983112129628463,0.3045311678975117,0.7666666666666668,0.2532501155657452
776,prob,prob[174],"(174,)",2000,0.24177608958121183,0.000985023334191664,0.03138508139533278,1.003150364471684,2786.1199146448134,1343.43364380106,0.0005915489806044393,0.0007634797637113913,0.19215681619135153,0.24071544815531373,0.29514671067846143,0.19215963489207127,0.2951842441610268,0.8,0.24177608958121183
777,prob,prob[175],"(175,)",2000,0.23003355319966043,0.0008420463068454448,0.029018034165763967,1.0029518893081812,2880.4256037723217,1620.1380705491479,0.0005420940749649595,0.0006429120762673833,0.18363376766799297,0.22912799496267472,0.2790689718989641,0.178550774314658,0.27355041564512006,0.8333333333333334,0.23003355319966043
778,prob,prob[176],"(176,)",2000,0.2184500137741479,0.0008485044166470694,0.02912909913895501,1.002462334453005,2990.4374782205687,1651.0588062308502,0.000530804592059251,0.0006119576110752521,0.17214811618833167,0.21710327373399257,0.2670985403418154,0.17076204223917416,0.2654290050907456,0.8666666666666667,0.2184500137741479
779,prob,prob[177],"(177,)",2000,0.20730076202726155,0.0009120684758505348,0.030200471450799155,1.0010161050001105,2915.8053226697375,1507.8742054250267,0.0005718674095516045,0.0006210644462247157,0.15917504641484953,0.20595469824797297,0.25955811817484264,0.15156213528630444,0.25088337259515064,0.9000000000000004,0.20730076202726155
780,prob,prob[178],"(178,)",2000,0.1965795834766686,0.0009559013329104317,0.03091765406544345,1.001397436171172,2849.547660704958,1499.2456832605942,0.0005690732334760568,0.0006353473749644424,0.14778886036997602,0.1952461622810333,0.25088132268105673,0.14151716834217862,0.24345632668056022,0.9333333333333337,0.1965795834766686
781,prob,prob[179],"(179,)",2000,0.1862890074595989,0.000945005775220959,0.0307409462317112,1.0014430248227895,2790.1606280207234,1485.2645839542959,0.0005711731997085353,0.0006337966918071916,0.13782668426525374,0.1843365573531259,0.24082030518711683,0.13587316447790027,0.23704901082254223,0.9666666666666668,0.1862890074595989
782,prob,prob[180],"(180,)",2000,0.17644035020046864,0.0008750423578127872,0.029581114884547323,1.002534800784929,2745.8788602260342,1486.315886210962,0.000555904013820393,0.000610540862105383,0.13032581261783538,0.1746138707936526,0.22865578522542063,0.12601094521551134,0.22202079572794833,1.0000000000000002,0.17644035020046864
783,prob,prob[181],"(181,)",2000,0.1670387669326764,0.000763414620150199,0.027629958743186696,1.002074135121731,2695.1549255353357,1552.8962373103066,0.000527135819291786,0.0005716310587769977,0.12439661144565282,0.1654627277952769,0.21535860300650622,0.12088532191687579,0.21090834651260598,1.0333333333333337,0.1670387669326764
784,prob,prob[182],"(182,)",2000,0.15808919004814473,0.0006427764417287007,0.025353036144191897,1.0015803372706888,2606.7503130728196,1673.0973580847892,0.0004963715718855962,0.0005246465082648017,0.11843080310185777,0.156971376832496,0.20207020783391083,0.11834931518676757,0.20205829629589842,1.0666666666666667,0.15808919004814473
785,prob,prob[183],"(183,)",2000,0.14958604698493486,0.0005530958445441428,0.023517989806617037,1.0001877766178762,2390.2874393566167,1651.4382505973645,0.0004827045876075519,0.0004883554982910275,0.1127534075378874,0.14872132625825352,0.1909176799159622,0.11508131684363694,0.19224513259862105,1.1,0.14958604698493486
786,prob,prob[184],"(184,)",2000,0.14166319206718983,0.0005324596561660423,0.02307508734904469,0.9999529132843872,2124.8951106209593,1449.3062453963394,0.0004976917846644071,0.0004828999747375759,0.10582606155042987,0.14034499078726265,0.18161216416512285,0.10382091576063052,0.17910438768022058,1.1333333333333333,0.14166319206718983
787,prob,prob[185],"(185,)",2000,0.13473661671189946,0.000557226535864898,0.023605646270858545,1.0002489305211506,1954.2888230877888,1248.2111351980923,0.0005252557682608473,0.0005008400024394674,0.09816771067617348,0.1333625968570799,0.1751938182694768,0.09537222834146658,0.17095729032795354,1.166666666666667,0.13473661671189946
788,prob,prob[186],"(186,)",2000,0.1287517980470163,0.000582156251303881,0.024127914358764643,1.0005978667183044,1851.1042445287903,1271.0206638236987,0.0005469519194153036,0.0005193670577126917,0.0920875251638226,0.1273298213163356,0.1702975795183242,0.08974118826995321,0.1664250326071398,1.2000000000000004,0.1287517980470163
789,prob,prob[187],"(187,)",2000,0.12363633009122975,0.0005846155540578152,0.024178824497022498,1.000814362505349,1814.4043153586833,1294.106036170286,0.0005551747102441372,0.0005259246585483353,0.0879040682878246,0.12238003777915411,0.16585736565678738,0.08639341805905126,0.1631366562391744,1.2333333333333334,0.12363633009122975
790,prob,prob[188],"(188,)",2000,0.11933085897935733,0.0005594594387285396,0.023652894933359418,1.00096183213482,1799.5006773302894,1574.2377533901088,0.0005483996320485798,0.0005131509202744298,0.08393435649512507,0.1183820781430416,0.16080812227776525,0.08215167995120932,0.15823945654787214,1.2666666666666668,0.11933085897935733
791,prob,prob[189],"(189,)",2000,0.11578131286256506,0.0005140716715889077,0.022673148691544978,1.0011381363498304,1789.8890004450236,1573.9891647811871,0.0005286867778450543,0.00048599528033475224,0.08126235918286201,0.11494523027965628,0.15604812503204066,0.07897674213272765,0.15254217850030405,1.3000000000000003,0.11578131286256506
792,prob,prob[190],"(190,)",2000,0.11292360798577566,0.0004652639491729237,0.02156997795949091,1.0012280984439286,1803.5727277256278,1651.0679364346074,0.0005027995044485524,0.0004598821960432062,0.07942863698068728,0.11230279637998464,0.14992183676621804,0.07645121327113832,0.14667876196989849,1.3333333333333333,0.11292360798577566
793,prob,prob[191],"(191,)",2000,0.11069539687765816,0.00043441304596416,0.020842577718798605,1.0015515423362775,1875.6719823265676,1329.067598269301,0.00047828161536227486,0.0004507305782038422,0.07691569506963655,0.10992430068818243,0.14541330298083383,0.07566888412541496,0.14350921645488274,1.3666666666666667,0.11069539687765816
794,prob,prob[192],"(192,)",2000,0.10904270127811068,0.00044372526184106127,0.021064787248891485,1.0020457632389126,2020.314428374829,1351.0728732863688,0.00046354246951144866,0.0004655078922539895,0.07639957282267971,0.10791358040124008,0.14466814040094744,0.07499922544694061,0.14281619090236822,1.4000000000000004,0.10904270127811068
795,prob,prob[193],"(193,)",2000,0.10818226955743249,0.00047611751143576594,0.021820117126994665,1.0020632824317903,2217.989781518671,1462.0921722305911,0.0004542768233457602,0.0004914722868642358,0.07431189619881629,0.10679008489266228,0.14592735153541267,0.07686203401345931,0.14750832202019595,1.4333333333333336,0.10818226955743249
796,prob,prob[194],"(194,)",2000,0.10810795241045842,0.0004959159325606205,0.02226917000161031,1.002177016523414,2446.7069730713974,1629.4429337114136,0.0004397593274134334,0.0005071393060933005,0.07396892891187049,0.10656941632654676,0.14614800222713079,0.07499022315065085,0.14678836543265356,1.466666666666667,0.10810795241045842
797,prob,prob[195],"(195,)",2000,0.10871115195621156,0.0004904446085267985,0.022145984027060042,1.0033638023510165,2699.0387180625953,1681.3410953549817,0.0004172589779718371,0.0005068115221969064,0.07382182522672652,0.10697388992071319,0.14750910827684025,0.07200991452218108,0.1451634842287095,1.5,0.10871115195621156
798,prob,prob[196],"(196,)",2000,0.10988396127206528,0.00046335422782436015,0.021525664399139,1.0035167978844042,2991.54273465913,1654.0232926898575,0.0003881524180452149,0.0004935603735217764,0.07615440501842083,0.10777118163889673,0.14763254574601967,0.07445108343709239,0.14489896203647767,1.5333333333333334,0.10988396127206528
799,prob,prob[197],"(197,)",2000,0.11151869843422939,0.0004290427775609732,0.020713347811519345,1.0038921608570965,3198.391509823393,1665.3095737759968,0.00036262138170571997,0.00047726316808853047,0.07916581305532983,0.10982878832677817,0.1470374152343606,0.07609662882505747,0.14341590615228855,1.5666666666666669,0.11151869843422939
800,prob,prob[198],"(198,)",2000,0.11347511178906387,0.0004083917827340046,0.020208705617480914,1.00279511147448,3321.4674830669446,1582.5804419384833,0.0003494530399349605,0.0004756857567554337,0.08264438003580875,0.1124853116774053,0.1473417738400868,0.08255243164512897,0.14722717119597806,1.6,0.11347511178906387
801,prob,prob[199],"(199,)",2000,0.11560456339271069,0.0004220798691065985,0.020544582475840158,1.0018326354831588,3211.2236154067336,1520.7284818420894,0.0003630073361120486,0.00048814939427357647,0.08393274552525568,0.11411279418442921,0.1506347597660436,0.08277442193236036,0.14921697683294577,1.6333333333333333,0.11560456339271069
802,prob,prob[200],"(200,)",2000,0.11773619746857193,0.0004860781648378463,0.022047180428296183,1.0003357983273617,2788.7233219430104,1294.6883417838146,0.00041597418474761667,0.0005157324006876808,0.08526608586182355,0.11560374313503172,0.15673245890893364,0.0807206605130471,0.15146734197882872,1.666666666666667,0.11773619746857193
803,prob,prob[201],"(201,)",2000,0.1187760415264471,0.0005777716130952014,0.024036880269602406,1.0005950865238031,2445.0073909291777,1462.5876886696644,0.0004788250034517325,0.0005356068189986815,0.08527899051227845,0.11640169421756755,0.16163834353618597,0.08407652429373075,0.159648773465259,1.7000000000000002,0.1187760415264471
804,prob,prob[202],"(202,)",2000,0.1173960109367773,0.0006267743702833077,0.025035462254236644,1.0004772677392626,2315.0388346321906,1534.829411534223,0.0005129148202563788,0.0005332064324378657,0.08224966234666627,0.11438909082196184,0.1621829338258495,0.08078353503754829,0.158673268240877,1.7333333333333336,0.1173960109367773
805,prob,prob[203],"(203,)",2000,0.1139555466365515,0.0006170919828053528,0.02484133617190011,1.0002779891767517,2299.5947996632344,1676.8750571790304,0.0005152464747287557,0.0005114797510143105,0.07904042689298256,0.11123773818132995,0.1581632837702948,0.07674870270907534,0.15519885800884667,1.7666666666666668,0.1139555466365515
806,prob,prob[204],"(204,)",2000,0.10885667092641703,0.0005579528484526118,0.02362102555886623,1.0004191459959721,2322.805100930204,1673.964348110426,0.0004905305236611017,0.0004740529981080099,0.07526711920323152,0.10635294635965273,0.151104554785938,0.07234742520965193,0.14672322328699103,1.8000000000000003,0.10885667092641703
807,prob,prob[205],"(205,)",2000,0.10247735243030646,0.0004696383807376581,0.021671141657459075,1.0002326111486641,2403.275322163369,1518.2765189418342,0.000446575966829311,0.0004290685430189596,0.07106364011097463,0.09994694040049901,0.14220860761887089,0.06963299956434847,0.13784910291290714,1.8333333333333335,0.10247735243030646
808,prob,prob[206],"(206,)",2000,0.0951957883937051,0.0003752226410371948,0.019370664444907273,1.0014274430449317,2550.838056440286,1593.763299937153,0.0003924015447097374,0.000382396961749372,0.06674955723805485,0.09352348181035033,0.1311978974377843,0.06418169936793687,0.12599901751599005,1.8666666666666667,0.0951957883937051
809,prob,prob[207],"(207,)",2000,0.08732404830169826,0.00029293025806706864,0.01711520546377018,1.0029618281525117,2701.729152769534,1569.0918572512742,0.0003368349191648985,0.0003444770924570317,0.06133484873817021,0.08590217804010367,0.11819687374451658,0.05983190593325838,0.11529237514634233,1.9,0.08732404830169826
810,prob,prob[208],"(208,)",2000,0.07911144773818744,0.00023476525574235514,0.015322051290292535,1.002064649313626,2887.0133805646515,1610.1398220888557,0.0002923505568717688,0.0003254319385711424,0.056516041706856784,0.07765204006124861,0.10698901024499867,0.05328820294887676,0.1028909743474638,1.9333333333333336,0.07911144773818744
811,prob,prob[209],"(209,)",2000,0.07093015813661406,0.0002064121360706857,0.014367050360832098,1.001051070314385,3012.9206350576924,1755.3409191288777,0.000267464706884853,0.0003316652407946379,0.05021321488216528,0.06951341047229342,0.0968353841861861,0.04900325230791604,0.0947948119068131,1.966666666666667,0.07093015813661406
812,prob,prob[210],"(210,)",2000,0.06405564029114613,0.00019715178129859435,0.014041074791432255,1.0007655389022188,2900.802573295571,1691.1962611859863,0.00026587356086684984,0.00034183192297845654,0.04416821620935304,0.06254818143807381,0.0894091882577691,0.04225154964637495,0.08696507796706533,2.0000000000000004,0.06405564029114613
813,prob,prob[211],"(211,)",2000,0.05850026997724544,0.00019080425225986416,0.013813191240979189,1.00007901515157,2680.7105580947036,1716.806712727081,0.0002710101535408954,0.00034115879873028183,0.03845764013078882,0.0572408564378461,0.08376017320882956,0.03690717318350746,0.08083364562071256,2.033333333333333,0.05850026997724544
814,prob,prob[212],"(212,)",2000,0.05405889166497553,0.00018148975589498678,0.013471813385546386,0.9999355934296476,2494.1950214340545,1778.0051764028053,0.0002705166019532473,0.0003300536926859204,0.034535379740813145,0.05289054812739148,0.07833128710424883,0.03246433546125869,0.07498470978997143,2.066666666666667,0.05405889166497553
815,prob,prob[213],"(213,)",2000,0.05057118218303229,0.00016924967428189118,0.013009599312887818,1.0003925348097478,2372.260180459504,1640.9293250551893,0.0002654579405670563,0.00031308885062114334,0.031378014077397424,0.049730360765622456,0.07330035256253224,0.02971032598492746,0.07110928927203547,2.1,0.05057118218303229
816,prob,prob[214],"(214,)",2000,0.04788104379907663,0.00015715153770292468,0.012536009640349064,1.0003424649777728,2255.9039524477457,1862.7888725363823,0.00026297646433181947,0.0002953663285064264,0.029092711475491216,0.0470067066663331,0.07031303714118832,0.027654205377837627,0.06778416354354044,2.1333333333333333,0.04788104379907663
817,prob,prob[215],"(215,)",2000,0.045853215706197534,0.0001489346856001061,0.01220387994041674,1.0002330968729827,2313.043295479136,1703.8173828314625,0.00024951446748176705,0.00028154787826443535,0.027428708118988888,0.04475317720029097,0.0673836871714467,0.02604197868912578,0.06511798697549981,2.166666666666667,0.045853215706197534
818,prob,prob[216],"(216,)",2000,0.04435605622627311,0.00014774968345350188,0.012155232760153213,1.0000420010821214,2573.726734935668,1537.432450688932,0.00024350370096830687,0.0002773240267470588,0.026379753135811847,0.043270196844126654,0.06612226912699869,0.024298873505370116,0.06287157752091564,2.2,0.04435605622627311
819,prob,prob[217],"(217,)",2000,0.04325621588994645,0.00015518024133625078,0.01245713616110263,0.9992573415009645,2654.9324572134706,1694.5305074890605,0.00025031257586278116,0.00028823472707599566,0.02558836390451426,0.04173158143806133,0.06623634061061004,0.023277979911421574,0.06244931205433207,2.2333333333333334,0.04325621588994645
820,prob,prob[218],"(218,)",2000,0.04210469166877722,0.00016215247256596996,0.01273391034073862,0.9990581814827577,2577.951417068395,1697.6947794957168,0.00025836238410369665,0.000301107365880993,0.024481817611226656,0.040453475008437566,0.06573457319487354,0.02223309467221051,0.061655785394957856,2.266666666666667,0.04210469166877722
821,prob,prob[219],"(219,)",2000,0.04065789659606896,0.0001585878881920913,0.01259316831429213,0.9991785322971655,2538.979209400259,1621.0070124890638,0.00025733304968991624,0.00029856944193410795,0.023277268543512315,0.03894542098760633,0.06415745373177148,0.02210931917271806,0.06087857343782973,2.3000000000000003,0.04065789659606896
822,prob,prob[220],"(220,)",2000,0.03898147747385742,0.0001459557001858161,0.012081212695165005,0.9989237713273862,2536.8889787325284,1618.5984637339886,0.0002467497097273782,0.00028232473285985394,0.02214801399964334,0.03736025753490269,0.06153502481829266,0.020518580687562835,0.058018363921826105,2.3333333333333335,0.03898147747385742
823,prob,prob[221],"(221,)",2000,0.037141001860678396,0.00012909368164539927,0.011361940047606274,0.9990185465568366,2524.69505862402,1461.4673456427938,0.00023203338190991052,0.00025990508077738565,0.020948343361332923,0.0357405233079854,0.05848369106091692,0.018036810346591152,0.05367945201655819,2.3666666666666667,0.037141001860678396
824,prob,prob[222],"(222,)",2000,0.03519524224607747,0.00011327665830258483,0.010643150769512983,0.9988775530130422,2484.778040431443,1512.4374919628497,0.00021753767773071537,0.0002411433097840351,0.01966806469898913,0.034006558166418,0.05473701091520591,0.017887934523533044,0.05167229884110546,2.4,0.03519524224607747
825,prob,prob[223],"(223,)",2000,0.033189111085538535,0.00010214448886904041,0.01010665567183529,0.998816026290419,2434.3309108037665,1532.981948118812,0.00020773364344968702,0.0002366884441354701,0.018460173032309568,0.03195000309498591,0.05130637198973305,0.01626699120815194,0.048137371931643726,2.4333333333333336,0.033189111085538535
826,prob,prob[224],"(224,)",2000,0.031150059276869098,9.704376304516804e-05,0.009851079283264754,0.9987339376194938,2354.4137280900604,1442.4808711229102,0.00020989812652474866,0.0002528954282766471,0.01717544299877441,0.029606697497122587,0.04854106195215106,0.015787761358265286,0.04663554753880347,2.466666666666667,0.031150059276869098
827,prob,prob[225],"(225,)",2000,0.02908916266549246,9.718863075139792e-05,0.009858429426201616,0.9988505001877813,2245.9169329382744,1654.6944119120071,0.00021921456603296601,0.00028238683003095464,0.01594541072444334,0.027722744301750472,0.046986389145371496,0.014740940697566629,0.04515173538469848,2.5000000000000004,0.02908916266549246
828,prob,prob[226],"(226,)",2000,0.026975039660946904,9.822666053274978e-05,0.009910936410488657,0.9987755350800883,2161.1906342948023,1580.9338414264444,0.00022494305965478363,0.0003020926931444989,0.01416798950199489,0.025329239327577913,0.04628409078365573,0.011307133443244095,0.041081594201371356,2.5333333333333337,0.026975039660946904
829,prob,prob[227],"(227,)",2000,0.02475039558868512,9.166893873242338e-05,0.009574389731592473,0.9989495126819726,2135.7044296551367,1627.147388530762,0.00021878637419158598,0.0002907161822524819,0.01242071529769739,0.023130257989597204,0.04360161387342786,0.01043283099201166,0.03878140926881194,2.566666666666667,0.02475039558868512
830,prob,prob[228],"(228,)",2000,0.022491427045363877,7.906065675120005e-05,0.00889160597143171,0.9991127036728006,2149.309102942354,1550.9301321752573,0.0002024758588587009,0.00025920684878375264,0.010891617351419606,0.02095814150212055,0.03990570959315756,0.00957568640490638,0.03592811860841853,2.6,0.022491427045363877
831,prob,prob[229],"(229,)",2000,0.02027790568466512,6.434600222000262e-05,0.0080215959895773,0.9986319140910125,2187.044837255025,1576.43441342061,0.00018041018018327882,0.00022100584783974695,0.009750812855954525,0.018914395291969085,0.03566876627336311,0.008051966897448195,0.03204589131059024,2.6333333333333333,0.02027790568466512
832,prob,prob[230],"(230,)",2000,0.018173127032602775,5.078203760342551e-05,0.00712615166856737,0.998501881520472,2274.367745107548,1654.0743088369368,0.00015695500661635405,0.00018587234040453844,0.008679472915489471,0.016988869730037486,0.03166914949003195,0.0073001784887048,0.028957795289694135,2.666666666666667,0.018173127032602775
833,prob,prob[231],"(231,)",2000,0.016219616561951863,4.007459121988671e-05,0.006330449527473283,0.9994136721421121,2370.2853106310467,1751.4254735914726,0.0001361020008128095,0.00015951945114617974,0.007848089232471468,0.015217504935053073,0.02819277890692669,0.006441742489950324,0.025901463624052327,2.7,0.016219616561951863
834,prob,prob[232],"(232,)",2000,0.014437023470075595,3.259708654005327e-05,0.005709385828620559,1.0000325148346896,2478.1773618040993,1832.069316246816,0.00011990731838007103,0.0001449176650109191,0.006962755867537915,0.01355907649806333,0.025180456530115455,0.0061004640311125005,0.023724476780101263,2.7333333333333334,0.014437023470075595
835,prob,prob[233],"(233,)",2000,0.012826560048350593,2.792688769335368e-05,0.005284589642853424,0.9995392880707886,2583.7615378312335,1833.1548208672464,0.0001092694925924715,0.0001411106002624708,0.006058275365848511,0.011982992218825816,0.022692570909515077,0.005544466512885688,0.02138292529669205,2.766666666666667,0.012826560048350593
836,prob,prob[234],"(234,)",2000,0.011375536924221134,2.5247264607727413e-05,0.00502466562148442,0.9997794267095719,2655.217025222653,1762.535637837107,0.00010367544337959492,0.00014461768248523273,0.005166565307345103,0.010395624517979991,0.02107393375590452,0.004279702215821219,0.018826787599923896,2.8000000000000003,0.011375536924221134
837,prob,prob[235],"(235,)",2000,0.010079600341646535,2.2775857584102982e-05,0.004772405848636826,1.000168077593971,2621.38306547103,1732.2290625399346,9.908098386394884e-05,0.00014147008379475478,0.004344458175583137,0.009118930458106527,0.01948397900375843,0.003265073410597145,0.016808516566252246,2.8333333333333335,0.010079600341646535
838,prob,prob[236],"(236,)",2000,0.008923090024932918,1.9742306134652508e-05,0.004443231496855921,1.000461742176261,2608.1475933217725,1415.2600198169748,9.259958111109353e-05,0.00013193623983832528,0.0036357268576822227,0.008036553398275113,0.017566321243986716,0.0026819533158124304,0.015149709001670569,2.8666666666666667,0.008923090024932918
839,prob,prob[237],"(237,)",2000,0.007893550334257381,1.6446120517164558e-05,0.004055381673426628,1.00029797735232,2584.849465483933,1609.409649648982,8.4411945651331e-05,0.00012066791122223764,0.0030305118836050533,0.007097826160530314,0.015766244414723806,0.0021983152088668675,0.013552599037227749,2.9,0.007893550334257381
840,prob,prob[238],"(238,)",2000,0.006982763334191554,1.3306286450436854e-05,0.0036477782896493114,1.0001585084961406,2582.3553979069616,1530.417518469735,7.575973265057927e-05,0.00011007037578533259,0.0025111743096640766,0.006246391661087091,0.013962008899050781,0.0016936764198515904,0.01206314336936062,2.9333333333333336,0.006982763334191554
841,prob,prob[239],"(239,)",2000,0.006183765983942303,1.0602472293751093e-05,0.00325614377657853,0.9998937519791976,2585.4585938210266,1559.1730383536799,6.768691662527757e-05,0.0001010166958345676,0.002126917167903704,0.005542071171598134,0.012406723880866747,0.0016891050655201854,0.01101646935592051,2.966666666666667,0.006183765983942303
842,prob,prob[240],"(240,)",2000,0.0054879671121146004,8.440621718522468e-06,0.00290527480946682,0.9995902916904673,2587.9172816197897,1583.7414327898994,6.064081163917416e-05,9.375171415811272e-05,0.0018092024050216662,0.0049681134134114254,0.010998583496061611,0.0012205503170378427,0.009561720547566797,3.0,0.0054879671121146004
843,prob,prob[241],"(241,)",2000,0.004884996765759861,6.8089182530707935e-06,0.002609390398746572,0.9987919851652097,2620.0137013482754,1667.9598990346283,5.486517157973379e-05,8.819364483846443e-05,0.0015824753272773808,0.004391181104875583,0.009774972726719204,0.0009716580260496553,0.008374045544425907,3.0333333333333337,0.004884996765759861
844,prob,prob[242],"(242,)",2000,0.0043621243981896715,5.632387310716881e-06,0.0023732651159777494,0.9993307560609919,2672.3240480065892,1672.5825825872096,5.034214082399779e-05,8.414377887236371e-05,0.0014440077735833681,0.003919833519494683,0.00869487914809789,0.0009242679281696368,0.007585196257743604,3.066666666666667,0.0043621243981896715
845,prob,prob[243],"(243,)",2000,0.0039042468765194847,4.764779441739352e-06,0.0021828374748797384,0.999225537504893,2750.3001514066023,1439.2740069705867,4.6621509183660635e-05,7.992788608732295e-05,0.0013012134247798858,0.0034721836983012816,0.007926085852194037,0.0008310412192469923,0.0068660593281944906,3.1,0.0039042468765194847
846,prob,prob[244],"(244,)",2000,0.003497919006940539,4.011608105929557e-06,0.002002899924092454,1.0000334867945553,2812.0607838348096,1493.0253241470457,4.287701212929658e-05,7.324919054515305e-05,0.001146327335192547,0.0030794576790129456,0.007337200026957935,0.0007431868835494565,0.0061796861678120926,3.1333333333333333,0.003497919006940539
847,prob,prob[245],"(245,)",2000,0.003137043289374189,3.3311110825049307e-06,0.0018251331684304383,0.9996483469861781,2841.917880097335,1600.2175696326055,3.905526312709797e-05,6.549929288858806e-05,0.0009919683126072977,0.0027504121330532557,0.006691822982668536,0.0007452353540934476,0.005674318743205773,3.1666666666666665,0.003137043289374189
848,prob,prob[246],"(246,)",2000,0.0028176198422949074,2.7402824762978674e-06,0.0016553798586118739,0.999362462931786,2828.1050278697417,1438.2076240724348,3.544325733206377e-05,5.748117204168908e-05,0.0008702323161937493,0.00244152837015562,0.00592850041159901,0.0005617372992883092,0.005005712208258382,3.2,0.0028176198422949074
849,prob,prob[247],"(247,)",2000,0.0025364144122960717,2.2604762545683255e-06,0.0015034880294063952,0.9993972806345451,2800.58696617137,1433.825728844179,3.23882725599394e-05,5.0985283134870395e-05,0.0007661127604485652,0.0022017551910552295,0.005409709559739441,0.0005117192751295465,0.004569350464559799,3.2333333333333334,0.0025364144122960717
850,prob,prob[248],"(248,)",2000,0.0022898157795628875,1.8965923945939466e-06,0.0013771682521006453,0.9993867717996926,2706.583382570514,1264.5323526780937,3.0130635651304983e-05,4.8114990061943826e-05,0.0006716746778498335,0.0019872450640559093,0.00480919091926385,0.00044318661208928706,0.004208088156820647,3.2666666666666666,0.0022898157795628875
851,prob,prob[249],"(249,)",2000,0.002073613493881869,1.636519878950308e-06,0.0012792653669002018,0.9993495416466117,2607.794665340049,1417.329474387323,2.8717357721241812e-05,4.9372769662578395e-05,0.0006069600009545233,0.001775040321136107,0.00443074400956695,0.00039566842316710575,0.0038039365717606687,3.3000000000000007,0.002073613493881869
852,prob,prob[250],"(250,)",2000,0.00188276570996755,1.4557932716483253e-06,0.001206562585052398,0.9994331359322474,2495.6865621194775,1344.507054753417,2.797710967175161e-05,5.354386081936692e-05,0.0005516856807811401,0.0015726834780279233,0.004056582976545994,0.00034015425643175805,0.0034618621708791073,3.333333333333334,0.00188276570996755
853,prob,prob[251],"(251,)",2000,0.001712979047243579,1.3222533410621767e-06,0.001149892751982626,0.999830782735456,2371.290337249054,1486.6596776362626,2.756651872086532e-05,5.779762276164684e-05,0.0004980269978276717,0.0014081098436182127,0.0038265990277057773,0.00027962810770240263,0.003148092112231379,3.366666666666667,0.001712979047243579
854,prob,prob[252],"(252,)",2000,0.0015658542155762764,1.1951695529718791e-06,0.001093238104427338,1.0001854196085462,2234.783145143693,1491.197495769736,2.7049573730691253e-05,5.822258489026512e-05,0.0004457380334370801,0.0012779048167571995,0.0035968414129111496,0.00023177715048245407,0.0028603124950302657,3.4000000000000004,0.0015658542155762764
855,prob,prob[253],"(253,)",2000,0.0014386575177104857,1.0767568479574336e-06,0.0010376689491150026,1.0013842696715052,2102.477692063721,1473.3600039007322,2.646614080372636e-05,5.594610889125155e-05,0.000410935925764189,0.0011610625635559398,0.003370920302860138,0.00024691912559856525,0.002692555665477596,3.4333333333333336,0.0014386575177104857
856,prob,prob[254],"(254,)",2000,0.0013281745578672189,9.90952440767233e-07,0.0009954659415405598,1.001674902551695,1971.9010457332404,1429.7257902307574,2.6098817128417267e-05,5.412857032050599e-05,0.0003691838635404672,0.0010469693787302937,0.003223065018036291,0.0001778324965520994,0.00247536575241369,3.4666666666666672,0.0013281745578672189
857,prob,prob[255],"(255,)",2000,0.0012311199156435082,9.529921123582177e-07,0.0009762131490398077,1.0022505282857244,1877.9309773458842,1376.1321717463247,2.6126527378330263e-05,5.635365362740512e-05,0.00033890164507048717,0.0009588741312634855,0.0030867595187534084,0.00015806212202528033,0.002310153200072275,3.5000000000000004,0.0012311199156435082
858,prob,prob[256],"(256,)",2000,0.0011436768792083293,9.562042233730795e-07,0.0009778569544535026,1.0021080617988434,1810.2062610348898,1216.4669739060912,2.6459016261724825e-05,6.740055301041142e-05,0.00030755366097038835,0.00086364133810876,0.002963147639876425,0.00014918060227295585,0.0021526296564055307,3.5333333333333337,0.0011436768792083293
859,prob,prob[257],"(257,)",2000,0.001061492717140596,9.71516555053675e-07,0.0009856553936613318,1.0022928348854967,1763.6596273332561,1274.3714550893162,2.6749436465093472e-05,8.247059670411331e-05,0.00028385996806521894,0.0007870194487545686,0.0027689872673691816,0.0001499423529569893,0.0020038644408787603,3.566666666666667,0.001061492717140596
860,prob,prob[258],"(258,)",2000,0.000980019095141464,9.576791499782638e-07,0.0009786108266201963,1.0018174969178957,1742.1095868586372,1252.957485771825,2.653599115020461e-05,9.3677751614805e-05,0.0002582226950842918,0.0007100461613925695,0.002631952153136491,0.00013015854935965028,0.0018491741371184768,3.6,0.000980019095141464
861,prob,prob[259],"(259,)",2000,0.0008953049924091406,8.802157905651251e-07,0.0009381981616722158,1.0008678679105818,1729.6983503445645,1177.1672066969215,2.5420640579273867e-05,9.598881652553604e-05,0.00023429684217672747,0.0006350547211302829,0.0024560928487670575,0.00012564163291388361,0.0017123709525356666,3.6333333333333333,0.0008953049924091406
862,prob,prob[260],"(260,)",2000,0.0007984568820741806,7.04306650800308e-07,0.0008392297961823734,1.0005663514113714,1706.2986928793434,1058.9405463713363,2.3022157059175663e-05,8.598815660872378e-05,0.00021369539113073714,0.0005593834494001043,0.0021669261805126114,0.00011593872769010258,0.0015173284429328086,3.6666666666666665,0.0007984568820741806
863,prob,prob[261],"(261,)",2000,0.0006926039058805767,4.94558939450236e-07,0.0007032488460354813,0.9998730900874943,1656.494461097337,1025.1284795698457,2.027742400426317e-05,6.826145076415604e-05,0.00019399737496136597,0.0004892706156344124,0.0018347501774154842,0.00011227561062899735,0.0013083701803063698,3.6999999999999997,0.0006926039058805767
864,prob,prob[262],"(262,)",2000,0.0005881157186541251,3.383133586078509e-07,0.0005816471083121198,0.9998305568164988,1585.4586448692746,963.6993388805673,1.8671884462307655e-05,6.687540053839097e-05,0.00017782951841982493,0.0004289263019237307,0.001481788003357619,0.00010440245730606776,0.0010929701054426986,3.733333333333333,0.0005881157186541251
865,prob,prob[263],"(263,)",2000,0.0004912357275861424,2.4822852771925104e-07,0.0004982253784375612,0.9994614637134498,1520.9503740453392,973.465629890637,1.8028794647128723e-05,9.800576750502716e-05,0.00016117295564670766,0.000368387533751002,0.001152579304252603,0.00011287770775515648,0.0008927784140498628,3.7666666666666666,0.0004912357275861424
866,prob,prob[264],"(264,)",2000,0.0004041572740873012,1.8206279532832255e-07,0.00042668817106679034,0.9993832602487779,1471.5619170057732,1018.65163135966,1.6635660240655353e-05,0.0001190467846367895,0.00014658332529861415,0.0003168014396310112,0.0008745451149973344,0.00010007520882114265,0.0006955607248675278,3.8000000000000007,0.0004041572740873012
867,prob,prob[265],"(265,)",2000,0.0003272210766586046,1.0922441268646418e-07,0.0003304911688479197,0.9994140872097612,1411.4677526096038,967.8762052685032,1.3323885959237728e-05,0.00010337785375314092,0.00013339676899305216,0.0002667075550893993,0.0006537088877436718,9.570162614906371e-05,0.000537744860320932,3.833333333333334,0.0003272210766586046
868,prob,prob[266],"(266,)",2000,0.0002606844419402007,4.569834070648017e-08,0.00021377170230524003,0.9995684742013305,1352.846928983878,996.837784913477,8.680837971435268e-06,6.221694929745313e-05,0.00012071268527283851,0.00022244115378740643,0.0004750329309606369,0.00010072894674585908,0.00042062887692560536,3.866666666666667,0.0002606844419402007
869,prob,prob[267],"(267,)",2000,0.00020527173259165437,1.3158794665815118e-08,0.00011471178956766004,0.9997523765400527,1319.1849471981366,982.4497815659417,4.482272316274833e-06,2.300787083588264e-05,0.00010866027102019846,0.00018396919330805842,0.0003535073772982903,8.847917159924055e-05,0.00031346482485555046,3.9000000000000004,0.00020527173259165437
870,prob,prob[268],"(268,)",2000,0.00016186034330983566,2.8811551420484506e-09,5.367639278163586e-05,0.9997466842635121,1323.0219320667884,1071.0161973724842,1.7750942699535084e-06,3.4173142999001425e-06,9.761426727654313e-05,0.00015267621905029968,0.0002547875802693622,9.329261177458526e-05,0.00024147217762672668,3.9333333333333336,0.00016186034330983566
871,prob,prob[269],"(269,)",2000,0.00012989022690897841,7.679325557802733e-10,2.7711596052560258e-05,1.0000717595982738,1453.7027500215925,1200.9401875857154,7.525282273094255e-07,6.790035428055619e-07,8.90144425353588e-05,0.0001274621159409316,0.00018001563579748145,8.62131083352523e-05,0.0001756767465871815,3.966666666666667,0.00012989022690897841
872,prob,prob[270],"(270,)",2000,0.00010544426175533162,2.2062249050383275e-10,1.4853366302082257e-05,1.00126138928131,1720.7479000542492,1316.8582604778112,3.627133559115047e-07,4.566720584947175e-07,8.072993880380571e-05,0.00010625994103574552,0.00012801698725368587,8.700246588463326e-05,0.00013018930798402368,4.0,0.00010544426175533162
873,prob,prob[271],"(271,)",2000,8.627935110806355e-05,6.901459088276682e-11,8.307502084427474e-06,1.000799464402772,1680.4702061202865,1226.8491550136464,2.418034261073568e-07,7.642342533002083e-07,7.25127591953108e-05,8.831516532922763e-05,9.422311816432653e-05,7.6718780953159e-05,9.433400649026444e-05,4.033333333333333,8.627935110806355e-05
874,prob,prob[272],"(272,)",2000,7.102651924297447e-05,4.0209934072867216e-11,6.341130346623322e-06,0.9995466452235522,1208.7065574858586,1045.768866147924,2.40067088873406e-07,8.926150480673483e-07,6.229185582665746e-05,7.288813236816695e-05,7.447368180105816e-05,6.646565494234844e-05,7.449255336851791e-05,4.066666666666666,7.102651924297447e-05
875,prob,prob[273],"(273,)",2000,5.87596130265476e-05,4.635078677045136e-11,6.808141212581548e-06,1.000285673796572,913.8083396542621,1071.0161973724842,2.589111799800267e-07,6.98038439207109e-07,4.739256926439439e-05,6.122652640976883e-05,6.225404495545984e-05,5.301301258976491e-05,6.226175766221002e-05,4.1000000000000005,5.87596130265476e-05
876,prob,prob[274],"(274,)",2000,4.881404321949268e-05,5.7595219832847336e-11,7.589151456707617e-06,1.0000721315547378,1213.392446607544,1071.0161973724842,2.682049267237604e-07,5.112527602134044e-07,3.411340582959539e-05,5.1522751817778455e-05,5.428954564755886e-05,3.998880174056708e-05,5.4325820899086404e-05,4.133333333333334,4.881404321949268e-05
877,prob,prob[275],"(275,)",2000,4.069658919622064e-05,6.498956346614232e-11,8.061610475962128e-06,0.9997645567018967,1322.8598687331112,1071.0161973724842,2.6626052677079194e-07,3.870181484247932e-07,2.463798232436856e-05,4.300056466195721e-05,4.870665901480732e-05,3.0187996739619502e-05,4.914809551641186e-05,4.166666666666667,4.069658919622064e-05
878,prob,prob[276],"(276,)",2000,3.403335004761513e-05,6.709899757333162e-11,8.191397778971035e-06,0.9997503466586776,1327.3311296593433,1071.0161973724842,2.5629230361450315e-07,3.04484059390491e-07,1.786046327484454e-05,3.585761072876859e-05,4.3727039987339825e-05,2.2808941276412543e-05,4.590844301850306e-05,4.2,3.403335004761513e-05
879,prob,prob[277],"(277,)",2000,2.8536565318752997e-05,6.490474045143604e-11,8.056347835802278e-06,0.9997466842635121,1323.0219320667884,1071.0161973724842,2.414324936597114e-07,2.4807732266355884e-07,1.2999397327165037e-05,2.99002895433097e-05,3.912645392765534e-05,1.4871303940221351e-05,3.973685196454468e-05,4.233333333333333,2.8536565318752997e-05
880,prob,prob[278],"(278,)",2000,2.3982146949725465e-05,5.988102584871454e-11,7.738283133144879e-06,0.9997466842635121,1323.0219320667884,1071.0161973724842,2.239844256651914e-07,2.087682258476817e-07,9.502215382461682e-06,2.4933006875199818e-05,3.4923064238317415e-05,1.1074159504628407e-05,3.5665619608762936e-05,4.266666666666667,2.3982146949725465e-05
881,prob,prob[279],"(279,)",2000,2.0193880712248645e-05,5.33333590446485e-11,7.302969193735415e-06,0.9997468814403938,1323.0219320667884,1071.0161973724842,2.0549769090276948e-07,1.8094578063520778e-07,6.977798743263902e-06,2.0792049289840174e-05,3.1093080974465016e-05,8.279068695803338e-06,3.192348496809244e-05,4.300000000000001,2.0193880712248645e-05
882,prob,prob[280],"(280,)",2000,1.7032030369764665e-05,4.6230837141097874e-11,6.799326226994692e-06,1.0000756224376905,1323.0219320667884,1071.0161973724842,1.8696460013948842e-07,1.6080558085198137e-07,5.148928402921315e-06,1.7340486109850957e-05,2.7612939501695746e-05,5.567508354327201e-06,2.7748445348010825e-05,4.333333333333334,1.7032030369764665e-05
883,prob,prob[281],"(281,)",2000,1.4384961599415928e-05,3.921907030742253e-11,6.26251309838331e-06,1.0003099058702074,1323.0219320667884,1071.0161973724842,1.6899341520261428e-07,1.4494154098410548e-07,3.818781180973969e-06,1.4463863856917862e-05,2.4459450313032676e-05,4.157413971424831e-06,2.4597736442210154e-05,4.366666666666667,1.4384961599415928e-05
884,prob,prob[282],"(282,)",2000,1.2162893763841982e-05,3.268682533493452e-11,5.7172393106231365e-06,1.0004192074775764,1323.0219320667884,1071.0161973724842,1.5193692201809006e-07,1.3237503085946154e-07,2.8473318749500546e-06,1.2066574983582315e-05,2.1609932275322922e-05,2.707763630213631e-06,2.1283243277379022e-05,4.4,1.2162893763841982e-05
885,prob,prob[283],"(283,)",2000,1.029318190201032e-05,2.6837623002978996e-11,5.180504126335486e-06,1.0003984041856755,1323.0219320667884,1071.0161973724842,1.3598205140824635e-07,1.218814154891008e-07,2.134731750624841e-06,1.0068799263474511e-05,1.9042329300149826e-05,1.8082872059592853e-06,1.8466469143641577e-05,4.433333333333334,1.029318190201032e-05
886,prob,prob[284],"(284,)",2000,8.716717117607268e-06,2.1750021449679455e-11,4.663691826190862e-06,1.0004346670383926,1323.0219320667884,1071.0161973724842,1.2121038042240836e-07,1.1251426009137875e-07,1.6095958080645376e-06,8.40393067288637e-06,1.673531063057422e-05,1.3742551469176576e-14,1.4599025824112223e-05,4.466666666666667,8.716717117607268e-06
887,prob,prob[285],"(285,)",2000,7.385155365913906e-06,1.742333021838275e-11,4.174126282035889e-06,1.0004437607822463,1323.0219320667884,1071.0161973724842,1.0763810390000781e-07,1.0403150247959471e-07,1.2207425167084502e-06,7.016415183376677e-06,1.4668355115402058e-05,4.582863689907796e-15,1.2664750538759571e-05,4.5,7.385155365913906e-06
888,prob,prob[286],"(286,)",2000,6.258766829916572e-06,1.381021321231187e-11,3.7162095221222215e-06,1.000449865207944,1323.0219320667884,1071.0161973724842,9.524196591200704e-08,9.591512254226196e-08,9.313617105642766e-07,5.859935799508385e-06,1.282182000544891e-05,1.6630736692967738e-15,1.0964459387757407e-05,4.533333333333333,6.258766829916572e-06
889,prob,prob[287],"(287,)",2000,5.304754799453039e-06,1.0838918207567918e-11,3.292251237006058e-06,1.0004454850626512,1323.0219320667884,1071.0161973724842,8.39757874322556e-08,8.790896426878757e-08,7.148908577920482e-07,4.895890609120524e-06,1.1176994949968716e-05,6.568683471803709e-16,9.472992303775272e-06,4.566666666666666,5.304754799453039e-06
890,prob,prob[288],"(288,)",2000,4.495932846453313e-06,8.427828289979029e-12,2.903072215770567e-06,1.000447789564041,1323.0219320667884,1071.0161973724842,7.376263199453915e-08,7.997138983672721e-08,5.520941553065175e-07,4.092117741949607e-06,9.716141995075537e-06,2.8166062988419755e-16,8.167478954951822e-06,4.6000000000000005,4.495932846453313e-06
891,prob,prob[289],"(289,)",2000,3.809677564028573e-06,6.494564548867008e-12,2.5484435541849868e-06,1.0004544559520356,1323.0219320667884,1071.0161973724842,6.448001114245632e-08,7.23113092612551e-08,4.289893971197256e-07,3.4218281165561846e-06,8.422522488978617e-06,1.3018121343275954e-16,7.027181755117521e-06,4.633333333333334,3.809677564028573e-06
892,prob,prob[290],"(290,)",2000,3.227094738844848e-06,4.961341385780993e-12,2.227406874771871e-06,1.00046349051953,1323.0219320667884,1071.0161973724842,5.616986667464103e-08,6.495347938142598e-08,3.353731848838196e-07,2.862712840605502e-06,7.280411881006697e-06,6.382456049136384e-17,6.033343608054229e-06,4.666666666666667,3.227094738844848e-06
893,prob,prob[291],"(291,)",2000,2.7332352475148537e-06,3.741477599784133e-12,1.934289947185823e-06,1.0004817177160965,1323.0219320667884,1071.0161973724842,4.8661934966415486e-08,5.793864475778832e-08,2.656711591779682e-07,2.3995234038422675e-06,6.266953432043839e-06,3.3699938552092385e-17,5.165166563236408e-06,4.7,2.7332352475148537e-06
894,prob,prob[292],"(292,)",2000,2.3180355788195164e-06,2.7252861319737907e-12,1.6508440665228774e-06,1.0004734843081413,1323.0219320667884,1071.0161973724842,4.1507720049061896e-08,4.97634042037946e-08,2.2144787445819795e-07,2.0295395048975563e-06,5.336766037088591e-06,2.5135089219499775e-17,4.39240192624666e-06,4.733333333333333,2.3180355788195164e-06
895,prob,prob[293],"(293,)",2000,1.9636709183890898e-06,1.9804589400341955e-12,1.4072877957383825e-06,1.0004764004280906,1323.0219320667884,1071.0161973724842,3.536459297764802e-08,4.269229842333596e-08,1.843726035243338e-07,1.7146196444973741e-06,4.539391361930514e-06,1.872533172612354e-17,3.7309341380900723e-06,4.766666666666667,1.9636709183890898e-06
896,prob,prob[294],"(294,)",2000,1.6615859821648033e-06,1.4358356085821561e-12,1.1982635805957537e-06,1.0004706085328245,1323.0219320667884,1071.0161973724842,3.0096003699541864e-08,3.6583596387116505e-08,1.5332713740093246e-07,1.4468911087875937e-06,3.85669111036507e-06,1.3934018280016388e-17,3.1654164763885605e-06,4.800000000000001,1.6615859821648033e-06
897,prob,prob[295],"(295,)",2000,1.404372789511617e-06,1.038554015576708e-12,1.0190947039292806e-06,1.0004871409301606,1323.0219320667884,1071.0161973724842,2.5582882735354297e-08,3.131269003341448e-08,1.2736187190516864e-07,1.2195557760962386e-06,3.2728782767004014e-06,1.035669051554484e-17,2.6825134085751897e-06,4.833333333333334,1.404372789511617e-06
898,prob,prob[296],"(296,)",2000,1.1856252584603692e-06,7.494441895652051e-13,8.657044470055616e-07,1.000496005267248,1323.0219320667884,1071.0161973724842,2.172154460070498e-08,2.6770175143223607e-08,1.0567143529354265e-07,1.026751282189063e-06,2.774230979370427e-06,7.688885402665132e-18,2.2706526891882433e-06,4.866666666666667,1.1856252584603692e-06
899,prob,prob[297],"(297,)",2000,9.998109871939867e-07,5.395549484401368e-13,7.345440411848269e-07,1.000492478308163,1323.0219320667884,1071.0161973724842,1.8421822566457642e-08,2.2860127181614338e-08,8.757366912478384e-08,8.634289520620298e-07,2.3488384495871953e-06,5.7016892561714404e-18,1.919805748450801e-06,4.9,9.998109871939867e-07
900,prob,prob[298],"(298,)",2000,8.421583672923083e-07,3.8754181496974534e-13,6.225285655853435e-07,1.0004830259880697,1323.0219320667884,1071.0161973724842,1.5605412013270735e-08,1.9498554905397648e-08,7.24915277386675e-08,7.252466429235838e-07,1.986375933578922e-06,4.2231982361028436e-18,1.6212934610939317e-06,4.933333333333334,8.421583672923083e-07
901,prob,prob[299],"(299,)",2000,7.085573498871944e-07,2.7770793355652604e-13,5.269800124829461e-07,1.00049185475528,1323.0219320667884,1071.0161973724842,1.3204401496863299e-08,1.6612015728013064e-08,5.993751398334704e-08,6.084748244857948e-07,1.6779055434286253e-06,3.124475744811736e-18,1.3676146405940085e-06,4.966666666666667,7.085573498871944e-07
902,prob,prob[300],"(300,)",2000,5.954723482017768e-07,1.9853868922875478e-13,4.455768050838764e-07,1.0004947388497971,1323.0219320667884,1071.0161973724842,1.115997239927237e-08,1.4136377981454425e-08,4.950031538921094e-08,5.099143896856064e-07,1.4157003511487104e-06,2.308929191170071e-18,1.1522948434850744e-06,5.0,5.954723482017768e-07
