index,variable,var_fqn,var_index,sample_size,mean,var,sd,rhat,ess_bulk,ess_tail,mcse_mean,mcse_sd,q_0.05,q_0.5,q_0.95,hdi_low,hdi_high,y,pdf
602,prob,prob[0],"(0,)",2000,1.669626326248352e-06,7.586337437967031e-13,8.709958345461263e-07,1.0040804736221194,1244.699159028291,928.1566806804921,2.7643490430895493e-08,3.513958043071835e-08,5.160754469580133e-07,1.5175568111787187e-06,3.3220597406003837e-06,3.94265004929969e-07,3.060169858220081e-06,-5.0,1.669626326248352e-06
603,prob,prob[1],"(1,)",2000,1.974817814204377e-06,1.0468709707060892e-12,1.0231671274557686e-06,1.004075791394754,1244.699159028291,928.1566806804921,3.2433034153471525e-08,4.1098191352403445e-08,6.157784889653342e-07,1.7977785240401405e-06,3.914235468792574e-06,4.7125808919937546e-07,3.6077392227318466e-06,-4.966666666666667,1.974817814204377e-06
604,prob,prob[2],"(2,)",2000,2.3331214239396976e-06,1.4412034314760674e-12,1.2005013250621873e-06,1.0040721813276874,1244.699159028291,928.1566806804921,3.8007268686146646e-08,4.8010728469687186e-08,7.338944385855257e-07,2.127282585145679e-06,4.606639473908233e-06,5.626355534200316e-07,4.248371724620312e-06,-4.933333333333333,2.3331214239396976e-06
605,prob,prob[3],"(3,)",2000,2.7532789027296218e-06,1.9793748951183777e-12,1.4069025890652052e-06,1.0040660322440238,1244.699159028291,928.1566806804921,4.4486670054351306e-08,5.602002259462033e-08,8.736559651732934e-07,2.5142702017288477e-06,5.41525944249077e-06,6.709548447061583e-07,4.9969804256906506e-06,-4.9,2.7532789027296218e-06
606,prob,prob[4],"(4,)",2000,3.2453806245371526e-06,2.712070455931696e-12,1.6468364994533295e-06,1.0040629735578115,1244.699159028291,928.1566806804921,5.2008827500720205e-08,6.528863856579619e-08,1.0388313880839836e-06,2.9682226763434578e-06,6.3584619793756824e-06,7.992031388953791e-07,5.8707089975852395e-06,-4.866666666666667,3.2453806245371526e-06
607,prob,prob[5],"(5,)",2000,3.821058129694035e-06,3.707178574951914e-12,1.9254034836760613e-06,1.004061526353485,1244.699159028291,928.1566806804921,6.073064849950507e-08,7.60013391138116e-08,1.2338076163736729e-06,3.5000864865328227e-06,7.4573178815735e-06,9.508649423108867e-07,6.889238592322574e-06,-4.833333333333333,3.821058129694035e-06
608,prob,prob[6],"(6,)",2000,4.493701606196304e-06,5.05539566534826e-12,2.248420704705474e-06,1.004059117085753,1244.699159028291,928.1566806804921,7.083081281407359e-08,8.836781671116511e-08,1.4636849160410908e-06,4.122482681398001e-06,8.735967310175866e-06,1.1299995149459775e-06,8.07513264231588e-06,-4.8,4.493701606196304e-06
609,prob,prob[7],"(7,)",2000,5.278705145785731e-06,6.877575543378042e-12,2.622513211287608e-06,1.0040594691481122,1244.699159028291,928.1566806804921,8.251249853550647e-08,1.0262571686742844e-07,1.7343850225630164e-06,4.8499434043362545e-06,1.0222029060201468e-05,1.3413294048943051e-06,9.454223625136676e-06,-4.766666666666667,5.278705145785731e-06
610,prob,prob[8],"(8,)",2000,6.193742870571384e-06,9.334339950469732e-12,3.0552152052629177e-06,1.0040565208907866,1244.699159028291,928.1566806804921,9.600640440987185e-08,1.1904397759628475e-07,2.0527742844351547e-06,5.6991786177152755e-06,1.1947058469899359e-05,1.5903415312064757e-06,1.1056046162658796e-05,-4.733333333333333,6.193742870571384e-06
611,prob,prob[9],"(9,)",2000,7.213012178598354e-06,1.2230261101709403e-11,3.497179020540613e-06,1.00406241503375,1244.699159028291,928.1566806804921,1.0956425464940846e-07,1.3486870641119228e-07,2.440478317368223e-06,6.660565595554332e-06,1.3782807274593508e-05,1.8985819658509886e-06,1.2772478558044892e-05,-4.7,7.213012178598354e-06
612,prob,prob[10],"(10,)",2000,8.305557125429923e-06,1.5140206159236825e-11,3.891041783280774e-06,1.004033250490552,1244.699159028291,928.1566806804921,1.2117577252017915e-07,1.470526191752996e-07,2.923962849491453e-06,7.721364885215348e-06,1.557909753792544e-05,2.5292757391633773e-06,1.4705269590196398e-05,-4.666666666666667,8.305557125429923e-06
613,prob,prob[11],"(11,)",2000,9.53154617341974e-06,1.841753473356856e-11,4.291565534110898e-06,1.0040025619625648,1244.699159028291,928.1566806804921,1.3272997436349523e-07,1.5852710946726422e-07,3.5058632771331915e-06,8.92639783929489e-06,1.750556543204226e-05,3.0484410267329726e-06,1.6563597827092474e-05,-4.633333333333334,9.53154617341974e-06
614,prob,prob[12],"(12,)",2000,1.0903266067298014e-05,2.199975864266861e-11,4.690390030974888e-06,1.0039497620528282,1244.699159028291,928.1566806804921,1.4393028609921598e-07,1.6893030063823257e-07,4.206552970996776e-06,1.0291321443534115e-05,1.9555009237210167e-05,3.6784350726462357e-06,1.8552758882253016e-05,-4.6,1.0903266067298014e-05
615,prob,prob[13],"(13,)",2000,1.2433921773647673e-05,2.5778689634107306e-11,5.077271869233251e-06,1.0038830269639718,1244.699159028291,928.1566806804921,1.5442923481339877e-07,1.778985835114739e-07,5.050655430046813e-06,1.1832926481900682e-05,2.1717205953104826e-05,4.443548827356493e-06,2.0665792946566738e-05,-4.566666666666666,1.2433921773647673e-05
616,prob,prob[14],"(14,)",2000,1.4137770933178548e-05,2.959234595888577e-11,5.439884737647092e-06,1.003867284768791,1244.699159028291,928.1566806804921,1.6382758673365318e-07,1.850874767637181e-07,6.067929690930619e-06,1.3569145981830538e-05,2.3978770784614083e-05,5.373481389098452e-06,2.2892885020319136e-05,-4.533333333333333,1.4137770933178548e-05
617,prob,prob[15],"(15,)",2000,1.603029523134103e-05,3.3219092310244456e-11,5.763600637643491e-06,1.0038146788521591,1244.699159028291,928.1566806804921,1.7167443775925186e-07,1.9019829323646928e-07,7.294338116977844e-06,1.5519053323877078e-05,2.632307805488945e-05,6.504550998753626e-06,2.5221233641785143e-05,-4.5,1.603029523134103e-05
618,prob,prob[16],"(16,)",2000,1.8128416364805613e-05,3.637594460086934e-11,6.0312473503305554e-06,1.0037287231524643,1244.699159028291,928.1566806804921,1.7746853314917331e-07,1.930122020660311e-07,8.773333267394874e-06,1.77028488988673e-05,2.873025134826772e-05,7.88117595315192e-06,2.763497404496079e-05,-4.466666666666667,1.8128416364805613e-05
619,prob,prob[17],"(17,)",2000,2.0450765647235458e-05,3.8723751307957646e-11,6.222841096151953e-06,1.0036638802351225,1244.699159028291,928.1566806804921,1.8066148508328482e-07,1.9343416341964084e-07,1.0557407645770273e-05,2.0141834234924002e-05,3.117722921942976e-05,1.0166953819782904e-05,3.0655531254782675e-05,-4.433333333333334,2.0450765647235458e-05
620,prob,prob[18],"(18,)",2000,2.3018018027724745e-05,3.9883092519137477e-11,6.315306209451564e-06,1.003493257680134,1244.699159028291,928.1566806804921,1.8066459103333488e-07,1.923290566958811e-07,1.2709958512375202e-05,2.2858372575339873e-05,3.3637911035957425e-05,1.3657079231237712e-05,3.432404437277938e-05,-4.3999999999999995,2.3018018027724745e-05
621,prob,prob[19],"(19,)",2000,2.585330351248745e-05,3.9466435721553026e-11,6.282231746883668e-06,1.0033663229330394,1244.699159028291,928.1566806804921,1.7634519295301066e-07,1.8944424137465224e-07,1.530752982570858e-05,2.5875834966788146e-05,3.6083385496231284e-05,1.6335622715380344e-05,3.6695735444014316e-05,-4.366666666666666,2.585330351248745e-05
622,prob,prob[20],"(20,)",2000,2.898271184526149e-05,3.7134720434109914e-11,6.093826419755482e-06,1.0031449114116227,1244.699159028291,928.1566806804921,1.674597709090695e-07,1.8565224968529638e-07,1.8442504990988483e-05,2.92185310159467e-05,3.8482242141514876e-05,1.955662881941936e-05,3.900634622490949e-05,-4.333333333333333,2.898271184526149e-05
623,prob,prob[21],"(21,)",2000,3.243591002284939e-05,3.2690726105083866e-11,5.717580441505293e-06,1.0028332626021903,1244.699159028291,928.1566806804921,1.536143533967001e-07,1.816977429845229e-07,2.222633770101454e-05,3.2911623591132274e-05,4.080096382740481e-05,2.395064262488235e-05,4.165748106920531e-05,-4.300000000000001,3.243591002284939e-05
624,prob,prob[22],"(22,)",2000,3.624689706955984e-05,2.6228345152211195e-11,5.121361650207023e-06,1.002338460817881,1265.4812710687409,928.1566806804921,1.347439824690705e-07,1.7856529434617394e-07,2.6793424051598688e-05,3.698102688348584e-05,4.30043957094831e-05,2.9821875508419324e-05,4.42367615595186e-05,-4.266666666666667,3.624689706955984e-05
625,prob,prob[23],"(23,)",2000,4.045492681818059e-05,1.8368000836412145e-11,4.2857905730929205e-06,1.0012188365608274,1474.7084591963396,1134.1219673945927,1.1274963450405967e-07,1.792717854922077e-07,3.2305737622699814e-05,4.1453287398729026e-05,4.496937196455316e-05,3.522004257537337e-05,4.508919816132973e-05,-4.233333333333333,4.045492681818059e-05
626,prob,prob[24],"(24,)",2000,4.5105637697824263e-05,1.0626961977585947e-11,3.2599021423327953e-06,0.9997547258287612,1663.3686259120357,1134.1219673945927,9.144292279483666e-08,1.8231556514313355e-07,3.895837068892506e-05,4.6248676383314546e-05,4.75001642930144e-05,4.154068278848636e-05,4.751641256103129e-05,-4.2,4.5105637697824263e-05
627,prob,prob[25],"(25,)",2000,5.0252439292839036e-05,6.004528220767399e-12,2.450413887645799e-06,1.002593439868799,781.7129130340787,980.8276140112365,9.205452067569502e-08,1.6799830959978737e-07,4.5901302436914196e-05,5.1147413740902626e-05,5.173839193730323e-05,4.788625846365661e-05,5.1742681464783604e-05,-4.166666666666666,5.0252439292839036e-05
628,prob,prob[26],"(26,)",2000,5.595821945707574e-05,9.915381384450219e-12,3.148869858290466e-06,1.0037783264842068,879.1972805200327,990.8046473707633,1.2913167198973864e-07,1.8477618071271875e-07,4.95161723415578e-05,5.7205432660099444e-05,5.831049404435508e-05,5.1815148439157136e-05,5.832240397450068e-05,-4.133333333333333,5.595821945707574e-05
629,prob,prob[27],"(27,)",2000,6.229745399025185e-05,3.169659493130176e-11,5.629972906799975e-06,1.0031324881654726,1220.373646698115,928.1566806804921,1.9696153854093208e-07,2.46752483991638e-07,5.101968711562514e-05,6.384176176295044e-05,6.82399419201596e-05,5.451393672501854e-05,6.837817169143402e-05,-4.1000000000000005,6.229745399025185e-05
630,prob,prob[28],"(28,)",2000,6.935882449528248e-05,8.707511702331653e-11,9.331404879401415e-06,1.0039412004683028,1242.4955463452693,928.1566806804921,2.905182944962456e-07,3.286285062683056e-07,5.17759111187406e-05,7.081220616808452e-05,8.231130595440739e-05,5.652868741990024e-05,8.42327727787405e-05,-4.066666666666666,6.935882449528248e-05
631,prob,prob[29],"(29,)",2000,7.724848050512671e-05,2.022679882810739e-10,1.4222095073549252e-05,1.0037126999534733,1243.2495078722077,928.1566806804921,4.191447069723853e-07,4.4952551412968546e-07,5.217622326114094e-05,7.827514642735214e-05,9.942172260522705e-05,5.4758150661035934e-05,0.0001014623277519468,-4.033333333333333,7.724848050512671e-05
632,prob,prob[30],"(30,)",2000,8.609412107146808e-05,4.20897720383938e-10,2.051579197554747e-05,1.0034470708174896,1244.6991590282898,928.1566806804921,5.839937042228732e-07,6.421308520219224e-07,5.219522343801821e-05,8.633086667791282e-05,0.00011988212918093189,4.999850308586555e-05,0.0001165962748755923,-4.0,8.609412107146808e-05
633,prob,prob[31],"(31,)",2000,9.605012083468878e-05,8.158249431504697e-10,2.856264944206804e-05,1.003167740084567,1244.6991590282898,928.1566806804921,7.915968554538085e-07,9.510497158850579e-07,5.181176695365287e-05,9.500464808980646e-05,0.00014452380640957437,4.913352505398714e-05,0.00013912757545163885,-3.9666666666666663,9.605012083468878e-05
634,prob,prob[32],"(32,)",2000,0.00010730398850230418,1.5096698303563683e-09,3.8854469889014937e-05,1.0029346543144277,1244.6991590282898,928.1566806804921,1.0583168268751753e-06,1.4306286696210526e-06,5.100953264119788e-05,0.00010432059049043192,0.0001741856886549881,4.789126739659422e-05,0.0001660115606718965,-3.933333333333333,0.00010730398850230418
635,prob,prob[33],"(33,)",2000,0.00011907431129702164,2.2532024578078327e-09,4.746790976868302e-05,1.0024347325677938,1204.6637299966628,909.0886431797048,1.307085234407106e-06,1.9400849958709474e-06,5.3278559483032874e-05,0.00011425486282891505,0.00020032387244952612,4.373561859885378e-05,0.00018419257671734626,-3.9,0.00011907431129702164
636,prob,prob[34],"(34,)",2000,0.00013171189298776434,3.2285485852549455e-09,5.682031841916187e-05,1.0019880120980569,1170.6093861694176,943.3675037884213,1.583333221566757e-06,2.5884151202399825e-06,5.5486323599955755e-05,0.00012530704532004742,0.0002304765361973224,4.5911921362214017e-05,0.00021068174225670082,-3.866666666666667,0.00013171189298776434
637,prob,prob[35],"(35,)",2000,0.00014536214985810843,4.544711680434769e-09,6.741447678677606e-05,1.0015334561206641,1138.181011434971,979.6203891551065,1.8981797451514489e-06,3.4349662223727375e-06,5.7984273394813244e-05,0.0001370857534858024,0.00026327376524400777,4.5811919710415436e-05,0.0002356484053846665,-3.833333333333333,0.00014536214985810843
638,prob,prob[36],"(36,)",2000,0.00016010118807048627,6.305848036893889e-09,7.940936995653528e-05,1.0018402115163458,1113.439163234504,888.7238860180901,2.256157605600328e-06,4.5361905933781e-06,6.096511198171394e-05,0.00014986815321597078,0.00029896908873700386,4.3759094296421067e-05,0.0002616604693317742,-3.8,0.00016010118807048627
639,prob,prob[37],"(37,)",2000,0.00017601726445659518,8.649973392516879e-09,9.300523314586593e-05,1.0021867034788752,1094.2088381276596,843.4765188947246,2.6628208796241487e-06,5.9672790551742325e-06,6.26208170760081e-05,0.00016372214100622323,0.0003406036816231342,4.393766127569384e-05,0.0002914997042303383,-3.7666666666666666,0.00017601726445659518
640,prob,prob[38],"(38,)",2000,0.00019320428316245173,1.1756980110152801e-08,0.00010842960901042114,1.002516221102443,1074.7413488491861,792.2575079657058,3.1242536932459745e-06,7.823275566363086e-06,6.430956895841333e-05,0.00017901862437145902,0.0003847559589995944,4.163039011304496e-05,0.00032400858681113677,-3.7333333333333334,0.00019320428316245173
641,prob,prob[39],"(39,)",2000,0.00021177686483441087,1.5859008197679797e-08,0.00012593255416166145,1.0028799872976457,1056.690867087122,782.4540846604459,3.646938541817648e-06,1.0215144339398233e-05,6.683707905776936e-05,0.000194245261793833,0.00043134948702721254,4.583181565629989e-05,0.00036551818065095037,-3.7,0.00021177686483441087
642,prob,prob[40],"(40,)",2000,0.00023184676964586333,2.124312917082758e-08,0.0001457502287162102,1.0031961190714693,1041.272392699834,663.6129411150624,4.236704655790579e-06,1.3253503647876302e-05,6.976620510694804e-05,0.00020951738693981363,0.0004832582955128801,4.551794790385513e-05,0.00040467414397192677,-3.666666666666667,0.00023184676964586333
643,prob,prob[41],"(41,)",2000,0.00025353037289261383,2.8246828735212154e-08,0.00016806792893116806,1.003599956619038,1025.4614602957204,592.6491568715945,4.8978041133494374e-06,1.7017290134958542e-05,7.275858292967018e-05,0.00022679010708365145,0.000538125857739753,4.611665710911978e-05,0.00044801534051840293,-3.633333333333333,0.00025353037289261383
644,prob,prob[42],"(42,)",2000,0.00027693657600545273,3.723904400886158e-08,0.00019297420555312977,1.0038627298489051,1001.8523614858308,630.9139233356223,5.639049462655319e-06,2.15647759708525e-05,7.585594554369435e-05,0.0002450505027634843,0.000605827290907743,2.309657102468782e-05,0.00047064428728808675,-3.6,0.00027693657600545273
645,prob,prob[43],"(43,)",2000,0.00030218492340165255,4.85934956284852e-08,0.00022043932414268828,1.0042086366442007,977.5341585921059,660.8518194318074,6.4660073518274585e-06,2.6944332900188032e-05,7.869470616447737e-05,0.000264426181666581,0.000674107486129545,2.981333227594301e-05,0.0005327069479949864,-3.566666666666667,0.00030218492340165255
646,prob,prob[44],"(44,)",2000,0.000329373918715969,6.263818121163723e-08,0.0002502762098395236,1.0045417676473476,958.273851594915,659.5430131310319,7.362006523656789e-06,3.300839972890266e-05,8.348260979852476e-05,0.0002853264192342052,0.0007486369659733531,2.7709596314857524e-05,0.0005840241880218574,-3.533333333333333,0.000329373918715969
647,prob,prob[45],"(45,)",2000,0.0003585952367803805,7.958239116293587e-08,0.0002821035114331898,1.0048453212775375,940.617570173587,619.7694273250179,8.319768762786483e-06,3.955888610138942e-05,8.614827091457229e-05,0.00030601417545523374,0.0008162503646120007,3.136753417803517e-05,0.0006467952646101453,-3.5,0.0003585952367803805
648,prob,prob[46],"(46,)",2000,0.00038992227199806585,9.943018534826484e-08,0.00031532552283039956,1.0050589601187363,928.446585641891,639.5638517555917,9.315334237189407e-06,4.6288719058030676e-05,9.0376481364091e-05,0.00033056172632860826,0.0008897930005759538,3.351117400330157e-05,0.0007118991617604179,-3.466666666666667,0.00038992227199806585
649,prob,prob[47],"(47,)",2000,0.000423441485914465,1.219098501003429e-07,0.0003491559108769933,1.0052481184345021,915.0086978331623,642.9873043806576,1.03252455388583e-05,5.2781926008284085e-05,9.58467282558713e-05,0.00035642817695742825,0.0009578340017290841,2.869144413656123e-05,0.0007741749406712083,-3.433333333333333,0.000423441485914465
650,prob,prob[48],"(48,)",2000,0.0004592229003921247,1.464523891563565e-07,0.00038269098389739534,1.0053965847490391,904.7495777576062,659.0172734403204,1.1323174480125211e-05,5.8539377640189915e-05,9.992038342905952e-05,0.0003854671241185784,0.0010436792607733574,2.6279685423071243e-05,0.0008380834682107413,-3.4,0.0004592229003921247
651,prob,prob[49],"(49,)",2000,0.00049735251780556,1.7218212708599702e-07,0.0004149483426717078,1.0055749575361965,891.7201277381337,711.5094985838867,1.2281119637816138e-05,6.298298959585032e-05,0.00010347779449029598,0.0004157215942572648,0.0011390294708884159,2.61593104558106e-05,0.0009109851597606836,-3.3666666666666667,0.00049735251780556
652,prob,prob[50],"(50,)",2000,0.0005379352156712929,1.9803312597174287e-07,0.0004450091302116653,1.005620913750376,881.8735479907061,635.3403213550355,1.3173381233606797e-05,6.549668252969689e-05,0.00011091989036168274,0.000448023035255071,0.001221507126205112,2.2182608644466514e-05,0.0009742079226745419,-3.3333333333333335,0.0005379352156712929
653,prob,prob[51],"(51,)",2000,0.0005811876235247168,2.238387621617901e-07,0.0004731160134277745,1.0056209221236863,871.9076072447666,602.3768089240699,1.4007720855984142e-05,6.58382258666922e-05,0.00011754339718864797,0.0004849929931576776,0.0013068818698702635,2.2257093741132702e-05,0.001065325537996905,-3.3,0.0005811876235247168
654,prob,prob[52],"(52,)",2000,0.0006274296633303543,2.512095429765988e-07,0.0005012080835108296,1.0056329392292762,863.1218832611675,602.3170518399602,1.4840996645998224e-05,6.451608652537759e-05,0.0001248262172968311,0.0005277442047462017,0.001424734940449707,2.8411923298661792e-05,0.001166680043540338,-3.2666666666666666,0.0006274296633303543
655,prob,prob[53],"(53,)",2000,0.0006769853010767883,2.8090970885363265e-07,0.0005300091592167371,1.0056901710988844,850.7759087505872,569.4026091366609,1.569645544143285e-05,6.168123122348642e-05,0.00013067372875800483,0.0005701416859206035,0.0015377762017841714,2.5921587151890877e-05,0.0012490961300877465,-3.2333333333333334,0.0006769853010767883
656,prob,prob[54],"(54,)",2000,0.0007301864494615713,3.139763291394441e-07,0.0005603359074157608,1.0057686611948327,834.4122192521277,572.9961090360518,1.6600710991381493e-05,5.759303370917311e-05,0.00013687856213419726,0.000614769482608795,0.0016716153898726587,2.793467743313281e-05,0.0013661347199192143,-3.1999999999999997,0.0007301864494615713
657,prob,prob[55],"(55,)",2000,0.0007874193559777033,3.517625244312293e-07,0.0005930957127068357,1.005806059277915,819.5662660473561,565.5004026716246,1.7583912136515466e-05,5.262068258881723e-05,0.00014300982203471397,0.0006609791932103792,0.0018007937178347918,2.925695328185232e-05,0.0014757015385237601,-3.1666666666666665,0.0007874193559777033
658,prob,prob[56],"(56,)",2000,0.0008490441641942231,3.9588245934061947e-07,0.0006291919097863699,1.0058650404082705,793.5641153528569,606.1862900357575,1.8672305890507978e-05,4.7222833303524636e-05,0.0001539219216944596,0.000708710150874362,0.001956314429474656,3.658031061168074e-05,0.0016025491259670918,-3.1333333333333333,0.0008490441641942231
659,prob,prob[57],"(57,)",2000,0.0009154345595645672,4.481359841847987e-07,0.0006694295961374868,1.005959406057109,773.8134821575601,650.9516931958868,1.9905610452904135e-05,4.1900678223233775e-05,0.00015981392740844637,0.0007625976782480437,0.0021118332816019614,3.8626975388108416e-05,0.0017482284061618193,-3.0999999999999996,0.0009154345595645672
660,prob,prob[58],"(58,)",2000,0.0009869595720472016,5.104343831965392e-07,0.0007144469071922274,1.006039650234324,756.82720368804,634.9734131974681,2.130207696049568e-05,3.715189447663926e-05,0.00016516265755262083,0.0008214080577741427,0.0022919203031916188,2.7842445333181954e-05,0.0018700160189695644,-3.0666666666666664,0.0009869595720472016
661,prob,prob[59],"(59,)",2000,0.0010639569417359484,5.846596342033551e-07,0.0007646303905831595,1.006140771785931,744.1250928427393,610.3963027306734,2.2913510401874044e-05,3.3410318372458564e-05,0.00017538237586294545,0.0008837756432046645,0.002460962880957734,2.8034094298090444e-05,0.0020414175008909782,-3.033333333333333,0.0010639569417359484
662,prob,prob[60],"(60,)",2000,0.0011468020273352755,6.72691524286541e-07,0.0008201777394483107,1.0063469308196353,726.1399966906515,616.3457578093316,2.4707416952295087e-05,3.0948209997223436e-05,0.00018471932621332137,0.0009572252752379276,0.0026699459834007623,4.4858632231119416e-05,0.0022215891255451636,-2.9999999999999996,0.0011468020273352755
663,prob,prob[61],"(61,)",2000,0.0012357938825115246,7.761391819244342e-07,0.0008809876173502294,1.0065129324431767,714.7726170882092,587.8272221832021,2.671128801216024e-05,2.9814043369767948e-05,0.00019642491554925487,0.0010414616766832555,0.002875809217744455,3.754985033542937e-05,0.0024180447349251176,-2.966666666666667,0.0012357938825115246
664,prob,prob[62],"(62,)",2000,0.0013312245201972106,8.963149131657179e-07,0.0009467390945586423,1.006693804247917,700.4135211165484,611.2599287160353,2.8919859343268327e-05,2.9817076997571553e-05,0.00020569775684765792,0.00112136813784618,0.0030808899266003445,4.228269676066445e-05,0.0026203753213115974,-2.9333333333333336,0.0013312245201972106
665,prob,prob[63],"(63,)",2000,0.0014333334513851924,1.0340222209774592e-06,0.001016868831746484,1.0069311455537255,685.4772050539653,593.6567082530041,3.1325925932295276e-05,3.061906651460106e-05,0.0002174354281265417,0.0012082362244186502,0.003343213624215306,3.845235379268513e-05,0.002805055151688842,-2.9000000000000004,0.0014333334513851924
666,prob,prob[64],"(64,)",2000,0.001542421627244219,1.189834833545079e-06,0.0010907955049160585,1.007137530241957,674.1885535875887,589.7722530988361,3.392495707596509e-05,3.186098644738765e-05,0.00022475867242493524,0.0013141226990869264,0.003613451606813764,4.099594899799704e-05,0.00302514407412558,-2.8666666666666663,0.001542421627244219
667,prob,prob[65],"(65,)",2000,0.0016587115533445531,1.3638249922165827e-06,0.0011678291793822343,1.007440027711852,661.6876418298206,575.3509337787801,3.671083381379215e-05,3.3239111228188916e-05,0.00024612274796501717,0.0014154261696950245,0.003867881803048666,3.1454453242090256e-05,0.0032191310837600827,-2.8333333333333335,0.0016587115533445531
668,prob,prob[66],"(66,)",2000,0.001782462610266309,1.55593739894437e-06,0.0012473721974392287,1.0077585156071482,648.4996577700517,582.2767621025021,3.968101333157338e-05,3.4525579508285806e-05,0.00025976644693516485,0.0015197639537369168,0.004152045047867941,4.3754508166322906e-05,0.00348824800127281,-2.8,0.001782462610266309
669,prob,prob[67],"(67,)",2000,0.0019139359448734005,1.7662108537239006e-06,0.0013289886582374963,1.0081551331649845,633.9392140500962,560.1847183584244,4.2837667702125865e-05,3.5564373561515035e-05,0.00027862895788712623,0.0016550561941013893,0.0044454163242345366,3.362469340813347e-05,0.003738868937187215,-2.7666666666666666,0.0019139359448734005
670,prob,prob[68],"(68,)",2000,0.002053582013870254,1.9961397309587517e-06,0.0014128480919613233,1.0085178494085576,619.2563961151521,563.7891077841597,4.619665538985247e-05,3.6287971091234105e-05,0.00029801212592931657,0.001775763277323831,0.004733681919990328,4.334280992627984e-05,0.003983646436785284,-2.7333333333333334,0.002053582013870254
671,prob,prob[69],"(69,)",2000,0.0022033910419112872,2.2521137597383163e-06,0.0015007044211763742,1.0089795670461097,601.5765417733479,514.7529855273282,4.979623132191542e-05,3.680139920233578e-05,0.00031987496295404066,0.0019227145279859374,0.005068452512958117,4.577967984964859e-05,0.004235798064501693,-2.7,0.0022033910419112872
672,prob,prob[70],"(70,)",2000,0.002368808995114531,2.548574204487895e-06,0.0015964254459535198,1.0094007923985697,587.824564504124,522.5298279388198,5.375223627693728e-05,3.7414147852804094e-05,0.00035264187605024515,0.0020974145188429874,0.00543500458639027,8.756979451269729e-05,0.004644301409207212,-2.666666666666666,0.002368808995114531
673,prob,prob[71],"(71,)",2000,0.0025525518948232495,2.8947378152993004e-06,0.0017013929044460308,1.0098338048071032,576.0101077559958,550.1382947966232,5.8060856943768316e-05,3.823874607280795e-05,0.000382190088914134,0.002271317818592784,0.005757898815663404,9.994945413215006e-05,0.004997982223249032,-2.6333333333333333,0.0025525518948232495
674,prob,prob[72],"(72,)",2000,0.0027573511362302986,3.3008405913838764e-06,0.0018168215628904993,1.010246397793822,568.09184958042,558.6177590174135,6.279971956627348e-05,3.9357170187335344e-05,0.00042350231305005953,0.0024370842729639587,0.006211999426524266,5.9100634411358414e-05,0.005289446502345653,-2.6,0.0027573511362302986
675,prob,prob[73],"(73,)",2000,0.002986132667622355,3.7780933502253376e-06,0.0019437318102622433,1.010484349313451,563.567568170428,570.0528980410959,6.793264210684461e-05,4.082936568558765e-05,0.0004759279437026525,0.0026555996522528314,0.006771620161817824,8.147028783667313e-05,0.005664875937089824,-2.5666666666666664,0.002986132667622355
676,prob,prob[74],"(74,)",2000,0.0032422172193340053,4.338948008465009e-06,0.002083014164249732,1.0107697275240737,558.775977091052,573.4885275372155,7.34366774053436e-05,4.269440985113944e-05,0.0005371240932318187,0.002910149549492985,0.007310406336626028,9.751344803395569e-05,0.006074500505277485,-2.533333333333333,0.0032422172193340053
677,prob,prob[75],"(75,)",2000,0.0035293633847406775,4.996628913134227e-06,0.0022353140524620308,1.010993779557704,555.89621270259,614.3327157513678,7.936615313022343e-05,4.497296959826572e-05,0.0006153618908390448,0.0031809572856885985,0.007902290510280512,0.00013896214417985966,0.006597428895730187,-2.5,0.0035293633847406775
678,prob,prob[76],"(76,)",2000,0.003851837018082151,5.765730807538742e-06,0.0024011936214180527,1.0112209871095326,552.8853685931431,618.1980511541437,8.589066790779757e-05,4.76765451549174e-05,0.0007051550500387842,0.003484287682662148,0.008532264599968005,0.00023783720380910327,0.0072399746484626045,-2.466666666666667,0.003851837018082151
679,prob,prob[77],"(77,)",2000,0.0042142856324316035,6.660805840832568e-06,0.0025808537038802815,1.0114492405514588,549.3846473208134,618.1980511541437,9.320408999169718e-05,5.0808040244034056e-05,0.0008233086393673748,0.003849890099363462,0.009273954627979083,0.000270013580895059,0.007843174441072793,-2.433333333333333,0.0042142856324316035
680,prob,prob[78],"(78,)",2000,0.0046221201678304565,7.696348893456127e-06,0.002774229423363563,1.011539634178129,550.7304779551699,655.641523723689,0.00010116833794965375,5.436575958444427e-05,0.00093964253095843,0.004238578703206605,0.010087806755657795,0.00023470984628982822,0.008417487841160831,-2.4,0.0046221201678304565
681,prob,prob[79],"(79,)",2000,0.005081611142111595,8.885251487715322e-06,0.0029808138968602724,1.0117162878211174,548.5670748061488,707.8521876060523,0.00010980406184905543,5.8339368330655355e-05,0.001103076661202579,0.004685890236060167,0.010932942681885372,0.00033091542196764576,0.009206480096670966,-2.3666666666666667,0.005081611142111595
682,prob,prob[80],"(80,)",2000,0.005600134469458036,1.023955065816483e-05,0.0031999297895680197,1.0117613749199257,550.0836892885902,752.5189889135844,0.00011912659166498184,6.271449886697717e-05,0.0012933004387968175,0.005186233584839308,0.011775087668609706,0.0005417869362618618,0.010121955484829716,-2.333333333333333,0.005600134469458036
683,prob,prob[81],"(81,)",2000,0.006185971148637636,1.1767379308810568e-05,0.003430361396239552,1.0118389418853155,550.9706246135954,740.7963168769049,0.00012912974576290858,6.745974820228515e-05,0.0015432404150977003,0.005757041180659518,0.01273571970826846,0.0006026104404448609,0.010969556342774514,-2.3,0.006185971148637636
684,prob,prob[82],"(82,)",2000,0.006849076755802186,1.3472806264910878e-05,0.0036705321500990666,1.0118614554077783,552.826807558525,747.5252815332537,0.00013959234495019185,7.252332340734207e-05,0.0018342651157333952,0.0063881435871650976,0.013685915584887503,0.000836138586375867,0.011937329348468006,-2.2666666666666666,0.006849076755802186
685,prob,prob[83],"(83,)",2000,0.0076013527774048744,1.5353794941132855e-05,0.003918391882026714,1.0118625331368885,555.7061211894953,779.5595950869795,0.00014975669839734554,7.782327545320345e-05,0.002178792171846423,0.00712524922260363,0.015012931546888148,0.0010915646970307633,0.013031287603862561,-2.233333333333333,0.0076013527774048744
686,prob,prob[84],"(84,)",2000,0.008457332725794036,1.740614169146606e-05,0.00417206683688865,1.0119328340807061,562.7109296238964,779.7222077298233,0.00016019519937871882,8.326123235218818e-05,0.0026454084848577834,0.007995749823248818,0.016295150472247808,0.0013207947675355225,0.014151887583767635,-2.2,0.008457332725794036
687,prob,prob[85],"(85,)",2000,0.009433961172464424,1.962344361626708e-05,0.004429835619553742,1.011994484410497,568.1642591758982,874.6268144006388,0.00017073045464318436,8.872121955283482e-05,0.003225220971001776,0.008943864764085811,0.017792613970321388,0.0025442419213943953,0.01609068156044626,-2.1666666666666665,0.009433961172464424
688,prob,prob[86],"(86,)",2000,0.010552253104517881,2.2005867338103533e-05,0.004691041178470248,1.0119671666580576,582.7098651575611,988.1150951592126,0.0001806153119933566,9.409366212969661e-05,0.0038799095229320574,0.009996374104480909,0.019361948135346998,0.0028548848478371323,0.017344739928984828,-2.133333333333333,0.010552253104517881
689,prob,prob[87],"(87,)",2000,0.011835949272387413,2.4615189689747092e-05,0.004961369739270305,1.011749407652529,592.7807834129273,956.5045408226243,0.00018936035034620744,9.941161133609782e-05,0.004744209366181217,0.011295925951527268,0.021041832636734828,0.0036293288339384537,0.01902743051120506,-2.0999999999999996,0.011835949272387413
690,prob,prob[88],"(88,)",2000,0.013306038269404755,2.7679212623996335e-05,0.0052611037457929236,1.0114453935443404,613.5893753401112,938.3286444421404,0.0001977463105123925,0.00010506376443115796,0.005791211405347298,0.012700571420425627,0.023003417166855392,0.004911550323641049,0.021381957510034386,-2.066666666666667,0.013306038269404755
691,prob,prob[89],"(89,)",2000,0.01499089230397644,3.1322363143087835e-05,0.005596638557481431,1.0109965913325283,642.8354551041481,1014.807808053671,0.00020787053709646211,0.00011109039646421994,0.00699265309006444,0.014293440975686654,0.025191411213331922,0.005474077603820611,0.0229620756864414,-2.033333333333333,0.01499089230397644
692,prob,prob[90],"(90,)",2000,0.016923992271899047,3.5684448926301426e-05,0.005973646200295212,1.0104791043447974,679.1597323054006,1001.7925116104,0.00021635126733306014,0.00011752144340768216,0.008508190586832418,0.016258605258065374,0.028119955843403474,0.006975297986075704,0.025700875743842604,-1.9999999999999998,0.016923992271899047
693,prob,prob[91],"(91,)",2000,0.019142947479795065,4.0945262118187895e-05,0.0063988484993933005,1.0095382136952757,732.3454608085484,1000.7309926509747,0.0002242099720550317,0.00012482426731527408,0.010021861649853274,0.0183111623179118,0.031142669478152477,0.008557142086416853,0.028626747262100963,-1.9666666666666668,0.019142947479795065
694,prob,prob[92],"(92,)",2000,0.021691130218479977,4.734214163196221e-05,0.006880562595599448,1.0085427990629514,809.6480865861492,1112.045875588126,0.00023067326798852195,0.00013273668798413271,0.011828808635633532,0.020790784372226014,0.03456835445738621,0.009636645763471084,0.03136922203573253,-1.9333333333333336,0.021691130218479977
695,prob,prob[93],"(93,)",2000,0.024614793005250876,5.5178876084004915e-05,0.007428248520614056,1.007363200003929,907.9866840026892,1261.3289846439145,0.0002356382022046018,0.00014142682123047593,0.014055628289703508,0.02365502952315652,0.03838888990501598,0.012102417879290115,0.0353891044742456,-1.8999999999999997,0.024614793005250876
696,prob,prob[94],"(94,)",2000,0.027965904578047613,6.484564349158026e-05,0.00805267927410376,1.0060690952441431,1043.8737534281488,1399.6726730096734,0.00023938644598195012,0.00015116200915541768,0.016635612886069018,0.027020884237737366,0.042982326929610654,0.014542163111806934,0.03977954993676867,-1.8666666666666667,0.027965904578047613
697,prob,prob[95],"(95,)",2000,0.03180091078289479,7.68208162086404e-05,0.00876474849659934,1.0048199806287945,1217.6358539390683,1404.8115888116972,0.00024139618571911693,0.0001623137943837881,0.019421032518466618,0.030732731510103597,0.04821309861753796,0.01767559100031507,0.045012529566111584,-1.8333333333333335,0.03180091078289479
698,prob,prob[96],"(96,)",2000,0.03618339917893445,9.16747870428945e-05,0.009574695140989842,1.0036518023709629,1425.5023855704699,1570.8696520242268,0.0002432086563222978,0.00017537518954248264,0.02276127230199284,0.035095695680842066,0.053706007171409456,0.022305173948641222,0.052217344551578164,-1.7999999999999996,0.03618339917893445
699,prob,prob[97],"(97,)",2000,0.04117814750809903,0.0001100207200108201,0.010489076222948335,1.002413852021677,1696.0942191516074,1761.6773263176306,0.0002502975144426162,0.00019242839544062802,0.026475330852847145,0.03988433185715287,0.060206504062932854,0.025266024890211018,0.05809623979989997,-1.7666666666666666,0.04117814750809903
700,prob,prob[98],"(98,)",2000,0.04685537294082348,0.00013243655452012748,0.0115081082076998,1.0014623070686375,1889.7234087157995,1827.9335428790732,0.0002623498825729305,0.00021331080970211544,0.03044561682339874,0.045481412598726005,0.06734553043641457,0.029913233888423856,0.06627524400172602,-1.7333333333333334,0.04685537294082348
701,prob,prob[99],"(99,)",2000,0.05328781793337682,0.00015929658563565343,0.012621275119244229,1.0008063444064865,1959.8887064810497,1923.8995670026418,0.0002825546332024898,0.00023641891290744136,0.035124407537507465,0.05198449896918654,0.0758457428991071,0.032710877273751895,0.07274456251729683,-1.6999999999999997,0.05328781793337682
702,prob,prob[100],"(100,)",2000,0.06055549455813958,0.00019058259649036897,0.01380516557272563,1.0011967447680494,1975.573289719761,1826.995635724016,0.00030974163489961974,0.00026320150920251735,0.04057075400345181,0.058964623956861875,0.08497152879343374,0.03976097202761034,0.08327322717082401,-1.6666666666666665,0.06055549455813958
703,prob,prob[101],"(101,)",2000,0.06873533772313481,0.00022560483779368554,0.015020147728757049,1.0010511153682498,1952.0683386093376,1790.8711103039566,0.00034121571914028965,0.0002926583242862908,0.04698724916608414,0.06709547827397551,0.09552284299335889,0.04466670981202253,0.09199726231510837,-1.6333333333333333,0.06873533772313481
704,prob,prob[102],"(102,)",2000,0.07790838649780732,0.00026271193300236753,0.0162083908208794,1.0003713329147994,1904.095097573972,1693.1111410138762,0.00037470087699173856,0.0003226061638215939,0.05448770023478776,0.07620152878221936,0.10624854102005737,0.05377373495902712,0.1049884652242759,-1.6,0.07790838649780732
705,prob,prob[103],"(103,)",2000,0.08815543897479472,0.00029907620923978355,0.017293819972457894,0.999487337781048,1844.9875312749755,1811.826671487129,0.0004048220142429183,0.00035550970725181685,0.06312239371424481,0.08658930517231442,0.11851746135045865,0.060743474117489794,0.1155264778309582,-1.5666666666666664,0.08815543897479472
706,prob,prob[104],"(104,)",2000,0.09956633905992583,0.0003308681064352014,0.018189780274516825,0.9999514078307835,1807.980159108904,1846.3971323362964,0.0004321399516495986,0.00037944136409746756,0.07306056276203751,0.09809806647281885,0.13190440764627157,0.07085587480934923,0.12900104713243254,-1.5333333333333332,0.09956633905992583
707,prob,prob[105],"(105,)",2000,0.11219487040265178,0.0003553214569904475,0.018849972333943824,1.0000109824635466,1802.370625193919,1637.6325885000115,0.0004496211082967211,0.00039104791937117684,0.08406441733444446,0.11084368792828006,0.14658865159757373,0.08188058295581535,0.14239133928185746,-1.5,0.11219487040265178
708,prob,prob[106],"(106,)",2000,0.1259445859540051,0.0003771793410535687,0.019421105556933896,1.000284571865759,1805.0719772657599,1707.4972880441885,0.0004621282844336274,0.00039483154028177776,0.09678670548551743,0.12459147748369126,0.16173113538061035,0.09275346707976986,0.1547648918765998,-1.4666666666666663,0.1259445859540051
709,prob,prob[107],"(107,)",2000,0.14078617109978,0.0003986153918683589,0.01996535478944361,0.9997924479144045,1826.854814796741,1659.6437325255497,0.00047190076170064573,0.00039062629008800395,0.11061697229347857,0.13911810914675923,0.1765157427200588,0.10489409326789849,0.16963075594146326,-1.4333333333333333,0.14078617109978
710,prob,prob[108],"(108,)",2000,0.15669719828977283,0.00042192879870592287,0.02054090549868537,0.9995031370836255,1853.60003391775,1785.5071349495515,0.00048065932324646685,0.0003810777171139099,0.12547341909395496,0.15543236428344834,0.19298706972817112,0.12011916504896891,0.18732206508646132,-1.4,0.15669719828977283
711,prob,prob[109],"(109,)",2000,0.17361761628627193,0.00045051238779429914,0.021225277095819013,0.999975550096518,1890.6830761798733,1666.571839870108,0.0004900956738965977,0.00038871784136188686,0.14013902210502027,0.1719857180033021,0.21081083224428585,0.13599001169797664,0.20490740420571027,-1.3666666666666663,0.17361761628627193
712,prob,prob[110],"(110,)",2000,0.19145614973952416,0.0004885660217579034,0.022103529622164497,0.9996575427680929,1933.9907252538285,1758.9262214806372,0.000503083232116918,0.00040116235175593926,0.15646427286349285,0.190093412378421,0.2290837144016719,0.15400904993046993,0.22548198281499812,-1.3333333333333333,0.19145614973952416
713,prob,prob[111],"(111,)",2000,0.21007928988551275,0.0005405392387299671,0.023249499752252028,1.0000205899998786,1977.5933180548004,1835.9204926865903,0.0005214045524559786,0.0004203150231908436,0.17400134884063848,0.20910263744696425,0.24825970129504837,0.17401597380463046,0.2483700251252491,-1.3000000000000003,0.21007928988551275
714,prob,prob[112],"(112,)",2000,0.22932632284736243,0.0006103153137933147,0.024704560586930397,1.0004069082453637,2039.0854368846926,1719.5836706866942,0.000548518660038486,0.00045168821785042905,0.19131106689953276,0.22858714634872862,0.27060158879194496,0.18967159985578927,0.26829824735415053,-1.2666666666666662,0.22932632284736243
715,prob,prob[113],"(113,)",2000,0.24899254409222427,0.000700209608966204,0.026461474051273182,1.000770963508403,2035.9787243722565,1704.0008934580433,0.0005880382258888327,0.000501733375661878,0.20872948929649537,0.24838326656245904,0.29299730293931886,0.2045762650598122,0.2883167511180634,-1.2333333333333332,0.24899254409222427
716,prob,prob[114],"(114,)",2000,0.2688375480113775,0.000809760988816141,0.028456299633229563,1.0010702502963174,2023.9531189896063,1702.915356589854,0.0006351859635636412,0.0005678436824865044,0.22514184017168146,0.26822986665896026,0.3168754772869648,0.22185038557459788,0.3129197188657656,-1.2000000000000002,0.2688375480113775
717,prob,prob[115],"(115,)",2000,0.28858094514264604,0.0009347063616169114,0.03057296782481072,1.0013758930722458,1998.3497419098055,1750.1309239697257,0.0006869796862673746,0.0006381487925051094,0.24186342144523126,0.2873113111187904,0.3395779939281121,0.2418753847886068,0.33960472961692356,-1.1666666666666667,0.28858094514264604
718,prob,prob[116],"(116,)",2000,0.3079228264203173,0.0010664441473116732,0.03265645644144008,1.001560611405428,1967.9477068575131,1594.2315627667065,0.0007391871151889593,0.0007057518459731059,0.25738861485884806,0.30614340954315244,0.36235273499059395,0.25649629752912034,0.3612304197095411,-1.133333333333333,0.3079228264203173
719,prob,prob[117],"(117,)",2000,0.326543871760683,0.0011926807487788263,0.034535210275584344,1.0017075197581913,1932.6632987501396,1549.9499758440759,0.0007869816086133387,0.0007644927265901471,0.27340060533599303,0.3245687905520225,0.38445444789200883,0.2704499264997719,0.3808468916585269,-1.1,0.326543871760683
720,prob,prob[118],"(118,)",2000,0.3441099401188089,0.0012981886348680791,0.03603038488370724,1.0017799685692765,1907.5032527532155,1591.3901276011527,0.0008276838144756046,0.0008110507966763037,0.28880944882474463,0.3421212363990515,0.40524207340682,0.2829056880536376,0.398259860681819,-1.0666666666666669,0.3441099401188089
721,prob,prob[119],"(119,)",2000,0.3602783427016786,0.0013670694561322976,0.03697390236548338,1.001856189000074,1879.6946124052804,1585.8524908437305,0.0008565107458632712,0.0008366760047309206,0.3036521441434195,0.35812128069813665,0.42227513594909905,0.3032101736246818,0.42187884280866456,-1.033333333333333,0.3602783427016786
722,prob,prob[120],"(120,)",2000,0.3747149634607261,0.0013856757935187453,0.037224666466185365,1.0019912021096158,1854.3824287665245,1644.3295114858126,0.0008661321677160422,0.0008370956707662172,0.31713526479075344,0.3723984582165467,0.438782921322113,0.3127874685354168,0.4325547366576258,-0.9999999999999999,0.3747149634607261
723,prob,prob[121],"(121,)",2000,0.38711769700305926,0.0013477371963249308,0.0367115403698201,1.0020871395071633,1863.2935122853207,1718.230169716483,0.0008527564752002218,0.0008096684968743846,0.33015601023213226,0.38578712309017593,0.44986462939869093,0.3227646792013223,0.44145131674662513,-0.9666666666666668,0.38711769700305926
724,prob,prob[122],"(122,)",2000,0.39720267121467673,0.0012569800190977704,0.0354539140166184,1.0021971263127785,1927.7978215097166,1644.7235495948619,0.0008098513398791976,0.0007536075336149866,0.3414550691359408,0.3960650880669032,0.45777203076230794,0.3404478856808342,0.4563729798490466,-0.9333333333333331,0.39720267121467673
725,prob,prob[123],"(123,)",2000,0.4048488768804884,0.0011351713695820873,0.03369230430798831,1.0023252861354277,2038.8490808502581,1750.9731633679949,0.0007469538695111084,0.0006831964548605988,0.3506415612457987,0.4034674292574637,0.4619410085535829,0.3473254484015625,0.4572153781672156,-0.9,0.4048488768804884
726,prob,prob[124],"(124,)",2000,0.41101192915006557,0.0010384315392701516,0.032224703866291025,1.0023885607332408,2192.5865389965775,1790.5136443200377,0.0006873263935614927,0.000630972014644323,0.35901840802889456,0.4096462318699525,0.46525869066224235,0.35873395046683304,0.46451107904206573,-0.8666666666666669,0.41101192915006557
727,prob,prob[125],"(125,)",2000,0.4159922272109016,0.0009837209548779397,0.03136432615054785,1.00263949186826,2299.6826149970357,1892.681215467167,0.000653974880314142,0.0006029666733267928,0.3652042797847361,0.4148340558384903,0.47005671512417463,0.3638205962694418,0.4667682414514811,-0.8333333333333328,0.4159922272109016
728,prob,prob[126],"(126,)",2000,0.4198625061803475,0.0009736468679824655,0.031203315015915625,1.001929978975474,2369.6976898988655,1838.4266416834193,0.0006435764332094243,0.0006052734078797981,0.36851794623554446,0.41928461907353104,0.4733750524156988,0.3650839637332194,0.4686013788680729,-0.7999999999999997,0.4198625061803475
729,prob,prob[127],"(127,)",2000,0.42270074556470444,0.0010055323508034281,0.03171013009754813,1.0017746068993896,2427.0181306574555,1898.6163935066693,0.0006463985517051633,0.0006261398150590847,0.37028060869154356,0.4229408382246669,0.47750532144367447,0.36726235227372583,0.47242133021283045,-0.7666666666666666,0.42270074556470444
730,prob,prob[128],"(128,)",2000,0.42459303134501986,0.0010718664260221087,0.03273937119161131,1.001134260657023,2327.1726451990216,1892.3968004128294,0.0006794363088064031,0.0006518515655883626,0.37044978578408283,0.4241947413121411,0.47983147289841965,0.3684406032117515,0.47647708351299023,-0.733333333333333,0.42459303134501986
731,prob,prob[129],"(129,)",2000,0.42562145459962075,0.0011618651998858236,0.03408614381073083,1.000598300167816,2274.1557691520425,1892.940923425806,0.0007165791377650323,0.0006772593150195385,0.37124691873270016,0.4253676139137057,0.48235764550374366,0.369331304562029,0.4803162501497697,-0.6999999999999998,0.42562145459962075
732,prob,prob[130],"(130,)",2000,0.42587111049663,0.0012623604597501127,0.03552971235107474,1.0002296912708375,2207.3111242977457,1738.4948426645717,0.0007574268138962124,0.0007002406238431898,0.36884044522447146,0.4248575043340773,0.4847408085702844,0.3675286716376174,0.48307575606594416,-0.6666666666666667,0.42587111049663
733,prob,prob[131],"(131,)",2000,0.42542693801930387,0.001359317459568744,0.036868922679795565,0.9999675748408244,2135.5375293583306,1650.6266799676234,0.00079629444334903,0.0007196704831232216,0.3662255954408276,0.42503910120497446,0.48770099362194735,0.3656080345350346,0.48619631789575674,-0.6333333333333336,0.42542693801930387
734,prob,prob[132],"(132,)",2000,0.42437801489614807,0.0014387059597323843,0.03793027761211858,0.99980078811349,2070.077370854649,1594.7071954596609,0.000828482374562555,0.0007342150111883986,0.36368747707957866,0.424311359530008,0.4886257629460994,0.36181690469482053,0.4863526629051745,-0.5999999999999995,0.42437801489614807
735,prob,prob[133],"(133,)",2000,0.4228023386660999,0.001489405049957537,0.03859281085846867,0.9996478960283043,2022.525881882389,1556.670965890188,0.0008507972574763968,0.0007426607357059688,0.3615605520014421,0.4228440163515648,0.4878964036273274,0.3614459634278604,0.48786654031345666,-0.5666666666666664,0.4228023386660999
736,prob,prob[134],"(134,)",2000,0.42078011406929305,0.0015028974614133724,0.03876722148172825,1.0002061195848098,1984.6503888194416,1494.2853901130004,0.0008608982909713822,0.0007437695551728659,0.35959282724036706,0.4210037516607764,0.48541630421441373,0.36077239286868257,0.48589494335327044,-0.5333333333333333,0.42078011406929305
737,prob,prob[135],"(135,)",2000,0.418388820499861,0.0014746700401799641,0.03840143278811305,1.0004700548037175,1960.7495846327427,1496.5140397386397,0.0008577796763713467,0.0007366956230121285,0.35944773257763646,0.41880391546868745,0.48194361580889855,0.3594603419245893,0.4819664524914704,-0.49999999999999967,0.418388820499861
738,prob,prob[136],"(136,)",2000,0.4157095526636665,0.001404328532571831,0.03747437167681175,1.0009011328882695,1949.7019030941942,1492.582992025931,0.0008403002514882673,0.0007210273458253672,0.3581496342037131,0.4156787500054977,0.479548821404606,0.3566776603458248,0.4765263835315792,-0.46666666666666656,0.4157095526636665
739,prob,prob[137],"(137,)",2000,0.4128071094726225,0.0012976922832033146,0.03602349626567797,1.0010796277792293,1937.3234949690154,1492.864316841773,0.0008091034967286061,0.0006974312919890992,0.35684928548411593,0.41260454815285985,0.47412712060986906,0.35234937748935924,0.4680951196318639,-0.43333333333333346,0.4128071094726225
740,prob,prob[138],"(138,)",2000,0.4097487234972687,0.0011654130127284707,0.03413814600602193,1.0009379730505854,1947.3981634003017,1429.6806233720667,0.0007660139031061767,0.0006676115032686988,0.3549820775251142,0.4093122890367228,0.4673730011721797,0.35134410460515125,0.46110033151555807,-0.3999999999999998,0.4097487234972687
741,prob,prob[139],"(139,)",2000,0.406597191809384,0.0010232864540130253,0.03198884890103152,1.0010290264247848,1974.47173468825,1451.904876105022,0.0007147042008485359,0.000633627807280859,0.3559583331129476,0.4061156913509819,0.4601780721298819,0.3519052689392017,0.45604199529814643,-0.3666666666666667,0.406597191809384
742,prob,prob[140],"(140,)",2000,0.40341789906521136,0.0008917296281239502,0.029861842343096485,1.00179342358174,2019.829596908657,1521.3012947640073,0.0006616098766685819,0.0005973427094546991,0.35552015661716363,0.40318764315485045,0.453324901176346,0.35643074958454113,0.4540302785417949,-0.33333333333333315,0.40341789906521136
743,prob,prob[141],"(141,)",2000,0.40024599285790247,0.0007973109244187693,0.028236694644004797,1.0022307716479746,2082.892813377293,1651.6154785585272,0.0006182761819586642,0.0005650548464776339,0.35369752223339046,0.40011234650296434,0.4482042158990562,0.35442633131671875,0.44887760640314145,-0.2999999999999995,0.40024599285790247
744,prob,prob[142],"(142,)",2000,0.39699831680128705,0.0007666599711896877,0.02768862530335675,1.0016188212754589,2123.2166917824507,1280.0921269886637,0.0006003199787916519,0.0005522101392978719,0.3512281937495481,0.39703218442534094,0.4441296767669541,0.35132030508017453,0.4441755067789149,-0.2666666666666664,0.39699831680128705
745,prob,prob[143],"(143,)",2000,0.39366850563910655,0.0007903534290943319,0.028113225163512136,1.0020339634955213,2136.594532167788,1493.8988543866494,0.0006062601467754843,0.0005637032131739319,0.3475696209225501,0.39341487218242743,0.4419388060045145,0.34521897116055733,0.4381572512071546,-0.23333333333333328,0.39366850563910655
746,prob,prob[144],"(144,)",2000,0.3902923126046004,0.0008513173200975555,0.029177342581146,1.0025336581150983,2128.9886775089944,1416.4024916399155,0.0006282593712696853,0.0005953600402183723,0.3433217153072698,0.38869102083311713,0.4401779060164389,0.3406712209750383,0.4367517901727406,-0.20000000000000018,0.3902923126046004
747,prob,prob[145],"(145,)",2000,0.3868908448099832,0.0009335585059508289,0.030554189662807766,1.0027978821632066,2123.9039040110156,1624.0801509909786,0.000658321944978915,0.0006378466750044227,0.3375881787596349,0.3853493486819799,0.4392573159526024,0.333704807908976,0.4340863376125904,-0.16666666666666652,0.3868908448099832
748,prob,prob[146],"(146,)",2000,0.38348609291704266,0.0010225224990560492,0.03197690571421896,1.0028544677564553,2114.286394355225,1618.9457807036458,0.0006898542284272629,0.0006816924132550835,0.3321310059838163,0.3821081507405091,0.43766746444591437,0.328453850848082,0.43332781311423085,-0.13333333333333341,0.38348609291704266
749,prob,prob[147],"(147,)",2000,0.3800968480902498,0.001105677917963236,0.03325173556317378,1.002836852845711,2112.1658299064266,1505.2024863335635,0.0007180782393138782,0.0007201003548239209,0.32634119672644757,0.3791175505526335,0.4363034985589753,0.3229913038556168,0.43222569915154674,-0.09999999999999987,0.3800968480902498
750,prob,prob[148],"(148,)",2000,0.37674394788078175,0.0011726167444664108,0.03424349200164041,1.002713222170438,2109.760790598423,1481.113300645576,0.0007396808325953423,0.0007488295111779683,0.3218296036140123,0.37535289103606184,0.435158137355407,0.31958715382229186,0.4315838333182995,-0.06666666666666621,0.37674394788078175
751,prob,prob[149],"(149,)",2000,0.37343585970355364,0.001216302766355362,0.034875532488484844,1.002585555024924,2121.5072229040634,1513.092935066387,0.0007527799276935304,0.0007657720863108564,0.3177932056983771,0.3713360982366591,0.4316180009076095,0.31693664094463914,0.43065261691928497,-0.033333333333333104,0.37343585970355364
752,prob,prob[150],"(150,)",2000,0.3701824795673115,0.0012325070055953504,0.03510707913790822,1.002403368060912,2139.9663506393435,1466.8316503894507,0.0007563625746024524,0.000769995928727671,0.3137461235596891,0.3681128194427308,0.42869754102551905,0.31133111689256177,0.4250152111535,2.7755575615628914e-16,0.3701824795673115
753,prob,prob[151],"(151,)",2000,0.36699190539585164,0.0012198682277215123,0.0349266120275287,1.0021091436897198,2164.0520875675766,1539.9741826348704,0.0007501117617140699,0.0007622703879195437,0.31104514490110247,0.3650471920923769,0.42440175162094557,0.30931872708258834,0.4218397715049566,0.03333333333333338,0.36699190539585164
754,prob,prob[152],"(152,)",2000,0.36387459666805655,0.0011795797532371225,0.0343450106017908,1.0017715745643834,2187.7157984485693,1619.9623197364965,0.00073423903589307,0.000742767203046506,0.3089363864595095,0.3624970295710301,0.4203133101619938,0.30715622137835147,0.4172496285379961,0.06666666666666676,0.36387459666805655
755,prob,prob[153],"(153,)",2000,0.3608302709634335,0.0011159945538594175,0.033406504663903665,1.0013530159786617,2218.8906444173417,1567.6129018027596,0.0007097518758429476,0.0007125373128631141,0.3068245993245301,0.3603515274007604,0.4157755594570342,0.30978005196444475,0.41737365211807376,0.09999999999999987,0.3608302709634335
756,prob,prob[154],"(154,)",2000,0.3578592102565908,0.001035766731456379,0.03218333002435234,1.0009196952655446,2250.8065634564373,1647.899859634522,0.0006783481091480193,0.0006737875041301045,0.3053451687157378,0.35803215075174993,0.4104797743983308,0.30628354863755686,0.41122802021203897,0.13333333333333325,0.3578592102565908
757,prob,prob[155],"(155,)",2000,0.3549601712547553,0.0009473571382925201,0.030779167277438162,1.0005010330537487,2296.6400239198833,1617.8686095699516,0.0006425381614118947,0.0006298802136436986,0.30446602072029927,0.3552198023512646,0.40620336776438737,0.3025936479056412,0.4026397505520665,0.16666666666666707,0.3549601712547553
758,prob,prob[156],"(156,)",2000,0.3521333628369574,0.0008605642780784915,0.029335375880981847,1.0000638193294955,2342.2585977360277,1492.0251080056821,0.0006063915360221506,0.0005858385730033423,0.3038509575201241,0.35262167282977175,0.40064114852795574,0.29969898821491325,0.3956226383828284,0.20000000000000018,0.3521333628369574
759,prob,prob[157],"(157,)",2000,0.34936905474936925,0.0007864583012817735,0.02804386387931901,0.9996538131450622,2369.0907790727606,1536.8522796924228,0.0005763493436159545,0.0005489498641998312,0.30333124509666104,0.34964824607260464,0.3949766311288639,0.3028256996892106,0.3942384551434437,0.23333333333333356,0.34936905474936925
760,prob,prob[158],"(158,)",2000,0.34665628682100275,0.000736549502486903,0.02713944550809583,0.999263502497401,2381.3642522361106,1410.7739231111664,0.0005566005937311026,0.0005280416210510183,0.3031577337783483,0.34692869728577375,0.39111597044317564,0.30249613308072,0.38990654727069046,0.26666666666666694,0.34665628682100275
761,prob,prob[159],"(159,)",2000,0.3439551935737563,0.0007219212882240854,0.0268685929706802,0.9995154195691935,2364.8613815852555,1343.3964199965014,0.0005534583966290945,0.0005339216146754402,0.30109079773805136,0.34377104411591963,0.38797133784400684,0.30053280713561603,0.3869987095707968,0.30000000000000004,0.3439551935737563
762,prob,prob[160],"(160,)",2000,0.3406425391169279,0.0007426164578573145,0.027250990034443052,0.999974608608526,2319.106672722484,1625.9499328338923,0.0005668539376293418,0.0005588036977625815,0.29684326144638884,0.34074454207651483,0.3853444072995113,0.2959709571420602,0.3841281149864002,0.3333333333333334,0.3406425391169279
763,prob,prob[161],"(161,)",2000,0.33646677811558157,0.0007828457270840218,0.027979380391352875,1.0012601883810277,2267.803558336818,1610.7774278444035,0.0005882603439477843,0.0005910168447550139,0.2918747083172138,0.33648333690503063,0.38245023263410793,0.29165231773283357,0.3822353982131109,0.36666666666666653,0.33646677811558157
764,prob,prob[162],"(162,)",2000,0.33147097712232254,0.0008285948340520372,0.02878532324036048,1.0023285887463371,2212.4060596232016,1708.1303479238495,0.0006106664589907546,0.0006175001522465493,0.28590740707045054,0.3306230775305929,0.3805708991918696,0.28079040982327597,0.3751922855675563,0.40000000000000036,0.33147097712232254
765,prob,prob[163],"(163,)",2000,0.3257000563219,0.0008691334223399878,0.02948106888055431,1.002547876601312,2166.626152449828,1652.9044143240912,0.000629470988234109,0.0006358338275587534,0.2791052466473742,0.32441751089568616,0.37730797370050656,0.27533598850226093,0.37169235631387854,0.43333333333333374,0.3257000563219
766,prob,prob[164],"(164,)",2000,0.3192021641621549,0.0008967996283206597,0.029946612969093178,1.0017759575806902,2130.0694373992037,1349.5910553928989,0.0006419329396760023,0.0006453272923593578,0.2714697769411906,0.31827393172710183,0.37158139995283984,0.2666871850215851,0.3651255537899169,0.46666666666666684,0.3192021641621549
767,prob,prob[165],"(165,)",2000,0.31202983522712135,0.000907157330116814,0.030119052609881573,1.0008486863554524,2120.64640393381,1332.7594053957089,0.0006467633623462551,0.0006505881384243717,0.26372981567875986,0.3112855089439234,0.3640243026910267,0.25739900715659175,0.35637060202512416,0.5000000000000002,0.31202983522712135
768,prob,prob[166],"(166,)",2000,0.30424628221290717,0.0008985701451708875,0.029976159613447607,1.0007315918269992,2121.870276356781,1459.6477912754078,0.0006436539672844572,0.000647953840833057,0.2555837892174239,0.3036498621957294,0.35611061124203525,0.2516880454851374,0.34992279844749874,0.5333333333333333,0.30424628221290717
769,prob,prob[167],"(167,)",2000,0.29591290917840685,0.0008715189372013141,0.029521499575755193,1.0008840784349322,2125.0255054926074,1581.3928791120875,0.0006331373131220873,0.0006379285397833036,0.24777770228307724,0.29534123267149553,0.3461153434197982,0.24545802073194892,0.3433505131409613,0.5666666666666667,0.29591290917840685
770,prob,prob[168],"(168,)",2000,0.2870924879760609,0.0008281517701197258,0.028777626207172228,1.0009749812276783,2122.485146228689,1551.5892229338378,0.0006167017406407311,0.0006210232661489422,0.23987341031056583,0.28590942882360093,0.33626488671482024,0.23740431530235212,0.33224690019912806,0.6000000000000001,0.2870924879760609
771,prob,prob[169],"(169,)",2000,0.27784526359496886,0.0007720418546788701,0.027785641160118477,1.0010296134286025,2135.9792387336283,1620.7670402021488,0.0005943527127170684,0.000598527796831045,0.2325615122639325,0.27690690876555335,0.3245604523153621,0.2361913100662743,0.3277005402646589,0.6333333333333332,0.27784526359496886
772,prob,prob[170],"(170,)",2000,0.2682403530705317,0.0007077581449323419,0.026603724268085886,1.0010052677660681,2154.43226481237,1620.4813480461253,0.0005676356199154419,0.0005721111717426086,0.22477700089795638,0.2674326423440233,0.3129499410909091,0.2278546330102705,0.31437192510593814,0.666666666666667,0.2682403530705317
773,prob,prob[171],"(171,)",2000,0.2583406414242943,0.0006401159318918262,0.02530051248279027,1.001022912413751,2172.877259549732,1520.6701128960167,0.0005383826504660484,0.0005436291105272876,0.2177183039726071,0.25750727893906744,0.30042549748356495,0.2205367672138718,0.30284904406943475,0.7000000000000004,0.2583406414242943
774,prob,prob[172],"(172,)",2000,0.2482074480393264,0.0005739265459267628,0.02395676409548591,1.0009675903676682,2207.1158677509043,1620.2701306881388,0.0005087787527489955,0.0005150669148672941,0.20944296860129077,0.24712750279109177,0.2885905511300735,0.20840250740259914,0.28642428492498206,0.7333333333333335,0.2482074480393264
775,prob,prob[173],"(173,)",2000,0.23789343823269818,0.0005137973596588645,0.022667098615810195,1.0008388112263193,2222.7449499311183,1739.3107934874276,0.00048142193818732644,0.0004883955735858489,0.2016728898171432,0.23680704456659246,0.27625217942125424,0.19930176321972815,0.2733461153615818,0.7666666666666668,0.23789343823269818
776,prob,prob[174],"(174,)",2000,0.22745750273247906,0.00046401811311808604,0.02154107966463348,1.000734521302886,2221.519675447145,1788.027662534266,0.0004593212942714046,0.0004653427952661783,0.19325850074405201,0.22663788879430047,0.2641364523611513,0.1921493197251356,0.2625345774654,0.8,0.22745750273247906
777,prob,prob[175],"(175,)",2000,0.2169489556123804,0.0004281865217360344,0.020692668308752122,1.002086334021256,2196.8547273607546,1464.3689003897528,0.00044555587946049844,0.0004470439494317052,0.1836284975394327,0.2157071962818677,0.2514757547053582,0.1833509985628936,0.2510769007660014,0.8333333333333334,0.2169489556123804
778,prob,prob[176],"(176,)",2000,0.20641322794384043,0.00040926894806365445,0.020230396636340436,1.0020519654809736,2107.7697401604564,1428.8153682103873,0.0004436758957525803,0.00043425652689928673,0.17386892294041234,0.20533851806731457,0.2405631714978326,0.17476412709603645,0.24086740026945258,0.8666666666666667,0.20641322794384043
779,prob,prob[177],"(177,)",2000,0.19589744051100652,0.0004095414554812787,0.020237130613831564,1.0033625993955035,1974.373581472897,1382.7403037157503,0.00045603280306306525,0.0004280624157374288,0.16402441651163954,0.1943256172389579,0.23116366751178774,0.16123364155148012,0.2269564565785253,0.9000000000000004,0.19589744051100652
780,prob,prob[178],"(178,)",2000,0.1859841328704624,0.0004240797963110204,0.020593197816536905,1.003391768174015,1819.5280724851837,1301.578514288559,0.0004789251520084296,0.0004280305980651773,0.15472690811593245,0.18454116158756295,0.22265374855354714,0.1535574185635003,0.21982689334144204,0.9333333333333337,0.1859841328704624
781,prob,prob[179],"(179,)",2000,0.17697653670874258,0.0004431980672691356,0.0210522698840086,1.002240493365126,1709.7573979499166,1391.4706103016479,0.0005015992488247949,0.00043142023007588804,0.14521421092536213,0.17530344166210718,0.21410980933172014,0.1426693042549788,0.21057530760871346,0.9666666666666668,0.17697653670874258
782,prob,prob[180],"(180,)",2000,0.1688200328896668,0.00046096211652303095,0.021470028330745884,1.0017832503877429,1634.5102218925633,1235.5746142184564,0.000520603556302711,0.00043593822441902977,0.13610687188843765,0.16723076195994613,0.20689466114501306,0.13504678473685347,0.20470474572566774,1.0000000000000002,0.1688200328896668
783,prob,prob[181],"(181,)",2000,0.1614575289643229,0.0004735587663933457,0.02176140543240132,1.0018737920422442,1585.7468751511253,1328.3590276749865,0.0005341379345020017,0.00043964707565092697,0.12795875697757772,0.1599096388150606,0.1991784668469697,0.12728359314330415,0.19786355741784817,1.0333333333333337,0.1614575289643229
784,prob,prob[182],"(182,)",2000,0.15483208028883383,0.00047900906670228803,0.021886275761359857,1.001832193973239,1554.107330186474,1284.29886153756,0.000541486402421913,0.0004412249712274946,0.12141867774204515,0.15358852972212486,0.19256921191090282,0.12117574781314526,0.19198951250971058,1.0666666666666667,0.15483208028883383
785,prob,prob[183],"(183,)",2000,0.14889342432344632,0.00047653596607441105,0.021829703755992913,1.00120429138555,1542.412143710911,1161.939548970463,0.000542447367993414,0.0004398592027791787,0.11567208991894316,0.14779300637128673,0.18607944450783037,0.11522568732116416,0.18535116226705706,1.1,0.14889342432344632
786,prob,prob[184],"(184,)",2000,0.14359658639245215,0.00046632631985552833,0.02159459005990918,1.001140597246051,1542.7009933628087,1114.4349925769682,0.0005371555547547304,0.0004403381982331409,0.110463129307917,0.14266999884471304,0.18042120125552927,0.10875473116080316,0.17835012771822484,1.1333333333333333,0.14359658639245215
787,prob,prob[185],"(185,)",2000,0.13889608609674686,0.00044928828714874044,0.021196421564706164,1.001091155430726,1563.8375319043766,1241.0275370835066,0.0005259671994252458,0.00043536144491235326,0.1062671249848322,0.13811935507680473,0.174837571122811,0.10280634999828406,0.1713504845789398,1.166666666666667,0.13889608609674686
788,prob,prob[186],"(186,)",2000,0.1347433501028629,0.0004270500533573467,0.020665189410149297,1.0009662483045834,1588.019162005473,1140.9387807745627,0.000509550826151956,0.0004281428831667713,0.10286263803164747,0.1338319843265225,0.1698538055293887,0.10081386793338722,0.16759291410399146,1.2000000000000004,0.1347433501028629
789,prob,prob[187],"(187,)",2000,0.1310950166310552,0.0004014910683627208,0.020037242034839045,1.0007636089306597,1638.3737631873628,1134.2128614881522,0.0004886824947471125,0.0004184682587432394,0.10003638555230718,0.13030571253102707,0.1647907960658622,0.09838239292023224,0.16289651849127024,1.2333333333333334,0.1310950166310552
790,prob,prob[188],"(188,)",2000,0.12791025320250557,0.0003746900200231263,0.01935691142778533,1.0005109405692665,1705.3007095924863,1258.4646267125602,0.0004648643851012555,0.0004068220207128985,0.09729108490166963,0.1271920056264419,0.16101391285644548,0.09645390751730257,0.15877534443036992,1.2666666666666668,0.12791025320250557
791,prob,prob[189],"(189,)",2000,0.12514824239382943,0.00034876198976761244,0.01867517040799394,1.0001463004372009,1792.2987070285822,1673.7342767567832,0.0004392034804007335,0.00039335595702495014,0.09536782037309906,0.1247671690002704,0.15666290679384123,0.09313229157803368,0.15368014450101924,1.3000000000000003,0.12514824239382943
792,prob,prob[190],"(190,)",2000,0.12276247491171749,0.00032590381500882383,0.018052806291788095,0.9998719570914482,1909.4248057131922,1617.457293692776,0.00041295245201328906,0.00037880477263110753,0.09369424853070894,0.1221977923052634,0.15280113347338625,0.09345161836608346,0.152186287052138,1.3333333333333333,0.12276247491171749
793,prob,prob[191],"(191,)",2000,0.1207100315101247,0.00030804800320195037,0.01755129633964256,0.9998753638584237,2055.9554938979322,1696.9859304367405,0.0003879771745418727,0.00036392753784401195,0.09236761138825994,0.12032488875648453,0.14982275483142185,0.09166990311238296,0.14842690805024195,1.3666666666666667,0.1207100315101247
794,prob,prob[192],"(192,)",2000,0.11894830666561755,0.0002968357104074544,0.017228920755736687,0.9995870763081366,2255.1191193577047,1743.869451293881,0.00036463483163058283,0.00034976763745601697,0.09147941054817105,0.11857855503121364,0.14828786022353366,0.0923376610713729,0.14893775883035743,1.4000000000000004,0.11894830666561755
795,prob,prob[193],"(193,)",2000,0.11743469702430404,0.0002935038809996229,0.01713195496724244,0.9994262731472827,2337.3897824969,1584.3977018437274,0.0003550479057908298,0.00033796872084714035,0.09023962753087161,0.11707238396460129,0.14639475428782567,0.08867583865876706,0.14475326001775965,1.4333333333333336,0.11743469702430404
796,prob,prob[194],"(194,)",2000,0.11611990034396102,0.0002988494676459374,0.017287263162396104,0.9994634063722002,2361.373733517584,1648.9188844304751,0.00035600023565687556,0.000335731701228184,0.088997354917871,0.11550497193927899,0.14617472695800415,0.08871955226513002,0.14501044226860255,1.466666666666667,0.11611990034396102
797,prob,prob[195],"(195,)",2000,0.11495575426921104,0.00031303345520177254,0.017692751487594364,0.9997205239666003,2355.4531576350632,1600.5057835997873,0.00036431123786245475,0.0003437121780736527,0.08725861336135737,0.11399195128574757,0.14601164028243607,0.08585317913564326,0.1437243859486305,1.5,0.11495575426921104
798,prob,prob[196],"(196,)",2000,0.11368109805063317,0.0003300891111387328,0.018168354662399477,0.9994330046530917,2322.8160259982424,1672.4035136165778,0.0003760257275057557,0.000355140687448963,0.08522601965321668,0.1123168928137822,0.14536609581672127,0.08198568813519898,0.14133178460826606,1.5333333333333334,0.11368109805063317
799,prob,prob[197],"(197,)",2000,0.11210208467013337,0.0003420460849437247,0.018494487961112218,0.9994929310458421,2291.962451310917,1673.1621261070409,0.00038564134350570163,0.0003642605597081404,0.0832025408050647,0.11061377217578766,0.14465092139692787,0.08088423404856815,0.14002361329979363,1.5666666666666669,0.11210208467013337
800,prob,prob[198],"(198,)",2000,0.11023851272789434,0.0003465526584450594,0.01861592486139379,0.9988901451137284,2260.085368895056,1639.8406358632071,0.00039009065300151267,0.0003689436497583572,0.0819144544317319,0.10860812064492442,0.14208379875624963,0.08033666681885934,0.13989362833841706,1.6,0.11023851272789434
801,prob,prob[199],"(199,)",2000,0.1081112359292508,0.00034292465963651255,0.018518225067120028,0.9989907847878606,2253.182289786603,1671.9038314710785,0.0003935113749412544,0.0003681977092370633,0.08032011910259983,0.10636594560876869,0.13993988092947734,0.07784491713710256,0.13664164247544175,1.6333333333333333,0.1081112359292508
802,prob,prob[200],"(200,)",2000,0.10574354201120967,0.0003317788311736395,0.018214797039046014,0.9992538356632304,2198.1624940553606,1734.50243997395,0.0003926957468734592,0.0003619209106776367,0.07865819471105386,0.10407370232308258,0.1371160451580416,0.07717689964397802,0.13481522327168122,1.666666666666667,0.10574354201120967
803,prob,prob[201],"(201,)",2000,0.10315657584876206,0.0003145073529530318,0.017734355160338697,0.9995424680373658,2138.1911158555135,1628.8200765400866,0.000387995144992475,0.00035055534852075843,0.07709848367015705,0.1016057514408803,0.13377462403417442,0.07631385396783832,0.1327679141248611,1.7000000000000002,0.10315657584876206
804,prob,prob[202],"(202,)",2000,0.1003776906155388,0.00029320816163180743,0.01712332215523049,0.9997959976914801,2079.6777422909936,1503.843117698202,0.0003802553149382993,0.0003351226999823938,0.07488370650373982,0.09879668000666036,0.1299212813414122,0.07464272844526354,0.12893578056955,1.7333333333333336,0.1003776906155388
805,prob,prob[203],"(203,)",2000,0.09743177620587976,0.00027000894818219516,0.01643194900741221,1.0001895655562705,2008.9650161486722,1576.8311497733546,0.0003704582809832012,0.00031684274240768385,0.07253251023489646,0.09603384839675583,0.12618942383986434,0.07092666937290053,0.12401374232922506,1.7666666666666668,0.09743177620587976
806,prob,prob[204],"(204,)",2000,0.0943433381622166,0.00024692448486889285,0.015713831005483445,1.0004964120234665,1943.1609168085756,1645.924280340533,0.00035967883501764985,0.00029714840421759295,0.07016541202225579,0.0929654730465622,0.12185675891298342,0.0700195132571497,0.12140847895853785,1.8000000000000003,0.0943433381622166
807,prob,prob[205],"(205,)",2000,0.0911353247986881,0.00022562602349117405,0.015020852954848271,1.000807613586163,1882.648145854456,1671.7230655868157,0.00034895224673977686,0.0002776278163922392,0.06777762272447996,0.08999084233683453,0.11738188468375033,0.06618939965056304,0.11509506666402552,1.8333333333333335,0.0911353247986881
808,prob,prob[206],"(206,)",2000,0.08783032693398732,0.0002074449683584495,0.01440294998805625,1.0010195459902078,1862.2622193067855,1756.8634596804015,0.00033635859896737595,0.0002601251333948301,0.06534504496258094,0.0868111344812097,0.11310208848603762,0.06452098221831337,0.11161404213101489,1.8666666666666667,0.08783032693398732
809,prob,prob[207],"(207,)",2000,0.08445010171002465,0.00019317267547586787,0.013898657326370337,1.0011413531461808,1784.1114918943829,1667.588761830532,0.00033143108181908415,0.0002465336836861067,0.0624153221929601,0.08360768856126802,0.10889263515660809,0.06143190105858424,0.10680579651760802,1.9,0.08445010171002465
810,prob,prob[208],"(208,)",2000,0.08101394166796945,0.0001831009521185575,0.013531480041686405,1.0011721714029116,1720.7964669982448,1479.7694819245569,0.0003283872855440425,0.00023851753888103373,0.05986707779927516,0.08027229962141023,0.10471678000198743,0.05963799632630813,0.10392984576730252,1.9333333333333336,0.08101394166796945
811,prob,prob[209],"(209,)",2000,0.07753904159972119,0.00017706137949997033,0.013306441278567697,1.001135886568824,1666.0069178484996,1557.0737422076265,0.00032717494668259544,0.0002409901384421776,0.05702725891181849,0.07683612074218815,0.10028410295795598,0.0566493413230062,0.09983135084121675,1.966666666666667,0.07753904159972119
812,prob,prob[210],"(210,)",2000,0.0740405878827811,0.00017453511676754187,0.013211173936011207,1.0009990683512486,1629.6876803462044,1849.4407575069624,0.00032748623218143964,0.00024282034315694035,0.05367300489074106,0.07343474554299886,0.09727928221935883,0.051356928216870046,0.0939818018256084,2.0000000000000004,0.0740405878827811
813,prob,prob[211],"(211,)",2000,0.07053341313869864,0.00017471430642405542,0.013217953942424502,1.0008106974809219,1611.4138373380104,1849.5590362676883,0.00032879698537951004,0.0002526149943399424,0.05040892933110988,0.06983568394647567,0.09376422315878238,0.046650539204463215,0.08911398264629933,2.033333333333333,0.07053341313869864
814,prob,prob[212],"(212,)",2000,0.06702980686139803,0.00017662519130617684,0.013290041057354821,1.0005659923083021,1609.5849653127311,1704.8134193600804,0.00033047449686990306,0.00026623965352124725,0.04695072481456242,0.06614019732059512,0.0906069553834337,0.04338352306879114,0.08587535363248147,2.066666666666667,0.06702980686139803
815,prob,prob[213],"(213,)",2000,0.0635404649918831,0.0001792275039241954,0.013387587681288792,1.0002755620712458,1607.0330273538982,1656.0618412300248,0.0003318565037778602,0.0002808234027443714,0.043949068608604765,0.06254238509269905,0.08759720594966458,0.04002538721642942,0.08182567077829889,2.1,0.0635404649918831
816,prob,prob[214],"(214,)",2000,0.060059780985821945,0.00017941394711246998,0.01339454915674544,0.9999793439305679,1620.9616705204112,1572.8495419155254,0.00033021517960614454,0.00029119435781437355,0.040551872849096726,0.059036947176821314,0.08429506228695156,0.0370284160861125,0.07841763484402207,2.1333333333333333,0.060059780985821945
817,prob,prob[215],"(215,)",2000,0.05659002389200819,0.00017424934228975735,0.013200353869868692,1.0000510811843624,1647.7040794569427,1348.3303671382844,0.0003229830105901766,0.00029335422169187917,0.03760315909768571,0.05532838387630161,0.08014045613911552,0.034841328416212174,0.07579744395437805,2.166666666666667,0.05659002389200819
818,prob,prob[216],"(216,)",2000,0.05315593767509159,0.000164456788988235,0.012824070687119398,0.9999222624789716,1682.6071057977988,1400.552691901726,0.00031094541031171085,0.0002886184922235051,0.03445986135544568,0.051918850282044016,0.075763855189266,0.03186905663584415,0.07201361956127822,2.2,0.05315593767509159
819,prob,prob[217],"(217,)",2000,0.049781619356046,0.00015130151661713466,0.012300468146259095,0.9997617076700703,1727.3039764408459,1429.239614160308,0.0002951591756971038,0.0002788188435968648,0.03173884221315454,0.04858875807176366,0.07141468141885475,0.02886219422677949,0.06779460491261423,2.2333333333333334,0.049781619356046
820,prob,prob[218],"(218,)",2000,0.04648868840221214,0.00013626783919798682,0.011673381652202879,0.9994318546832258,1778.2652183338432,1388.1428434442505,0.0002768363208960969,0.0002649472163596317,0.0292732344128164,0.04538347561478111,0.06749121639243856,0.02706801344087791,0.06398537940766778,2.266666666666667,0.04648868840221214
821,prob,prob[219],"(219,)",2000,0.04329798086623731,0.00012069310662779884,0.01098604144484258,0.9992997754535906,1839.1922450143004,1368.6895264162051,0.0002571292580256907,0.00024696465559349346,0.026872604760006084,0.042264609429464514,0.06293553781543468,0.0243236900739167,0.05911724268769255,2.3000000000000003,0.04329798086623731
822,prob,prob[220],"(220,)",2000,0.04022626212652968,0.00010563533223498749,0.010277905050884032,0.9993945227934073,1914.3709653861024,1475.4907700549334,0.00023707431460697522,0.00022893357202378317,0.024841756586308248,0.03925290587488539,0.05864418840322582,0.023004245326464723,0.05549114919522989,2.3333333333333335,0.04022626212652968
823,prob,prob[221],"(221,)",2000,0.037287232545714054,9.18246365615264e-05,0.009582517235128063,0.9994659674679842,1998.6408805057447,1736.0604075127103,0.00021755829882434745,0.00021186172591551022,0.02299610086862668,0.036480889942477404,0.054357526063892006,0.021550747488413898,0.05173111289312288,2.3666666666666667,0.037287232545714054
824,prob,prob[222],"(222,)",2000,0.03448988135168465,7.970357118136004e-05,0.008927685656504716,0.9993548500248962,2082.0962994616143,1753.984023194543,0.0001993405722598385,0.00019657530349503696,0.021183170090394193,0.03377309613334302,0.05022042847306251,0.019938844169886744,0.04793513255193408,2.4,0.03448988135168465
825,prob,prob[223],"(223,)",2000,0.03184159990266037,6.944816947786122e-05,0.008333556832341231,0.9997448136360005,2122.5821091008484,1717.0730365274608,0.00018301234883531144,0.00018612385394826803,0.0193130910620307,0.03109916414066165,0.0465700147210264,0.01849000513885249,0.04462326641571354,2.4333333333333336,0.03184159990266037
826,prob,prob[224],"(224,)",2000,0.029345727308605327,6.1025152840319935e-05,0.007811859755546047,0.9995485854624258,2172.476886003144,1755.532515150063,0.0001710481892241234,0.0001769934224384472,0.017695078182198874,0.028556909894552552,0.043358652257052405,0.016798250827200333,0.04102189525097253,2.466666666666667,0.029345727308605327
827,prob,prob[225],"(225,)",2000,0.02700309629863326,5.4262636283953975e-05,0.007366317688231616,0.9998081797456025,2186.4075549366853,1766.482091846525,0.00016048634046584618,0.00017003682104030016,0.016335954285397653,0.026151502154509256,0.0402264676486614,0.015490616898279862,0.03839831126306001,2.5000000000000004,0.02700309629863326
828,prob,prob[226],"(226,)",2000,0.024810718681951806,4.891063150036504e-05,0.006993613622467647,1.000263412837375,2176.8368862375587,1651.5349432346256,0.0001523959323999291,0.00016534589866013216,0.014886501186041987,0.023966002771910418,0.037113950294676866,0.01445296353344111,0.03598161116252709,2.5333333333333337,0.024810718681951806
829,prob,prob[227],"(227,)",2000,0.02276509536229306,4.468571384539499e-05,0.0066847373804357485,1.0010641299320642,2129.16001433074,1707.4754686847662,0.0001467238901543458,0.0001624990517935012,0.013438752188458013,0.02187185877534538,0.034238397424405716,0.013162379417224344,0.03363287939593728,2.566666666666667,0.02276509536229306
830,prob,prob[228],"(228,)",2000,0.020860427729945508,4.1300543401927636e-05,0.006426549883252104,1.0004194978013383,2065.9994168127373,1765.6223954406278,0.00014273475057251868,0.0001628090781452562,0.012001460040947126,0.02002432307407496,0.03190443039647764,0.011179707402836303,0.03061939618122362,2.6,0.020860427729945508
831,prob,prob[229],"(229,)",2000,0.01909002548221117,3.849066554659939e-05,0.006204084585706371,1.0005366581765223,1995.8326525500495,1680.3667247826077,0.00013991820126732447,0.000164275434609311,0.010637007551549647,0.018241704658145615,0.029731863065814587,0.009944579077743362,0.02850635991029731,2.6333333333333333,0.01909002548221117
832,prob,prob[230],"(230,)",2000,0.017445268491227607,3.603011996961759e-05,0.006002509472680372,1.000723685868465,1934.074752771138,1618.509689444057,0.0001377583041930396,0.00016600816934297488,0.009322525404001396,0.016532590405218345,0.027912802798532685,0.00824660863047396,0.02617847479818486,2.666666666666667,0.017445268491227607
833,prob,prob[231],"(231,)",2000,0.015918337501169336,3.3741893636615385e-05,0.005808777292736862,1.0007852407635995,1862.5325178510873,1217.3859075170305,0.0001357936188257584,0.00016713371510807933,0.008178819573428931,0.015052959833394362,0.026275243481210988,0.007186364116547768,0.024382264353694644,2.7,0.015918337501169336
834,prob,prob[232],"(232,)",2000,0.01450471825558746,3.130980569796159e-05,0.005595516571145294,1.0008209348590567,1807.498339259921,1591.3041254579848,0.000133094111554681,0.00016591991701865098,0.007219009584631886,0.013742123443174213,0.02461470104648839,0.0059046742994212295,0.02237564913887176,2.7333333333333334,0.01450471825558746
835,prob,prob[233],"(233,)",2000,0.013202763570268514,2.8445938258639246e-05,0.005333473376575461,1.0009590419657335,1762.4199387557155,1410.5311151322644,0.00012865325392585013,0.00016066036745284392,0.0063090763381869015,0.012398283811863626,0.02306047257126976,0.005317311802513407,0.020959706907938566,2.766666666666667,0.013202763570268514
836,prob,prob[234],"(234,)",2000,0.012004402945931594,2.5334587565418918e-05,0.005033347550628599,1.0010366789807421,1736.6245109700499,1534.8707682559962,0.00012277602186483585,0.00015223803832457305,0.005530650671704119,0.011231307009419765,0.021343617610276235,0.004815656560780368,0.01948451740805521,2.8000000000000003,0.012004402945931594
837,prob,prob[235],"(235,)",2000,0.010903616498311562,2.2188601259349473e-05,0.004710477816458695,1.0010957885882028,1721.9266495541403,1576.0417397874821,0.00011591898348088273,0.0001419062456491977,0.004839920629139463,0.010120160537546942,0.01965568915713815,0.004200887779811615,0.01788239321812224,2.8333333333333335,0.010903616498311562
838,prob,prob[236],"(236,)",2000,0.009894821693679286,1.918497639896839e-05,0.004380065798474766,1.0017097655269238,1713.7217285644672,1564.7894673997257,0.00010854123331934974,0.00013095647612272696,0.004270097709639349,0.00911012141373975,0.01800274677085751,0.0036059628989626425,0.016383920982539758,2.8666666666666667,0.009894821693679286
839,prob,prob[237],"(237,)",2000,0.008973002806363794,1.644834875046953e-05,0.004055656389595836,1.0018416843984492,1710.967672487776,1563.9729577234343,0.00010105676234796393,0.00012056779486646181,0.0037598362977951773,0.008255414177987691,0.016411042148099773,0.0032160883421740697,0.01509197322606501,2.9,0.008973002806363794
840,prob,prob[238],"(238,)",2000,0.008132556884956791,1.4049882569601493e-05,0.0037483172984155828,1.0021985314714894,1713.4081648891936,1446.2618263452653,9.381327048637636e-05,0.00011177853872980802,0.003290999774922097,0.007433144543029017,0.015065211758540526,0.0026603713744382945,0.013542708430524011,2.9333333333333336,0.008132556884956791
841,prob,prob[239],"(239,)",2000,0.007368446342212811,1.2015500491890378e-05,0.0034663381964099202,1.0027836880559164,1714.990105271513,1394.6444931509918,8.70804362559833e-05,0.00010504913145026653,0.0029264699455083215,0.006715591022129598,0.01380533674536058,0.0023841122085526923,0.012441947759074156,2.966666666666667,0.007368446342212811
842,prob,prob[240],"(240,)",2000,0.006675293832893014,1.0333297466823066e-05,0.0032145446748836864,1.003541076574015,1727.1559753879205,1351.4392022535376,8.103068748733795e-05,0.00010107395972420904,0.0025825417355490863,0.006064829547807035,0.012689879659065812,0.002181929639288237,0.0115057910235681,3.0,0.006675293832893014
843,prob,prob[241],"(241,)",2000,0.006047758279481602,8.967993515921082e-06,0.0029946608348728043,1.0048224248132387,1741.5323755292734,1361.0669409103991,7.574792004889539e-05,9.939105107471305e-05,0.002285374833948683,0.005431660472902393,0.011671284105857436,0.001993298503755706,0.010608844766593926,3.0333333333333337,0.006047758279481602
844,prob,prob[242],"(242,)",2000,0.0054799664374628005,7.871015699867096e-06,0.002805533050931159,1.005272055083009,1757.8713013032666,1422.3879536059458,7.125238953124766e-05,9.953706445722803e-05,0.0020345748553553832,0.004895095351927498,0.01076402362397118,0.0013254993891736845,0.009343580717742595,3.066666666666667,0.0054799664374628005
845,prob,prob[243],"(243,)",2000,0.004966478651862498,6.990057681767968e-06,0.0026438717218821278,1.005375144572265,1772.2659525357287,1325.2874528575335,6.753435129302701e-05,0.00010066989909358255,0.001817728948258033,0.0044428102649589135,0.01001560298709442,0.001195076498745181,0.008533012803978605,3.1,0.004966478651862498
846,prob,prob[244],"(244,)",2000,0.004501821129453048,6.273173867956816e-06,0.002504630485312517,1.0060930416782878,1778.708755721267,1451.253058862409,6.437753076998227e-05,0.00010234880400490129,0.0016269959774171774,0.003971693363080021,0.009227590727275647,0.0011545884841324303,0.007934698986990136,3.1333333333333333,0.004501821129453048
847,prob,prob[245],"(245,)",2000,0.004080811535384036,5.673355401517061e-06,0.0023818806438436545,1.0064017615988863,1776.4667452315036,1461.0707611875664,6.163211910391698e-05,0.00010389980721771459,0.0014615432534269932,0.003520520982398986,0.008526599210729001,0.0008205939172605155,0.007129457457257419,3.1666666666666665,0.004080811535384036
848,prob,prob[246],"(246,)",2000,0.003698242709289957,5.15040021581987e-06,0.002269449319949637,1.007440264268017,1765.8651684093845,1379.6916836501155,5.913817284917274e-05,0.0001047375458696374,0.00132632928819486,0.0031736459225538225,0.007941969419530945,0.0006042957132129255,0.006360153035651368,3.2,0.003698242709289957
849,prob,prob[247],"(247,)",2000,0.0033495751014154195,4.673148420235943e-06,0.0021617466133282003,1.0067339636830335,1750.6814072773493,1423.31490896831,5.6748152429183966e-05,0.00010443247257298707,0.001192048400485645,0.002813320993590622,0.007314753091692362,0.0007190687738365651,0.00603708426370736,3.2333333333333334,0.0033495751014154195
850,prob,prob[248],"(248,)",2000,0.0030306105180604556,4.219048114794314e-06,0.002054032160116855,1.007586269284703,1729.42647538552,1390.518704790268,5.4222944649377436e-05,0.0001027246412340388,0.0010425516148354897,0.002497162086211246,0.006813141288640003,0.000631290737367827,0.005522045671970096,3.2666666666666666,0.0030306105180604556
851,prob,prob[249],"(249,)",2000,0.002737692618922142,3.774290766253518e-06,0.0019427533982092318,1.0066234867914279,1697.63054261205,1488.5669677794551,5.1845100206063935e-05,9.952417572457742e-05,0.0009071563047349311,0.0022055691879745857,0.006301186600164027,0.0005988638875813171,0.005095267266992875,3.3000000000000007,0.002737692618922142
852,prob,prob[250],"(250,)",2000,0.0024678786932262097,3.324228922289334e-06,0.0018232468078374178,1.0045896274471764,1661.383107230997,1427.4865348087476,4.9204905866035306e-05,9.468904968077013e-05,0.0007858823721242891,0.001959074420097861,0.005790150697235861,0.0004755562031663824,0.004608783805872438,3.333333333333334,0.0024678786932262097
853,prob,prob[251],"(251,)",2000,0.002220290710125682,2.868402969986048e-06,0.0016936360205150479,1.003810371532601,1608.150444569388,1355.39882140768,4.6511413073080585e-05,8.885595374057235e-05,0.0006950157851134054,0.001742704340316769,0.005263236146013819,0.0005258911169189361,0.004332454306535746,3.366666666666667,0.002220290710125682
854,prob,prob[252],"(252,)",2000,0.0019940641372745674,2.4435288362940127e-06,0.0015631790800461772,1.0045423954221715,1502.7054355758737,1276.1078823820358,4.432742440427813e-05,8.263978189161186e-05,0.0006009259760583285,0.0015416927244692796,0.004882784671411983,0.00041640190409097944,0.003851955003499056,3.4000000000000004,0.0019940641372745674
855,prob,prob[253],"(253,)",2000,0.0017883032455909725,2.0791756407306723e-06,0.0014419346867076443,1.0051350708634645,1376.3854985826574,1313.3721339070605,4.311087398527272e-05,7.777534577228902e-05,0.0005263145349314937,0.001375062360761346,0.0045096614735507376,0.0003442149107711514,0.003405643191982776,3.4333333333333336,0.0017883032455909725
856,prob,prob[254],"(254,)",2000,0.0016016837128480686,1.7903459316623504e-06,0.001338038090512505,1.0054358616913626,1255.6500732071888,1003.1371626873963,4.283982406467564e-05,7.710083263094866e-05,0.00046296473125087946,0.0012244245469790619,0.00403835532668859,0.000251072880864159,0.0029850042030898786,3.4666666666666672,0.0016016837128480686
857,prob,prob[255],"(255,)",2000,0.0014326558218888867,1.5761528364024277e-06,0.0012554492568010974,1.0061989317166127,1161.0564396605448,730.6118729863965,4.3601212948986154e-05,8.272551290191229e-05,0.0004060472611367006,0.001074031223700931,0.003692261785819643,0.0002088405863028619,0.002625647764764389,3.5000000000000004,0.0014326558218888867
858,prob,prob[256],"(256,)",2000,0.0012792484107814997,1.4206809858411085e-06,0.0011919232298437297,1.0075307697238187,1079.2422335063184,699.338080273012,4.492024185329922e-05,9.402565917301848e-05,0.00035687501914356297,0.0009453442413861653,0.003251192372782564,0.00017892458409336936,0.002308370319893802,3.5333333333333337,0.0012792484107814997
859,prob,prob[257],"(257,)",2000,0.0011392829127326728,1.2979386563108356e-06,0.0011392711074677685,1.0085917310105685,1013.9282324951133,651.3375611978745,4.5886528202460416e-05,0.00010685066251661466,0.0003179780624717049,0.0008267672951096357,0.0028519742591114634,0.0001618727831993478,0.002031538329315679,3.566666666666667,0.0011392829127326728
860,prob,prob[258],"(258,)",2000,0.001010443118202067,1.178845979067304e-06,0.0010857467379952399,1.0091286912437443,964.2370498114649,626.0151919020777,4.593493860470063e-05,0.0001165575462081321,0.0002839457285322636,0.0007252095526729609,0.0025447573946890704,0.00017046012587656892,0.0018138694880797932,3.6,0.001010443118202067
861,prob,prob[259],"(259,)",2000,0.0008907940316573752,1.040448364932341e-06,0.0010200237080246425,1.0100003535826605,924.8485213796464,603.1829711864284,4.476948312278097e-05,0.000121137497731639,0.0002566180712943697,0.0006312867976616047,0.0021757018885532713,0.0001633088118111677,0.0015659727299123817,3.6333333333333333,0.0008907940316573752
862,prob,prob[260],"(260,)",2000,0.0007788313328597799,8.729437044196404e-07,0.0009343145639556521,1.0108658560347137,901.2362562409647,591.0058261226311,4.21290863277701e-05,0.00011920916541648193,0.00022548045128749526,0.0005484943543824646,0.0019363885525914136,0.00010076567801798227,0.0012960782418178188,3.6666666666666665,0.0007788313328597799
863,prob,prob[261],"(261,)",2000,0.0006737347320128495,6.828118951037566e-07,0.0008263243280357638,1.011324726404495,881.6301350394189,611.3317099775948,3.801020960440919e-05,0.00011000921150157852,0.00020134433184181515,0.00047368411642812434,0.0016773399074365692,8.70049002594866e-05,0.0010873496335781982,3.6999999999999997,0.0006737347320128495
864,prob,prob[262],"(262,)",2000,0.0005753248319456755,4.892519044620865e-07,0.0006994654419355444,1.0118125993737328,860.4903377940349,604.3414765470292,3.265998716344105e-05,9.481808448929859e-05,0.00017983142022329668,0.0004040618349328978,0.001459944473233828,0.00011238590531540163,0.0009424363000767892,3.733333333333333,0.0005753248319456755
865,prob,prob[263],"(263,)",2000,0.0004842525163648576,3.1647499396435334e-07,0.0005625611024274192,1.012556539563989,839.6049546795462,614.7563820173226,2.6562610152704285e-05,7.579882896440237e-05,0.00016127619712730433,0.0003463621986274623,0.0012261623696582411,0.00010182188652659649,0.0007911916166810899,3.7666666666666666,0.0004842525163648576
866,prob,prob[264],"(264,)",2000,0.0004015086764484043,1.822775449224601e-07,0.0004269397439012443,1.0126668813791235,821.3119071998516,598.6523882593167,2.0310797801964266e-05,5.563852926189112e-05,0.00014438550236527405,0.00029538671595441904,0.0009864113548535556,0.00010079254871487179,0.0006609302782866476,3.8000000000000007,0.0004015086764484043
867,prob,prob[265],"(265,)",2000,0.0003281538153886335,9.23130386175333e-08,0.00030383060842767846,1.0119401131931303,808.7871677495973,599.0158985965302,1.4490223053449597e-05,3.693678179398995e-05,0.00013132632573828156,0.00025166762739118215,0.0007816060950709397,8.818965541386215e-05,0.0005365583643249306,3.833333333333334,0.0003281538153886335
868,prob,prob[266],"(266,)",2000,0.00026487090331789683,4.0617592379043335e-08,0.00020153806682372274,1.010500082485856,799.5787859241703,599.0256472685943,9.549054096072905e-06,2.173149079609426e-05,0.00011879286364521243,0.00021289292293514794,0.0005980933888291391,8.425550511009435e-05,0.00043232305319243676,3.866666666666667,0.00026487090331789683
869,prob,prob[267],"(267,)",2000,0.00021188630216448432,1.5442073841660436e-08,0.0001242661411715212,1.0114476466897953,792.2870177571957,563.3846003207577,5.741213575175251e-06,1.092104592242166e-05,0.0001052240296308181,0.00017961765344783601,0.00044941658286310366,7.9839424728149e-05,0.0003464839140110621,3.9000000000000004,0.00021188630216448432
870,prob,prob[268],"(268,)",2000,0.00016585650762789502,4.22465867701151e-09,6.499737438552046e-05,1.0121881619324538,791.9668579175951,573.9313886580957,2.78926541040456e-06,4.00326577942628e-06,9.572422718996596e-05,0.00015046127580615635,0.0003048268749465006,7.432222545209169e-05,0.00025504005643313296,3.9333333333333336,0.00016585650762789502
871,prob,prob[269],"(269,)",2000,0.00013080491682458906,9.782781146674042e-10,3.1277437789361904e-05,1.0118842325016282,846.5964416196678,588.1129118828679,1.1578039432781901e-06,1.1405019608665239e-06,8.758309910739587e-05,0.00012607183869000818,0.0001981826297893213,8.376368260375842e-05,0.00019108344247707515,3.966666666666667,0.00013080491682458906
872,prob,prob[270],"(270,)",2000,0.00010487574895507316,2.2092251224366182e-10,1.4863462323552403e-05,1.0088211241998388,1228.61522660728,1018.2467756383757,4.237658657658714e-07,4.5788999103576157e-07,7.994357482862933e-05,0.00010524552112781106,0.00012875495023378567,8.517746471545775e-05,0.00013018931895776242,4.0,0.00010487574895507316
873,prob,prob[271],"(271,)",2000,8.515236146492711e-05,7.766176440405806e-11,8.812591242311086e-06,1.0068187844640308,1176.1686044930982,663.810181536326,3.102934217326509e-07,5.453507434091342e-07,6.84072811147999e-05,8.731876277146801e-05,9.414770342366616e-05,7.453657442516726e-05,9.43339975298114e-05,4.033333333333333,8.515236146492711e-05
874,prob,prob[272],"(272,)",2000,6.980929497638649e-05,7.269905665468434e-11,8.52637417984247e-06,1.0098584085311249,655.8964484504125,563.0496825582765,4.3344920628862117e-07,8.198894596671509e-07,5.411464923986573e-05,7.276580503491042e-05,7.4480287567115e-05,6.279418565435488e-05,7.449254298131649e-05,4.066666666666666,6.980929497638649e-05
875,prob,prob[273],"(273,)",2000,5.766098697830815e-05,8.797164077205914e-11,9.379319845919487e-06,1.013963494113602,635.1885598166957,573.9313886580958,4.509842152416347e-07,7.96871105630606e-07,3.652185962654764e-05,6.121414581117483e-05,6.22542825073038e-05,4.9144567571574424e-05,6.226175575096218e-05,4.1000000000000005,5.766098697830815e-05
876,prob,prob[274],"(274,)",2000,4.79080567426571e-05,9.762394313276115e-11,9.880482940259608e-06,1.0059928913055574,796.2504035143776,573.9313886580958,4.523337138707238e-07,6.807935516845769e-07,2.4152474467387442e-05,5.17626794231869e-05,5.429202884562068e-05,3.602763673506574e-05,5.4325822435657486e-05,4.133333333333334,4.79080567426571e-05
877,prob,prob[275],"(275,)",2000,3.999221386424483e-05,9.89076074357441e-11,9.94523038625773e-06,1.0102398815559983,787.8530051734248,573.9313886580958,4.3070656105751167e-07,5.609329041702343e-07,1.605485161954562e-05,4.332862956381304e-05,4.877729943347362e-05,2.6401824944286107e-05,4.914810174658792e-05,4.166666666666667,3.999221386424483e-05
878,prob,prob[276],"(276,)",2000,3.351119861963259e-05,9.403689038733852e-11,9.697262004676295e-06,1.0115206663684886,791.0122621610113,573.9313886580958,3.9957359733745813e-07,4.597779525200025e-07,1.0733584958834526e-05,3.623519635848688e-05,4.3917636734948316e-05,1.9412412184759502e-05,4.596581637404639e-05,4.2,3.351119861963259e-05
879,prob,prob[277],"(277,)",2000,2.8167374720997382e-05,8.558294491765017e-11,9.251105064674715e-06,1.0119875486427905,791.9668579175948,573.9313886580958,3.653925080185049e-07,3.8002590995236486e-07,7.221381962360942e-06,3.0299512696437784e-05,3.939648532665868e-05,1.318011247272869e-05,4.228388151064187e-05,4.233333333333333,2.8167374720997382e-05
880,prob,prob[278],"(278,)",2000,2.3735600220976846e-05,7.549582666754576e-11,8.688833446875695e-06,1.0122640983248534,791.9668579175948,573.9313886580958,3.3067724057334007e-07,3.2507481019329193e-07,4.891708927727206e-06,2.5334175993619287e-05,3.524944452253139e-05,9.25417838488654e-06,3.850691183646582e-05,4.266666666666667,2.3735600220976846e-05
881,prob,prob[279],"(279,)",2000,2.0042447524364753e-05,6.506083115425472e-11,8.066029454090453e-06,1.012578926284476,791.9668579175948,573.9313886580958,2.972745792939845e-07,2.8452882002571717e-07,3.3379296536997057e-06,2.1181690838613237e-05,3.145655094129611e-05,4.8423123635556784e-06,3.24151377562775e-05,4.300000000000001,2.0042447524364753e-05
882,prob,prob[280],"(280,)",2000,1.6952313750087258e-05,5.505234340104577e-11,7.41972663923987e-06,1.0129875023169566,791.9668579175948,573.9313886580958,2.6604985256842186e-07,2.51881407277424e-07,2.295431324546736e-06,1.7709797194518924e-05,2.7997641492345717e-05,2.9384933819084237e-06,2.8407910176907388e-05,4.333333333333334,1.6952313750087258e-05
883,prob,prob[281],"(281,)",2000,1.4357851699161521e-05,4.589250790526382e-11,6.7744009259316665e-06,1.0132546889135712,791.9668579175948,573.9313886580958,2.3733307901030947e-07,2.291423773645493e-07,1.5914675558990605e-06,1.480750614315896e-05,2.4852527398030886e-05,8.580027175065223e-09,2.2848539467681073e-05,4.366666666666667,1.4357851699161521e-05
884,prob,prob[282],"(282,)",2000,1.2173198028345519e-05,3.7773956522766274e-11,6.146052108692724e-06,1.0132642127683562,791.9668579175948,573.9313886580958,2.1117045562034974e-07,2.1066169524974802e-07,1.112841932893936e-06,1.2381740715168633e-05,2.200115320915969e-05,4.233585978353835e-09,2.0019461511353313e-05,4.4,1.2173198028345519e-05
885,prob,prob[283],"(283,)",2000,1.0329067960487014e-05,3.074617960576893e-11,5.5449237691576e-06,1.0128532645496418,791.9668579175948,573.9313886580958,1.8746554145781432e-07,1.9472166947362745e-07,7.850645918626243e-07,1.035449321535244e-05,1.942374030960697e-05,2.1533922228459386e-09,1.7502467328629627e-05,4.433333333333334,1.0329067960487014e-05
886,prob,prob[284],"(284,)",2000,8.76913044411395e-06,2.4773699632094416e-11,4.9773185182479945e-06,1.0124557415133832,791.9668579175948,573.9313886580958,1.6605762884900306e-07,1.796957088400124e-07,5.588861268265372e-07,8.660422640639085e-06,1.7100914635852935e-05,1.130433994787383e-09,1.526824534973827e-05,4.466666666666667,8.76913044411395e-06
887,prob,prob[285],"(285,)",2000,7.447283661164056e-06,1.977421385137906e-11,4.44682064529019e-06,1.0121913857017883,791.9668579175948,573.9313886580958,1.4676418778263218e-07,1.6581239476744356e-07,4.015780096424403e-07,7.244826459862544e-06,1.5013818555882393e-05,6.129265209140136e-10,1.3289599645416957e-05,4.5,7.447283661164056e-06
888,prob,prob[286],"(286,)",2000,6.325577482112344e-06,1.5643045435841326e-11,3.955129003691451e-06,1.0117320425727825,791.9668579175948,573.9313886580958,1.294027862973383e-07,1.5251483508985892e-07,2.912706614668115e-07,6.061930335818996e-06,1.3144207056343354e-05,3.4334016448237135e-10,1.1541371778898496e-05,4.533333333333333,6.325577482112344e-06
889,prob,prob[287],"(287,)",2000,5.3726096194149355e-06,1.226842326319244e-11,3.502630905932345e-06,1.0113039514680415,791.9668579175948,573.9313886580958,1.138014102222567e-07,1.3978227320729597e-07,2.132648421223305e-07,5.073447467135184e-06,1.1474528574748631e-05,1.986167798606296e-10,1.0000356718505736e-05,4.566666666666666,5.3726096194149355e-06
890,prob,prob[288],"(288,)",2000,4.562274312679253e-06,9.540697314730072e-12,3.0888019222232545e-06,1.0109435926945445,791.9668579175948,573.9313886580958,9.980238577826487e-08,1.274957640471312e-07,1.576195921250447e-07,4.247366247026479e-06,9.987990982792589e-06,1.1849622357855695e-10,8.645214081291392e-06,4.6000000000000005,4.562274312679253e-06
891,prob,prob[289],"(289,)",2000,3.87277707951757e-06,7.357587693865069e-12,2.7124873628949995e-06,1.010478846913922,791.9668579175948,573.9313886580958,8.726293741919261e-08,1.1560757875946848e-07,1.1756836328427236e-07,3.5569310038727553e-06,8.668613375964538e-06,7.27148169732423e-11,7.456375906642622e-06,4.633333333333334,3.87277707951757e-06
892,prob,prob[290],"(290,)",2000,3.2858527224155565e-06,5.6268706318093175e-12,2.3721025761567135e-06,1.0102344840437942,791.9668579175948,573.9313886580958,7.605413010095636e-08,1.0411362920292189e-07,8.847424428798304e-08,2.9797858195622937e-06,7.501264452491321e-06,4.567362865385729e-11,6.4159520800391125e-06,4.666666666666667,3.2858527224155565e-06
893,prob,prob[291],"(291,)",2000,2.786669906317883e-06,4.248332311093397e-12,2.0611482991510815e-06,1.010004469767637,791.9668579175948,573.9313886580958,6.592601408678436e-08,9.258268763825005e-08,6.78507008150497e-08,2.500439424556247e-06,6.46271500457263e-06,2.992582712542431e-11,5.502518949620729e-06,4.7,2.786669906317883e-06
894,prob,prob[292],"(292,)",2000,2.364148446319624e-06,3.0955154268638414e-12,1.7594076920554375e-06,1.0099003710330328,791.9668579175948,573.9313886580958,5.624316606409789e-08,7.949848709894952e-08,5.6077770143411413e-08,2.115499579490271e-06,5.504695043594459e-06,2.3708549261167936e-11,4.681406349385092e-06,4.733333333333333,2.364148446319624e-06
895,prob,prob[293],"(293,)",2000,2.0034083262870485e-06,2.2502997423052308e-12,1.500099910774356e-06,1.0098195070602827,791.9668579175948,573.9313886580958,4.792787445359357e-08,6.818630206028375e-08,4.629402069410664e-08,1.787752177505813e-06,4.683271018335036e-06,1.8761241083390466e-11,3.978220945548772e-06,4.766666666666667,2.0034083262870485e-06
896,prob,prob[294],"(294,)",2000,1.6957807413195326e-06,1.6320780223358196e-12,1.2775280906249457e-06,1.009749086502382,791.9668579175948,573.9313886580958,4.079548017174557e-08,5.8417640225729375e-08,3.81730475753356e-08,1.5090354938163278e-06,3.979816830271075e-06,1.482913828757191e-11,3.3767524706502957e-06,4.800000000000001,1.6957807413195326e-06
897,prob,prob[295],"(295,)",2000,1.4337564744966995e-06,1.180959077423663e-12,1.0867194106224767e-06,1.0096972434299765,791.9668579175948,573.9313886580958,3.4684976354155885e-08,4.999181459970441e-08,3.144028922659274e-08,1.2722995128736779e-06,3.3781166682844724e-06,1.1707604231979214e-11,2.8629075230937276e-06,4.833333333333334,1.4337564744966995e-06
898,prob,prob[296],"(296,)",2000,1.2108393633599855e-06,8.525549873658348e-13,9.233390424788907e-07,1.0096658108187826,791.9668579175948,573.9313886580958,2.945616670782081e-08,4.2732790408411145e-08,2.5865090267400863e-08,1.0714626429556777e-06,2.8640722641081983e-06,9.232470265094454e-12,2.424449710338435e-06,4.866666666666667,1.2108393633599855e-06
899,prob,prob[297],"(297,)",2000,1.0214170256392267e-06,6.140500852654154e-13,7.83613479507222e-07,1.0095889585599873,791.9668579175948,573.9313886580958,2.4987138587436035e-08,3.648635872979274e-08,2.1253929276336e-08,9.012856853760399e-07,2.425442959131218e-06,7.2721958929136016e-12,2.050769299170206e-06,4.9,1.0214170256392267e-06
900,prob,prob[298],"(298,)",2000,8.606469901319538e-07,4.412444557654367e-13,6.642623395658049e-07,1.0094991814260286,791.9668579175948,573.9313886580958,2.117201961281714e-08,3.1117606942533776e-08,1.744464880455803e-08,7.572611558305951e-07,2.051615286027156e-06,5.721514295352854e-12,1.7326793568868666e-06,4.933333333333334,8.606469901319538e-07
901,prob,prob[299],"(299,)",2000,7.243565531353996e-07,3.163362878526899e-13,5.624378079865275e-07,1.009430715296444,791.9668579175948,573.9313886580958,1.7918989240987e-08,2.6508658349014062e-08,1.4301546321064785e-08,6.355162405355433e-07,1.733399048373756e-06,4.4962885307947794e-12,1.4622356300481627e-06,4.966666666666667,7.243565531353996e-07
902,prob,prob[300],"(300,)",2000,6.089548422450139e-07,2.2626285710308652e-13,4.756709546557226e-07,1.009352356292075,791.9668579175948,573.9313886580958,1.514851915245031e-08,2.2556655462551495e-08,1.1711203574731925e-08,5.327278403260621e-07,1.4628471442886884e-06,3.5293532157607233e-12,1.2325776534658262e-06,5.0,6.089548422450139e-07
