index,variable,var_fqn,var_index,sample_size,mean,var,sd,rhat,ess_bulk,ess_tail,mcse_mean,mcse_sd,q_0.05,q_0.5,q_0.95,hdi_low,hdi_high,y,pdf
602,prob,prob[0],"(0,)",2000,2.956863322319109e-06,1.6365949034993423e-12,1.279294689858182e-06,1.002035219024589,1731.4403938907956,1090.458419143181,3.2887087438609065e-08,3.1058475831880734e-08,1.0011171596860068e-06,2.8453422895120417e-06,5.26321366859591e-06,7.032099600995443e-07,4.8919936442881176e-06,-5.0,2.956863322319109e-06
603,prob,prob[1],"(1,)",2000,3.4843273870289755e-06,2.2444773153194126e-12,1.498157974086649e-06,1.0020203323652013,1731.4403938907956,1090.458419143181,3.8462915303872674e-08,3.6325503854685355e-08,1.1893093263114885e-06,3.356178736730379e-06,6.18119602786432e-06,1.0780590876590726e-06,5.987123040591037e-06,-4.966666666666667,3.4843273870289755e-06
604,prob,prob[2],"(2,)",2000,4.101171579630698e-06,3.0708223680927105e-12,1.7523762062105017e-06,1.0020333931667167,1731.4403938907956,1090.458419143181,4.493034469606681e-08,4.2436291205403955e-08,1.411245306096327e-06,3.954152468180686e-06,7.250898057040738e-06,1.2800796924396872e-06,7.0248557289030606e-06,-4.933333333333333,4.101171579630698e-06
605,prob,prob[3],"(3,)",2000,4.821678100806197e-06,4.191399882809056e-12,2.0472908642420733e-06,1.0020267541888583,1731.4403938907956,1090.458419143181,5.242250937200452e-08,4.9517351711570735e-08,1.672661124106908e-06,4.6532834483955645e-06,8.495889369294816e-06,1.5182008060766595e-06,8.232929611919852e-06,-4.9,4.821678100806197e-06
606,prob,prob[4],"(4,)",2000,5.662259716719755e-06,5.707263064647087e-12,2.3889878745291044e-06,1.0020314068078955,1731.4403938907956,1090.458419143181,6.109084005101465e-08,5.7712722043203934e-08,1.980209696289485e-06,5.469698289541787e-06,9.94314252495335e-06,1.7985362448578538e-06,9.637605876844756e-06,-4.866666666666667,5.662259716719755e-06
607,prob,prob[5],"(5,)",2000,6.641752165373109e-06,7.752834825300163e-12,2.7843912845180654e-06,1.0020248956995612,1731.4403938907956,1090.458419143181,7.110732636629055e-08,6.71861584141891e-08,2.341597086993028e-06,6.421921630256886e-06,1.1623482004494823e-05,2.1281730430875133e-06,1.126890424957915e-05,-4.833333333333333,6.641752165373109e-06
608,prob,prob[6],"(6,)",2000,7.78174263452077e-06,1.0506461174691327e-11,3.241367176777621e-06,1.002009597639072,1731.4403938907956,1090.458419143181,8.266702010573816e-08,7.812357383436346e-08,2.7657372717599713e-06,7.531203770648775e-06,1.3572085826440044e-05,2.5153153904679726e-06,1.316109373388535e-05,-4.8,7.78174263452077e-06
609,prob,prob[7],"(7,)",2000,9.106938144717964e-06,1.4204145282178596e-11,3.76883871798444e-06,1.002005580471221,1731.4403938907956,1090.458419143181,9.59907999284873e-08,9.073573723945935e-08,3.26292763750933e-06,8.821888456410607e-06,1.5829045008144395e-05,2.9694480057677594e-06,1.5353240129449423e-05,-4.766666666666667,9.106938144717964e-06
610,prob,prob[8],"(8,)",2000,1.0645577989162339e-05,1.9157369881879444e-11,4.376913282426263e-06,1.0020103296176133,1731.4403938907956,1090.458419143181,1.1027554660060844e-07,1.0526125701885416e-07,3.8450476782849935e-06,1.0321825032756914e-05,1.8439986442634903e-05,3.5015212738842887e-06,1.7889815826640328e-05,-4.733333333333333,1.0645577989162339e-05
611,prob,prob[9],"(9,)",2000,1.2286634822534623e-05,2.4724081223645575e-11,4.972331568152468e-06,1.0020248527112767,1731.4403938907956,1090.458419143181,1.2488035994514445e-07,1.19283539254191e-07,4.523846379450877e-06,1.1938797402799772e-05,2.1107638318925782e-05,4.126162839200806e-06,2.0489180229583617e-05,-4.7,1.2286634822534623e-05
612,prob,prob[10],"(10,)",2000,1.390095529581659e-05,2.969449915419973e-11,5.4492659280126646e-06,1.0019713957964698,1731.4403938907956,1090.458419143181,1.359892971013065e-07,1.301347123598916e-07,5.312691208054657e-06,1.3563692315627827e-05,2.3493083845063556e-05,4.8603790195822355e-06,2.2829671822859342e-05,-4.666666666666667,1.390095529581659e-05
613,prob,prob[11],"(11,)",2000,1.5638936942476507e-05,3.487431461087157e-11,5.905447875552842e-06,1.001954168259459,1731.4403938907956,1090.458419143181,1.462801528055964e-07,1.4040152406259135e-07,6.2309221064455955e-06,1.5329086735068633e-05,2.5937789281813216e-05,5.719613632132944e-06,2.5236919109614684e-05,-4.633333333333334,1.5638936942476507e-05
614,prob,prob[12],"(12,)",2000,1.749725496072052e-05,4.000538044147604e-11,6.324980667280813e-06,1.0018836129463307,1731.4403938907956,1090.458419143181,1.5532648836275527e-07,1.4977647888608367e-07,7.29831403790022e-06,1.7234415360651328e-05,2.8406362428960702e-05,6.724103261714155e-06,2.7677967937651152e-05,-4.6,1.749725496072052e-05
615,prob,prob[13],"(13,)",2000,1.947079210655504e-05,4.475594833094148e-11,6.689988664485275e-06,1.001830513145651,1731.4403938907956,1090.458419143181,1.6247112236325558e-07,1.5794801947971133e-07,8.537421026795399e-06,1.9276930727176783e-05,3.085859395878664e-05,7.897170714174285e-06,3.011511063779195e-05,-4.566666666666666,1.947079210655504e-05
616,prob,prob[14],"(14,)",2000,2.1552672463899496e-05,4.873102259080176e-11,6.98076088910097e-06,1.001747909958478,1731.4403938907956,1090.458419143181,1.673717204616555e-07,1.6461432509200687e-07,9.97392804935889e-06,2.145149316053431e-05,3.325004526197772e-05,1.0704612314804083e-05,3.383272501723014e-05,-4.533333333333333,2.1552672463899496e-05
617,prob,prob[15],"(15,)",2000,2.3734356184290656e-05,5.1494350240335406e-11,7.17595639899905e-06,1.0016264629586291,1731.4403938907956,1090.458419143181,1.6952724247817123e-07,1.6950006461321016e-07,1.163704169668485e-05,2.3750389194323682e-05,3.5532827990515694e-05,1.2433854905439163e-05,3.6100700107556784e-05,-4.5,2.3734356184290656e-05
618,prob,prob[16],"(16,)",2000,2.600579881346473e-05,5.2604293265791336e-11,7.252881721480872e-06,1.0015013109359832,1731.4403938907956,1090.458419143181,1.6847456621932263e-07,1.7141935118083924e-07,1.355992306792138e-05,2.6163185542282232e-05,3.765656318773248e-05,1.4419634419593337e-05,3.8194215990511366e-05,-4.466666666666667,2.600579881346473e-05
619,prob,prob[17],"(17,)",2000,2.8355677466811154e-05,5.166547329367966e-11,7.187869871782575e-06,1.0013436508912563,1731.4403938907956,1090.458419143181,1.6399828279908e-07,1.7228092186992503e-07,1.5780166551015023e-05,2.8676625352782864e-05,3.9569499956302446e-05,1.66963158370524e-05,4.0060127583725166e-05,-4.433333333333334,2.8355677466811154e-05
620,prob,prob[18],"(18,)",2000,3.077168480998493e-05,4.8397671587240534e-11,6.956843507456563e-06,1.0011911589527702,1731.4403938907956,1090.458419143181,1.554889418380509e-07,1.7097708861733912e-07,1.8340328344751335e-05,3.127457288079292e-05,4.121976609118661e-05,2.0100813536193056e-05,4.231226155803973e-05,-4.3999999999999995,3.077168480998493e-05
621,prob,prob[19],"(19,)",2000,3.324089065685427e-05,4.272315961984992e-11,6.5362955578714405e-06,1.0010311585453862,1731.4403938907956,1090.458419143181,1.42695777233944e-07,1.6763452376446528e-07,2.1288508766524824e-05,3.3938011906221735e-05,4.255671635472852e-05,2.443494350042419e-05,4.4608099672960305e-05,-4.366666666666666,3.324089065685427e-05
622,prob,prob[20],"(20,)",2000,3.575017013991556e-05,3.487365867545917e-11,5.905392338825522e-06,1.000970310343151,1731.4403938907956,1090.458419143181,1.25661794523995e-07,1.6320794133872147e-07,2.467899257246035e-05,3.6645102219652975e-05,4.3532338424993124e-05,2.803330709847647e-05,4.507254464123323e-05,-4.333333333333333,3.575017013991556e-05
623,prob,prob[21],"(21,)",2000,3.828669697822272e-05,2.5518818831366288e-11,5.051615467488226e-06,1.000970310343151,1731.4403938907956,1090.458419143181,1.0513781564770418e-07,1.5699567625041367e-07,2.8572951687063523e-05,3.9371297308396265e-05,4.410267229075139e-05,3.18704981233055e-05,4.478728311210748e-05,-4.300000000000001,3.828669697822272e-05
624,prob,prob[22],"(22,)",2000,4.083850052168523e-05,1.591996252571589e-11,3.9899827726089105e-06,1.0008793375421223,1942.5199632353667,1676.8302747979114,8.387685354551923e-08,1.515632703237975e-07,3.303921489496893e-05,4.2089525035519425e-05,4.4208887799170104e-05,3.612391964076816e-05,4.423718068835306e-05,-4.266666666666667,4.083850052168523e-05
625,prob,prob[23],"(23,)",2000,4.339508616712985e-05,8.116602222988921e-12,2.8489651143860857e-06,1.000363736759455,1692.5119333942466,1741.5594152545757,7.036206503712314e-08,1.6105003902027187e-07,3.815510918380465e-05,4.442210896811458e-05,4.50804956151973e-05,4.077108037432005e-05,4.508920088352515e-05,-4.233333333333333,4.339508616712985e-05
626,prob,prob[24],"(24,)",2000,4.5948120629028564e-05,5.1600996817660095e-12,2.2715852794394513e-06,1.0017134535395191,864.3475288729196,948.2047065972772,8.017069931161118e-08,1.479450264799197e-07,4.172280091426266e-05,4.67909514381379e-05,4.7509878707347094e-05,4.338441197046884e-05,4.7516412247286537e-05,-4.2,4.5948120629028564e-05
627,prob,prob[25],"(25,)",2000,4.849218665472966e-05,1.1420763621257305e-11,3.3794620313383173e-06,1.0026456872193399,1047.5610349487808,910.6230901172858,1.163709434979516e-07,1.1816727914853127e-07,4.1503263869305636e-05,4.963814516344966e-05,5.172452299075878e-05,4.3678773394857384e-05,5.174268327041559e-05,-4.166666666666666,4.849218665472966e-05
628,prob,prob[26],"(26,)",2000,5.102561640324606e-05,3.301513286630169e-11,5.745879642517905e-06,1.002008375034001,1394.2877429432062,1078.3433130065239,1.6997959377536313e-07,1.421611783782558e-07,3.97483247880401e-05,5.2188082879415295e-05,5.810487665734535e-05,4.2700140556323966e-05,5.832240381500591e-05,-4.133333333333333,5.102561640324606e-05
629,prob,prob[27],"(27,)",2000,5.355141923346533e-05,7.843537799979488e-11,8.856374992049224e-06,1.0019317108498993,1621.5540709790066,1090.4584191431807,2.3627300337056368e-07,1.981855904707261e-07,3.738920534865443e-05,5.4456316442236796e-05,6.688954349485607e-05,4.116909815621332e-05,6.837794596911111e-05,-4.1000000000000005,5.355141923346533e-05
630,prob,prob[28],"(28,)",2000,5.607832854018986e-05,1.5952412240073493e-10,1.2630285919199728e-05,1.0019904628662295,1712.689008744672,1090.4584191431807,3.1096920639651716e-07,2.822884907096102e-07,3.44932300742977e-05,5.647143943523969e-05,7.690190920008241e-05,3.535719240072419e-05,7.742147378553103e-05,-4.066666666666666,5.607832854018986e-05
631,prob,prob[29],"(29,)",2000,5.8622004117803966e-05,2.930469279399556e-10,1.711861349350337e-05,1.0015290179712097,1734.7886908846608,1090.4584191431807,3.9826943980324437e-07,4.0040848025356653e-07,3.112445188173735e-05,5.822984898444565e-05,8.814277217744328e-05,2.9852483880220626e-05,8.609546030043085e-05,-4.033333333333333,5.8622004117803966e-05
632,prob,prob[30],"(30,)",2000,6.120644203822637e-05,5.033115897188471e-10,2.2434606965998918e-05,1.0012484030435607,1731.4403938907956,1090.4584191431807,5.004238989157361e-07,5.73573287922037e-07,2.7319248835376445e-05,5.9714094476948764e-05,0.00010089936169891595,2.3581115552826097e-05,9.517414865133647e-05,-4.0,6.120644203822637e-05
633,prob,prob[31],"(31,)",2000,6.386566406180581e-05,8.266449018977013e-10,2.8751433040766877e-05,1.0010697048230166,1731.4403938907956,1090.4584191431807,6.177163450307174e-07,8.333329323508196e-07,2.3123643365921826e-05,6.089184314243866e-05,0.00011535859402532662,1.4741890678286847e-05,0.00010273540092118144,-3.9666666666666663,6.386566406180581e-05
634,prob,prob[32],"(32,)",2000,6.664578414749886e-05,1.3192096763648144e-09,3.6320926149601615e-05,1.000970310343151,1731.4403938907956,1090.4584191431807,7.564302294777989e-07,1.2231101485220823e-06,1.8592429212070342e-05,6.1732829504039e-05,0.00013172637386589972,7.2111395751949476e-06,0.00011192092835099052,-3.933333333333333,6.664578414749886e-05
635,prob,prob[33],"(33,)",2000,7.207840006149882e-05,1.8247134611192983e-09,4.271666491100749e-05,1.0009084470858116,1727.0067372203923,1065.956579599558,8.683087176894916e-07,1.6102126452425374e-06,1.8610263063275834e-05,6.487488854580787e-05,0.00014672035342085487,7.754447027631018e-06,0.0001257194005199542,-3.9,7.207840006149882e-05
636,prob,prob[34],"(34,)",2000,7.824531177051668e-05,2.4788063062831888e-09,4.978761197610495e-05,1.0007704205686052,1732.664313913821,1091.5162872857761,9.97956356218895e-07,2.063641886386635e-06,1.9333941260018156e-05,6.915195704619432e-05,0.00016482487819899973,7.187681390035031e-06,0.00013701473272635293,-3.866666666666667,7.824531177051668e-05
637,prob,prob[35],"(35,)",2000,8.493205690173866e-05,3.3483437754330295e-09,5.786487514402005e-05,1.0006519132857488,1722.332156240782,1079.0299144092933,1.1536729730325832e-06,2.664893670927997e-06,2.0174211502054887e-05,7.355767602926351e-05,0.00018250512438288479,7.898254512380868e-06,0.0001517556798474173,-3.833333333333333,8.493205690173866e-05
638,prob,prob[36],"(36,)",2000,9.216640824250497e-05,4.4897837932157605e-09,6.700584894780276e-05,1.0005517336934882,1705.2651684408231,1048.478863994158,1.3373365383850234e-06,3.5341527846329723e-06,2.1068058972958277e-05,7.781635808928792e-05,0.00020322057361709918,8.882910525475405e-06,0.00016777022811684944,-3.8,9.216640824250497e-05
639,prob,prob[37],"(37,)",2000,9.996691520392538e-05,5.959884357710672e-09,7.720028729033767e-05,1.000464032178061,1686.1866391999213,981.0234418824192,1.5488024479304098e-06,4.660687506031798e-06,2.2004801207240342e-05,8.278175234377523e-05,0.0002277038080311297,8.6933848120821e-06,0.00018539432161732605,-3.7666666666666666,9.996691520392538e-05
640,prob,prob[38],"(38,)",2000,0.00010833656681388551,7.800050540375768e-09,8.831789479134887e-05,1.0004071985586482,1662.241618790705,962.1610535639121,1.7847851426562675e-06,6.009673453056155e-06,2.3067080375388082e-05,8.837122752315193e-05,0.00025101348203283543,9.760468444516142e-06,0.00020397972912822662,-3.7333333333333334,0.00010833656681388551
641,prob,prob[39],"(39,)",2000,0.00011726961691306827,1.0018234679876101e-08,0.00010009113187428795,1.0003204460619743,1639.9018893609439,982.3123468382885,2.038642124681467e-06,7.529268432310968e-06,2.4089409492749604e-05,9.361071263243107e-05,0.00027317951549707967,5.719503055457646e-06,0.00022040932407747357,-3.7,0.00011726961691306827
642,prob,prob[40],"(40,)",2000,0.0001267453435150253,1.2576237542108848e-08,0.00011214382525181156,1.0002645430325023,1615.4050108576334,923.1578717130377,2.3056831058636236e-06,9.147164473240128e-06,2.4416374183874527e-05,0.00010030653999501592,0.00029758449127103583,5.19692779690235e-06,0.0002400778107351189,-3.666666666666667,0.0001267453435150253
643,prob,prob[41],"(41,)",2000,0.00013676643364351386,1.5427899214720912e-08,0.00012420909473432657,1.000234771543002,1581.8046111805797,945.4272593170762,2.5776559000242243e-06,1.0799807388055678e-05,2.5610790902801855e-05,0.00010755794073752111,0.00032485576372521965,7.613104924511899e-06,0.0002659604564527294,-3.633333333333333,0.00013676643364351386
644,prob,prob[42],"(42,)",2000,0.00014749065612148496,1.873873064207506e-08,0.00013688948331436955,1.0001849869510024,1546.800263097869,984.8558822044508,2.866566025358152e-06,1.2516951985296207e-05,2.7169112111824778e-05,0.00011495131957107202,0.00035761295053499077,1.1211177578101734e-05,0.00029418151530839987,-3.6,0.00014749065612148496
645,prob,prob[43],"(43,)",2000,0.00015902725391000536,2.2605914572679402e-08,0.00015035263407296663,1.0001570365194803,1511.5795040897679,1005.8285402301785,3.1754863450356227e-06,1.4246369649982424e-05,2.8865178898015307e-05,0.0001228244031890606,0.0003830374085439658,6.7789888315333195e-06,0.0003102508290274515,-3.566666666666667,0.00015902725391000536
646,prob,prob[44],"(44,)",2000,0.000171454873708923,2.7097989939217083e-08,0.00016461467109348755,1.0001081642804261,1480.9424155788397,1004.5631954928336,3.50418135533385e-06,1.5894248093787725e-05,3.0178240283718183e-05,0.0001305719753953719,0.00042324121660993255,5.288712331049533e-06,0.0003335012844027762,-3.533333333333333,0.000171454873708923
647,prob,prob[45],"(45,)",2000,0.00018485112229515313,3.227679769924512e-08,0.00017965744543225898,1.0000384542981173,1454.3252410878283,993.7971963038802,3.85160750754038e-06,1.7351910334567612e-05,3.211796267135225e-05,0.0001404936415263694,0.0004611836974126864,5.2288316355288885e-06,0.00035725414622484527,-3.5,0.00018485112229515313
648,prob,prob[46],"(46,)",2000,0.00019928649408217395,3.819280011244788e-08,0.00019542978307424862,1.000006174282594,1421.1424240414217,1015.5366165704668,4.215986303368821e-06,1.8517988699537625e-05,3.477352138016803e-05,0.00015082704654182784,0.00050382017827263,1.1168769606222431e-05,0.00039168763484706494,-3.466666666666667,0.00019928649408217395
649,prob,prob[47],"(47,)",2000,0.00021484066694247986,4.4889091716113376e-08,0.00021187045975339124,0.9999604843299186,1389.197013699132,1085.1875907732826,4.5953245402812754e-06,1.9318946272111165e-05,3.7488643417613504e-05,0.00016127027214493835,0.0005545568770516851,6.192556372432858e-06,0.0004187835830370812,-3.433333333333333,0.00021484066694247986
650,prob,prob[48],"(48,)",2000,0.00023158607619019897,5.241371968872451e-08,0.00022894042825312552,0.9999280641155878,1364.5781806744358,1015.2493631285644,4.988111087137009e-06,1.9728056563687255e-05,4.002130156676796e-05,0.00017232108521607808,0.0006089371887799754,1.1984736093365344e-06,0.00044791267179080876,-3.4,0.00023158607619019897
651,prob,prob[49],"(49,)",2000,0.0002496134931117869,6.084771777767013e-08,0.0002466733017123461,0.9998353050253027,1346.8565104367513,1034.105732640964,5.3942939034970675e-06,1.975601925319735e-05,4.228475193341894e-05,0.0001854112083915204,0.0006429584815181735,5.093658075826716e-06,0.00048614682216954736,-3.3666666666666667,0.0002496134931117869
652,prob,prob[50],"(50,)",2000,0.0002690603088768751,7.052951445215506e-08,0.0002655739340600938,0.9997939631179427,1340.9141936946094,996.7939025760201,5.826962753881262e-06,1.9702636092260914e-05,4.4045247341385074e-05,0.00019891253058028626,0.000697329728045003,5.190638427241238e-06,0.0005281301777178614,-3.3333333333333335,0.0002690603088768751
653,prob,prob[51],"(51,)",2000,0.0002901018637851179,8.179765003718209e-08,0.0002860028846658405,0.999811694951545,1335.0694217582088,1001.0175775103805,6.296721051939584e-06,1.9817436192312074e-05,4.710517426360958e-05,0.00021358721743771215,0.0007401972653177908,8.571998292405158e-06,0.0005778744192811734,-3.3,0.0002901018637851179
654,prob,prob[52],"(52,)",2000,0.0003128794633357276,9.482994753469049e-08,0.00030794471506212035,0.9998326963553837,1322.562686003897,1008.6956208574244,6.804807640947198e-06,2.0097702496657777e-05,4.98022599966159e-05,0.00022877821271191718,0.000814522740853829,9.017303470834066e-06,0.000625091582499908,-3.2666666666666666,0.0003128794633357276
655,prob,prob[53],"(53,)",2000,0.0003375331311815597,1.0975567786978722e-07,0.00033129394481304245,0.9998804352192853,1308.4388273944844,1042.6800257351567,7.351256819475628e-06,2.0484685101459144e-05,5.168606918714897e-05,0.0002465101048938499,0.0008838629931118764,1.2154639169891994e-05,0.0006827971514301836,-3.2333333333333334,0.0003375331311815597
656,prob,prob[54],"(54,)",2000,0.0003641924678330811,1.266658876393846e-07,0.0003559015139605121,0.9999201986254923,1289.6503413939226,956.7805774582803,7.935994949623435e-06,2.090986728740636e-05,5.5510277051886006e-05,0.00026633963598251593,0.0009570886943113522,8.63171265296621e-06,0.0007393631440177912,-3.1999999999999997,0.0003641924678330811
657,prob,prob[55],"(55,)",2000,0.0003930110067771815,1.4566827183820608e-07,0.0003816651304981974,0.9999805934377082,1269.2969948385903,1029.1026962640155,8.576243092231209e-06,2.135882785454648e-05,5.886301869088471e-05,0.0002879191967659786,0.0010392701911497242,8.600297382057926e-06,0.000802129620646663,-3.1666666666666665,0.0003930110067771815
658,prob,prob[56],"(56,)",2000,0.0004241352259438961,1.6699157946460048e-07,0.0004086460319941948,1.0000468646732745,1238.30810486199,994.0390910329195,9.286363734149465e-06,2.1917354140636945e-05,6.415093091303942e-05,0.000312681018876593,0.0011228109407896937,1.451142932719051e-05,0.0008731215186814886,-3.1333333333333333,0.0004241352259438961
659,prob,prob[57],"(57,)",2000,0.00045775455024947,1.9115073216481694e-07,0.00043720788209365225,1.0001088700937897,1209.0445634505022,983.6408759935968,1.0065725362885873e-05,2.2719710025390317e-05,6.829480510345125e-05,0.0003358089997557604,0.0012221956160522302,1.1439340207488232e-05,0.0009331484537124083,-3.0999999999999996,0.00045775455024947
660,prob,prob[58],"(58,)",2000,0.0004942064598806657,2.1923601542425122e-07,0.00046822645741590813,1.0001380971581129,1178.9509599195596,1005.6312773971626,1.0936795175407418e-05,2.4026874632531283e-05,7.172866848396384e-05,0.0003656492520883309,0.001324869300812592,1.1940751658100861e-05,0.001002234433169262,-3.0666666666666664,0.0004942064598806657
661,prob,prob[59],"(59,)",2000,0.0005340891186963135,2.5251419338508086e-07,0.0005025079038035927,1.0001562488013391,1153.0908860246843,1016.3813527429977,1.1912350789325346e-05,2.5852830134250212e-05,7.770147632655684e-05,0.0003970464388900588,0.0014299667852690123,1.2970885916524071e-05,0.0010885014230403531,-3.033333333333333,0.0005340891186963135
662,prob,prob[60],"(60,)",2000,0.0005778345173045365,2.9189062106778707e-07,0.0005402690265671234,1.0001492103193472,1131.9589682665392,1062.1399428112265,1.3063155485563378e-05,2.8138809935297467e-05,8.392050326022058e-05,0.0004276425568277923,0.0015522384126862713,1.1254799960240632e-05,0.0011866584764639988,-2.9999999999999996,0.0005778345173045365
663,prob,prob[61],"(61,)",2000,0.0006258411444705107,3.3812324218174476e-07,0.0005814836559884936,1.0001289317581148,1117.1383244013764,1049.5563204560563,1.4362819854880427e-05,3.0758239125172516e-05,9.275249876266768e-05,0.00046383015330105234,0.0016805402652844022,1.6782885103693137e-05,0.0012966592550171516,-2.966666666666667,0.0006258411444705107
664,prob,prob[62],"(62,)",2000,0.0006785268414485017,3.918409182434405e-07,0.0006259719788005214,1.0001085428407064,1100.0961174367937,1051.7304748614238,1.5768404140939168e-05,3.354659672114443e-05,0.00010118043671110326,0.0005029690659881024,0.0018425001701707548,6.9758802475182796e-06,0.0014155708419829795,-2.9333333333333336,0.0006785268414485017
665,prob,prob[63],"(63,)",2000,0.0007363297354910638,4.5350830854144653e-07,0.0006734302551426142,1.0000510646937917,1081.0917639199984,1051.4300525674805,1.7276277405075753e-05,3.635159259627697e-05,0.0001102222357906887,0.0005510305907363307,0.0019608405421671373,1.4894643167398056e-05,0.0015512514314781883,-2.9000000000000004,0.0007363297354910638
666,prob,prob[64],"(64,)",2000,0.0007997566016373415,5.237111947805968e-07,0.0007236789307286739,0.9999531043411929,1064.1899597347774,1027.6917480036968,1.8888623153334777e-05,3.903672516974951e-05,0.0001214831735887559,0.0005993881252977268,0.0021237156541682447,1.6814070136624626e-05,0.0017022761566180635,-2.8666666666666663,0.0007997566016373415
667,prob,prob[65],"(65,)",2000,0.0008693661725321467,6.033253697406525e-07,0.0007767402202413961,1.000400058955542,1044.7654976331673,1084.2132714040522,2.0613732435407986e-05,4.138984841779638e-05,0.00013225425895244206,0.0006545807468297418,0.0022785021214378805,2.2760847589820974e-05,0.0018504027163543033,-2.8333333333333335,0.0008693661725321467
668,prob,prob[66],"(66,)",2000,0.0009458903286819485,6.943190159641917e-07,0.0008332580728466971,1.0009710517153456,1025.7722825483954,1127.1518623608335,2.247447805735245e-05,4.3699862767371864e-05,0.00014615929107710367,0.0007080844605635273,0.0024624499958252792,1.5741664636520523e-05,0.001986002032975566,-2.8,0.0009458903286819485
669,prob,prob[67],"(67,)",2000,0.0010305824885021417,8.01731949327742e-07,0.0008953948566569623,1.001655213575014,1009.910140184633,1113.8967571883231,2.45266532753651e-05,4.590420371666807e-05,0.00016129473456160155,0.0007785624175776504,0.0026917798864226454,1.9425879961917265e-05,0.0021580776191817363,-2.7666666666666666,0.0010305824885021417
670,prob,prob[68],"(68,)",2000,0.0011246456217042992,9.293235173329797e-07,0.0009640142723699581,1.0018850252429607,992.9049259867903,1115.2307657956546,2.6794454281008276e-05,4.795311524137393e-05,0.00017478184434288353,0.0008588092676058807,0.002960419655034319,2.3955611879467528e-05,0.0023454079361854745,-2.7333333333333334,0.0011246456217042992
671,prob,prob[69],"(69,)",2000,0.0012291527886540028,1.0800573714578887e-06,0.0010392580870303048,1.0024504707395896,974.8782690869883,1111.8921399283329,2.928716354188751e-05,4.9768771380246444e-05,0.00018912771992485333,0.0009404353982748993,0.003186932803334107,2.7205341092250542e-05,0.0025503478252462174,-2.7,0.0012291527886540028
672,prob,prob[70],"(70,)",2000,0.0013452426344027365,1.257075656142242e-06,0.00112119385306121,1.0022665695139819,958.5285852858628,1111.4680093385641,3.201523072265136e-05,5.1315529033259595e-05,0.0002105856251239551,0.001034390632797698,0.0034454566282763957,2.5956887742294538e-05,0.002792768264510287,-2.666666666666666,0.0013452426344027365
673,prob,prob[71],"(71,)",2000,0.0014741170736384318,1.4637319125539365e-06,0.0012098478881884022,1.0021232485776157,943.5634712143074,1098.352063285799,3.499055267277857e-05,5.2611981630862914e-05,0.0002309052389710675,0.0011306064734420635,0.003766180658917265,3.256837950849397e-05,0.003048395614852089,-2.6333333333333333,0.0014741170736384318
674,prob,prob[72],"(72,)",2000,0.0016171381848417183,1.7043783167819622e-06,0.0013055184092083734,1.0019902376164207,929.8246470149876,1124.600010389886,3.8232862271261895e-05,5.3757414807674775e-05,0.0002513581517536507,0.0012431159980408391,0.004056246160365371,2.8694656553214122e-05,0.003316984464220357,-2.6,0.0016171381848417183
675,prob,prob[73],"(73,)",2000,0.0017757735281958547,1.984914117203126e-06,0.0014088698013667287,1.0022356229110918,918.8346428051899,1097.7251272142244,4.170098860634551e-05,5.493163100483611e-05,0.0002796703295201541,0.0013883200069698665,0.004400741042156502,3.0370440201455283e-05,0.0036042215045840854,-2.5666666666666664,0.0017757735281958547
676,prob,prob[74],"(74,)",2000,0.0019518130976702841,2.314729878513174e-06,0.0015214236354523924,1.0026892159350262,905.271796119727,1084.8959072997889,4.5471666364259215e-05,5.6407099601297185e-05,0.00031236713317225927,0.0015451014903406241,0.004753099743992213,6.720857369905449e-05,0.003972290149803503,-2.533333333333333,0.0019518130976702841
677,prob,prob[75],"(75,)",2000,0.002148747419628409,2.710784238936368e-06,0.0016464459416987757,1.0020301618808412,892.8096558028157,1122.9566857710777,4.964235407223442e-05,5.855473961638169e-05,0.00035449495807168255,0.0017057398817506716,0.005178818401439984,3.808634934300006e-05,0.0042680593708133985,-2.5,0.002148747419628409
678,prob,prob[76],"(76,)",2000,0.0023717098892542987,3.191955558573464e-06,0.0017866044773741793,1.0017416244464432,878.6279686507529,1041.4351828251877,5.432977130877732e-05,6.15464616198614e-05,0.00039018654147175154,0.0018951516112569685,0.005728463707548826,8.8209291970543e-05,0.004736214590351606,-2.466666666666667,0.0023717098892542987
679,prob,prob[77],"(77,)",2000,0.002624565943390117,3.7731771279173416e-06,0.0019424667636583493,1.0015576839451865,869.1895155042375,978.3158892559109,5.958816894757554e-05,6.534158045899791e-05,0.000435937164255153,0.00212839615408784,0.006307577081047224,7.425306435741413e-05,0.005133716517477608,-2.433333333333333,0.002624565943390117
680,prob,prob[78],"(78,)",2000,0.002911672896011132,4.4706870692870745e-06,0.0021143999312540364,1.0011159865665737,858.93186151309,992.8931380614077,6.547954430764589e-05,6.985991085236766e-05,0.0004996077673755318,0.0023799435077245454,0.006957924931916885,6.827700314789859e-05,0.005607614606043919,-2.4,0.002911672896011132
681,prob,prob[79],"(79,)",2000,0.0032379842224262725,5.302077070460569e-06,0.002302623953332495,1.0007186520228128,846.2689419490295,993.6453450721662,7.207658846321959e-05,7.500137189445521e-05,0.0005819764865011976,0.002698762884737532,0.007750055008650141,0.00014043652204892134,0.006252184405772081,-2.3666666666666667,0.0032379842224262725
682,prob,prob[80],"(80,)",2000,0.0036093118517345805,6.288796672430089e-06,0.002507747330260784,1.0002618874230444,832.0549184166989,974.003010213597,7.9497497929993e-05,8.06867282398974e-05,0.0006800975947900296,0.0030387735831862495,0.008478740695817187,0.00011246316503699764,0.0068620733222071895,-2.333333333333333,0.0036093118517345805
683,prob,prob[81],"(81,)",2000,0.004032267315301112,7.458132528529341e-06,0.0027309581704100376,0.9998092903575873,815.9337597036118,1046.6007538593967,8.786002164389984e-05,8.688377773000354e-05,0.000801662068312261,0.0034106970920078027,0.009179802885227068,0.0002176279165549479,0.0076774934632611305,-2.3,0.004032267315301112
684,prob,prob[82],"(82,)",2000,0.004514969420337135,8.850468102622323e-06,0.0029749736305759622,0.9996140827448424,801.1452006391912,1108.017108502278,9.756170109207018e-05,9.36480324417253e-05,0.0009414076978584074,0.003878899910289681,0.010201793192067926,0.00025574834925467843,0.008487561093015067,-2.2666666666666666,0.004514969420337135
685,prob,prob[83],"(83,)",2000,0.005068019229048073,1.0532005554801041e-05,0.00324530515588304,0.9996652049688405,785.3934046514875,1107.0314210613767,0.00010831378236455421,0.00010110994518286932,0.0011087231474300877,0.00439936119173345,0.0111001874856514,0.00036724543537736544,0.009379628659114098,-2.233333333333333,0.005068019229048073
686,prob,prob[84],"(84,)",2000,0.0057075493855048,1.2593001883033491e-05,0.003548661984894235,0.999722532961158,773.8449965969456,1107.095013778996,0.00012017409533143653,0.00010910033623224641,0.00130151204879029,0.005023892358444843,0.012296393773453063,0.0003846637814492351,0.01032483194746205,-2.2,0.0057075493855048
687,prob,prob[85],"(85,)",2000,0.006449219608431061,1.5103631339872535e-05,0.0038863390665088058,0.999757781188636,764.5328946249693,1146.7519260675247,0.00013311178996972372,0.00011730131582667211,0.001536035292547767,0.005724198120328594,0.013849573152955387,0.0008220537710923243,0.011768238645018825,-2.1666666666666665,0.006449219608431061
688,prob,prob[86],"(86,)",2000,0.007310776344671645,1.8134162593579645e-05,0.004258422547561438,0.9998465611393206,758.1582921718142,1173.0889096104938,0.00014711458183573625,0.00012542038696501602,0.0018206007640998534,0.006555405678309154,0.015250140718315574,0.000730910912445152,0.012993211271144462,-2.133333333333333,0.007310776344671645
689,prob,prob[87],"(87,)",2000,0.00831301240998504,2.17535930604689e-05,0.004664074727153168,0.9999377381450223,754.3885197573251,1217.6285098928217,0.00016213710788504234,0.00013317743093570436,0.002180693450984912,0.007457685159524687,0.016813463708350723,0.0013184675478092292,0.01489671112670975,-2.0999999999999996,0.00831301240998504
690,prob,prob[88],"(88,)",2000,0.009480948963782395,2.603338137110809e-05,0.005102291776359727,1.0000210565985583,752.8250358659288,1284.1242222257297,0.00017810777265143873,0.00014033107097526917,0.002669741204100486,0.008617639850482644,0.018679529506700314,0.0016511095446923542,0.016661822232223063,-2.066666666666667,0.009480948963782395
691,prob,prob[89],"(89,)",2000,0.010843687432771153,3.104735442241306e-05,0.005572015292729647,1.0001473623458474,757.6165456255688,1344.4426672813495,0.00019489151873983116,0.00014667844076948124,0.0033294893261920575,0.009967227397048558,0.020752623369085826,0.0020531937909872323,0.01860281904649104,-2.033333333333333,0.010843687432771153
692,prob,prob[90],"(90,)",2000,0.012437233554915968,3.689303801086207e-05,0.006073963945469389,1.000253903377646,764.9614742217111,1247.7576521109638,0.00021228156024152023,0.00015208636391777846,0.004168922585801444,0.011602862156354114,0.023342975362853884,0.0030288394672254894,0.02138319815879253,-1.9999999999999998,0.012437233554915968
693,prob,prob[91],"(91,)",2000,0.014306392586261417,4.374222009960451e-05,0.006613790146323401,1.0003856275325769,777.3809451576423,1197.795946264966,0.00022997112731714664,0.00015655100250134738,0.005091758027989329,0.013509651489093914,0.02635008924743329,0.00404625191003365,0.024217098041500656,-1.9666666666666668,0.014306392586261417
694,prob,prob[92],"(92,)",2000,0.016510428765065303,5.2029449767240934e-05,0.007213144235854495,1.0004498078246946,800.7210567547002,1296.0781201078778,0.0002478210861332379,0.0001609101734330324,0.0064519964891055675,0.01573703365429814,0.029451848058823706,0.004823082499387191,0.027267673863685123,-1.9333333333333336,0.016510428765065303
695,prob,prob[93],"(93,)",2000,0.019116170378804535,6.211837461479882e-05,0.00788152108509511,1.000467008607412,835.3549486316533,1310.282853405134,0.00026539723715712093,0.00016595215422635602,0.00802040828421933,0.018494529620273786,0.033304543445434986,0.007271086525966404,0.032063024315267724,-1.8999999999999997,0.019116170378804535
696,prob,prob[94],"(94,)",2000,0.022199954075365496,7.422673492391163e-05,0.008615493887404926,1.0005520293815369,881.7811706306458,1312.4860388852542,0.00028321923465312107,0.0001719982923396457,0.009793476991138934,0.021430832788028237,0.03787956797662705,0.007498120609273117,0.034861914377584,-1.8666666666666667,0.022199954075365496
697,prob,prob[95],"(95,)",2000,0.025850323906782095,8.846948527083703e-05,0.009405821881730328,1.000343934094559,942.3035757046162,1302.2827301522736,0.00029879477429077734,0.00017926760676172153,0.012154832482930816,0.02490896209837936,0.04296640978361666,0.00988148550975615,0.04003754318450638,-1.8333333333333335,0.025850323906782095
698,prob,prob[96],"(96,)",2000,0.030172515063992413,0.00010478831996197986,0.010236616626697507,1.0002318616064305,1026.1864772092447,1308.6546383046732,0.00031204774668193387,0.00019104215185134047,0.014974771332055275,0.029335416267967727,0.04844522916891431,0.013694560716754303,0.046670316596136255,-1.7999999999999996,0.030172515063992413
699,prob,prob[97],"(97,)",2000,0.03528573545135113,0.00012285876764728926,0.011084167431399134,1.0000822277386292,1133.5122960160456,1316.4460804035978,0.000321825004863097,0.00020153460180761908,0.018589915137753342,0.034435794251528,0.055001864195714255,0.01773193360851139,0.05334704955489089,-1.7666666666666666,0.03528573545135113
700,prob,prob[98],"(98,)",2000,0.04133266606163406,0.00014211848848163906,0.011921345917371875,0.9998947354040534,1271.4722088324324,1292.4398292735561,0.00032677551770534405,0.00021256851078362745,0.02359854872823996,0.040398633872412326,0.06215222387367924,0.02161923712356639,0.059963266348406236,-1.7333333333333334,0.04133266606163406
701,prob,prob[99],"(99,)",2000,0.04848392479287716,0.00016220275063138167,0.012735884367855327,1.0002292099175751,1444.4560847782814,1372.3413838726065,0.00033068518841444393,0.0002245170379654728,0.02942641680119969,0.04750554945455715,0.07076276685175815,0.02802121692337234,0.06886812445476975,-1.6999999999999997,0.04848392479287716
702,prob,prob[100],"(100,)",2000,0.05689728947025185,0.00018513460716669623,0.01360641786682653,0.9998994759163083,1628.7298422408132,1652.249205013444,0.00033294400231442014,0.00024057633754727282,0.03634161556441076,0.05622323855360464,0.08143664035381627,0.03509257988919386,0.07949562747394212,-1.6666666666666665,0.05689728947025185
703,prob,prob[101],"(101,)",2000,0.06659198820438031,0.0002163486417819314,0.014708794708674514,1.000784445731566,1874.2636913934257,1838.0872906679156,0.00033618308331328774,0.0002657674953840373,0.04432758879964551,0.06572362520326,0.09332718006555132,0.04231296360033933,0.08987405799482198,-1.6333333333333333,0.06659198820438031
704,prob,prob[102],"(102,)",2000,0.07766700392306333,0.00026030310464912035,0.016133911635097063,1.0004574678930764,2123.2523992053602,1808.5168939697382,0.0003464692983886875,0.00030130963807693464,0.05303581416607302,0.07633185506824344,0.10532158667201576,0.05074910960206995,0.1024033991171548,-1.6,0.07766700392306333
705,prob,prob[103],"(103,)",2000,0.09019135897063164,0.00032134730475134594,0.017926162577399155,1.0010132236272677,2343.015876423822,1801.7719068303159,0.00036830224086994084,0.0003455966010936006,0.06314015671824652,0.08871744762858408,0.1219188243926092,0.06166916933932985,0.11964378018715983,-1.5666666666666664,0.09019135897063164
706,prob,prob[104],"(104,)",2000,0.10418981326976183,0.00040161605843228704,0.02004036073608175,1.0016411098130094,2407.156433670129,1806.7911697904835,0.00041156625662097294,0.0003959445710461266,0.07410295622034566,0.1025133495030457,0.140248223766195,0.06991500367615068,0.13435017314552158,-1.5333333333333332,0.10418981326976183
707,prob,prob[105],"(105,)",2000,0.11961373360085377,0.0004977284951048606,0.022309829562434148,1.0003567346102362,2249.6302917560047,1837.755784492409,0.000479593851602964,0.00044858012565850033,0.08665329346173577,0.11789074309401155,0.15826988293930286,0.08453334832322686,0.15564023374646144,-1.5,0.11961373360085377
708,prob,prob[106],"(106,)",2000,0.13633945271887762,0.0005976188678228033,0.024446244452324437,0.9995512510653842,1988.7224237078638,1798.4254766902054,0.0005642891206368235,0.000494844627237478,0.10098620069252252,0.13424238524965165,0.1795241222958404,0.0979879915383411,0.17459513793274828,-1.4666666666666663,0.13633945271887762
709,prob,prob[107],"(107,)",2000,0.15415653155465014,0.0006814840792118056,0.02610525003158954,0.9998447343055148,1669.0654399499995,1685.4374446031686,0.0006584793924392739,0.0005198109958490247,0.11649051234214922,0.15195496560826827,0.2002575935689116,0.11448995322636235,0.1964733153544586,-1.4333333333333333,0.15415653155465014
710,prob,prob[108],"(108,)",2000,0.17280052846777985,0.0007354752021380952,0.027119646054808592,1.0001324524897643,1385.1178852024502,1509.986090579056,0.0007400936128255302,0.0005138890384331198,0.13304803313629887,0.17092333600311937,0.22040808547000337,0.12933297331489177,0.21563878054711502,-1.4,0.17280052846777985
711,prob,prob[109],"(109,)",2000,0.1920848352675739,0.0007993752673789349,0.02827322527372735,1.0002469839651327,1217.3323300277386,1481.1924622855497,0.0008177228668981685,0.0005100100537107037,0.1496435045955987,0.18988434461127573,0.24281902340891726,0.14538251561787777,0.23668295732073769,-1.3666666666666663,0.1920848352675739
712,prob,prob[110],"(110,)",2000,0.2117552163103776,0.0008968793675092592,0.02994794429521431,1.0001801185223684,1137.1786789992286,1451.3982159179375,0.0008927206207431198,0.0005253489347145075,0.16651716186100218,0.2095011462020523,0.26574414801833274,0.16168388543835693,0.25847933779531834,-1.3333333333333333,0.2117552163103776
713,prob,prob[111],"(111,)",2000,0.2314408509304816,0.0010289320043790795,0.03207696999997162,0.9998847680526395,1130.9216955934091,1550.3420100769101,0.0009591136896202764,0.0005617318002518937,0.18267444392502133,0.22866082338487448,0.287378094449701,0.17844604917352713,0.28320673929729545,-1.3000000000000003,0.2314408509304816
714,prob,prob[112],"(112,)",2000,0.2507068398302003,0.0011802563128867575,0.034354858650367893,0.9996391570228348,1170.5529123626357,1360.0530963787216,0.00100889212199202,0.0006068725071582605,0.19816572576897765,0.24768446710024533,0.3120582103576725,0.19381767509827885,0.30520026347040385,-1.2666666666666662,0.2507068398302003
715,prob,prob[113],"(113,)",2000,0.2690628583040022,0.001318942774968509,0.03631725175407012,0.9993325438877181,1238.6681099405307,1709.001282082775,0.0010328996018556102,0.0006511608533908708,0.21348773305776794,0.26623100932795163,0.33263940992887986,0.20888070903629027,0.3248374640091086,-1.2333333333333332,0.2690628583040022
716,prob,prob[114],"(114,)",2000,0.2859733314977624,0.001402593297726135,0.037451212233065766,0.9990831210805287,1343.3561711151715,1701.260383878754,0.0010225710351431019,0.0006888924926268356,0.2295409854998793,0.2824136730088934,0.35159719704532366,0.22198200296856607,0.34149614034871817,-1.2000000000000002,0.2859733314977624
717,prob,prob[115],"(115,)",2000,0.3008798836668687,0.0013957326173888527,0.03735950504742873,0.9990423022117618,1506.7655972054542,1660.9660856694156,0.0009643695437765399,0.0007168747533335953,0.24489568772463044,0.2974593946655913,0.36608301743611016,0.23823581631819074,0.3578115239440176,-1.1666666666666667,0.3008798836668687
718,prob,prob[116],"(116,)",2000,0.31323943490938577,0.0012976990989003081,0.036023590866268565,0.9999604351334258,1748.1712214903434,1909.9435946542624,0.0008625683117993057,0.0007243074298658431,0.25836931352442744,0.3097162734113755,0.37482898278364896,0.2592386924529011,0.3752047915336617,-1.133333333333333,0.31323943490938577
719,prob,prob[117],"(117,)",2000,0.32353885107832037,0.0012049912539387308,0.03471298393884817,0.9993504039786386,2096.9838270997507,1657.6224856142042,0.0007523230909380627,0.0006995636868876975,0.26907499379171934,0.3212755171449112,0.38230610025183165,0.26723962396388395,0.3794375591660535,-1.1,0.32353885107832037
720,prob,prob[118],"(118,)",2000,0.33312610212910704,0.0012028266276021818,0.034681791009147464,0.9995307670231484,2432.541110923416,1843.5970911562802,0.0006996696285166889,0.0006909376193856322,0.27912086473608705,0.3306949143166512,0.3921152617223878,0.2798606940111862,0.39287005763885663,-1.0666666666666669,0.33312610212910704
721,prob,prob[119],"(119,)",2000,0.3422214722824387,0.0012743296064466046,0.035697753521007514,1.0003849270368115,2636.978911935568,1736.4338420537638,0.0006889754541185415,0.0007084088402215874,0.28665927468066027,0.3397680797382855,0.40339425640354815,0.2858027964067116,0.4024730935104477,-1.033333333333333,0.3422214722824387
722,prob,prob[120],"(120,)",2000,0.3510272634879198,0.0013802472407407084,0.037151678841483175,1.000026196432558,2738.2561726661156,1582.2293426423012,0.0007022970750181206,0.0007598892266085043,0.29219770400538647,0.3497770877775265,0.41607590399643185,0.2883236687584915,0.40988159275094493,-0.9999999999999999,0.3510272634879198
723,prob,prob[121],"(121,)",2000,0.3597191527093935,0.0014733324689378872,0.03838401319479097,1.000713029917895,2783.9824862313726,1800.3607167028172,0.0007225247043042098,0.0008209747948670569,0.30003787649126173,0.35776551821487823,0.4256012404394282,0.2971223740634402,0.42147251463688185,-0.9666666666666668,0.3597191527093935
724,prob,prob[122],"(122,)",2000,0.3684767320795146,0.0015114860661679648,0.038877835152795796,1.0016528077037508,2779.2219401371726,1752.0396410076628,0.0007312708060690248,0.0008564902318459562,0.3073560243116155,0.3671023779695123,0.43474183025367324,0.30374012392593763,0.42932376239840625,-0.9333333333333331,0.3684767320795146
725,prob,prob[123],"(123,)",2000,0.37747780933952335,0.0014750948565041915,0.03840696364598732,1.0025180784646701,2827.8210802208073,1854.9978803473005,0.0007266605676608467,0.000848350356826794,0.3168662442834064,0.37689598705030514,0.4414917155971144,0.31644300159287586,0.4404222695187805,-0.9,0.37747780933952335
726,prob,prob[124],"(124,)",2000,0.3869219807344015,0.001384828173485729,0.03721327953144857,1.000877491955977,2793.9212377129375,1673.7055118607705,0.0007023021085207621,0.0008035084532507114,0.3264664006269389,0.3857768144393888,0.4496035062614147,0.3262281077171695,0.4485883663842289,-0.8666666666666669,0.3869219807344015
727,prob,prob[125],"(125,)",2000,0.39675192929963815,0.0013296777972456539,0.03646474732184023,1.0011304681120625,2896.252146689464,1744.3085924631205,0.0006798290066258736,0.0007691384582432504,0.3374247485601904,0.3954779103249084,0.458658732790346,0.3399509931566619,0.4604591340126735,-0.8333333333333328,0.39675192929963815
728,prob,prob[126],"(126,)",2000,0.40570180418018664,0.0014004421722981588,0.0374224821771373,1.000552283559956,2961.6168930961176,1590.4398905207702,0.0006884583712277752,0.000797801788965081,0.34540138226961303,0.4049739395740092,0.46859978482845704,0.34658394918949165,0.4688071076607448,-0.7999999999999997,0.40570180418018664
729,prob,prob[127],"(127,)",2000,0.41344725856399256,0.0015497050165918385,0.03936629289877113,0.999675679084273,3013.150186945554,1547.0047298181044,0.0007171016843344292,0.0008586661468588819,0.3503804218808716,0.4123842541529357,0.4794309028050121,0.34908453299142844,0.4773540329887483,-0.7666666666666666,0.41344725856399256
730,prob,prob[128],"(128,)",2000,0.41990703338779006,0.0017077651064682392,0.04132511471814977,0.9997233965565274,3038.5661407341477,1774.0540161194679,0.0007480890605933887,0.0009055851185346712,0.35447494873192303,0.41875911834685153,0.48886834428611925,0.35099454932691554,0.4842905562004479,-0.733333333333333,0.41990703338779006
731,prob,prob[129],"(129,)",2000,0.4250134504236888,0.0018129378089102807,0.0425786074092411,0.999244727589118,3065.0389455096506,1617.6246385323127,0.0007677250713043008,0.000925520928765891,0.3572528405879096,0.4234966467852251,0.4977576014161587,0.3562400959035935,0.49585205401030935,-0.6999999999999998,0.4250134504236888
732,prob,prob[130],"(130,)",2000,0.42870587058117404,0.001821637057965256,0.042680640318126156,0.9987847314501974,3073.8082985415485,1611.3467737268377,0.0007673834960734397,0.0009100667925254743,0.3606544073656669,0.4265649672100983,0.5024928935822464,0.3571187873386925,0.49861161399189435,-0.6666666666666667,0.42870587058117404
733,prob,prob[131],"(131,)",2000,0.4309402190059403,0.001722463578436584,0.04150257315440314,0.9989856335455665,3064.7713310836807,1797.5332585593028,0.0007446588798207674,0.00085879412459737,0.3653641031649696,0.4282929039447576,0.502530751774168,0.36229491059542296,0.49835514443343626,-0.6333333333333336,0.4309402190059403
734,prob,prob[132],"(132,)",2000,0.43168450146845405,0.001546521402489501,0.03932583632282346,0.9993424376502639,3071.7030437385974,1673.236891413185,0.0007058019066881816,0.0007981197343498665,0.3702152564585391,0.4295879967098236,0.5004846374446129,0.3671144364554436,0.4932811229650797,-0.5999999999999995,0.43168450146845405
735,prob,prob[133],"(133,)",2000,0.430957259041849,0.0013832440778980453,0.03719198943183929,0.9996608312582108,3055.32041564227,1689.2521290161744,0.0006709084031351721,0.0007492872230056636,0.3723007562082552,0.4299617941950624,0.4935552248003983,0.3721580207109,0.4935400179302333,-0.5666666666666664,0.430957259041849
736,prob,prob[134],"(134,)",2000,0.4295057427272094,0.0013604984985231268,0.03688493592949738,0.9990702977277414,3021.8657113987924,1661.5467701864109,0.0006730209678040265,0.000741204392040636,0.37079645405617045,0.42875996289922125,0.4927630436692432,0.36883977634303267,0.49022663169163566,-0.5333333333333333,0.4295057427272094
737,prob,prob[135],"(135,)",2000,0.42796427288234584,0.0014522794168166347,0.0381087839850163,0.9993984230307782,2931.2949715362233,1644.8617641682908,0.0006982392522377035,0.0007793212812429487,0.36701443401891987,0.42656812689319007,0.4925441500451384,0.3701043073970507,0.4945128600754767,-0.49999999999999967,0.42796427288234584
738,prob,prob[136],"(136,)",2000,0.4264334930171283,0.001574637681634125,0.03968170462107349,0.9996591978990119,2959.7614563729176,1555.6875180078314,0.0007304925733725198,0.0008409729282523306,0.36266283601172844,0.42449465999822233,0.4938945405795833,0.3590250715281974,0.4891471194064806,-0.46666666666666656,0.4264334930171283
739,prob,prob[137],"(137,)",2000,0.4249807122350777,0.0016627989435437937,0.040777431791909034,0.9997843459448663,2963.7115629537107,1554.7868897315707,0.0007456263009449308,0.0008993573747020637,0.36114032012444025,0.42319404806908334,0.4932397480496508,0.36227032491731503,0.4933473586219258,-0.43333333333333346,0.4249807122350777
740,prob,prob[138],"(138,)",2000,0.42367214343374326,0.0016766284602712286,0.040946653834852346,0.9998602971222471,3035.8433959617505,1514.0224817835674,0.0007386655420227365,0.0009341830839765859,0.35990432084203144,0.42214263778966143,0.4910534837562143,0.36226406230462305,0.4929320043126261,-0.3999999999999998,0.42367214343374326
741,prob,prob[139],"(139,)",2000,0.4225668258729651,0.0016075671756040633,0.04009447811861458,0.999756043953451,3153.3962681917224,1604.2538025425151,0.0007122127130530705,0.000934770725518079,0.35942314952497056,0.4210824288637224,0.48747030421364346,0.35896059826732263,0.4861919579550569,-0.3666666666666667,0.4225668258729651
742,prob,prob[140],"(140,)",2000,0.421728284263009,0.001481818477558411,0.03849439540450546,0.9996850030981864,3254.8727512762507,1706.1875718889582,0.0006738804325545308,0.0008994083623363957,0.36273218924520134,0.42055619444776837,0.48461248125629647,0.3620331395307862,0.4837443433497889,-0.33333333333333315,0.421728284263009
743,prob,prob[141],"(141,)",2000,0.42119428033998746,0.001366898509616518,0.03697159057460901,1.0010608670095482,3290.7203335788345,1677.2463679569341,0.0006420791818085625,0.000839506490474462,0.3641743237245358,0.41959318251522415,0.48249448478948787,0.36390774827375105,0.48217008989010335,-0.2999999999999995,0.42119428033998746
744,prob,prob[142],"(142,)",2000,0.4205948879716245,0.0013599085606647988,0.0368769380597793,1.0018815918850406,3209.554798611627,1611.8613798422707,0.0006472639432095545,0.0007939164202291453,0.3630661765336835,0.41902335847775507,0.48222057910270477,0.3608883559763798,0.47941748111349874,-0.2666666666666664,0.4205948879716245
745,prob,prob[143],"(143,)",2000,0.4187380721940871,0.001457631715661444,0.03817894335443876,1.002066229049655,3124.153404563947,1672.6910069686608,0.0006806589370424851,0.0007939748333158696,0.35940461405284546,0.4174742553469447,0.4827729883356175,0.35779595194085645,0.47980034928701165,-0.23333333333333328,0.4187380721940871
746,prob,prob[144],"(144,)",2000,0.41552106759283025,0.0015727017157387362,0.03965730343503875,1.0029925592920808,3098.548582245986,1572.0876763853373,0.000711734249417623,0.0008093360302507001,0.3548641322452578,0.41437238308569824,0.482414481355073,0.3556226800206234,0.48287247094461117,-0.20000000000000018,0.41552106759283025
747,prob,prob[145],"(145,)",2000,0.41096565338018826,0.0016418582495500975,0.04051985006820851,1.0018671193921556,3134.1117942942,1726.6201203008552,0.0007234650619735986,0.0008127480197162639,0.34744619954901684,0.4097061550160038,0.4786059018130062,0.3449087092436214,0.47448684760451654,-0.16666666666666652,0.41096565338018826
748,prob,prob[146],"(146,)",2000,0.4051032922692957,0.001630523235643452,0.04037973793430874,1.0013785383964742,3262.396432013416,1939.2408021849076,0.0007094216559725395,0.0007924417963761517,0.3406872207957611,0.4034901085244166,0.47160435607955165,0.3348662988840041,0.46464557006311286,-0.13333333333333341,0.4051032922692957
749,prob,prob[147],"(147,)",2000,0.3979754723029482,0.001534578779796169,0.03917370010346443,1.0006318625750672,3201.539385514558,2018.1465781365948,0.0006716512798225355,0.0007463737635506639,0.3349309624028601,0.39666941589050275,0.4638994257353565,0.3291428035932501,0.45614900503458256,-0.09999999999999987,0.3979754723029482
750,prob,prob[148],"(148,)",2000,0.3896291470645673,0.001379351613618212,0.037139623229351854,0.9995811641674389,3249.203297129205,1952.1435640837658,0.0006517132775977406,0.0006853376820049846,0.32986743060696666,0.3885416498143897,0.45246640957397666,0.32260803820434447,0.44420175184972377,-0.06666666666666621,0.3896291470645673
751,prob,prob[149],"(149,)",2000,0.3801284935872665,0.0012208738136277823,0.03494100475984888,0.9994179669024464,3190.499114673615,1949.6733422771322,0.0006184805958518485,0.0006434376553360617,0.3238261254493533,0.37967003759363194,0.436945877954877,0.3237398404878663,0.4368866415423785,-0.033333333333333104,0.3801284935872665
752,prob,prob[150],"(150,)",2000,0.36964954312163845,0.0011395870738808544,0.0337577705703569,1.0004076437821536,3015.3574336765837,1754.9121759439972,0.0006133996345039361,0.0006212970836698575,0.31425637864549716,0.36880445947468254,0.42451427357395416,0.3139150302926337,0.42378113672787837,2.7755575615628914e-16,0.36964954312163845
753,prob,prob[151],"(151,)",2000,0.3598346781258808,0.0011763752111822586,0.03429832665280128,0.999843131242032,2371.702664945801,1832.8475739133082,0.0007034440648666606,0.0006430178987015767,0.30371153037858395,0.358727777625294,0.4167300132340753,0.29976131178248516,0.41236612105665355,0.03333333333333338,0.3598346781258808
754,prob,prob[152],"(152,)",2000,0.3513357840218357,0.00125999274563016,0.03549637651409169,1.0002851845310812,2011.4462456714293,1535.5021424410295,0.0007872256366474661,0.0006688465132737591,0.29400235149192216,0.350730820888817,0.41037534793648733,0.29178355325773714,0.40778748400246806,0.06666666666666676,0.3513357840218357
755,prob,prob[153],"(153,)",2000,0.34413824261292153,0.0013292415341836115,0.036458764847202535,1.0007383064646211,1838.4510738502656,1278.8278428411345,0.0008441218220228529,0.000700083372946511,0.28552311236995,0.3429400215668307,0.4045618479339275,0.2784502606295472,0.3971706595124607,0.09999999999999987,0.34413824261292153
756,prob,prob[154],"(154,)",2000,0.3382257547527978,0.0013502069715548425,0.03674516255991858,1.0011664298751326,1812.0187798695304,1381.7439340340622,0.0008582394153527816,0.0007181964726774051,0.2789800149181767,0.33745718291075294,0.3998423937469428,0.2819901319647732,0.4016595315034486,0.13333333333333325,0.3382257547527978
757,prob,prob[155],"(155,)",2000,0.3335767219450478,0.001314327072316177,0.03625364908965961,1.0014995711720813,1864.627585635361,1564.4358377486903,0.0008321068493646907,0.0007204504909884475,0.275110495554903,0.33284949188565766,0.39413091377542864,0.27786507314130315,0.39570362211122745,0.16666666666666707,0.3335767219450478
758,prob,prob[156],"(156,)",2000,0.3301736988976976,0.0012358457552989295,0.03515459792543402,1.0010452782250143,2010.0420607456842,1590.664688084571,0.0007775706647982269,0.0007109669209364066,0.27387649253536545,0.3288529064626809,0.3889568200554196,0.2697677094356031,0.3844163531996,0.20000000000000018,0.3301736988976976
759,prob,prob[157],"(157,)",2000,0.32796716447510094,0.0011510742512018223,0.03392748518829273,1.0020847964608457,2311.5610677535237,1690.016512725285,0.0007027078070994076,0.0007151389368235624,0.27411344334794413,0.32629155421522876,0.384703415842767,0.267710662304556,0.3780757428771665,0.23333333333333356,0.32796716447510094
760,prob,prob[158],"(158,)",2000,0.326897332614907,0.00111346933314843,0.033368687914696764,1.0028155249040571,2704.5931679495807,1720.1309447159897,0.0006370263323142642,0.0007336229652769814,0.2747834829047713,0.3257017760469534,0.3839861299922635,0.27295947086140804,0.37949603738900806,0.26666666666666694,0.326897332614907
761,prob,prob[159],"(159,)",2000,0.32618356295265516,0.0011632166561117271,0.034105962178360066,1.002392349756012,2953.200973899741,1617.8868225870171,0.0006201931712904565,0.0007825999949029041,0.2733632139140317,0.3239964399368407,0.38427733897433897,0.27197201326912884,0.38310696137357314,0.30000000000000004,0.32618356295265516
762,prob,prob[160],"(160,)",2000,0.3246983443190591,0.0012443122250721302,0.0352748100642956,1.0015872577950913,3003.180143232621,1622.7601253814796,0.0006361605393464577,0.0008269423012326252,0.269876850249724,0.32231662932404337,0.3849752967208743,0.26717125377644724,0.3813572508997638,0.3333333333333334,0.3246983443190591
763,prob,prob[161],"(161,)",2000,0.32243479780625095,0.0012999695281910762,0.03605509018420389,1.001568392590351,2952.2355259343585,1698.7501581178497,0.000658052862857814,0.0008392797884301241,0.26881156875060847,0.3202612761537023,0.3838787180515464,0.2672387536827308,0.3822039715438382,0.36666666666666653,0.32243479780625095
764,prob,prob[162],"(162,)",2000,0.3194229171587849,0.0013016726521851323,0.03607870081066019,1.0018462143152926,2854.6170390102106,1669.5491841216017,0.0006709291324985864,0.0008246395100852327,0.2662143256642048,0.31746397963901596,0.3807428374318489,0.2682677194988638,0.3822825934551202,0.40000000000000036,0.3194229171587849
765,prob,prob[163],"(163,)",2000,0.31569724982877356,0.0012449575507545226,0.0352839559963806,1.0026793692172367,2775.3713541881166,1634.3853375238411,0.0006688830302353354,0.0007807530382651199,0.26342312503694376,0.3143675731501655,0.37552770759917614,0.26332959396705374,0.37526427819081787,0.43333333333333374,0.31569724982877356
766,prob,prob[164],"(164,)",2000,0.31129625867026844,0.0011453139950746095,0.03384248801543128,1.0033831246053297,2696.2468800900147,1510.3112322987627,0.0006558426009465276,0.0007283425957448277,0.2602441729035728,0.30964783398891993,0.36820504723857567,0.2590933834777947,0.3663841092948173,0.46666666666666684,0.31129625867026844
767,prob,prob[165],"(165,)",2000,0.30626247789740235,0.00103494902953356,0.03217062370445373,1.002223789691207,2578.497465213773,1469.7965249211263,0.0006361449985942286,0.0006696637249238651,0.2564649595831692,0.30467024097331225,0.3611355323651661,0.25311741948826844,0.3560994565685077,0.5000000000000002,0.30626247789740235
768,prob,prob[166],"(166,)",2000,0.30064417379973996,0.0009572850934566697,0.030940024134713758,1.001945320860594,2542.5061909938777,1845.5354233750447,0.0006168002944238966,0.000620288664670045,0.25137330853992895,0.2994803591321137,0.3543701212903529,0.2469213735711643,0.3488764054919439,0.5333333333333333,0.30064417379973996
769,prob,prob[167],"(167,)",2000,0.2944454251906451,0.0009563316013568445,0.030924611579724724,1.0029055495858,2598.444812444489,2011.549523072599,0.0006111132061183486,0.0006416308526215015,0.24453235890377617,0.29348124471119286,0.3463845006827713,0.24748651979601788,0.3484976826783086,0.5666666666666667,0.2944454251906451
770,prob,prob[168],"(168,)",2000,0.28746923353405673,0.0010062230929938553,0.031721019734457706,1.0010392440841385,2700.1064846611457,1995.4638085455692,0.0006160666319388053,0.0007233389011231024,0.23812160558738646,0.28634767003828465,0.3418976606966663,0.23534466913802773,0.33829608660735033,0.6000000000000001,0.28746923353405673
771,prob,prob[169],"(169,)",2000,0.279734301268048,0.001047603082044051,0.032366697113608164,1.0014794556015822,2818.4659050407963,1913.432384145172,0.000616552194575065,0.0007636672891958687,0.22878401432170245,0.2786023884098514,0.33517480563483243,0.2264765280937513,0.3302650327528426,0.6333333333333332,0.279734301268048
772,prob,prob[170],"(170,)",2000,0.2713258747441638,0.0010487227749058196,0.032383989484092594,1.0019744840230642,2893.224790402535,1876.738275123549,0.0006049601033270731,0.0007651784452647122,0.22033837152286603,0.26997406641299865,0.3261014640971296,0.21654218607308265,0.321459446511113,0.666666666666667,0.2713258747441638
773,prob,prob[171],"(171,)",2000,0.2623281211461649,0.0010000702985566634,0.03162388809992635,1.001149444478066,2936.569337964615,1849.5607531222138,0.0005855309114547246,0.0007416498995395476,0.21185337762610296,0.2613856555928893,0.31614438435180103,0.2078590499171819,0.31035790323386553,0.7000000000000004,0.2623281211461649
774,prob,prob[172],"(172,)",2000,0.2528267109989579,0.0009091459998310308,0.030152048020508172,1.001469722300971,2966.015209739626,1696.7915194620803,0.0005536502355759625,0.0006903752570954416,0.20504818011309953,0.2521449078116921,0.30466340146300963,0.19855005284323318,0.29745073050338183,0.7333333333333335,0.2528267109989579
775,prob,prob[173],"(173,)",2000,0.24290195574820014,0.0007960787640127705,0.028214867783010616,1.0012352667927118,2984.7492990423652,1653.4794029624632,0.0005144049038370513,0.0006207399964264252,0.1969595865182866,0.24199849891093078,0.2899835448603438,0.19557358613121678,0.2880463067716101,0.7666666666666668,0.24290195574820014
776,prob,prob[174],"(174,)",2000,0.2326408982142243,0.0006892285839587365,0.02625316331337495,1.0020236685390898,2998.153473133131,1426.3882491841114,0.00047697672572533404,0.0005479199650764024,0.19042199777121943,0.23216351125158358,0.2770827291615593,0.18799048959756576,0.2737607238029645,0.8,0.2326408982142243
777,prob,prob[175],"(175,)",2000,0.2221194164850333,0.0006201592960656499,0.02490299773251505,1.000311139591519,2982.0442145823845,1809.5186192317583,0.000454562768982571,0.0005126626322968404,0.18296964906465196,0.2213329789501357,0.2648044987599349,0.17933138407088672,0.26041726426769535,0.8333333333333334,0.2221194164850333
778,prob,prob[176],"(176,)",2000,0.21179526013762834,0.0006074177443895728,0.024645846392233578,0.9994290520484567,2912.8664506163636,1645.632637427854,0.00045492765886814314,0.0005347067071459657,0.17292484815343406,0.21079376298705027,0.25293097982532586,0.17251939295570795,0.2520548348763148,0.8666666666666667,0.21179526013762834
779,prob,prob[177],"(177,)",2000,0.20197083096386576,0.0006202787573237581,0.02490539614870155,0.9995850639875007,2848.1691792108986,1612.0045754749735,0.0004666885318977886,0.0005651336537356064,0.16370711885013137,0.20091682538860758,0.24414468572444792,0.15958740887974956,0.23942616847173695,0.9000000000000004,0.20197083096386576
780,prob,prob[178],"(178,)",2000,0.19262919563643985,0.0006309436945818612,0.025118592607506124,0.9997666857367766,2748.755387825911,1582.8092241840584,0.0004788459095582363,0.0005860694624428843,0.15381756240334926,0.19148605052595585,0.23517266375985435,0.1514434931225761,0.23235119208850494,0.9333333333333337,0.19262919563643985
781,prob,prob[179],"(179,)",2000,0.18375612135731242,0.000625532075384673,0.02501063924382328,0.999366300570386,2667.4211097349794,1526.7112125679591,0.00047936129196499,0.0005864693268087186,0.1446494661228959,0.18268007715610768,0.22591055016340203,0.14070713647159333,0.22073275977031095,0.9666666666666668,0.18375612135731242
782,prob,prob[180],"(180,)",2000,0.1753425181562108,0.0006005475198517312,0.024506071081504092,0.9994491504311499,2492.8294797089293,1582.9929643447385,0.00048232820145183446,0.0005678080285555369,0.13641985338157234,0.17432699461334017,0.21706333309522324,0.13421314732269587,0.21275799820600663,1.0000000000000002,0.1753425181562108
783,prob,prob[181],"(181,)",2000,0.16737414415162633,0.0005600216311729793,0.023664776169931956,0.9995435434730392,2325.633431150279,1674.1610938747124,0.00048362950356331134,0.0005358613026711981,0.12991232906841566,0.1666356754832116,0.20774018631974966,0.12609562905830893,0.20342697719867617,1.0333333333333337,0.16737414415162633
784,prob,prob[182],"(182,)",2000,0.15983828473279502,0.0005134902245109338,0.02266032269211835,0.9996597098627946,2117.379206604617,1589.751694210461,0.0004869294348196076,0.0005004615576936826,0.12335273985625368,0.1589903825854221,0.2006854681635867,0.11724972461835996,0.19240269729404796,1.0666666666666667,0.15983828473279502
785,prob,prob[183],"(183,)",2000,0.15272020144336756,0.0004732006407539213,0.021753175417715945,0.999753492094596,1882.659333741598,1362.1809270946287,0.0004972960735348546,0.000466839389837649,0.11722136696341773,0.15166128215442137,0.1909396506510159,0.11578873521612064,0.18811580606797002,1.1,0.15272020144336756
786,prob,prob[184],"(184,)",2000,0.1460939609177965,0.0004516099070743728,0.02125111543129849,0.9997943726266288,1715.1921956362812,1513.7766733482983,0.0005070082259451924,0.00044088784734674816,0.11210789715036455,0.14482097373415614,0.18338841200555517,0.10914883355213544,0.17944731792506935,1.1333333333333333,0.1460939609177965
787,prob,prob[185],"(185,)",2000,0.1402043124117244,0.000443555598026711,0.02106075967354243,1.000086414135939,1552.8712911977577,1494.1272846083639,0.0005243375415191692,0.00042192670093785435,0.10775006528749845,0.13886851793197963,0.1759021520945101,0.10784126815818343,0.1759387952545209,1.166666666666667,0.1402043124117244
788,prob,prob[186],"(186,)",2000,0.1350111016102985,0.00043616302860702196,0.020884516480086917,1.000229416359332,1465.2577161610811,1371.3708673400783,0.0005475739590086024,0.00040485434647441416,0.10227026432635776,0.13415753658496987,0.16978762839877962,0.10151747788979028,0.168276921083229,1.2000000000000004,0.1350111016102985
789,prob,prob[187],"(187,)",2000,0.13046030695105154,0.0004230469908784179,0.02056810615682489,1.000520811859449,1417.7517046669468,1381.4865035706657,0.0005494278772314769,0.00039049820987940484,0.09756305869994467,0.13005383183409291,0.16521685135066316,0.09448121552077202,0.1611690554254504,1.2333333333333334,0.13046030695105154
790,prob,prob[188],"(188,)",2000,0.12650381511428402,0.00040297363256585543,0.020074203161417278,1.0005885715068643,1339.7127970639287,1204.3612030354732,0.0005409791563847995,0.0003695622520515024,0.09431256938924137,0.12603070791062582,0.16097877605727115,0.09115807236146596,0.15718183162015148,1.2666666666666668,0.12650381511428402
791,prob,prob[189],"(189,)",2000,0.12309514248506917,0.00037836771562356594,0.01945167642193253,1.000538137873837,1349.157530102223,1288.450825129874,0.0005230903239503296,0.00034708105318549367,0.09114052399520972,0.12334215534586934,0.15606471063770413,0.08916375305186075,0.15337967560406707,1.3000000000000003,0.12309514248506917
792,prob,prob[190],"(190,)",2000,0.12018154409736904,0.0003544614640330228,0.018827146996638202,1.000081008574988,1400.6006042167085,1396.838891946395,0.0004980839987936842,0.00032972164877887746,0.0891157198358612,0.12021473653782455,0.15284739594493987,0.08576361943566607,0.14865064587080734,1.3333333333333333,0.12018154409736904
793,prob,prob[191],"(191,)",2000,0.11771394290615762,0.0003377052074733283,0.01837675726218661,1.000095855029508,1556.3130026069916,1213.1425811227157,0.0004693527043060305,0.0003227041845890439,0.08815799306418215,0.11756877915791641,0.1501693039642879,0.08471253153163201,0.14627698670538644,1.3666666666666667,0.11771394290615762
794,prob,prob[192],"(192,)",2000,0.11563896452735802,0.0003345699482134792,0.01829125332538695,1.0000759573649585,1709.009909264379,1562.948650089114,0.0004352727742416627,0.000326158530395538,0.08642623163814965,0.1150577064511657,0.14838893346311538,0.08185036291935255,0.14291620889044288,1.4000000000000004,0.11563896452735802
795,prob,prob[193],"(193,)",2000,0.11385070481219899,0.0003380275172182417,0.018385524665296926,1.0000121906471566,1970.0200026390974,1588.7014847761982,0.0004100107595040267,0.0003397493814039885,0.08483465241745619,0.11290714346786948,0.1463814158369693,0.07945885659510514,0.14058797289879787,1.4333333333333336,0.11385070481219899
796,prob,prob[194],"(194,)",2000,0.11228385924622995,0.0003372303478158357,0.018363832601497862,0.9999588681666683,2227.2246161394714,1686.6987818540695,0.00038327043227213997,0.0003477814763088394,0.08348999731594436,0.11128398055802868,0.14532922586432862,0.08239044510530687,0.1433560356447103,1.466666666666667,0.11228385924622995
797,prob,prob[195],"(195,)",2000,0.11090364300690847,0.00032892151117663035,0.018136193403706036,0.9999663315150259,2417.6569885829526,1783.2985884832913,0.0003574798346101195,0.0003519132733549416,0.08304370335072511,0.1098498099995367,0.14383281239506474,0.08079800100380984,0.14032993397463545,1.5,0.11090364300690847
798,prob,prob[196],"(196,)",2000,0.1096771456989177,0.0003145824828776595,0.017736473236741837,0.999890345851093,2835.493638049012,1877.6051190249257,0.00032607722855674534,0.00034850182800619836,0.08248706198733446,0.10840754705731989,0.14190699060312195,0.08061921465390125,0.13943196497590013,1.5333333333333334,0.1096771456989177
799,prob,prob[197],"(197,)",2000,0.10857218410365752,0.00029869511667784515,0.01728279828840935,0.9999964848006508,2883.908391840126,1775.1854796595408,0.0003170823356441145,0.00033609729371048133,0.08262289929801712,0.10705843912861711,0.14022815032738598,0.08204034671352955,0.1387048437400377,1.5666666666666669,0.10857218410365752
800,prob,prob[198],"(198,)",2000,0.10754971265124888,0.000287643370089206,0.016960052184153383,1.0002187929882427,2726.1285077866696,1958.6209093509988,0.0003237399571746238,0.0003273459525216479,0.08151136426810443,0.10603750254639019,0.13764873743419234,0.0809762417605451,0.1362395587833076,1.6,0.10754971265124888
801,prob,prob[199],"(199,)",2000,0.10657015243690639,0.0002877906479958131,0.01696439353457155,1.0004202864017522,2453.457085662991,1936.7823706675285,0.0003441133493367357,0.00033134299662020784,0.08038425949346541,0.10511508878780837,0.13590995904768077,0.07902686261301382,0.1337131165633996,1.6333333333333333,0.10657015243690639
802,prob,prob[200],"(200,)",2000,0.10558984342067355,0.0003044641324831501,0.017448900609584265,1.0005399594084166,2173.1348325257973,1702.4343540075552,0.0003798100183993991,0.00036008762294078526,0.0788864583812659,0.10386276504738758,0.13676071338208795,0.07656994751656289,0.13236075868764635,1.666666666666667,0.10558984342067355
803,prob,prob[201],"(201,)",2000,0.10428029225334137,0.000332149150884895,0.018224959557839766,1.0006856402369892,1990.3462528591047,1502.977045574023,0.0004162083315601289,0.00041156489079816527,0.0775061774870386,0.10227030039436122,0.1362127247387783,0.07616158888231202,0.1343817214760871,1.7000000000000002,0.10428029225334137
804,prob,prob[202],"(202,)",2000,0.10222568914404971,0.0003501227386613125,0.01871156697503746,1.0006355773205013,1896.86272598236,1388.6708409087214,0.0004416233684192569,0.0004417057800082327,0.07487886344915219,0.1001177704768624,0.13522513573255152,0.072056006517109,0.13137475913641705,1.7333333333333336,0.10222568914404971
805,prob,prob[203],"(203,)",2000,0.09951744222215801,0.0003518921809961709,0.018758789433120968,1.0005994175445856,1876.4511212815703,1388.4524813770015,0.0004461215411024433,0.00044808714058104925,0.0722874991310177,0.09770694059783296,0.13209684074361736,0.07026507780406482,0.12953209324106799,1.7666666666666668,0.09951744222215801
806,prob,prob[204],"(204,)",2000,0.09625847783839478,0.0003380069912523474,0.018384966446864878,1.0005632265146445,1890.032596447075,1481.5474533648505,0.00043186655533653,0.0004320880910915151,0.06913833575674486,0.09447335254233064,0.12882514870704734,0.06563838150463076,0.12339244866173925,1.8000000000000003,0.09625847783839478
807,prob,prob[205],"(205,)",2000,0.09254653061113356,0.0003128147485050585,0.017686569721261907,1.0004658642011126,1948.4034549205064,1598.304783072091,0.0004118448550706487,0.00039850780856768615,0.06622402476732786,0.09094326140781,0.12421208870220554,0.06298917433591228,0.11864487612729173,1.8333333333333335,0.09254653061113356
808,prob,prob[206],"(206,)",2000,0.0884842815301821,0.0002826866401318445,0.016813287606290583,1.00028501160865,2052.311564219536,1808.9050142085518,0.00037993150167084876,0.0003687700819016496,0.06332266864999081,0.08708593771970272,0.11773080514501177,0.060352003215679365,0.11398472882942416,1.8666666666666667,0.0884842815301821
809,prob,prob[207],"(207,)",2000,0.08416221098953826,0.000253651066463383,0.01592642666963883,1.0000549133909487,2211.1038485610165,1696.8488128305441,0.0003449845692614367,0.0003469902298983645,0.059968917067915774,0.08298624119106547,0.11146576672417904,0.05942482018982408,0.11031018257850024,1.9,0.08416221098953826
810,prob,prob[208],"(208,)",2000,0.07965903485006715,0.00023062157812228266,0.015186229885072946,1.0001478615395172,2421.210010544316,1775.726037214498,0.00031251819970092276,0.00033708209154290514,0.05634934741986714,0.07848066195499653,0.10521065545381925,0.05683957217606269,0.10547467916397488,1.9333333333333336,0.07965903485006715
811,prob,prob[209],"(209,)",2000,0.07509334428387422,0.00021646126506295706,0.014712622643939355,1.0002749751611415,2625.647431284946,1722.775413886639,0.00028854008552882675,0.0003373630297178634,0.052515668563951186,0.07418550345586611,0.10041128559832181,0.05111956716170053,0.09859750659724716,1.966666666666667,0.07509334428387422
812,prob,prob[210],"(210,)",2000,0.07084375177397183,0.00020666676784241797,0.014375909287499626,1.001468251812738,2719.8217957187003,1628.218210239346,0.0002743996476146567,0.00033266454710010815,0.04903929490118132,0.07005612717439152,0.09501075624414104,0.047532481967832364,0.09340093182465269,2.0000000000000004,0.07084375177397183
813,prob,prob[211],"(211,)",2000,0.06694046484031972,0.00019611042307141505,0.014003943125827634,1.0017255964330063,2756.0949501537198,1628.1362151390374,0.0002639366206610804,0.00031790153615957213,0.045227758985437225,0.06618574260387036,0.09036221979281464,0.04317729217799115,0.08768565030427401,2.033333333333333,0.06694046484031972
814,prob,prob[212],"(212,)",2000,0.06334634690161847,0.00018342422312624625,0.01354341991988162,1.0021375425736552,2785.975797867938,1714.6704505608818,0.000253337469878435,0.0002948468803628878,0.04245030448686427,0.06256506301118837,0.08550930081503313,0.04243111839540392,0.08550402860766293,2.066666666666667,0.06334634690161847
815,prob,prob[213],"(213,)",2000,0.06003177012893033,0.00016922681831299437,0.013008720856140868,1.0028958822063034,2825.9811416661514,1912.653216152255,0.0002411033220879351,0.00026782677022573007,0.04007388807284091,0.05929265869135982,0.081331987990032,0.04004955728626447,0.08132941648252306,2.1,0.06003177012893033
816,prob,prob[214],"(214,)",2000,0.05696420111345427,0.00015515962138541256,0.012456308497520947,1.002916453778408,2700.84429093904,1889.569263749789,0.00023819758948578231,0.0002428624235550432,0.03775674437122004,0.05635043205114448,0.07787433234869588,0.03632837839739055,0.07642975699941663,2.1333333333333333,0.05696420111345427
817,prob,prob[215],"(215,)",2000,0.054115783331950516,0.000142949750267113,0.011956159511612122,1.0026914207711823,2706.7426688717665,1929.8585155508874,0.0002287907145054778,0.00022629716306578072,0.03538468049854733,0.05353606229753283,0.07443039004399461,0.03391741239315767,0.07257759431862992,2.166666666666667,0.054115783331950516
818,prob,prob[216],"(216,)",2000,0.05145770571742707,0.00013398369954494547,0.011575132808954957,1.0013732388290566,2702.6099980110216,1970.8377959328977,0.00022185571745620702,0.00022237914905756214,0.03315578447354068,0.050981987137508296,0.07130593880315997,0.030640906798102618,0.06809982046122974,2.2,0.05145770571742707
819,prob,prob[217],"(217,)",2000,0.048960266527013574,0.0001290321071759627,0.011359230043271537,1.0020358752771794,2681.8217347903033,1833.7100827422296,0.00021865213261154057,0.00023040875642901598,0.03130338747717418,0.048384640244245894,0.06829027331590629,0.0301615507181912,0.06658554191554797,2.2333333333333334,0.048960266527013574
820,prob,prob[218],"(218,)",2000,0.04650331771870716,0.00012565707180721062,0.011209686516901827,1.002850683764094,2668.488589714848,1759.7060119981018,0.00021708108003889532,0.00023868716214199738,0.029270864604187728,0.04606740362020846,0.0655014318191991,0.028052125457129297,0.06371744125136462,2.266666666666667,0.04650331771870716
821,prob,prob[219],"(219,)",2000,0.04402386890780388,0.0001204256389908118,0.010973861626192113,1.0033592958584165,2647.4586568269115,1767.333997886896,0.00020713097691770418,0.0002368611557675432,0.027382247342854677,0.043416710662959546,0.06331513054438764,0.025339255836507014,0.05992752279081468,2.3000000000000003,0.04402386890780388
822,prob,prob[220],"(220,)",2000,0.04154437105469828,0.00011303203273057404,0.010631652398878269,1.0036265034117586,2833.7576469363853,1733.0900288400626,0.0002038930677656866,0.0002272716149494551,0.025746431030743377,0.040841060318097,0.06014316219041493,0.024222658605886623,0.05769837729609776,2.3333333333333335,0.04154437105469828
823,prob,prob[221],"(221,)",2000,0.03908698170380388,0.00010427380476749088,0.010211454586271776,1.0024718206204708,2804.5064076164936,1613.480404318726,0.00019715809796834252,0.00021079143240821996,0.024097582587777427,0.038382818252118756,0.056942486625394376,0.022203484109665158,0.05449775767633219,2.3666666666666667,0.03908698170380388
824,prob,prob[222],"(222,)",2000,0.036670994511417185,9.531782722682341e-05,0.009763084923671585,1.0011427553806986,2787.442240783677,1673.5559581172165,0.00018889304582450604,0.00019423616626188095,0.022271230817848382,0.03592770551250083,0.054011957157090146,0.020456233944081963,0.05132114760608296,2.4,0.036670994511417185
825,prob,prob[223],"(223,)",2000,0.03431315818621865,8.714290698644569e-05,0.009335036528393754,1.0001451501920782,2789.245783135164,1768.0902756099426,0.00018009786671532299,0.00018313666127979303,0.02061407720922855,0.03355689220980694,0.05085966712226461,0.01841569797382007,0.04812048052850396,2.4333333333333336,0.03431315818621865
826,prob,prob[224],"(224,)",2000,0.03202481584394044,8.033149611902087e-05,0.008962783949143306,0.999885088873689,2800.10671393812,1975.078388739036,0.00017153678762293732,0.00018183121274139403,0.018878244891348334,0.03125441175672111,0.047962565851188924,0.017475453567553107,0.04610046393349036,2.466666666666667,0.03202481584394044
827,prob,prob[225],"(225,)",2000,0.029812751295679497,7.504641772201342e-05,0.008662933551748703,0.9998950935173216,2831.3499222369246,1875.5626021146304,0.00016422046854656154,0.00019101315690465983,0.017328979917542744,0.02892038781060575,0.04553226659077946,0.014791982044775484,0.042293816158870276,2.5000000000000004,0.029812751295679497
828,prob,prob[226],"(226,)",2000,0.02767050007895778,7.06403157677007e-05,0.00840477934080965,1.0007755758544579,2885.7123882727506,1787.052730208764,0.0001584457111046991,0.00020373994109187813,0.015615006380136562,0.02669366633464059,0.043260599261634405,0.013599047691460997,0.03976903283955722,2.5333333333333337,0.02767050007895778
829,prob,prob[227],"(227,)",2000,0.025582238000001242,6.523891373435373e-05,0.008077060958935107,1.0012932366624636,2972.5747456420295,1898.7317849399908,0.00015099706536634753,0.00020568787029626707,0.01422888396001783,0.024550961115174373,0.04039851164308353,0.012903109429757052,0.03770613436802017,2.566666666666667,0.025582238000001242
830,prob,prob[228],"(228,)",2000,0.023564556023160835,5.887123505457151e-05,0.00767275928558765,1.0030190890949264,3044.6720652000777,1904.9620789834526,0.0001417370426929145,0.00019603823189643413,0.01287322338158697,0.022613520447962374,0.03742341035629431,0.01140735442699314,0.034816401271877996,2.6,0.023564556023160835
831,prob,prob[229],"(229,)",2000,0.02163500175379655,5.213676407587347e-05,0.007220579206398436,1.0033033409398777,3104.116940692715,1881.5483634669026,0.00013182590443125539,0.0001787515056870621,0.011534885067252976,0.020610933186246697,0.03510422862752411,0.010189713141939645,0.03219496846801123,2.6333333333333333,0.02163500175379655
832,prob,prob[230],"(230,)",2000,0.0198068863018879,4.5661860154336506e-05,0.006757356003226151,1.0030026157326721,3158.0542889457765,1878.9471935146396,0.00012210628224877928,0.00015881033022835582,0.010421540913239085,0.018911155905474836,0.03201057559817691,0.009107229105584909,0.029933269710425113,2.666666666666667,0.0198068863018879
833,prob,prob[231],"(231,)",2000,0.018090207558414704,3.9880627308522054e-05,0.006315111028994031,1.0027482742438534,3171.170851161408,1619.438792827199,0.00011316239426282716,0.0001405931496532153,0.009250931694715778,0.01722552255595917,0.02950202929534399,0.00887228286509217,0.028473211685728535,2.7,0.018090207558414704
834,prob,prob[232],"(232,)",2000,0.016489532424981863,3.499298523151713e-05,0.005915486897248369,1.0016848564116636,3194.8470291943313,1581.3755011273638,0.00010543472413487329,0.0001269978618802502,0.008297620949101336,0.01564231665212121,0.02708875955976039,0.007291564052612912,0.025468213896120893,2.7333333333333334,0.016489532424981863
835,prob,prob[233],"(233,)",2000,0.015005281203205309,3.101697780170471e-05,0.005569288805736754,1.0009130051269568,3185.4474417358847,1540.053898263144,9.909469204433244e-05,0.00011898282612683638,0.0073092819642644235,0.014256022192683666,0.025010837362615886,0.006477750448152173,0.02357336601122057,2.766666666666667,0.015005281203205309
836,prob,prob[234],"(234,)",2000,0.013633931086235241,2.7844220973978976e-05,0.0052767623571636215,1.0005289094255196,3174.3236187968328,1769.0684868624548,9.407357271362841e-05,0.0001156888349133924,0.006463598949907033,0.012873228355208662,0.023234679976426656,0.0058892006509759275,0.022019604235317024,2.8000000000000003,0.013633931086235241
837,prob,prob[235],"(235,)",2000,0.012378489486098685,2.505500216250545e-05,0.0050054971943359885,1.0001201181917303,3137.6219824510176,1563.18039233601,8.95199622001329e-05,0.00011420597050139813,0.005712904011561929,0.011617396727459501,0.021558659945479258,0.005086516099804541,0.020445903948003816,2.8333333333333335,0.012378489486098685
838,prob,prob[236],"(236,)",2000,0.011232414015976348,2.237814720965304e-05,0.004730554640806196,0.9995406353499428,3113.350551562826,1395.6865392840336,8.484738707202108e-05,0.00011244854259172092,0.0050089721616766,0.010467512560925764,0.019896181083471104,0.0044057209666909045,0.018956906433491048,2.8666666666666667,0.011232414015976348
839,prob,prob[237],"(237,)",2000,0.010187127747618707,1.9802494143625426e-05,0.004449999341980336,0.9993941716504068,3083.3344942589274,1517.4336594567744,8.003228706254227e-05,0.00011002044475441169,0.004332484077053568,0.009485066102562318,0.018558681380289443,0.0037472266327603105,0.017296903106943675,2.9,0.010187127747618707
840,prob,prob[238],"(238,)",2000,0.009234724128678616,1.738767618012748e-05,0.004169853256426116,0.9991425556301936,3080.9323868816246,1569.0227927934366,7.522695850406671e-05,0.00010723256707078285,0.0037728081682706425,0.008593621133099083,0.01723254405931215,0.0031492912674572016,0.015812295397625537,2.9333333333333336,0.009234724128678616
841,prob,prob[239],"(239,)",2000,0.008368621142192207,1.5197220793415932e-05,0.0038983612959057464,0.9990859816827794,3053.7271440505797,1586.7293479394,7.062552797291281e-05,0.00010448243620287682,0.003294231205467169,0.007710793114652602,0.0157066706967074,0.0028433909154610285,0.014641673285915605,2.966666666666667,0.008368621142192207
842,prob,prob[240],"(240,)",2000,0.007582127163382398,1.3266769896192319e-05,0.003642357738634732,0.9990786459930322,3028.2102813639667,1443.591430765487,6.63841264828476e-05,0.000102116565877376,0.0028902124594683996,0.006957270412202201,0.014157191990459186,0.00226685574821678,0.013135249360068945,3.0,0.007582127163382398
843,prob,prob[241],"(241,)",2000,0.006868647479651177,1.1602532756333229e-05,0.003406249074324018,0.9990282566068456,2999.544312740783,1417.8838812982683,6.259754509528234e-05,0.00010057269823171286,0.002523055486275665,0.006292375847803379,0.012974265216148036,0.0021059274925008626,0.01206177954274331,3.0333333333333337,0.006868647479651177
844,prob,prob[242],"(242,)",2000,0.006220938345570703,1.0186689514444256e-05,0.0031916593669193863,0.9990782210538169,2966.620579897098,1409.434922499886,5.9291743520440805e-05,9.980653318810523e-05,0.002222266659923611,0.005655660006522498,0.011880972058889619,0.001799963114315962,0.010979511621374106,3.066666666666667,0.006220938345570703
845,prob,prob[243],"(243,)",2000,0.005634046649718854,8.969135501467865e-06,0.002994851499067669,0.9993841630504763,2946.0573138410246,1349.387298852219,5.635756088219795e-05,9.926913086872967e-05,0.0019558961606703173,0.005098385613027352,0.011089207499468358,0.0015638168159900683,0.010072319499711983,3.1,0.005634046649718854
846,prob,prob[244],"(244,)",2000,0.005103840729754282,7.876054655453442e-06,0.0028064309461402113,1.0002658645032518,2909.1748557923565,1417.9413711108155,5.364455116423492e-05,9.73422060369821e-05,0.0017431983253210822,0.004585417957455764,0.010310995526333992,0.0012820820783421673,0.009111698176185491,3.1333333333333333,0.005103840729754282
847,prob,prob[245],"(245,)",2000,0.004624351383949305,6.887926158378571e-06,0.002624485884583602,0.9996617190008027,2872.9531847270005,1461.7637409222907,5.1006168864253234e-05,9.489058751588042e-05,0.0015543136328301165,0.004118088280184241,0.009508914295798617,0.000969160980491169,0.008169596873492675,3.1666666666666665,0.004624351383949305
848,prob,prob[246],"(246,)",2000,0.004190239401836761,6.006589950762765e-06,0.0024508345416944743,0.999519515731296,2827.011885839369,1451.5040868318895,4.84890094037788e-05,9.288821415086028e-05,0.0013766727063615344,0.003714469531719653,0.008722408285812088,0.0009455093355638184,0.007614840180519592,3.2,0.004190239401836761
849,prob,prob[247],"(247,)",2000,0.00379707097531789,5.237337827544143e-06,0.0022885230668586547,0.9992146851933429,2794.0249372174126,1470.9103666616472,4.6177147527471815e-05,9.16205443768251e-05,0.0012141428511112215,0.0033181657140193043,0.008105394027778455,0.0008382943615417742,0.006954583255508873,3.2333333333333334,0.00379707097531789
850,prob,prob[248],"(248,)",2000,0.003440631987768274,4.5788090951672625e-06,0.0021398152011721156,0.999527800985906,2721.7874121501804,1449.9088675129426,4.412563455529469e-05,9.10535192498288e-05,0.0010702774125005514,0.0029476462660965523,0.007471276916657401,0.0006341452825215681,0.006295418815149033,3.2666666666666666,0.003440631987768274
851,prob,prob[249],"(249,)",2000,0.0031169444331352433,4.022033374023425e-06,0.002005500778863829,0.9992976427480758,2646.4551984247396,1406.947334790265,4.220273142250434e-05,9.023307094170118e-05,0.0009520532024944242,0.002641291808569316,0.006916915653121005,0.0005037811980890425,0.005703134444686869,3.3000000000000007,0.0031169444331352433
852,prob,prob[250],"(250,)",2000,0.002821914300806637,3.5514273546634795e-06,0.0018845231106737533,0.9992429333495774,2564.53449682619,1406.1885622159252,4.084890228047463e-05,8.889710756994893e-05,0.0008415394429795151,0.0023700873660222757,0.006425718624843427,0.00044297892054850473,0.005240370165101012,3.333333333333334,0.002821914300806637
853,prob,prob[251],"(251,)",2000,0.0025522160021746306,3.1499573415322442e-06,0.0017748119172273564,0.9991605795733838,2487.7263510647294,1389.361605973111,3.964157353088643e-05,8.765320177578264e-05,0.0007497213953388279,0.0021157542724058354,0.005818348359443134,0.00041065631069517816,0.0048135973069552964,3.366666666666667,0.0025522160021746306
854,prob,prob[252],"(252,)",2000,0.0023067162255095996,2.8070613760301225e-06,0.0016754287140998039,0.9991046361789485,2398.316220552252,1311.659507785284,3.8828226167545705e-05,8.745250737756351e-05,0.0006658170666916808,0.0018775543743739808,0.005396136067650915,0.00041118060144562283,0.004473610374136298,3.4000000000000004,0.0023067162255095996
855,prob,prob[253],"(253,)",2000,0.0020828372865429627,2.5105849960469654e-06,0.0015844825641347289,0.9990855738980715,2315.1276994599298,1293.9271579754852,3.837759980602262e-05,8.892220632946659e-05,0.0005949483841743157,0.0016776781441306373,0.004909394122021903,0.00031269133660261994,0.003999903102057606,3.4333333333333336,0.0020828372865429627
856,prob,prob[254],"(254,)",2000,0.0018778088558780452,2.2528236744050494e-06,0.001500940929685459,0.9990211479910248,2211.614563893891,1285.7168662421336,3.807477841794731e-05,9.360335594539138e-05,0.0005367738524130016,0.0014919944970908576,0.0045929430250866736,0.0002788382221624002,0.0035998777186707184,3.4666666666666672,0.0018778088558780452
857,prob,prob[255],"(255,)",2000,0.0016892516350181254,2.0246977542322945e-06,0.001422918744775082,0.9990210524903417,2119.3637073538066,1268.099064820432,3.7793371011172355e-05,0.00010053450320868808,0.00047886848058689544,0.0013144592193148757,0.004141200404784247,0.00018548273730444978,0.0031546978748861615,3.5000000000000004,0.0016892516350181254
858,prob,prob[256],"(256,)",2000,0.0015148560861752238,1.8126360593790564e-06,0.0013463417320201646,0.9995455347931733,2023.9500011353568,1189.6311093805018,3.747052840071283e-05,0.00010765017663163815,0.0004288524938129213,0.0011635005475244104,0.0038002551310748894,0.00022761126854128102,0.002844363455462265,3.5333333333333337,0.0015148560861752238
859,prob,prob[257],"(257,)",2000,0.0013524934026697612,1.6009402315469996e-06,0.0012652826686345624,1.0002833793837644,1936.6181598430746,1220.6170174083168,3.661013960954349e-05,0.00011294476756978554,0.00038332728536417124,0.0010244405491691322,0.0033890106991149274,0.00020270769861378598,0.0025483310560513745,3.566666666666667,0.0013524934026697612
860,prob,prob[258],"(258,)",2000,0.0012001860027141017,1.3769167116138863e-06,0.0011734209439130897,0.9998581633443627,1853.2388103475332,1349.18184609674,3.4900326492976956e-05,0.00011403824264066085,0.00034399167794974564,0.0008955852978223863,0.0030736048069295177,0.00017817653900164274,0.0022415864965632804,3.6,0.0012001860027141017
861,prob,prob[259],"(259,)",2000,0.001056614536400388,1.137900111971749e-06,0.0010667240092787585,1.0001373109071585,1777.6250745894354,1321.5635335036427,3.239816352789581e-05,0.00010867763523634598,0.00030533164572460036,0.0007768926235772568,0.0027790334705464757,8.76476729038902e-05,0.0018941651560082198,3.6333333333333333,0.001056614536400388
862,prob,prob[260],"(260,)",2000,0.0009213603062967348,9.067256802840486e-07,0.0009522214449822313,1.0003721525244444,1684.2142596241383,1297.0719740868499,2.9407657079456382e-05,9.902481944139112e-05,0.0002677724702630104,0.0006659265976352953,0.002412730696174133,0.00010234458046941556,0.0016567107432777241,3.6666666666666665,0.0009213603062967348
863,prob,prob[261],"(261,)",2000,0.0007954164272685629,7.284134039983288e-07,0.0008534713844050829,1.0005976612353515,1604.1198432503936,1233.2339793042358,2.6811044771668467e-05,0.00010490322267946677,0.0002371488789869728,0.0005749439455541996,0.0020398520079973562,0.00017767653889640277,0.001520669629691863,3.6999999999999997,0.0007954164272685629
864,prob,prob[262],"(262,)",2000,0.000679106777725814,6.102694227081345e-07,0.0007811974287644159,1.000896995489996,1534.1014360641805,1194.5922593392438,2.5278382242612197e-05,0.00014367255169370742,0.00020985866223979102,0.0004913583391419989,0.0016894851541094753,0.00013044263231449773,0.0012238319864026482,3.733333333333333,0.000679106777725814
865,prob,prob[263],"(263,)",2000,0.0005719745902339136,5.033617316900897e-07,0.0007094799022453629,1.0002147158254069,1480.7444293458614,1109.1743115610402,2.3616772187683176e-05,0.0001786848747147495,0.00018320386180995952,0.0004204105631560154,0.0013653763281705812,0.00011802217376697804,0.0010094780935760563,3.7666666666666666,0.0005719745902339136
866,prob,prob[264],"(264,)",2000,0.0004733883831749093,3.563503607297072e-07,0.0005969508863631138,1.0003019965901392,1445.0458649172444,1096.4431552420056,2.0309302300847246e-05,0.0001734913442861037,0.00016251846508386463,0.0003557288387879367,0.001075985601130511,9.969498075897573e-05,0.0008055239171178505,3.8000000000000007,0.0004733883831749093
867,prob,prob[265],"(265,)",2000,0.00038381316562408486,1.8970545623821952e-07,0.00043555189844405397,1.0005334274451483,1418.3544057917452,990.0833169478077,1.5046344821905236e-05,0.00012631722940376205,0.00014395623201736587,0.00030111828289541853,0.0008263219158276094,9.515196715449359e-05,0.0006359412957429467,3.833333333333334,0.00038381316562408486
868,prob,prob[266],"(266,)",2000,0.00030501157409102065,7.044855852015875e-08,0.0002654214733591816,1.000506517748526,1405.0756666072164,958.8152336928835,9.210615111198554e-06,6.383650358010276e-05,0.0001274224581860713,0.0002534601147406259,0.0006338292318672151,9.300600735033709e-05,0.0004979060848933546,3.866666666666667,0.00030501157409102065
869,prob,prob[267],"(267,)",2000,0.0002390723033967144,1.9460599532269432e-08,0.00013950125279820762,1.0004935571748053,1402.5746706832438,955.2968864372385,4.709164760743554e-06,1.889181516992025e-05,0.0001132843986067392,0.00021071072649155324,0.00045604358274393514,8.723771025258544e-05,0.00038106430273051434,3.9000000000000004,0.0002390723033967144
870,prob,prob[268],"(268,)",2000,0.0001826552290985807,4.260881001428083e-09,6.527542417654659e-05,1.0004569825548657,1407.3432568098644,965.425650402397,2.002798336989307e-06,2.6650275841593756e-06,0.00010205447362583863,0.000172252403771591,0.00030575053952250526,9.247766880798495e-05,0.0002820449591145931,3.9333333333333336,0.0001826552290985807
871,prob,prob[269],"(269,)",2000,0.00014062001986792945,9.911738917133458e-10,3.148291428240635e-05,1.0009578123792229,1454.7006380016583,951.4640156317231,8.325216904535894e-07,8.022591370751406e-07,9.234871943183269e-05,0.00013955533772667435,0.00019798438047301115,9.018898858929339e-05,0.00019457844426690868,3.966666666666667,0.00014062001986792945
872,prob,prob[270],"(270,)",2000,0.00011004348173396362,2.3816317990338627e-10,1.5432536405380235e-05,0.999758517307908,1643.517157034879,1244.1420670607415,3.926611385592772e-07,5.03992771907439e-07,8.244848931359394e-05,0.00011281607771998194,0.00012959804096146366,8.895110251382638e-05,0.00013018933586130303,4.0,0.00011004348173396362
873,prob,prob[271],"(271,)",2000,8.71770143579029e-05,8.201998194377191e-11,9.056488389203175e-06,0.9994866609702876,1531.7013822661688,1026.0990821204846,2.837205582685232e-07,6.871080322353937e-07,7.100717846937122e-05,9.020384953103119e-05,9.427826746450402e-05,7.688710978712482e-05,9.43340076590571e-05,4.033333333333333,8.71770143579029e-05
874,prob,prob[272],"(272,)",2000,6.974315612420174e-05,7.255186768262004e-11,8.517738413606046e-06,1.0021423664535825,875.6171297981306,928.6518129023284,3.18931052770291e-07,6.569609516358436e-07,5.353135729649823e-05,7.285034166545974e-05,7.447705442010237e-05,6.232197945313837e-05,7.449255295652384e-05,4.066666666666666,6.974315612420174e-05
875,prob,prob[273],"(273,)",2000,5.6253067919782725e-05,8.864093343701262e-11,9.414931409044497e-06,1.000011073045771,964.2002407757678,965.425650402397,3.403559226199391e-07,5.227888192858287e-07,3.631512599158883e-05,6.001632437972843e-05,6.224323996138051e-05,4.532369139735587e-05,6.226175688954283e-05,4.1000000000000005,5.6253067919782725e-05
876,prob,prob[274],"(274,)",2000,4.568813176581742e-05,1.000434350880603e-10,1.0002171518628358e-05,0.9999002267818132,1261.2816908565394,965.425650402397,3.37390894986036e-07,4.144307108516305e-07,2.397524833020409e-05,4.9047258772329465e-05,5.4266339617122204e-05,3.211039469801831e-05,5.432582338812265e-05,4.133333333333334,4.568813176581742e-05
877,prob,prob[275],"(275,)",2000,3.732968481403186e-05,1.0229916927005042e-10,1.011430517979611e-05,1.0001266782705018,1429.8627849466293,965.425650402397,3.19256318104317e-07,3.345857620720531e-07,1.5910692846665238e-05,3.986744534558872e-05,4.843737209703888e-05,2.283398412947771e-05,4.914810208180446e-05,4.166666666666667,3.732968481403186e-05
878,prob,prob[276],"(276,)",2000,3.065890427433892e-05,9.745410118933416e-11,9.871884378847545e-06,1.0003696588698967,1397.5597228850186,965.425650402397,2.945128768817928e-07,2.772805738557802e-07,1.0620037573328765e-05,3.240842420149615e-05,4.3252387043763255e-05,1.6304023610752532e-05,4.596590328260734e-05,4.2,3.065890427433892e-05
879,prob,prob[277],"(277,)",2000,2.5294280432322267e-05,8.841099070827269e-11,9.402711880530673e-06,1.0004579140079797,1408.1105283229645,965.425650402397,2.672324903884578e-07,2.368652250087282e-07,7.133778847436798e-06,2.6363983679168514e-05,3.847432402303975e-05,9.60058180122573e-06,3.984909029476464e-05,4.233333333333333,2.5294280432322267e-05
880,prob,prob[278],"(278,)",2000,2.0950940471800576e-05,7.748101113449456e-11,8.802329869670561e-06,1.0005800797663045,1408.1105283229645,965.425650402397,2.4039077885947434e-07,2.1001862502700753e-07,4.8250285587786e-06,2.1464032767560363e-05,3.414728024839003e-05,5.791102831981495e-06,3.477078467682285e-05,4.266666666666667,2.0950940471800576e-05
881,prob,prob[279],"(279,)",2000,1.741336764323968e-05,6.619989363739883e-11,8.136331706450938e-06,1.000601094736145,1408.1105283229645,965.425650402397,2.1521039601800002e-07,1.929704611524179e-07,3.2876106504408976e-06,1.7490074539426006e-05,3.023811728759118e-05,4.024038830914373e-06,3.092428205930802e-05,4.300000000000001,1.741336764323968e-05
882,prob,prob[280],"(280,)",2000,1.45166501543558e-05,5.547548475327257e-11,7.448186675511871e-06,1.0005666415560945,1408.1105283229645,965.425650402397,1.9363809142319216e-07,1.82176783045237e-07,2.2576532658887465e-06,1.4265409452142842e-05,2.671505377764805e-05,3.7410677599483813e-13,2.4400426905700355e-05,4.333333333333334,1.45166501543558e-05
883,prob,prob[281],"(281,)",2000,1.2133325939562812e-05,4.577877278752293e-11,6.76600124057947e-06,1.000527878352783,1408.1105283229645,965.425650402397,1.7467691278148032e-07,1.7487314902150153e-07,1.5631761383306022e-06,1.1647174057871962e-05,2.3547731234818444e-05,7.97251783892767e-14,2.1232882005169268e-05,4.366666666666667,1.2133325939562812e-05
884,prob,prob[282],"(282,)",2000,1.0163990600592732e-05,3.7300893764651925e-11,6.107445764364341e-06,1.0004615909573031,1408.1105283229645,965.425650402397,1.571403655512231e-07,1.6906395112082636e-07,1.091665570452745e-06,9.519878998916953e-06,2.0707263079259742e-05,1.8361659419413966e-14,1.844472758020942e-05,4.4,1.0163990600592732e-05
885,prob,prob[283],"(283,)",2000,8.530490032441994e-06,3.006513196219956e-11,5.483168058905322e-06,1.0003616498945755,1408.1105283229645,965.425650402397,1.4099764235662975e-07,1.634756396527399e-07,7.691967096152619e-07,7.790169549441576e-06,1.8166267865044106e-05,4.600114713057391e-15,1.5994889207290573e-05,4.433333333333334,8.530490032441994e-06
886,prob,prob[284],"(284,)",2000,7.17092099109887e-06,2.400135576736534e-11,4.8991178560395274e-06,1.000304500634834,1408.1105283229645,965.425650402397,1.2617835851995364e-07,1.573935870970848e-07,5.46967961577061e-07,6.382581437260077e-06,1.5898887792685954e-05,1.2604520978623714e-15,1.3846174643955545e-05,4.466666666666667,7.17092099109887e-06
887,prob,prob[285],"(285,)",2000,6.035916559405515e-06,1.8993212656968155e-11,4.3581203123557935e-06,1.0002602031949233,1408.1105283229645,965.425650402397,1.1259914463658305e-07,1.502324781775727e-07,3.925961201131498e-07,5.236105742188367e-06,1.3880793648670572e-05,3.793167648237529e-16,1.1964975398733924e-05,4.5,6.035916559405515e-06
888,prob,prob[286],"(286,)",2000,5.0858576339401556e-06,1.4906851240105686e-11,3.860939165553595e-06,1.0001829715639614,1408.1105283229645,965.425650402397,1.0017662891437745e-07,1.422432044736827e-07,2.844731109364371e-07,4.301410635592666e-06,1.2089177365096884e-05,1.2570017619914862e-16,1.0320983417951747e-05,4.533333333333333,5.0858576339401556e-06
889,prob,prob[287],"(287,)",2000,4.288760094665156e-06,1.1607611812044603e-11,3.4069945424148543e-06,1.0001083361348724,1408.1105283229645,965.425650402397,8.883283703942074e-08,1.3353151960970428e-07,2.080953335007229e-07,3.5385957389279965e-06,1.0502733423014294e-05,4.589408495097945e-17,8.886923000536029e-06,4.566666666666666,4.288760094665156e-06
890,prob,prob[288],"(288,)",2000,3.6186604590035232e-06,8.969109895782814e-12,2.9948472241139135e-06,1.0000334247668015,1408.1105283229645,965.425650402397,7.849661252389112e-08,1.2418171273420033e-07,1.5366701891109152e-07,2.9153779165389065e-06,9.10163033619469e-06,1.8413563619380133e-17,7.638297931267524e-06,4.6000000000000005,3.6186604590035232e-06
891,prob,prob[289],"(289,)",2000,3.0543729487876276e-06,6.877637149139672e-12,2.6225249568192238e-06,0.9999913757955012,1408.1105283229645,965.425650402397,6.910314555812278e-08,1.1433714863916873e-07,1.1452882211562862e-07,2.405626215161371e-06,7.867473448965946e-06,8.05504097792784e-18,6.553153714099056e-06,4.633333333333334,3.0543729487876276e-06
892,prob,prob[290],"(290,)",2000,2.5785257752638245e-06,5.233763342535513e-12,2.2877419746412646e-06,0.9999167586485413,1408.1105283229645,965.425650402397,6.059277254847767e-08,1.0441081298644152e-07,8.612275830561505e-08,1.988179127406015e-06,6.783260263594985e-06,3.772391879561082e-18,5.61185469007885e-06,4.666666666666667,2.5785257752638245e-06
893,prob,prob[291],"(291,)",2000,2.1780921196133665e-06,3.9361562915028986e-12,1.983974871691398e-06,0.9998653966171519,1408.1105283229645,965.425650402397,5.2777596496175094e-08,9.388694670338652e-08,6.60052993565474e-08,1.6498573731890232e-06,5.8269623514288585e-06,1.9156992922036036e-18,4.794290194490304e-06,4.7,2.1780921196133665e-06
894,prob,prob[292],"(292,)",2000,1.8459881831899018e-06,2.865256477356761e-12,1.6927068492083208e-06,0.9998589562477692,1408.1105283229645,965.425650402397,4.508070604970921e-08,8.083631216658215e-08,5.454341764194887e-08,1.391875066522575e-06,4.959477405054791e-06,1.4130239523732516e-18,4.074841314878201e-06,4.733333333333333,1.8459881831899018e-06
895,prob,prob[293],"(293,)",2000,1.5627536616973798e-06,2.080897066587933e-12,1.4425314785431662e-06,0.9998522338900264,1408.1105283229645,965.425650402397,3.846232881910847e-08,6.951767832675012e-08,4.501980978902698e-08,1.1728753937953083e-06,4.216260024407485e-06,1.0410449348333705e-18,3.459352759948258e-06,4.766666666666667,1.5627536616973798e-06
896,prob,prob[294],"(294,)",2000,1.3214813296232597e-06,1.507765851032351e-12,1.2279111739178658e-06,0.9998433476294285,1408.1105283229645,965.425650402397,3.277813164309557e-08,5.971335251594968e-08,3.71161337824617e-08,9.871911697204465e-07,3.5802769653611584e-06,7.661030547576326e-19,2.933437010110491e-06,4.800000000000001,1.3214813296232597e-06
897,prob,prob[295],"(295,)",2000,1.116195837619775e-06,1.0899678663262342e-12,1.0440152615389462e-06,0.9998272937086481,1408.1105283229645,965.425650402397,2.7902078055899555e-08,5.123125826480709e-08,3.0564660347614335e-08,8.299432855004373e-07,3.0367121622546477e-06,5.631222396516753e-19,2.4845998254022826e-06,4.833333333333334,1.116195837619775e-06
898,prob,prob[296],"(296,)",2000,9.417347350330867e-07,7.861225307130023e-13,8.866355117594841e-07,0.9998209750545518,1408.1105283229645,965.425650402397,2.372425707332432e-08,4.390216272890975e-08,2.5140515786794453e-08,6.96936702580033e-07,2.5726955786873713e-06,4.1344327459947695e-19,2.10200575413207e-06,4.866666666666667,9.417347350330867e-07
899,prob,prob[297],"(297,)",2000,7.936436884908335e-07,5.656708693731544e-13,7.521109421974623e-07,0.999801254644319,1408.1105283229645,965.425650402397,2.014894874756858e-08,3.757717191245814e-08,2.065506470802066e-08,5.845693269033636e-07,2.177062706524456e-06,3.031984318893265e-19,1.776270558902036e-06,4.9,7.936436884908335e-07
900,prob,prob[298],"(298,)",2000,6.68084344879243e-07,4.0610156657755386e-13,6.372609878044896e-07,0.9997920010232607,1408.1105283229645,965.425650402397,1.70929035239111e-08,3.212547199440408e-08,1.695027322732122e-08,4.897522928230556e-07,1.840141599249491e-06,2.220934429890891e-19,1.4992777690844332e-06,4.933333333333334,6.68084344879243e-07
901,prob,prob[299],"(299,)",2000,5.617534369030347e-07,2.9087275724042956e-13,5.393262067065066e-07,0.9997902353902336,1408.1105283229645,965.425650402397,1.4483814280201413e-08,2.7432296292047863e-08,1.3893914221913127e-08,4.098403360169463e-07,1.5535645946241188e-06,1.6249585583214337e-19,1.2640168173095662e-06,4.966666666666667,5.617534369030347e-07
902,prob,prob[300],"(300,)",2000,4.718118674923231e-07,2.0785917990897417e-13,4.5591575966287257e-07,0.9997821524526033,1408.1105283229645,965.425650402397,1.22589616796544e-08,2.339709862583642e-08,1.1375494645861298e-08,3.4257107211303136e-07,1.3101021336038148e-06,1.187535521692473e-19,1.0644404493972021e-06,5.0,4.718118674923231e-07
