index,variable,var_fqn,var_index,sample_size,mean,var,sd,rhat,ess_bulk,ess_tail,mcse_mean,mcse_sd,q_0.05,q_0.5,q_0.95,hdi_low,hdi_high,y,pdf
602,prob,prob[0],"(0,)",2000,3.204162141866234e-06,1.9475026029334965e-12,1.395529506292682e-06,1.0015166449187651,1053.0316851426492,849.1087425597552,4.420358545309966e-08,3.040718436794169e-08,1.1600032194220628e-06,3.074317466638606e-06,5.8029285906551915e-06,1.0842894553649824e-06,5.659176298968906e-06,-5.0,3.204162141866234e-06
603,prob,prob[1],"(1,)",2000,3.773597938050326e-06,2.6673698730509404e-12,1.6332084597659113e-06,1.0015166449187651,1053.0316851426492,849.1087425597552,5.16906516170961e-08,3.549970353372563e-08,1.3767016514999896e-06,3.6243012796254392e-06,6.810268157331241e-06,1.287427797148568e-06,6.6427603970352946e-06,-4.966666666666667,3.773597938050326e-06
604,prob,prob[2],"(2,)",2000,4.43913303336477e-06,3.644618340138631e-12,1.90908835315148e-06,1.0015166449187651,1053.0316851426492,849.1087425597552,6.0373615363819e-08,4.139642967864117e-08,1.6319928025655863e-06,4.267736911392401e-06,7.983235964689465e-06,1.5268567599892082e-06,7.788282908722244e-06,-4.933333333333333,4.43913303336477e-06
605,prob,prob[3],"(3,)",2000,5.216054217885591e-06,4.968026893117474e-12,2.2289071073325316e-06,1.0015166449187651,1053.0316851426492,849.1087425597552,7.043082042003482e-08,4.8215941006246124e-08,1.9323883548465313e-06,5.0195958622963825e-06,9.347414175434143e-06,1.8883729096104961e-06,9.200390265225759e-06,-4.9,5.216054217885591e-06
606,prob,prob[4],"(4,)",2000,6.121917111890982e-06,6.755823929058083e-12,2.599196785366218e-06,1.0015166449187651,1053.0316851426492,849.1087425597552,8.20650828267873e-08,5.6092909513690766e-08,2.2854322476584156e-06,5.897088331017686e-06,1.0932054127341913e-05,2.233728557463254e-06,1.0761360398963745e-05,-4.866666666666667,6.121917111890982e-06
607,prob,prob[5],"(5,)",2000,7.176855694307543e-06,9.165045633111198e-12,3.027382637380217e-06,1.0015166449187651,1053.0316851426492,849.1087425597552,9.550671013713261e-08,6.518006703549808e-08,2.6998526187115225e-06,6.91997109240131e-06,1.2770556627629925e-05,2.639190859855842e-06,1.2572622315874697e-05,-4.833333333333333,7.176855694307543e-06
608,prob,prob[6],"(6,)",2000,8.40392973306166e-06,1.240372917709999e-11,3.5218928400932346e-06,1.0015166449187651,1053.0316851426492,849.1087425597552,1.1101684169210073e-07,7.565037894419353e-08,3.1857341449260696e-06,8.110893413059772e-06,1.49010079997722e-05,3.1146479640427897e-06,1.4671763896193086e-05,-4.8,8.40392973306166e-06
609,prob,prob[7],"(7,)",2000,9.829514104499884e-06,1.674675432373344e-11,4.092279844259608e-06,1.0015166449187651,1053.0316851426492,849.1087425597552,1.2889113667594005e-07,8.769944282895227e-08,3.7547132070766908e-06,9.495785049136573e-06,1.7366777307174596e-05,3.6715115843416944e-06,1.7101592606293014e-05,-4.766666666666667,9.829514104499884e-06
610,prob,prob[8],"(8,)",2000,1.1483734314058827e-05,2.2556366143933304e-11,4.749354287051378e-06,1.0015166449187651,1053.0316851426492,849.1087425597552,1.494638378186102e-07,1.0154813028272708e-07,4.4201985427212024e-06,1.110429070541323e-05,2.0217180558217784e-05,4.3229340022819375e-06,1.9910792675946323e-05,-4.733333333333333,1.1483734314058827e-05
611,prob,prob[9],"(9,)",2000,1.3236062386101954e-05,2.9016623694898812e-11,5.386708057329524e-06,1.0015166449187651,1053.0316851426492,849.1087425597552,1.6918611131534443e-07,1.1455377502830755e-07,5.188290590692329e-06,1.2827221536515011e-05,2.31030431680187e-05,5.076039089988151e-06,2.2759285988831287e-05,-4.7,1.3236062386101954e-05
612,prob,prob[10],"(10,)",2000,1.4935363157340415e-05,3.462289348506583e-11,5.884122150760114e-06,1.0015166449187651,1053.0316851426492,849.1087425597552,1.8407084344627108e-07,1.2382877400259009e-07,6.065337657403351e-06,1.4536070105668708e-05,2.562837608181624e-05,5.93843790951994e-06,2.526106252237256e-05,-4.666666666666667,1.4935363157340415e-05
613,prob,prob[11],"(11,)",2000,1.675216380750832e-05,4.0350531844439695e-11,6.352206848366927e-06,1.0015166449187651,1053.0316851426492,849.1087425597552,1.9777908723083817e-07,1.3215297601270044e-07,7.0778226780267795e-06,1.638091028157164e-05,2.8187218218254152e-05,6.935353613855263e-06,2.7800948166327226e-05,-4.633333333333334,1.675216380750832e-05
614,prob,prob[12],"(12,)",2000,1.8679820582732157e-05,4.587236380593332e-11,6.772913981879094e-06,1.0015166449187651,1053.0316851426492,849.1087425597552,2.0971877276991255e-07,1.3919799462598303e-07,8.244501116441016e-06,1.8358017751440054e-05,3.073628592955327e-05,8.085733355262448e-06,3.033702064079664e-05,-4.6,1.8679820582732157e-05
615,prob,prob[13],"(13,)",2000,2.0709565303477014e-05,5.078302504378761e-11,7.126220951092354e-06,1.0015166449187651,1053.0316851426492,849.1087425597552,2.192454396108143e-07,1.4465038510255632e-07,9.586389507532952e-06,2.0461061062389865e-05,3.322737449705219e-05,9.410872893856886e-06,3.2822443708645155e-05,-4.566666666666666,2.0709565303477014e-05
616,prob,prob[14],"(14,)",2000,2.2830587988977708e-05,5.461747599044707e-11,7.3903637251793686e-06,1.0015166449187651,1053.0316851426492,849.1087425597552,2.256735373499502e-07,1.4823329269287803e-07,1.1126990065217168e-05,2.268091768464947e-05,3.5608232828789826e-05,1.0934661329439e-05,3.520629041705714e-05,-4.533333333333333,2.2830587988977708e-05
617,prob,prob[15],"(15,)",2000,2.5030191185191816e-05,5.688391938268321e-11,7.542142890630169e-06,1.0015166449187651,1053.0316851426492,849.1087425597552,2.2829052832848687e-07,1.497327445885789e-07,1.28925313593142e-05,2.5005533956394537e-05,3.78236565965177e-05,1.3846351660143348e-05,3.855189855352897e-05,-4.5,2.5030191185191816e-05
618,prob,prob[16],"(16,)",2000,2.729401729071258e-05,5.7112954028056095e-11,7.557311296225404e-06,1.0015166449187651,1053.0316851426492,849.1087425597552,2.263741170970537e-07,1.490301299349984e-07,1.4912225459687141e-05,2.7419836613196302e-05,3.981677627271757e-05,1.593142571138113e-05,4.04986759462555e-05,-4.466666666666667,2.729401729071258e-05
619,prob,prob[17],"(17,)",2000,2.960634797414233e-05,5.4923986521499407e-11,7.411071887486952e-06,1.0015166449187651,1053.0316851426492,849.1087425597552,2.192137426163741e-07,1.4618829916535508e-07,1.721854186177435e-05,2.9905702758907805e-05,4.1530506855467296e-05,1.8293008315908518e-05,4.214383317713586e-05,-4.433333333333334,2.960634797414233e-05
620,prob,prob[18],"(18,)",2000,3.195047259954465e-05,5.010900522555926e-11,7.078771448885693e-06,1.0015166449187651,1053.0316851426492,849.1087425597552,2.0613984193606365e-07,1.4223831916069345e-07,1.984749841102184e-05,3.2441994019443013e-05,4.290911736388448e-05,2.2409927106871815e-05,4.4796853415110427e-05,-4.3999999999999995,3.195047259954465e-05
621,prob,prob[19],"(19,)",2000,3.430912053170626e-05,4.273296209106125e-11,6.537045364005152e-06,1.0015166449187651,1053.0316851426492,849.1087425597552,1.8657173262715489e-07,1.3718831052603513e-07,2.2838969334424587e-05,3.50046592594535e-05,4.389987089960608e-05,2.5428578086123107e-05,4.534913997289971e-05,-4.366666666666666,3.430912053170626e-05
622,prob,prob[20],"(20,)",2000,3.6664950385983026e-05,3.324942697733241e-11,5.7662316097545375e-06,1.0015166449187651,1053.0316851426492,849.1087425597552,1.6004074260767103e-07,1.315496682450822e-07,2.6237010365249335e-05,3.7566908667101035e-05,4.445468058952207e-05,2.894239983957339e-05,4.549451401671147e-05,-4.333333333333333,3.6664950385983026e-05
623,prob,prob[21],"(21,)",2000,3.900108781798813e-05,2.263014446691196e-11,4.757115141229185e-06,1.0015166449187651,1053.0316851426492,849.1087425597552,1.2519931238390988e-07,1.2641086594069035e-07,3.009020081204586e-05,4.00994602653344e-05,4.4531723359622775e-05,3.271676444834445e-05,4.4919865695802825e-05,-4.300000000000001,3.900108781798813e-05
624,prob,prob[22],"(22,)",2000,4.1301702405344713e-05,1.2507948623824726e-11,3.536657832449264e-06,1.0027580373073508,1329.2273509730605,1295.6774061625738,9.00269253505988e-08,1.2254341438032177e-07,3.445200227533851e-05,4.257085803781141e-05,4.421707025737254e-05,3.681150705757234e-05,4.423718463183123e-05,-4.266666666666667,4.1301702405344713e-05
625,prob,prob[23],"(23,)",2000,4.3552613632688545e-05,5.334538170907716e-12,2.3096619170146345e-06,1.0022836669252189,1453.9527022748305,1680.3667247826077,6.088926755629156e-08,1.1249116982975878e-07,3.938113355526312e-05,4.438391672745424e-05,4.5083531800073916e-05,4.132019044097681e-05,4.50892014173171e-05,-4.233333333333333,4.3552613632688545e-05
626,prob,prob[24],"(24,)",2000,4.5741916011433177e-05,4.55830729257408e-12,2.1350192721786095e-06,0.9996577704278846,826.2645748738697,900.7611032442384,7.551646224902274e-08,7.500907746519352e-08,4.1045944386072345e-05,4.6587484362585054e-05,4.750923017830018e-05,4.251051720426123e-05,4.751641265922369e-05,-4.2,4.5741916011433177e-05
627,prob,prob[25],"(25,)",2000,4.7860613989528734e-05,1.4833289501027663e-11,3.851400978998118e-06,1.0003973208657977,1013.2973945235552,849.1087425597552,1.3524167933426926e-07,1.1279194998433828e-07,3.952482174701155e-05,4.9048506392992665e-05,5.171397104255104e-05,4.180503019633364e-05,5.1742683383039366e-05,-4.166666666666666,4.7860613989528734e-05
628,prob,prob[26],"(26,)",2000,4.9903258557298964e-05,4.2278997591780233e-11,6.502230201383232e-06,1.0009364488457997,1057.9977544728795,849.1087425597552,2.153250685505545e-07,1.5514252614815308e-07,3.690043327113396e-05,5.116311238857734e-05,5.8004615409160645e-05,3.998659896719999e-05,5.832222718531759e-05,-4.133333333333333,4.9903258557298964e-05
629,prob,prob[27],"(27,)",2000,5.186857933951909e-05,9.482351443431008e-11,9.737736617628866e-06,1.0016936036487358,1047.3803404597293,849.1087425597552,3.0901009813283e-07,2.039522420604987e-07,3.374962271732173e-05,5.2811292411484e-05,6.615160587411188e-05,3.7644741756608475e-05,6.837816742391355e-05,-4.1000000000000005,5.186857933951909e-05
630,prob,prob[28],"(28,)",2000,5.3760108470231664e-05,1.8268006654944806e-10,1.3515919004989933e-05,1.0015166449187651,1053.0316851426483,849.1087425597552,4.154300437483534e-07,2.6747227026184046e-07,3.010448817214449e-05,5.418967133901987e-05,7.501029928062612e-05,3.0852073091117606e-05,7.533090188965597e-05,-4.066666666666666,5.3760108470231664e-05
631,prob,prob[29],"(29,)",2000,5.558679564924494e-05,3.1903271593505787e-10,1.7861486946361936e-05,1.0015166449187651,1053.0316851426483,849.1087425597552,5.34859204933662e-07,3.524123674959806e-07,2.6008558070403714e-05,5.526544539586169e-05,8.492187317046499e-05,2.4390421442859664e-05,8.249344545178055e-05,-4.033333333333333,5.558679564924494e-05
632,prob,prob[30],"(30,)",2000,5.736361743809186e-05,5.210431406168343e-10,2.2826369413834393e-05,1.0015166449187651,1053.0316851426483,849.1087425597552,6.681243351498227e-07,4.695720923131859e-07,2.1515991459807408e-05,5.600804390980415e-05,9.599352382603606e-05,1.868315165400012e-05,9.135824430101422e-05,-4.0,5.736361743809186e-05
633,prob,prob[31],"(31,)",2000,5.911218801730645e-05,8.113429508008512e-10,2.848408241107393e-05,1.0015166449187651,1053.0316851426483,849.1087425597552,8.16546843629301e-07,6.318885303771577e-07,1.6690449969469184e-05,5.6389758087732784e-05,0.00010834117046392542,9.421091722626146e-06,9.694102327091249e-05,-3.9666666666666663,5.911218801730645e-05
634,prob,prob[32],"(32,)",2000,6.086138323536545e-05,1.2202525239669093e-09,3.4932113076178334e-05,1.0015166449187651,1053.0316851426483,849.1087425597552,9.820311890359248e-07,8.513374491200247e-07,1.1603672714836092e-05,5.6386343169188716e-05,0.0001220899236378654,3.821084246210567e-06,0.00010685824365564256,-3.933333333333333,6.086138323536545e-05
635,prob,prob[33],"(33,)",2000,6.538914648897054e-05,1.5776669313367245e-09,3.971985563086458e-05,1.0016332579378997,1044.5983365128936,841.6573293980465,1.1045090476582605e-06,1.0268577959907481e-06,1.1614299325193162e-05,5.9822581188002805e-05,0.00013601476952689148,2.539175425840121e-06,0.00011684036585047639,-3.9,6.538914648897054e-05
636,prob,prob[34],"(34,)",2000,7.055389307376902e-05,1.997252118049848e-09,4.469062673592582e-05,1.0015052155211992,1033.671032862227,848.8848256964567,1.232443233492336e-06,1.2158032253681354e-06,1.1973734745458413e-05,6.357764865027647e-05,0.00015149153866318425,2.408162275080746e-06,0.0001280311514690059,-3.866666666666667,7.055389307376902e-05
637,prob,prob[35],"(35,)",2000,7.610539188936013e-05,2.5127550319020074e-09,5.012738804188791e-05,1.0015636962730545,1023.2194764866716,864.3595632092903,1.3740792958015918e-06,1.431119244155751e-06,1.2238256366514965e-05,6.702435012346649e-05,0.0001680197297202287,1.4339046036582782e-06,0.00014000441833695478,-3.833333333333333,7.610539188936013e-05
638,prob,prob[36],"(36,)",2000,8.207309705539925e-05,3.1437993401440674e-09,5.606959372194583e-05,1.0014777251929545,1009.4995947626212,841.363768056031,1.5304122813675528e-06,1.6767630627064217e-06,1.2969530379770656e-05,7.148370946083853e-05,0.00018949886654955316,1.400352942298779e-06,0.00015361028443336305,-3.8,8.207309705539925e-05
639,prob,prob[37],"(37,)",2000,8.849041499093532e-05,3.914112892151677e-09,6.256287151459464e-05,1.001503991236383,998.7249911825687,835.3870872342876,1.7024517537944352e-06,1.9568606779937414e-06,1.3473265999219712e-05,7.546110523964222e-05,0.00020992530849408525,6.951094272837838e-07,0.00016763373962045962,-3.7666666666666666,8.849041499093532e-05
640,prob,prob[38],"(38,)",2000,9.539194203585424e-05,4.8517350641216226e-09,6.965439730642727e-05,1.001405502358333,983.958062370875,842.589852942191,1.8911162114226345e-06,2.275321982375568e-06,1.3775319339111823e-05,7.969079457798183e-05,0.00023275302945343347,7.31640980678419e-07,0.00018253869030127043,-3.7333333333333334,9.539194203585424e-05
641,prob,prob[39],"(39,)",2000,0.0001028200240652023,5.990283983329466e-09,7.73969248958217e-05,1.0012977542561607,969.5971833466471,820.4214600743968,2.0973823857402174e-06,2.6362239269564243e-06,1.4660724997236603e-05,8.493627693106029e-05,0.00025609383149680884,1.4300083493331008e-06,0.00019864147518435448,-3.7,0.0001028200240652023
642,prob,prob[40],"(40,)",2000,0.00011081464222475744,7.3684122331678135e-09,8.583945615605805e-05,1.00126659484866,955.0946325443323,757.8567833969213,2.3220789472433332e-06,3.0439605179899166e-06,1.5139172452197044e-05,8.994333072182933e-05,0.0002789871635776186,1.6700966920415099e-06,0.0002173722606007441,-3.666666666666667,0.00011081464222475744
643,prob,prob[41],"(41,)",2000,0.00011941975270210966,9.030119959829064e-09,9.502694333624051e-05,1.0012065921508588,940.3697573335373,734.5022564993269,2.5791244024067734e-06,3.5037559391700073e-06,1.6150904650374342e-05,9.552065101870217e-05,0.000307102084444634,2.22859820463637e-06,0.00023635127733573062,-3.633333333333333,0.00011941975270210966
644,prob,prob[42],"(42,)",2000,0.00012867936385594863,1.1024067166459734e-08,0.00010499555784155696,1.0011559295667174,923.9512369787878,777.5025914389626,2.866961227858326e-06,4.0220939467661174e-06,1.685834260505822e-05,0.00010192363312626324,0.00033563958660682636,8.698742326501632e-07,0.0002552615275944092,-3.6,0.00012867936385594863
645,prob,prob[43],"(43,)",2000,0.000138646476309909,1.3405168757646325e-08,0.00011578069250806166,1.001127738164114,909.6517817513718,738.3647026588809,3.176919946725049e-06,4.607790004935388e-06,1.740920724665831e-05,0.00010802971326486895,0.0003665644764263188,2.588169281528428e-06,0.00027848402417515576,-3.566666666666667,0.000138646476309909
646,prob,prob[44],"(44,)",2000,0.00014936962544538204,1.623315047230412e-08,0.0001274093814140235,1.001113391790636,895.1355323017842,698.9362236345949,3.48588083118156e-06,5.272240783258431e-06,1.7943955292602077e-05,0.00011501278251278264,0.00039900385997534635,2.3315130069303005e-06,0.0003018295224784506,-3.533333333333333,0.00014936962544538204
647,prob,prob[45],"(45,)",2000,0.00016090241209227454,1.957330167165946e-08,0.0001399046163343421,1.001069831085543,880.058479880197,684.27429814878,3.8123716846480513e-06,6.030513611098529e-06,1.909318216220277e-05,0.00012376064579618578,0.0004356898038284489,2.2146490599278083e-06,0.0003298749738313689,-3.5,0.00016090241209227454
648,prob,prob[46],"(46,)",2000,0.00017329902070347972,2.3496377013763275e-08,0.00015328527983392038,1.0010462083392306,861.9827320381817,704.8559554649728,4.1606698914619785e-06,6.902553838941125e-06,1.997308669612241e-05,0.00013290444499176386,0.00047082480069933605,2.165512785850143e-06,0.00035499666228402054,-3.466666666666667,0.00017329902070347972
649,prob,prob[47],"(47,)",2000,0.00018662756231163337,2.808415179441927e-08,0.00016758326824125154,1.001072048467027,842.4081482683242,708.2443128226672,4.532453085746835e-06,7.916146652723484e-06,2.1473525761839263e-05,0.00014075643533096251,0.0005099745409578303,2.1111890497508322e-06,0.00038208393058730174,-3.433333333333333,0.00018662756231163337
650,prob,prob[48],"(48,)",2000,0.00020095341255742905,3.3432272775766016e-08,0.00018284494189275792,1.0010468109683333,827.8508298594807,687.8062151107823,4.930050644279333e-06,9.10849445934604e-06,2.2790126570804636e-05,0.00015121211698051622,0.0005511369350718869,2.051714400815513e-06,0.0004104078780993712,-3.4,0.00020095341255742905
651,prob,prob[49],"(49,)",2000,0.00021635423212486177,3.965930912108571e-08,0.00019914645143985295,1.0010567604227993,815.1845368248735,713.6441227465758,5.3567931743247195e-06,1.0530438905232234e-05,2.4147106125910778e-05,0.0001613915279828067,0.0005974355240984943,1.0813810371296196e-06,0.00044530994574792216,-3.3666666666666667,0.00021635423212486177
652,prob,prob[50],"(50,)",2000,0.00023291630214161672,4.6919452450487746e-08,0.00021660898515640515,1.0010773841564138,803.3319451648774,713.1665305423835,5.817194261776649e-06,1.2250444660134447e-05,2.5406837579421344e-05,0.0001728210223912522,0.0006449631536225072,1.6968486264868542e-06,0.00048095181523307584,-3.3333333333333335,0.00023291630214161672
653,prob,prob[51],"(51,)",2000,0.00025081041660479457,5.5445370416856475e-08,0.00023546840640913268,1.0011166717724496,791.1976412508748,707.4641497712685,6.318200995862337e-06,1.4319667283918641e-05,2.6948421555876192e-05,0.00018536772757194505,0.000690409336763118,1.8487649495093357e-06,0.0005192547691516854,-3.3,0.00025081041660479457
654,prob,prob[52],"(52,)",2000,0.000270284114346368,6.553481842776838e-08,0.0002559976922313332,1.0011287658964005,783.8561126864907,686.7100525653526,6.8662786366373625e-06,1.671198710238603e-05,2.8245454704571557e-05,0.00019920109817299012,0.0007470581994353888,1.7125061747251975e-06,0.0005634329765615186,-3.2666666666666666,0.000270284114346368
655,prob,prob[53],"(53,)",2000,0.0002915169019222752,7.749448361423769e-08,0.0002783783102438796,1.0011482290094393,775.6162499446132,667.988040850307,7.4669988442464394e-06,1.9435642124227044e-05,2.993874269998583e-05,0.00021407707786978632,0.0008146056862261717,1.9826068759349354e-06,0.0006070885078259565,-3.2333333333333334,0.0002915169019222752
656,prob,prob[54],"(54,)",2000,0.0003146963837564247,9.167837974509071e-08,0.0003027843783042492,1.001189586864581,767.2315524731871,636.643667967444,8.148002606012471e-06,2.2488559020238444e-05,3.118874189241591e-05,0.00023071048272798046,0.0008765779300244965,2.14967048607904e-06,0.000660960503987417,-3.1999999999999997,0.0003146963837564247
657,prob,prob[55],"(55,)",2000,0.00034004927872856435,1.0850394434137952e-07,0.00032939936906645635,1.001254607548056,758.4553329299631,658.4380823838462,8.893068554411584e-06,2.5855225346618938e-05,3.411073261365492e-05,0.0002488330507882462,0.0009464491848153905,2.379929354545656e-06,0.0007138447024629161,-3.1666666666666665,0.00034004927872856435
658,prob,prob[56],"(56,)",2000,0.0003677959772941704,1.2844435537377105e-07,0.0003583913438878945,1.0012986273345563,751.341468019716,658.3128107838539,9.706022384715175e-06,2.95062002371294e-05,3.7290717974182776e-05,0.00026878580321600245,0.0010288340122911479,2.6214660345706085e-06,0.0007707556811429191,-3.1333333333333333,0.0003677959772941704
659,prob,prob[57],"(57,)",2000,0.0003981869327937671,1.5203484056760856e-07,0.0003899164533173851,1.0013490866761492,744.7950097640381,654.7576681257764,1.0589871297718282e-05,3.3393134176627474e-05,4.070896022067801e-05,0.000292654061103721,0.0011122124466375778,2.9421874800463012e-06,0.0008353095818381667,-3.0999999999999996,0.0003981869327937671
660,prob,prob[58],"(58,)",2000,0.0004314950544641475,1.7987061048859322e-07,0.0004241115542974433,1.001435746062645,736.1520631279745,654.6259074234962,1.154651520388044e-05,3.744671454259833e-05,4.3473768126926786e-05,0.00031873475868526716,0.0012016795506606928,3.25427049843303e-06,0.0009097801831445252,-3.0666666666666664,0.0004314950544641475
661,prob,prob[59],"(59,)",2000,0.00046801686925910786,2.1258221712112122e-07,0.0004610663912292038,1.0014908583971718,728.6650799149858,645.57099681351,1.257591786904484e-05,4.1566455584919096e-05,4.721377707558891e-05,0.0003454058981881414,0.0012957613234697803,3.3570015132534247e-06,0.0009843872488897562,-3.033333333333333,0.00046801686925910786
662,prob,prob[60],"(60,)",2000,0.0005080884692350859,2.50881702112487e-07,0.0005008809260817255,1.0015670501576073,723.6343572842876,645.57099681351,1.367785323465752e-05,4.5637696337086784e-05,5.234835511122383e-05,0.00037726377906408123,0.0013941000928875949,3.485771211613681e-06,0.0010760637199433941,-2.9999999999999996,0.0005080884692350859
663,prob,prob[61],"(61,)",2000,0.0005520585563395091,2.954778507864741e-07,0.0005435787438692522,1.0016442303460986,721.4792899228919,641.034240508915,1.4849618262518189e-05,4.9510163680343414e-05,5.753107485532003e-05,0.0004133301685326242,0.0015049754606684394,4.907542162659078e-06,0.0011814726921926628,-2.966666666666667,0.0005520585563395091
664,prob,prob[62],"(62,)",2000,0.0006003204943321841,3.4709021462066525e-07,0.0005891436281762413,1.0016860886454317,718.6712191582033,645.2298515613223,1.6087405910616402e-05,5.300668420487078e-05,6.228598189494437e-05,0.0004477462836351403,0.001637112350297365,3.822785985543575e-06,0.0012863161517730256,-2.9333333333333336,0.0006003204943321841
665,prob,prob[63],"(63,)",2000,0.0006533078649701109,4.0637912750234107e-07,0.000637478727097886,1.0017539944449856,714.3486045178444,652.9011740957909,1.738563078896507e-05,5.591564339545373e-05,6.933358611252404e-05,0.0004888730366113083,0.0017820022265059743,5.301411860656368e-06,0.001402938015133384,-2.9000000000000004,0.0006533078649701109
666,prob,prob[64],"(64,)",2000,0.0007115252160068619,4.7405658494049493e-07,0.0006885176722063821,1.0018125252187797,711.681492449496,640.1609610545435,1.8740779640393704e-05,5.803497081260834e-05,7.61716478314533e-05,0.0005356536140936207,0.0019261172250307629,5.522733990525202e-06,0.0015039040284527834,-2.8666666666666663,0.0007115252160068619
667,prob,prob[65],"(65,)",2000,0.0007755099309575549,5.507642423863735e-07,0.0007421349219558217,1.001844519722178,711.1624893395739,614.7251414089659,2.0149601309053876e-05,5.916339702786389e-05,8.378431506125256e-05,0.0005900085061076094,0.0020771575840818233,4.534343671771008e-06,0.0016201131425001112,-2.8333333333333335,0.0007755099309575549
668,prob,prob[66],"(66,)",2000,0.0008458883475866276,6.37198828957568e-07,0.0007982473482308401,1.001890740918384,709.6438264286569,616.0175577102272,2.1732262558860763e-05,5.9140674165337284e-05,9.013893672294507e-05,0.0006465994442988771,0.0022564826899596608,4.828264603562805e-06,0.0017621480884948961,-2.8,0.0008458883475866276
669,prob,prob[67],"(67,)",2000,0.0009233771150804454,7.34157399775118e-07,0.0008568298546240776,1.0019544891626877,709.2433462340492,658.7596851031055,2.3470511914780447e-05,5.787456894019674e-05,9.813194906727629e-05,0.000711518045855596,0.002421371231737248,5.151805200379095e-06,0.0019240145701837203,-2.7666666666666666,0.0009233771150804454
670,prob,prob[68],"(68,)",2000,0.001008842130375653,8.430021803207458e-07,0.00091815150183439,1.002009524320832,710.4315050973643,663.5779381480746,2.537270743569393e-05,5.543164258030201e-05,0.00010755453031307979,0.0007871260447246313,0.0026008764066596276,5.505555825981113e-06,0.0020986353664847047,-2.7333333333333334,0.001008842130375653
671,prob,prob[69],"(69,)",2000,0.0011038097011699546,9.672728522106931e-07,0.0009835003061568883,1.0021206115253358,710.8200240682478,683.1833106617182,2.7490745090581867e-05,5.235326213585085e-05,0.0001197994553727876,0.0008655676350868163,0.002839529495403148,6.285708335249132e-06,0.002309172799562444,-2.7,0.0011038097011699546
672,prob,prob[70],"(70,)",2000,0.001211199553752391,1.1148394302072764e-06,0.0010558595693591437,1.0021917937068765,710.9685090403032,688.2907209757193,2.9891217706610073e-05,5.001266564001144e-05,0.0001325709922695496,0.0009549790444042586,0.003117060790802783,8.567553760054922e-06,0.0025266962316931457,-2.666666666666666,0.001211199553752391
673,prob,prob[71],"(71,)",2000,0.0013330687112208387,1.2916651878930403e-06,0.0011365144908416435,1.002230170923874,713.5428111165742,725.2945089022163,3.261592788068028e-05,4.8409228847004745e-05,0.0001490414236977655,0.0010622768843327644,0.0033674652813963516,1.2496764080477588e-05,0.0027757420257164597,-2.6333333333333333,0.0013330687112208387
674,prob,prob[72],"(72,)",2000,0.0014716767189993866,1.5047237963891137e-06,0.0012266718372853898,1.002279733260376,715.3221712196016,726.0567990887549,3.5706068225383825e-05,4.763632883771645e-05,0.00017088475597149355,0.0011831937837005514,0.00372958298367279,1.8158416993575755e-05,0.0030076757110708502,-2.6,0.0014716767189993866
675,prob,prob[73],"(73,)",2000,0.0016295690228373542,1.7622248624573394e-06,0.0013274881778973925,1.0023157395446203,720.6558503836591,726.0567990887549,3.91739127505389e-05,4.7627746932988865e-05,0.00019831324431294722,0.001318297954562238,0.004073052809755779,2.5566629058887316e-05,0.0033106697745565097,-2.5666666666666664,0.0016295690228373542
676,prob,prob[74],"(74,)",2000,0.0018097437391958425,2.0740083600496046e-06,0.001440141784703716,1.0023830414996546,722.9311295626487,726.0567990887549,4.2826451742956925e-05,4.8253853180593415e-05,0.00023035565094055137,0.0014664383944334933,0.004513818405023647,3.472820937742011e-05,0.0036290812346570804,-2.533333333333333,0.0018097437391958425
677,prob,prob[75],"(75,)",2000,0.0020157260555080697,2.451710766170186e-06,0.0015657939730916663,1.0024129364656587,726.007445438947,726.0567990887549,4.691991953458782e-05,4.938630191637236e-05,0.000268422131743484,0.0016558763037672086,0.004920293793209769,5.93693648561531e-05,0.0040096013752991926,-2.5,0.0020157260555080697
678,prob,prob[76],"(76,)",2000,0.00225166477394845,2.9093498794653227e-06,0.0017056816465757386,1.0024676296124586,729.847010078481,725.608178760105,5.1497096266282704e-05,5.093787412085461e-05,0.0003199753297673174,0.001865197461758878,0.005429583472667691,6.305914035762986e-05,0.004436476526511442,-2.466666666666667,0.00225166477394845
679,prob,prob[77],"(77,)",2000,0.002522296784482957,3.4631661715666154e-06,0.0018609584013530812,1.0025341610528509,734.6849840704466,737.1237290162103,5.660003058901629e-05,5.2868473845865265e-05,0.0003825940625566862,0.002110478532602792,0.005970392558485777,7.867582548374439e-05,0.004910032088946987,-2.433333333333333,0.002522296784482957
680,prob,prob[78],"(78,)",2000,0.002833289010151225,4.132265423240356e-06,0.0020327974378280675,1.0026264262476363,739.37259174877,737.1237290162103,6.22736401551673e-05,5.517472125578986e-05,0.00045649826040402143,0.0023926257463571096,0.006503573567682002,0.00010121660547700355,0.005448896030275941,-2.4,0.002833289010151225
681,prob,prob[79],"(79,)",2000,0.0031913956006132446,4.9386011052669845e-06,0.0022222963585595383,1.0026656282083588,745.0560754735145,772.8063390860746,6.851418858929922e-05,5.787116229005524e-05,0.000547559289252153,0.0027355847291016242,0.007157961532199157,0.0001378991227590316,0.006069646071973097,-2.3666666666666667,0.0031913956006132446
682,prob,prob[80],"(80,)",2000,0.00360474331397299,5.907850552871718e-06,0.002430607033823386,1.0027060635112413,750.4787143797225,763.8788740015533,7.538956180988603e-05,6.097761895658937e-05,0.0006614451766594356,0.0031408139561930745,0.008026959645106175,0.00017808956412315664,0.006757935677956213,-2.333333333333333,0.00360474331397299
683,prob,prob[81],"(81,)",2000,0.004082781371922762,7.0683772280245495e-06,0.0026586419894420814,1.0027448621443114,755.4251441884106,760.591259055533,8.293934094570374e-05,6.450567229945812e-05,0.0008055990934719997,0.003607836446011943,0.008927293671697924,0.00025334877102431067,0.007555995984726807,-2.3,0.004082781371922762
684,prob,prob[82],"(82,)",2000,0.004637024658655469,8.451775314924879e-06,0.002907193718162737,1.0027697487301204,760.2334831483245,770.1940408661603,9.119086989023837e-05,6.845830278377074e-05,0.0009875688793792535,0.004134180134254529,0.009989181303124579,0.00038604148323019105,0.00851319187090475,-2.2666666666666666,0.004637024658655469
685,prob,prob[83],"(83,)",2000,0.005281452072978179,1.0091755121519801e-05,0.003176752291495168,1.0028166410630024,766.5446878243555,758.8946412638273,0.00010015518533189271,7.283054289062912e-05,0.0012183717067489653,0.004756016012980551,0.011040093726413694,0.0006471303362139337,0.009654452567669147,-2.233333333333333,0.005281452072978179
686,prob,prob[84],"(84,)",2000,0.006033294841901811,1.2025100413631538e-05,0.00346772265523521,1.0028308808821427,773.9492118621788,805.511362080587,0.00010982697188353982,7.762119978894507e-05,0.0015087415474438425,0.005473855134801222,0.012305402267422716,0.0006687342919664569,0.010641196914765897,-2.2,0.006033294841901811
687,prob,prob[85],"(85,)",2000,0.006913085028354341,1.4288562021977978e-05,0.0037800214314178135,1.0028621355060003,781.2052848768769,816.1798787737121,0.00012016036633584362,8.283441993143582e-05,0.0018821622920760829,0.006338195818389571,0.01374461737708915,0.0013420352841638015,0.012441358758219842,-2.1666666666666665,0.006913085028354341
688,prob,prob[86],"(86,)",2000,0.007946410253719392,1.6919645050693773e-05,0.004113349614449734,1.002827852102685,793.4211431586864,796.8418520590839,0.00013105989220642728,8.84905014273136e-05,0.002385739991993095,0.0073501011005215194,0.015414871126869002,0.0017984500117123232,0.014118751716357356,-2.133333333333333,0.007946410253719392
689,prob,prob[87],"(87,)",2000,0.009161256726811218,1.9969239671445614e-05,0.004468695522347166,1.0027879865439386,807.4624161127788,802.8245711175556,0.0001424059265079751,9.464268537455459e-05,0.0030314553401219677,0.008577671643453284,0.017301701700132767,0.0022503693409583027,0.015750959343294863,-2.0999999999999996,0.009161256726811218
690,prob,prob[88],"(88,)",2000,0.010577995790205354,2.3544386331275036e-05,0.004852255798211285,1.0027246490215866,827.3970067883253,802.4476601348946,0.000154210181300755,0.0001003872433577941,0.003807681607161807,0.009965982871794987,0.019557199526154992,0.0030871675403636185,0.01796743980232701,-2.066666666666667,0.010577995790205354
691,prob,prob[89],"(89,)",2000,0.012229047119021614,2.77266839021829e-05,0.005265613345298238,1.0026895548959036,850.4452462399951,814.32056490559,0.00016628542523244383,0.00010763212556691189,0.004887616403765896,0.011554886290927477,0.022081826929044746,0.0038081454915515683,0.02022931686274018,-2.033333333333333,0.012229047119021614
692,prob,prob[90],"(90,)",2000,0.014153423906298007,3.2605768111834754e-05,0.005710146067469269,1.0025681729998643,883.9002267714528,843.0147256822928,0.00017836298807301704,0.0001152982497814954,0.006154358021407792,0.013461428262057259,0.02481951778527091,0.004538654772641633,0.022567910552068443,-1.9999999999999998,0.014153423906298007
693,prob,prob[91],"(91,)",2000,0.016395118882188996,3.828872131150256e-05,0.006187788079071758,1.0024981101390655,930.3982910599481,874.5198201322765,0.00019010875081099864,0.00012473176681534893,0.007618262248809093,0.015675239727239724,0.027887150858226288,0.005501321799315667,0.025209365455673698,-1.9666666666666668,0.016395118882188996
694,prob,prob[92],"(92,)",2000,0.019004963644106716,4.4917201389899254e-05,0.006702029647047173,1.0023414268007322,994.0196518081841,914.9627421099617,0.0002011486667955689,0.00013345096558965743,0.009429120565999469,0.018304732315474546,0.031215739637685754,0.00872467166718641,0.029906474782691105,-1.9333333333333336,0.019004963644106716
695,prob,prob[93],"(93,)",2000,0.02203753103174821,5.267926258253288e-05,0.007258048124842717,1.0022061180145179,1061.938122021107,1121.4920892803896,0.0002135615545319148,0.00014268961894523856,0.011563442619496643,0.0212785225836013,0.035051889271366,0.011003323911163331,0.03388253684083535,-1.8999999999999997,0.02203753103174821
696,prob,prob[94],"(94,)",2000,0.025553334254877567,6.184274141236527e-05,0.007864015603517408,1.0020062050381193,1166.2899022725283,1236.9486173955884,0.0002244209250476979,0.00015265207090398868,0.014026272597627957,0.024649340549720032,0.039685319601752755,0.01311861825853463,0.03801425711299406,-1.8666666666666667,0.025553334254877567
697,prob,prob[95],"(95,)",2000,0.02961673230427486,7.278458777378852e-05,0.008531388384887217,1.0018064862998637,1310.3251160964865,1359.1907213509332,0.0002325224917005809,0.00016369519381619692,0.017265487204184932,0.028754587091491486,0.04484300055602504,0.01629649395287467,0.0433550736783033,-1.8333333333333335,0.02961673230427486
698,prob,prob[96],"(96,)",2000,0.034298292041427265,8.603450472087312e-05,0.009275478678799985,1.001555182216352,1478.0294605025917,1512.0089667563702,0.00023873139659378678,0.00017626803444717635,0.020714240485194765,0.033422527103889266,0.05095579103301198,0.019258355778479338,0.048816784202240185,-1.7999999999999996,0.034298292041427265
699,prob,prob[97],"(97,)",2000,0.039667525460785315,0.00010227869780848532,0.01011329312382892,1.0013521307717914,1909.402782953441,1731.871421155501,0.00023015408721782372,0.0001907113207532344,0.024838787463524564,0.03873990698927301,0.05767432978846277,0.022998697166345283,0.05509709786212879,-1.7666666666666666,0.039667525460785315
700,prob,prob[98],"(98,)",2000,0.04579511366592676,0.00012233922437441072,0.01106070632348634,1.0011916680704807,2119.794956445491,1727.9732440837124,0.0002400345686353325,0.00020787829718094613,0.029206066946472556,0.0448285467794984,0.06497733186457931,0.027717225798192073,0.0631736611724438,-1.7333333333333334,0.04579511366592676
701,prob,prob[99],"(99,)",2000,0.05274758136286485,0.00014704563754397725,0.012126237567521809,1.0010319831564232,2294.7580037907956,1826.0865048574283,0.00025349154349335145,0.00022968916769597577,0.03457625310111729,0.05167869192578048,0.07401175220235448,0.03430674914881222,0.07336968910992689,-1.6999999999999997,0.05274758136286485
702,prob,prob[100],"(100,)",2000,0.060590840905764415,0.00017702696275063282,0.013305147979283538,1.0009366143569323,2329.347027781819,1746.0707651818789,0.0002766429633725698,0.0002529584409584558,0.040470769928716364,0.05951853563821471,0.08420644871259429,0.03696500873091373,0.07988893308624304,-1.6666666666666665,0.060590840905764415
703,prob,prob[101],"(101,)",2000,0.06937763598204097,0.00021233372712942374,0.01457167550865115,1.0009453301651998,2337.1899132419935,1915.3785835746082,0.0003024107728200736,0.0002747584683984747,0.04712775006536749,0.06800641453545259,0.09530262373390785,0.04520584293403732,0.09240218324508351,-1.6333333333333333,0.06937763598204097
704,prob,prob[102],"(102,)",2000,0.07915112111692595,0.00025195758276265196,0.015873171792765678,1.000938982774342,2291.371883067771,1588.8873177667822,0.00033173675951484377,0.0002966490796507149,0.05474567334790861,0.0777276354082265,0.10690280972799827,0.05086737121720703,0.10229297736951214,-1.6,0.07915112111692595
705,prob,prob[103],"(103,)",2000,0.08993750088509347,0.00029332237857910756,0.01712665695864513,1.001026278628722,2274.461569786488,1661.2638635509709,0.0003590616860933265,0.00031924379474813545,0.06362776116743216,0.08862446807718387,0.12041800070037599,0.059141592454098765,0.11488835510180428,-1.5666666666666664,0.08993750088509347
706,prob,prob[104],"(104,)",2000,0.10175439846039279,0.00033212627359520506,0.01822433191080554,1.0011415931685055,2170.451056650427,1871.6872694771916,0.0003917332780512612,0.0003395869824285453,0.07380073339968582,0.10043944977034194,0.13420369286278505,0.07097726461700567,0.13034189670641533,-1.5333333333333332,0.10175439846039279
707,prob,prob[105],"(105,)",2000,0.11459734890437312,0.00036416035616358954,0.019082986038971718,1.0012737172732318,2054.0237264241205,1802.1948340507872,0.0004211930596774253,0.0003551475508604701,0.08575396720608675,0.11349756070668993,0.14843777664477867,0.08464576204682456,0.14665399600093373,-1.5,0.11459734890437312
708,prob,prob[106],"(106,)",2000,0.12845845585647045,0.0003925436800621339,0.01981271511081038,1.001513406709736,1946.6756387420728,1705.0881028472352,0.0004499563366652454,0.00037020260416218,0.09871775668753001,0.12732746669106954,0.16392985289451376,0.09767835853531437,0.16174406441192524,-1.4666666666666663,0.12845845585647045
709,prob,prob[107],"(107,)",2000,0.14330946107201456,0.00041838497780454696,0.02045446107343205,1.0017788337802878,1850.0327239400747,1677.371583021388,0.00047730669796389836,0.0003859893695774123,0.11225886149497975,0.14217118826702346,0.17984146982726404,0.10953574135733385,0.1755727865850688,-1.4333333333333333,0.14330946107201456
710,prob,prob[108],"(108,)",2000,0.15910905776572698,0.0004429747553231336,0.02104696546590823,1.001985666302221,1765.2823590060043,1672.1024810064712,0.0005075984668593892,0.00040347572486476173,0.12719542712522616,0.15794676513545491,0.19632767160885053,0.12485312196289854,0.1922382027814197,-1.4,0.15910905776572698
711,prob,prob[109],"(109,)",2000,0.1757835167082384,0.0004688024613695364,0.021651846604147564,1.0021075770215229,1658.1410499103145,1662.248043081826,0.0005407567226395617,0.00042279403589180916,0.14251937804017414,0.17466793848688905,0.21376639678118878,0.14073972579800886,0.21053860197664404,-1.3666666666666663,0.1757835167082384
712,prob,prob[110],"(110,)",2000,0.1932340340996472,0.0004993569894205089,0.022346296995710696,1.002226430769969,1603.2141942456522,1688.6689999546995,0.0005701548872389349,0.0004450785022915196,0.15852096606241864,0.1921094106507486,0.23196125615243848,0.15623016530911815,0.22801559473284289,-1.3333333333333333,0.1932340340996472
713,prob,prob[111],"(111,)",2000,0.2113277953877163,0.0005386865073601085,0.023209621008541015,1.002178816703971,1574.6993190293945,1484.3364307585239,0.0005946304196770077,0.00047176054811973113,0.1748293021655181,0.21059611799939632,0.25019260416639233,0.17292637409670086,0.24760107646728488,-1.3000000000000003,0.2113277953877163
714,prob,prob[112],"(112,)",2000,0.22991412153667382,0.000590697209160563,0.024304263189007868,1.002722903018076,1604.0397265146787,1354.987805203831,0.0006160389869294953,0.0005021243814164405,0.19190652133796496,0.22895456869742958,0.270277301200615,0.1900485348372811,0.2679387736239335,-1.2666666666666662,0.22991412153667382
715,prob,prob[113],"(113,)",2000,0.24880822546812612,0.0006582610222062237,0.02565659802480102,1.0043345346579124,1645.7725651400963,1299.3914544529223,0.0006378175565739986,0.0005347222099207233,0.20811695694768026,0.2476057419081842,0.29139689721337736,0.2051712469341984,0.2877417394695169,-1.2333333333333332,0.24880822546812612
716,prob,prob[114],"(114,)",2000,0.2678003077831081,0.0007421340121345749,0.027242136702809765,1.0053520802363995,1733.6358392048717,1345.8616023308332,0.0006588449966917906,0.0005677859816526707,0.22477681962307722,0.26648061908434717,0.31378954273868803,0.22602932522723784,0.31412464477579116,-1.2000000000000002,0.2678003077831081
717,prob,prob[115],"(115,)",2000,0.2866517366477559,0.0008400148955404003,0.028983010463725128,1.0062614274993225,1790.8783063226597,1410.1420391883078,0.0006899370117102869,0.0005994154521507152,0.24112175978773523,0.2855189454732272,0.33608629570775606,0.23783305805306937,0.33104599792612244,-1.1666666666666667,0.2866517366477559
718,prob,prob[116],"(116,)",2000,0.30511478529001307,0.0009459761985022141,0.030756726069304158,1.006346160197603,1851.5960763583714,1449.300535943464,0.0007198854212791773,0.0006263389731576086,0.25662395982066377,0.3040584607021122,0.35724935308075356,0.2561869947255521,0.35620392581997573,-1.133333333333333,0.30511478529001307
719,prob,prob[117],"(117,)",2000,0.32292842317268006,0.001050803183057299,0.03241609450654565,1.00639949818107,1903.1984778923854,1613.10619379775,0.000747061421285512,0.0006463317012661969,0.2710311752864864,0.32179764765994884,0.37774590336188774,0.2743066355359803,0.3793895754376694,-1.1,0.32292842317268006
720,prob,prob[118],"(118,)",2000,0.3398242186752547,0.0011424560609733902,0.03380023758752873,1.0046057258120753,1945.6571334036555,1864.3648007187808,0.0007698321538246369,0.0006570291177946407,0.28599402438940147,0.3387918034513059,0.3970233889260462,0.28822798175399234,0.39833252774568284,-1.0666666666666669,0.3398242186752547
721,prob,prob[119],"(119,)",2000,0.3555297850929004,0.0012076994036362913,0.03475196978066555,1.0042403942644933,1983.0812432488146,1930.8102616655801,0.0007832017878301006,0.0006555053025078948,0.3006319457066403,0.3545174798383793,0.414045497910773,0.30063870878267457,0.41405265092227295,-1.033333333333333,0.3555297850929004
722,prob,prob[120],"(120,)",2000,0.3697848158797624,0.0012342970885487825,0.035132564502876565,1.0023948665759208,2017.8527863891984,1814.1099590572862,0.0007842145756451404,0.0006391611954552983,0.31456995904811136,0.36871420090448465,0.42916118119906205,0.31217912246490365,0.4262206731636586,-0.9999999999999999,0.3697848158797624
723,prob,prob[121],"(121,)",2000,0.3823534481553376,0.0012150192668194681,0.03485712648540422,1.0012763262462465,2044.7294198288835,1763.7519987860967,0.0007709636499347005,0.0006205612843254386,0.326830533086947,0.38154990235660535,0.44117832011198194,0.3259360496066673,0.43909289138323493,-0.9666666666666668,0.3823534481553376
724,prob,prob[122],"(122,)",2000,0.39301636534886647,0.0011498135209178303,0.03390890032009045,1.0001705095491649,2083.082523127217,1868.8308481453853,0.000743027418635354,0.0005863556235621172,0.33850759883992143,0.39223172844450105,0.45006247855217163,0.33356099974156905,0.444443012588173,-0.9333333333333331,0.39301636534886647
725,prob,prob[123],"(123,)",2000,0.4016707046436604,0.0010526509065484674,0.032444582083122404,1.0000398704852338,2137.359599028658,1821.0460589355012,0.0007038837523516084,0.0005464750201150672,0.3499584215849194,0.4004837308020693,0.45694559616314,0.3493056755354643,0.45585735696054874,-0.9,0.4016707046436604
726,prob,prob[124],"(124,)",2000,0.40897149164407137,0.0009676856246978354,0.0311076457594887,1.000045813780176,2190.519544876829,1808.8420722247674,0.0006674719819459691,0.0005223262309499683,0.3585211513820023,0.4078347649402031,0.46250206452869935,0.36290172643370444,0.465789388662604,-0.8666666666666669,0.40897149164407137
727,prob,prob[125],"(125,)",2000,0.4151223834953893,0.0009095534768889773,0.03015880430138067,1.0000179175871942,2239.559287047095,1769.5313778884124,0.0006399480621541685,0.0005066428773833121,0.36614282228848516,0.41418750243789115,0.4663901106841475,0.37045773445459984,0.46907941371307316,-0.8333333333333328,0.4151223834953893
728,prob,prob[126],"(126,)",2000,0.42017246738762254,0.0008819732259871789,0.02969803404246111,0.9999775376144981,2279.3141357831514,1860.576372381784,0.000624194161370682,0.00049873390439819,0.372435466229801,0.41892787229803274,0.47089785467572565,0.3759603130329881,0.47313704363348735,-0.7999999999999997,0.42017246738762254
729,prob,prob[127],"(127,)",2000,0.42417756185028893,0.0008849536765678846,0.029748170978530504,0.9999255660100865,2302.9089516377717,1911.0731745157523,0.0006233796001604703,0.0004986439861055647,0.37710955462791085,0.4235911791682384,0.4750375293114818,0.37799273161787117,0.47574043834479995,-0.7666666666666666,0.42417756185028893
730,prob,prob[128],"(128,)",2000,0.42720353785560555,0.0009149130022956968,0.03024752886263102,1.000516620504974,2289.4153653700287,1876.895165379176,0.0006353083305565514,0.0005059380599962472,0.37903328359366834,0.4265890646248133,0.4788052036476072,0.3794148020219344,0.47896155924754363,-0.733333333333333,0.42720353785560555
731,prob,prob[129],"(129,)",2000,0.42931521790944854,0.0009656124308788666,0.031074304994301426,1.0006777521500803,2261.3050160542653,1840.307572239859,0.0006548138610848276,0.0005303867071367928,0.38061540697644564,0.42769283821775644,0.48251296460546317,0.37680950797770973,0.4780688618002011,-0.6999999999999998,0.42931521790944854
732,prob,prob[130],"(130,)",2000,0.4305819597768352,0.0010287011183933924,0.03207337086109585,1.0015558064350898,2226.5059129180468,1767.0792855381906,0.0006784425003541657,0.000564646442555031,0.3816873946429106,0.42972134761627323,0.4849391126519772,0.38142909023014165,0.4846813244210823,-0.6666666666666667,0.4305819597768352
733,prob,prob[131],"(131,)",2000,0.43107492052318663,0.0010947328314801854,0.033086747067068795,1.0010868831495443,2189.298062021956,1514.1911200061338,0.000702731097701671,0.0006082353492345538,0.37972981667185196,0.4299658039958557,0.48815024179482475,0.375812736723509,0.4826994766489388,-0.6333333333333336,0.43107492052318663
734,prob,prob[132],"(132,)",2000,0.43086987691782536,0.0011537869717392082,0.03396743987614033,1.0009197747914251,2171.6641175305317,1494.9048422256935,0.0007245003945208303,0.000651392404649159,0.37796737333529884,0.4296697953176253,0.4878847400000151,0.3776930107371644,0.487623705504103,-0.5999999999999995,0.43086987691782536
735,prob,prob[133],"(133,)",2000,0.43003604227499237,0.0011975323746232218,0.03460538071779043,1.0001642428850606,2162.645595873646,1593.6428225475702,0.0007414073815987035,0.0006883020680005298,0.37492435624683024,0.42916841300362163,0.4891370799351723,0.37377689037401474,0.4875540847619908,-0.5666666666666664,0.43003604227499237
736,prob,prob[134],"(134,)",2000,0.4286447212805161,0.0012191158074966997,0.03491583892013336,0.9999765756169602,2134.954103092177,1594.175815852215,0.0007516628405005655,0.0007153250182572054,0.37247605934649836,0.4279034604304982,0.4883482193581306,0.3697205360161059,0.4852410703395249,-0.5333333333333333,0.4286447212805161
737,prob,prob[135],"(135,)",2000,0.42676608067857597,0.001214225557275768,0.03484573944222978,1.0000208266221768,2108.412755647601,1314.544458589737,0.0007541560331832487,0.0007298526223262884,0.37066783921286045,0.42595865652255804,0.48637649380766307,0.36949650253451116,0.4844517418988832,-0.49999999999999967,0.42676608067857597
738,prob,prob[136],"(136,)",2000,0.4244738924684498,0.0011812464400571176,0.03436926592258144,1.0008860486004125,2083.8373965273827,1240.1530649604545,0.0007483408765678527,0.000742104591908451,0.3688305316734819,0.42363256630700774,0.4836866946171488,0.36479859986154806,0.47926732074189143,-0.46666666666666656,0.4244738924684498
739,prob,prob[137],"(137,)",2000,0.4218293425699125,0.0011228704415908305,0.03350925904270088,1.0008130402870827,2056.1199238720897,1375.8806972119914,0.0007346805060088055,0.0007441939142220219,0.3675852220633181,0.4213387910231928,0.47874732508885365,0.3681186627290376,0.47915470845948716,-0.43333333333333346,0.4218293425699125
740,prob,prob[138],"(138,)",2000,0.4188958843256994,0.001045157801925099,0.03232890041317674,1.000538388105767,2021.091328922021,1305.445905559811,0.0007144219551013069,0.0007297083590466387,0.3667275795589753,0.4184138370600279,0.47374573944410137,0.36647740569296305,0.4735564387772359,-0.3999999999999998,0.4188958843256994
741,prob,prob[139],"(139,)",2000,0.41573361013541477,0.0009578304967892454,0.03094883675987266,1.002311560143095,1990.7082855182043,1382.9306537767459,0.0006911547414711328,0.0006878413658043066,0.366033833582313,0.41558678334229426,0.4689597453904802,0.36123965893627885,0.4626307096672299,-0.3666666666666667,0.41573361013541477
742,prob,prob[140],"(140,)",2000,0.41240512326453677,0.0008739049514887721,0.029561883422555675,1.0034556184306105,1922.838131578163,1322.6568363698357,0.0006724080446878054,0.000626366087697462,0.3655265108730704,0.41201345391239985,0.4624636399068313,0.36420228801608584,0.45997214108480444,-0.33333333333333315,0.41240512326453677
743,prob,prob[141],"(141,)",2000,0.40894913465254706,0.0008109402887860476,0.02847701334034255,1.0051373652903113,1859.9476808955067,1338.1136994516762,0.0006556266271074491,0.0005667533292358871,0.3641595204262953,0.408734213477814,0.4577961710482584,0.36075655693802566,0.4533083533471406,-0.2999999999999995,0.40894913465254706
744,prob,prob[142],"(142,)",2000,0.4053212809576284,0.0007876429698403597,0.02806497763833707,1.0048797214080085,1837.8819371897753,1805.6372271107957,0.0006495143637941102,0.0005331638012923819,0.36094958659596993,0.4048415834609067,0.4525709841057947,0.36093792278281767,0.45222934405689147,-0.2666666666666664,0.4053212809576284
745,prob,prob[143],"(143,)",2000,0.40153090926619023,0.0007979570241679778,0.028248133109428274,1.0031914675432418,1842.5793155453248,1738.5702606165933,0.0006522118995844387,0.0005556395091534886,0.3545172139750704,0.401220690913979,0.44986571051654006,0.35155159547081466,0.4455533439261724,-0.23333333333333328,0.40153090926619023
746,prob,prob[144],"(144,)",2000,0.3976177956659166,0.0008304476406433344,0.02881748845134382,1.0018806195705638,1880.1653714016932,1680.78053099635,0.0006597501723247981,0.0005969527201716845,0.3489057131946173,0.39655774239830466,0.4467546195998429,0.3437707465934723,0.4400829352414593,-0.20000000000000018,0.3976177956659166
747,prob,prob[145],"(145,)",2000,0.3936082113075808,0.0008745832334436324,0.029573353435882656,1.0008826871956187,1950.4369538039728,1729.4374788305647,0.0006686262480796646,0.0006436783591867455,0.34419368084494045,0.39309740160003875,0.4440469744835558,0.34215694644816624,0.4414303754447356,-0.16666666666666652,0.3936082113075808
748,prob,prob[146],"(146,)",2000,0.389529826711233,0.000920930406874903,0.030346835203607363,1.0006247349494795,2028.1299975503007,1526.9933709219868,0.0006759624054870312,0.0006857262010898477,0.33878878458563777,0.38918989992865993,0.4410331588825843,0.34211688503879606,0.442741833270125,-0.13333333333333341,0.389529826711233
749,prob,prob[147],"(147,)",2000,0.38540715372572576,0.000961541400242117,0.031008731032438543,1.0003813725681858,2094.5216348626486,1477.6808610929852,0.0006795831477996219,0.0007177385556016945,0.33448141161881095,0.384762888360356,0.43726476475046067,0.33695919204086217,0.4393368429958629,-0.09999999999999987,0.38540715372572576
750,prob,prob[148],"(148,)",2000,0.3812666595346727,0.0009899961057444982,0.03146420356126146,1.0004077440117491,2168.4884418041215,1349.425547379333,0.000678011289908113,0.000737230690745638,0.32977677839733627,0.380678941640879,0.4335266984682993,0.32808167653882786,0.431254129362881,-0.06666666666666621,0.3812666595346727
751,prob,prob[149],"(149,)",2000,0.3771226461946112,0.0010022577108096307,0.031658454017997,1.0004236550359966,2260.1389033739893,1260.2171984049453,0.0006710766254016372,0.0007374229239932961,0.3255737083640129,0.37639513605187425,0.4295464194442548,0.3263267849558388,0.4298984207477208,-0.033333333333333104,0.3771226461946112
752,prob,prob[150],"(150,)",2000,0.37299117965446177,0.0009962385445480633,0.031563246736482344,1.0009728006764014,2340.9426459182273,1324.4112473041478,0.0006576850849825144,0.0007314317053220078,0.321425400675223,0.37195155800342306,0.4252341852284219,0.3232999111909221,0.42643879479055286,2.7755575615628914e-16,0.37299117965446177
753,prob,prob[151],"(151,)",2000,0.368886127628119,0.0009717976524096941,0.031173669216338556,1.001770052399697,2395.920506941871,1333.2168056601693,0.0006387930777274823,0.0007127747305310611,0.31792063228874434,0.36761936287688085,0.4205503511494073,0.32234169677097246,0.42415979384737734,0.03333333333333338,0.368886127628119
754,prob,prob[152],"(152,)",2000,0.36482349393750063,0.0009305042450382071,0.030504167666701006,1.0021143260609238,2454.7791022370743,1349.4043866524319,0.0006174075512761334,0.000688656553708037,0.31544117577300246,0.36395171010198446,0.41623096188161635,0.31914585588486516,0.4186065140926629,0.06666666666666676,0.36482349393750063
755,prob,prob[153],"(153,)",2000,0.3608083586079371,0.0008760349766197222,0.029597888043232445,1.0021208135706958,2512.577162201437,1541.8866050578029,0.0005913582904338024,0.0006504416216862548,0.3133527776524971,0.3602003402336906,0.40982431970034433,0.3102228262390336,0.40617133153556506,0.09999999999999987,0.3608083586079371
756,prob,prob[154],"(154,)",2000,0.3568469058965678,0.000813567231706019,0.028523099966623878,1.0015375009320109,2574.5394442277957,1604.169050789283,0.0005625397268254777,0.0006067219858659132,0.3105748273992064,0.3565082415681395,0.40280952913904444,0.30931374894049696,0.4012110439223446,0.13333333333333325,0.3568469058965678
757,prob,prob[155],"(155,)",2000,0.3529434328159007,0.0007494157031828196,0.02737545804516921,1.0007708707014518,2643.2467013130713,1671.0960002763013,0.0005336588240843239,0.000562823498079627,0.3083383469010889,0.3531635962321313,0.39772028691905825,0.3069029649622152,0.3950658116199414,0.16666666666666707,0.3529434328159007
758,prob,prob[156],"(156,)",2000,0.3491037349827787,0.0006907114319149258,0.02628138945936698,1.00041704138444,2673.529906393226,1674.2162098123788,0.0005083694385001323,0.0005235494716738713,0.30660918316885327,0.3490778029031769,0.39227329129016153,0.30329393212947703,0.38827321976731155,0.20000000000000018,0.3491037349827787
759,prob,prob[157],"(157,)",2000,0.34532357909365413,0.0006453532045120936,0.025403802953733002,1.0003258020349368,2687.9280402249287,1642.5809709320106,0.0004913389550661565,0.0004942442666367881,0.3045221189129462,0.3449735993619343,0.3881101168724498,0.30636063672340275,0.38930655602240394,0.23333333333333356,0.34532357909365413
760,prob,prob[158],"(158,)",2000,0.3415985163555933,0.0006214315527436348,0.02492852889248852,1.0000732880869891,2631.223542480919,1731.60499393949,0.00048760676777683627,0.0004812700522685472,0.3020840503748468,0.34115168434498644,0.3836348435817602,0.30319699324399785,0.38442165261018946,0.26666666666666694,0.3415985163555933
761,prob,prob[159],"(159,)",2000,0.33790093163174056,0.000626517356628078,0.025030328735917113,1.000662075037604,2508.157551851545,1697.3875264199435,0.0005011443259776368,0.0004876480422804134,0.29846207688330323,0.3372306798750322,0.37993849331175206,0.2994379003897688,0.3807333537603678,0.30000000000000004,0.33790093163174056
762,prob,prob[160],"(160,)",2000,0.3337449914504514,0.0006573368422547936,0.025638581127956233,1.0009343834096187,2380.6442935135074,1737.2576303664969,0.0005275092391247416,0.0005085973604575087,0.29345637561795274,0.332763810356044,0.3765703559864925,0.2929958711683778,0.37573785324904985,0.3333333333333334,0.3337449914504514
763,prob,prob[161],"(161,)",2000,0.32893506753933643,0.000700284913886372,0.02646289692921718,1.0014406500143775,2264.8717784772825,1661.7505528101456,0.0005573787577708891,0.000534197450375501,0.28746567387646055,0.32752431708033647,0.37427704454771726,0.2853477988725042,0.37116652244058684,0.36666666666666653,0.32893506753933643
764,prob,prob[162],"(162,)",2000,0.32350749702076614,0.0007444877280453293,0.0272853024180662,1.001606214540993,2184.007032798193,1605.3178866593225,0.0005858154696078681,0.0005616924483443008,0.28073775089879455,0.32227572431504603,0.3703804026877966,0.2782453842177065,0.3668643714438884,0.40000000000000036,0.32350749702076614
765,prob,prob[163],"(163,)",2000,0.317499308524095,0.000781727819711365,0.0279593959110594,1.0024338501659211,2130.5239719939777,1505.045179858264,0.0006080755713446405,0.0005823790417406828,0.27333912246358255,0.3159389560478362,0.3661357403772144,0.2693557563320772,0.36039320433297545,0.43333333333333374,0.317499308524095
766,prob,prob[164],"(164,)",2000,0.3109500820719921,0.0008062468048716781,0.02839448546587309,1.0021033599730083,2103.936803262437,1523.2048368971616,0.0006221942493198779,0.0005937041745897971,0.2662371886262372,0.30927743736107144,0.3611337631885671,0.2595655644903164,0.3517651092974794,0.46666666666666684,0.3109500820719921
767,prob,prob[165],"(165,)",2000,0.30390083145591573,0.0008148859287381027,0.028546206906314237,1.0021417074170387,2093.5617557707105,1614.9179160333117,0.000627481175787223,0.0005969336772282326,0.25924322500310143,0.3025572538767836,0.35462641102793274,0.2532955575886293,0.3461511935680522,0.5000000000000002,0.30390083145591573
768,prob,prob[166],"(166,)",2000,0.2964012312320929,0.0008067234334689598,0.028402877204060855,1.0019280860543187,2092.046551203166,1654.6352580155863,0.0006240187335487568,0.0005928591593897666,0.2521158215304656,0.2951647819571092,0.3465861697623546,0.24533076454370298,0.3387489978113925,0.5333333333333333,0.2964012312320929
769,prob,prob[167],"(167,)",2000,0.28849902804356164,0.0007825090316573836,0.02797336289503612,1.0022237652887693,2104.800130000433,1648.1046809781,0.0006123475558013591,0.0005806705455926517,0.2451719143427256,0.2872976133732652,0.3375035176992664,0.24510998029096556,0.3374196192565654,0.5666666666666667,0.28849902804356164
770,prob,prob[168],"(168,)",2000,0.2802432474690836,0.0007443070049750853,0.02728199048777573,1.0013375123034052,2131.5135508482967,1597.4331727128126,0.0005933559837789276,0.0005613760829579053,0.23731306968734506,0.2790703629158103,0.3279952932496409,0.23367801017103462,0.32292442818563505,0.6000000000000001,0.2802432474690836
771,prob,prob[169],"(169,)",2000,0.27167948432232863,0.0006953167668358509,0.026368859794004194,1.0003963911107685,2167.395843321211,1598.5348544201097,0.0005683159688924218,0.0005365277071123009,0.23035600900582084,0.2710041541427409,0.3175130268875229,0.22680201586689935,0.31302985595188915,0.6333333333333332,0.27167948432232863
772,prob,prob[170],"(170,)",2000,0.2628608334340213,0.0006395329815704665,0.025288989334697944,0.9996195711161999,2219.3498581345134,1545.1750841429314,0.0005388961464764341,0.0005081859115894862,0.22309743722356967,0.2619343261703143,0.3062571270632906,0.22027429271519575,0.30304451707244023,0.666666666666667,0.2628608334340213
773,prob,prob[171],"(171,)",2000,0.2538354233482987,0.0005811265161878486,0.024106565831487667,0.9993416002942339,2273.013644069461,1636.0366962310563,0.000507057715910812,0.00047869857721621244,0.2151891910341535,0.2529632161200165,0.29528753142857067,0.213408295439626,0.2918154493548064,0.7000000000000004,0.2538354233482987
774,prob,prob[172],"(172,)",2000,0.2446506870561688,0.0005242484550442714,0.022896472545880762,0.9992012854139226,2322.190261182035,1600.3924132824052,0.00047515116482306583,0.00045057766189361286,0.20728460279720018,0.24442545007104513,0.28326050230739086,0.20407313299632426,0.2789549984503293,0.7333333333333335,0.2446506870561688
775,prob,prob[173],"(173,)",2000,0.23534641036371537,0.00047286955398236487,0.021745564006996114,0.9994471692725155,2369.25901183127,1663.588405979023,0.00044599839178012323,0.0004262019429623272,0.20015181646456934,0.23531881000330857,0.27164302137360713,0.197349548227104,0.2682556434977135,0.7666666666666668,0.23534641036371537
776,prob,prob[174],"(174,)",2000,0.22596808570181573,0.0004306871864786456,0.020753004275975217,0.9995133241537613,2356.6663883725573,1649.2671320795948,0.0004277356369252524,0.0004073646156454792,0.19197973714930913,0.22588902332782285,0.2606576167081539,0.19108948274857768,0.2592026563974608,0.8,0.22596808570181573
777,prob,prob[175],"(175,)",2000,0.2165539608952519,0.0004008024214839243,0.020020050486547838,0.9996280062907758,2345.169486206358,1557.920116675725,0.00041411702046962467,0.0003948286947968867,0.18396040187202392,0.21650923431736685,0.25026831835794716,0.18323918090301555,0.24916374233592062,0.8333333333333334,0.2165539608952519
778,prob,prob[176],"(176,)",2000,0.2071399997794442,0.00038576463327424335,0.019640891865550385,0.999844500816612,2311.412650032722,1677.075218621199,0.00040826750214738533,0.00039039974915393603,0.17472740311832807,0.20661700787299214,0.2396887890246206,0.17329086959880388,0.23788758432248364,0.8666666666666667,0.2071399997794442
779,prob,prob[177],"(177,)",2000,0.19776232117087875,0.0003875140629097382,0.01968537688005333,1.0000383995336006,2139.611982902157,1771.976015194042,0.00042484120392351714,0.0003944703814590832,0.1661153915054449,0.19741217677000833,0.23142625480485488,0.16289508258495083,0.2277874115545702,0.9000000000000004,0.19776232117087875
780,prob,prob[178],"(178,)",2000,0.18885116964848037,0.0004018413901772638,0.020045981896062458,1.0002089100667328,1984.7163517377328,1665.2448089711124,0.00044864910940780385,0.000397589021025871,0.15652568368983355,0.18824994611916487,0.2227454139369264,0.15618919901671613,0.2219460752628947,0.9333333333333337,0.18885116964848037
781,prob,prob[179],"(179,)",2000,0.1806311612578699,0.000420255607759205,0.020500136774158483,1.0002692274623093,1807.1193502339647,1637.3690781554567,0.00047916880430154087,0.0004093857406976358,0.14861855765954501,0.1802166843100654,0.2154466420026576,0.14851314776786192,0.21512484361491846,0.9666666666666668,0.1806311612578699
782,prob,prob[180],"(180,)",2000,0.17306411971591318,0.0004374046264415803,0.020914220674975684,1.000269378690587,1690.336107177657,1326.3141745966964,0.0005033087320187989,0.0004211292464042498,0.14093388648837402,0.1723436834469167,0.20903696310271197,0.13944735805367545,0.20734793551899766,1.0000000000000002,0.17306411971591318
783,prob,prob[181],"(181,)",2000,0.16610846877118315,0.00044978844337539506,0.021208216411933253,1.0002783193057754,1623.146244409073,1282.3896431577691,0.0005198868852435346,0.0004311088792715415,0.1332335464530347,0.1652324540085571,0.2021201182215962,0.13095737411208763,0.19910808754305115,1.0333333333333337,0.16610846877118315
784,prob,prob[182],"(182,)",2000,0.15972327814835952,0.00045551918766988597,0.02134289548467794,1.0002207538233354,1577.7723204742258,1205.3086298731707,0.0005303463136265488,0.00043686034856052047,0.12681881078327795,0.15894493670783344,0.19621697825523107,0.12432767879784642,0.19325450505998015,1.0666666666666667,0.15972327814835952
785,prob,prob[183],"(183,)",2000,0.15387195921482189,0.0004537782914134353,0.021302072467566043,1.0004744120337097,1551.9893803211435,1181.907994488773,0.0005338478074930231,0.0004401446301828927,0.12090494991260146,0.15324729530041117,0.19031151170711033,0.11724382002718928,0.18631579235321466,1.1,0.15387195921482189
786,prob,prob[184],"(184,)",2000,0.14852194839492966,0.0004446063302947617,0.021085690178288253,1.0011374377124007,1528.2246957223508,1155.2590962490563,0.0005305313704352773,0.0004378063977629105,0.11516484621681303,0.14807325446713027,0.18414023881489955,0.11376313374089717,0.18221603101171324,1.1333333333333333,0.14852194839492966
787,prob,prob[185],"(185,)",2000,0.14363914640246117,0.00042868753204762224,0.020704770755737,1.001902434049322,1533.3425339609364,1240.3045758427957,0.0005221881205911288,0.0004313697395867386,0.1108785164377979,0.14340398663265663,0.17842684180691928,0.1095346317539193,0.17674601384048766,1.166666666666667,0.14363914640246117
788,prob,prob[186],"(186,)",2000,0.1391879692177178,0.00040734990584068083,0.020182911233037736,1.0024525646402498,1545.4699494708934,1273.3995878493217,0.0005065724310997379,0.0004206769850736172,0.10714500934355624,0.13901754195804988,0.17256431348774762,0.10692865886824163,0.17185808630595592,1.2000000000000004,0.1391879692177178
789,prob,prob[187],"(187,)",2000,0.135136418568988,0.00038215198281528056,0.019548707957695838,1.002614657414919,1575.1847456609778,1216.5502742148747,0.0004859728086053093,0.00040640066066801884,0.10413406673072834,0.13488354310883385,0.1677658836319181,0.10316668957450313,0.16639314836048352,1.2333333333333334,0.135136418568988
790,prob,prob[188],"(188,)",2000,0.13145475110241445,0.0003548395562003288,0.018837185463872485,1.0025530848993858,1623.035503181822,1355.0300248489314,0.00046120300854384725,0.00038955051447280643,0.10127933630557193,0.13117311560473127,0.16329147683328316,0.10226044100371606,0.1638713535560177,1.2666666666666668,0.13145475110241445
791,prob,prob[189],"(189,)",2000,0.12811245129233986,0.0003272026751606619,0.018088744432952275,1.0021086331920008,1710.1954194658226,1376.9702059081528,0.00043320349393564033,0.00037148260962488884,0.0994202918307624,0.12766591043288564,0.15882532732402999,0.0977533391203312,0.1568203633201869,1.3000000000000003,0.12811245129233986
792,prob,prob[190],"(190,)",2000,0.12507581349470026,0.0003011381950517125,0.017353333831045623,1.0014289700877883,1817.0754176020107,1494.5552958049711,0.00040325269922636365,0.00035400534207515825,0.09809175318116677,0.12439465568833584,0.15463963875567158,0.09809956708449544,0.15466751410882298,1.3333333333333333,0.12507581349470026
793,prob,prob[191],"(191,)",2000,0.12231377538990598,0.0002783464574845572,0.01668371833508817,1.0003726106563597,1971.6691361409587,1701.495972498894,0.0003728533904240686,0.0003434193089927188,0.09625004832846515,0.12161324898354348,0.15088381646266644,0.09492466190606423,0.14910378920267278,1.3666666666666667,0.12231377538990598
794,prob,prob[192],"(192,)",2000,0.11979607956508156,0.0002603267786130111,0.016134645289345877,1.0000722272978713,2190.047599121855,1720.2258285598277,0.00034331313483019083,0.00033326703508809345,0.0946847162148884,0.11884915737726935,0.14758262473475162,0.0933042818948448,0.14544907686762978,1.4000000000000004,0.11979607956508156
795,prob,prob[193],"(193,)",2000,0.11749197287791195,0.00024828385590587137,0.015757025604658748,0.9999562120955703,2461.5288403775203,1656.385255010079,0.00031665927176599215,0.0003279889685325942,0.0931509313086212,0.11656724319080865,0.14477557640355596,0.09166120122567031,0.14261211555889963,1.4333333333333336,0.11749197287791195
796,prob,prob[194],"(194,)",2000,0.1153668250179922,0.0002431361018784117,0.015592822126812443,1.0001199271840864,2611.424465220023,1653.7973431974506,0.00030415719633984027,0.00032792459325255624,0.09098677417111142,0.11472492270440807,0.14247770828601714,0.08931956098873378,0.13981743336222535,1.466666666666667,0.1153668250179922
797,prob,prob[195],"(195,)",2000,0.11338701487935289,0.00024534321061290784,0.015663435466490353,1.0005445075388693,2590.3342915934254,1704.20688266542,0.0003069289299749236,0.00033312113250596906,0.08884163991881852,0.11254966568822496,0.13986807396696252,0.08716393712812708,0.13762373798120497,1.5,0.11338701487935289
798,prob,prob[196],"(196,)",2000,0.11137163844435108,0.0002518108364832488,0.01586854865711571,1.0009697915064495,2598.634029092708,1691.7242603506143,0.0003101862709866083,0.00033898234186127024,0.08675238972272671,0.11068731958444605,0.13787347531204996,0.08432179733319126,0.13526805146828327,1.5333333333333334,0.11137163844435108
799,prob,prob[197],"(197,)",2000,0.10918510765061736,0.0002575758570362462,0.016049169979667054,1.0008417172528294,2581.8485918248684,1614.4353707460123,0.00031487995564014054,0.0003420025732881114,0.08448312980152235,0.10884506587657777,0.1360116229630924,0.08256836051708136,0.1336345860556411,1.5666666666666669,0.10918510765061736
800,prob,prob[198],"(198,)",2000,0.10683979009712025,0.00026061973729075543,0.016143721296242555,1.00159530625953,2551.6391098578006,1799.6998515905884,0.00031886283458384723,0.000341569310801669,0.08261220636452075,0.10612344936435669,0.13352453823981053,0.08107629903992777,0.1319149916232349,1.6,0.10683979009712025
801,prob,prob[199],"(199,)",2000,0.10434842382175763,0.00025996224727212316,0.016123344791702594,1.0016284645838565,2518.6917627383673,1799.2909850933013,0.000320921846515516,0.0003376451412675053,0.0803911673516933,0.10366732323982406,0.13163498331913334,0.07911562861356607,0.1295282794839221,1.6333333333333333,0.10434842382175763
802,prob,prob[200],"(200,)",2000,0.10172542603746441,0.0002554506736123557,0.015982824331524002,1.0021492688865214,2488.7950688566075,1765.1941503663504,0.00032053903864064586,0.000330575219692742,0.07776996110385159,0.10103237935965872,0.12879989654924962,0.07677675030652163,0.12703129440017757,1.666666666666667,0.10172542603746441
803,prob,prob[201],"(201,)",2000,0.0989830208807094,0.00024745849600893655,0.015730813583821293,1.0020215426756829,2460.3933984893933,1796.2121930841142,0.00031762643093165977,0.00032091792272167483,0.07531738830949693,0.09813864166064518,0.12548869768454238,0.07463719323688836,0.12435875189024849,1.7000000000000002,0.0989830208807094
804,prob,prob[202],"(202,)",2000,0.09613802153549417,0.00023686247014515963,0.015390336908110869,1.002570173959649,2445.585812444158,1796.1509438476035,0.00030752340622806267,0.0003095259985957697,0.07256182596164841,0.0950722546889202,0.12211135556930758,0.07228384307315182,0.12163862711688836,1.7333333333333336,0.09613802153549417
805,prob,prob[203],"(203,)",2000,0.09320548439702092,0.00022464564432706475,0.01498818348990513,1.0022939934702477,2426.718755475823,1731.949972737628,0.0003013354523557048,0.00029731242147501,0.07006199681550623,0.09203793673669336,0.11862269441507166,0.0677383736482153,0.11607521007525384,1.7666666666666668,0.09320548439702092
806,prob,prob[204],"(204,)",2000,0.09020026817487342,0.0002118185404189651,0.014553987096976728,1.0023456761752478,2413.81773052947,1670.1274740373835,0.0002939212942914834,0.0002873383637009004,0.06767416229600215,0.0890270709168273,0.11534444334621557,0.06615812870108287,0.11305007943422116,1.8000000000000003,0.09020026817487342
807,prob,prob[205],"(205,)",2000,0.08713656694586218,0.00019927554026608518,0.01411649886714426,1.0019535487049085,2413.3007004346464,1536.7631871834349,0.00028589959125103576,0.0002782788935786305,0.06544312412458161,0.08608571768769815,0.11146081519706047,0.06444803738740773,0.10997749844783,1.8333333333333335,0.08713656694586218
808,prob,prob[206],"(206,)",2000,0.0840277010742802,0.00018780827122186534,0.013704315788169262,1.0009057542167366,2416.244936011086,1678.2613261326571,0.0002779372105374456,0.0002774809752848933,0.06277583431818816,0.08316475173311806,0.10757997537035248,0.06100061212617656,0.10556913770899137,1.8666666666666667,0.0840277010742802
809,prob,prob[207],"(207,)",2000,0.08088733176514101,0.0001779575397333494,0.01334007270345066,1.0003354871673467,2498.596271787248,1589.8752229232975,0.00027083352768093996,0.0002750253026452883,0.06028113109132008,0.08007081422298307,0.1036703013572645,0.05921908492347973,0.10236426499103321,1.9,0.08088733176514101
810,prob,prob[208],"(208,)",2000,0.07772743467142204,0.0001700263183534339,0.013039414034128755,1.0001199496755366,2497.221258717122,1494.2370115404349,0.0002653520075329719,0.0002748730280835618,0.05786248857954291,0.0769950474229842,0.09995187628928107,0.05774172822453233,0.09985121050036642,1.9333333333333336,0.07772743467142204
811,prob,prob[209],"(209,)",2000,0.07455897165333757,0.00016408021313683103,0.01280937988884829,1.0000906320952205,2478.0627585195834,1627.5695077396463,0.0002610871214308526,0.0002714020099481786,0.054799218105993495,0.07383970008231347,0.09679613440590919,0.05436938617801761,0.09568917464619012,1.966666666666667,0.07455897165333757
812,prob,prob[210],"(210,)",2000,0.07139108748301141,0.00016000373501726654,0.012649258279332687,1.0000663849823956,2510.446553035627,1648.9489703079055,0.00025661174132028024,0.00027087831228193783,0.05199513590092813,0.07049046714264293,0.09352631842436175,0.0495164575423208,0.09000351991667319,2.0000000000000004,0.07139108748301141
813,prob,prob[211],"(211,)",2000,0.06823345498011195,0.0001575055066463953,0.012550119786137313,1.0007066815513193,2484.07885532217,1918.2058821088124,0.00025598110311829414,0.00027012249475871645,0.049356368189362315,0.06743456798614883,0.09083691623622904,0.0472357566313916,0.0871678992474106,2.033333333333333,0.06823345498011195
814,prob,prob[212],"(212,)",2000,0.06509395004909307,0.00015617471192163894,0.012496988114007268,1.0023214109087395,2478.5457914926333,1865.770223126902,0.00025610897607611366,0.0002729116720994643,0.04652426234251151,0.06422122176348069,0.08800747954797461,0.043645859253918076,0.08315797207777156,2.066666666666667,0.06509395004909307
815,prob,prob[213],"(213,)",2000,0.061979614288043064,0.00015552421684336836,0.012470934882492506,1.0028307598154276,2462.7756360471544,1966.5344248317358,0.0002566492935707975,0.00027702177481509253,0.043495372792399366,0.060912572413823446,0.0848344412383751,0.04073334979677297,0.08015173595674363,2.1,0.061979614288043064
816,prob,prob[214],"(214,)",2000,0.058884588665833626,0.00015372648425825264,0.01239864848514759,1.002933437512221,2445.9529317779547,1899.7707543644246,0.0002560400807970769,0.0002795854586421353,0.040569101887300604,0.0579411310147897,0.08164099415845986,0.039056585599736834,0.07812963609813098,2.1333333333333333,0.058884588665833626
817,prob,prob[215],"(215,)",2000,0.05580805972408789,0.00014894550797401568,0.012204323331263216,1.0029952759028893,2413.8677180254317,1899.7707543644246,0.0002526438859866319,0.0002780388001688305,0.03769053986774802,0.054796447035377,0.07798925121411925,0.03645185916699405,0.0752564601820163,2.166666666666667,0.05580805972408789
818,prob,prob[216],"(216,)",2000,0.052765560100295976,0.00014151493846476662,0.011896005147307504,1.0029979517322078,2385.9497237958935,1898.5380404985972,0.00024667568147512987,0.00027270300179022986,0.03508444693708211,0.05171665716769591,0.07451612101516719,0.032672194392109236,0.07062726858429076,2.2,0.052765560100295976
819,prob,prob[217],"(217,)",2000,0.049772401109593786,0.00013207092275917324,0.011492211395513626,1.002894739907321,2366.9451873951284,1734.7920649779985,0.00023856207618457256,0.00026429070655296173,0.032523370147606555,0.048752765774937805,0.07068295079581348,0.0303234215893691,0.06701563934413286,2.2333333333333334,0.049772401109593786
820,prob,prob[218],"(218,)",2000,0.04684209124426245,0.0001214058394665557,0.011018431806139914,1.0030019834314217,2343.444466704128,1812.6543805104277,0.0002288650676881167,0.00025357460156015055,0.03019276811920562,0.0458809748286362,0.06624111941928455,0.029038165213566065,0.0639087551604475,2.266666666666667,0.04684209124426245
821,prob,prob[219],"(219,)",2000,0.04398847736866965,0.0001102652993848336,0.010500728516861752,1.003373979852031,2332.6826353301312,1776.7688322678089,0.00021814120581332985,0.00024025449014484102,0.028067319706248955,0.04309732323673199,0.062209478330544535,0.027005701391762615,0.060363397515764396,2.3000000000000003,0.04398847736866965
822,prob,prob[220],"(220,)",2000,0.041222913483874656,9.927075910420134e-05,0.009963471237686258,1.003006178595127,2326.599451155062,1717.932874131871,0.00020689729684291217,0.0002260791761399758,0.025906745605774006,0.040506722669243,0.05848431381171825,0.024607939739690242,0.05637570356775394,2.3333333333333335,0.041222913483874656
823,prob,prob[221],"(221,)",2000,0.038555213963316425,8.88818698048348e-05,0.0094277181653269,1.0026864124793922,2332.7031307626294,1782.941378982673,0.0001955606105456502,0.00021150486442540192,0.023952170526982182,0.03784951723745054,0.05496538908756616,0.02331272700014586,0.053554722483965964,2.3666666666666667,0.038555213963316425
824,prob,prob[222],"(222,)",2000,0.0359920906309358,7.941273875551682e-05,0.008911382538950779,1.0025841134021318,2331.7155916538977,1820.1452439746804,0.00018449208073859728,0.00019691587245535577,0.02233403285432188,0.03536609333549713,0.05161155669979223,0.02186556127270057,0.05057816310524847,2.4,0.0359920906309358
825,prob,prob[223],"(223,)",2000,0.0335400042017714,7.102915974122859e-05,0.008427879907855153,1.0024916333032632,2341.8858780025475,1808.1674602890378,0.00017396374505506085,0.00018267634569993482,0.020634365902557166,0.033021321748581765,0.048216586290285,0.020021017328871113,0.04720929766971088,2.4333333333333336,0.0335400042017714
826,prob,prob[224],"(224,)",2000,0.031202774917276292,6.377044146058015e-05,0.007985639702652515,1.002082729386453,2346.6320583386637,1535.2278451241957,0.00016415582560476235,0.00016917960776980132,0.019070099185309674,0.030709721618263616,0.0451941347527207,0.018699792663956917,0.04452782686764516,2.466666666666667,0.031202774917276292
827,prob,prob[225],"(225,)",2000,0.02898280054913896,5.758505454123365e-05,0.007588481701976599,1.0015848852922302,2362.8871343634346,1526.1412522042474,0.00015516924068422687,0.00015741566396413484,0.01759452991758074,0.028480989058068458,0.042195154338976415,0.01682357178162683,0.04126901599632534,2.5000000000000004,0.02898280054913896
828,prob,prob[226],"(226,)",2000,0.026879663160335406,5.2364737536920956e-05,0.007236348356520777,1.0016089727928972,2380.254064660077,1570.6789269378467,0.00014704348908077704,0.00014723294948843716,0.01616901773363023,0.02630782626348552,0.0395924539711139,0.015069650812875092,0.03837020921082412,2.5333333333333337,0.026879663160335406
829,prob,prob[227],"(227,)",2000,0.0248930394421688,4.796990963189595e-05,0.00692603130457089,1.001424355272955,2385.623489648436,1476.9198345639777,0.00014043811761756537,0.00013711565092567265,0.014653155032643505,0.024335345740911743,0.03727102368190145,0.013908603262952653,0.03607972856146621,2.566666666666667,0.0248930394421688
830,prob,prob[228],"(228,)",2000,0.023020783984277815,4.424578005900168e-05,0.0066517501500734134,1.0009899092562022,2391.1651324288127,1524.2224453872543,0.00013461810824537415,0.0001303244968281446,0.013411060046242434,0.0224098637269893,0.034871199547871476,0.012675033634548296,0.033699315022882106,2.6,0.023020783984277815
831,prob,prob[229],"(229,)",2000,0.021260075591397802,4.104077332774692e-05,0.006406307308250746,1.0003312423110111,2392.2682249061113,1582.8044251536187,0.00012937435678953485,0.00012803337571013924,0.012072185038725798,0.0205811515433389,0.03290016105475398,0.011202753839844454,0.031483798331560245,2.6333333333333333,0.021260075591397802
832,prob,prob[230],"(230,)",2000,0.019606254050199307,3.821739510702545e-05,0.0061820219270903145,0.9995846559907852,2396.8289294024285,1644.4146396722838,0.0001245845722910515,0.00012671871239137433,0.010795754119783146,0.018914995716612565,0.031042577102938264,0.010089834379652295,0.029451074395708345,2.666666666666667,0.019606254050199307
833,prob,prob[231],"(231,)",2000,0.018055334922589303,3.566076147907719e-05,0.005971663208778371,0.9989192052141216,2394.637777965616,1568.5495507418252,0.00012013322265023071,0.00012603287813525086,0.009721957920087647,0.017368356123466967,0.02912766153751211,0.008619465480573412,0.027097135230062047,2.7,0.018055334922589303
834,prob,prob[232],"(232,)",2000,0.0166071684363609,3.318558316046511e-05,0.00576069294099808,0.9986333422699858,2381.3752606549547,1766.405968613564,0.0001157414204679144,0.00012528703024683173,0.008658044194185949,0.015802547689753303,0.027385415333291332,0.007821379405452855,0.025709686368467294,2.7333333333333334,0.0166071684363609
835,prob,prob[233],"(233,)",2000,0.015263499451140809,3.060539176052529e-05,0.005532214001692748,0.9984318443449894,2381.140305662325,1776.6728481000052,0.0001110404905524026,0.00012366515302115604,0.007669802811062995,0.014507155319477123,0.025622902075068905,0.007003929168816467,0.024080904845405975,2.766666666666667,0.015263499451140809
836,prob,prob[234],"(234,)",2000,0.014016761669478671,2.7963708444654414e-05,0.005288072280581499,0.9984458729788351,2360.236457715369,1700.1569388417302,0.00010604304092795345,0.00012116535570722731,0.006914471815348804,0.013241720113508673,0.02408436781298369,0.005768636669469375,0.0219412598062941,2.8000000000000003,0.014016761669478671
837,prob,prob[235],"(235,)",2000,0.012860993181818641,2.53339257297549e-05,0.0050332818051202835,0.9986644744885987,2354.745451455438,1669.8013096519267,0.00010083734719575164,0.00011791466113558734,0.006162636962645447,0.012080349731432304,0.022493098001013647,0.0052276674256959916,0.020598378299312742,2.8333333333333335,0.012860993181818641
838,prob,prob[236],"(236,)",2000,0.011790545371774618,2.278621881715026e-05,0.004773491260822655,0.9986938032604931,2358.1527972049716,1734.039231355538,9.553258331441955e-05,0.0001140612842355818,0.0054205918467055214,0.011020987063731783,0.02088709724957319,0.004396496703557197,0.018969956593934065,2.8666666666666667,0.011790545371774618
839,prob,prob[237],"(237,)",2000,0.010800420181817066,2.0377719194559397e-05,0.004514168715783604,0.9984859924787992,2358.828222274262,1644.5823273015396,9.024075773670096e-05,0.0001097467270281034,0.004778119700792545,0.01001957410233688,0.01924837070250684,0.003926725753755585,0.017615009927495002,2.9,0.010800420181817066
840,prob,prob[238],"(238,)",2000,0.009885194172304147,1.814841298865815e-05,0.004260095420135346,0.9986346933881955,2354.4101622038643,1591.7072235022476,8.506642309399121e-05,0.00010511082652320245,0.004267107209845865,0.009146462817111753,0.017841201651593575,0.0035661553114653753,0.016353865093195984,2.9333333333333336,0.009885194172304147
841,prob,prob[239],"(239,)",2000,0.009040337832309429,1.612277462786414e-05,0.004015317500256255,0.998667912800096,2345.8445939994867,1491.6286860681673,8.010476118008887e-05,0.00010030470527570803,0.0038170974505935514,0.0083248557562356,0.016662973279871672,0.003085378392349301,0.015129711295230825,2.966666666666667,0.009040337832309429
842,prob,prob[240],"(240,)",2000,0.00826121862982284,1.430833951962198e-05,0.003782636583075617,0.9988005918715408,2330.8207188973843,1467.9395297993747,7.542956864578779e-05,9.549439056411068e-05,0.0033832011411371993,0.0075671398752959855,0.015613563924313,0.0027780409605926044,0.013983771372057531,3.0,0.00826121862982284
843,prob,prob[241],"(241,)",2000,0.00754347228446618,1.2700682943568162e-05,0.0035638017542461817,0.9990116254994896,2310.2062584953883,1363.1275213918127,7.109566709041818e-05,9.087537498919169e-05,0.0029971551756758624,0.006849598977165998,0.01437298591324996,0.0018995577403859328,0.01242762639730998,3.0333333333333337,0.00754347228446618
844,prob,prob[242],"(242,)",2000,0.006882338488095855,1.1286237853174427e-05,0.003359499643276425,0.9990495476945201,2274.20237423045,1445.492769677298,6.713678735384562e-05,8.667410266816153e-05,0.002664894543540843,0.006201198118324435,0.013364036752029988,0.001703046633147885,0.011452288467668386,3.066666666666667,0.006882338488095855
845,prob,prob[243],"(243,)",2000,0.006273702703704923,1.0047330536701976e-05,0.0031697524409174255,0.9989356874149007,2239.485760951303,1429.695147414919,6.363536749094062e-05,8.31401904589369e-05,0.0023910816766204842,0.005591498260179009,0.012463035856973564,0.001521741225346243,0.01056759221470737,3.1,0.006273702703704923
846,prob,prob[244],"(244,)",2000,0.005713422390687536,8.962545928690519e-06,0.0029937511467539382,0.9992075856070761,2197.8739361021885,1429.7619414186534,6.079789456376782e-05,8.050957625809124e-05,0.0021211994531960083,0.0050409519546704236,0.011525762757129751,0.0015366677673423466,0.010014047148570921,3.1333333333333333,0.005713422390687536
847,prob,prob[245],"(245,)",2000,0.005197639099867748,8.009725247327819e-06,0.00283014579965906,0.9992132945094044,2145.6886098895643,1400.554070951441,5.81963181364689e-05,7.896870136007143e-05,0.001876267305883723,0.0045284669464609704,0.010755550021498802,0.0014251216478309622,0.009313213227351047,3.1666666666666665,0.005197639099867748
848,prob,prob[246],"(246,)",2000,0.004722347147193892,7.166964657889333e-06,0.00267711872315916,0.9994607438506422,2112.348126920866,1380.2150627884012,5.5853699515272945e-05,7.861656182861666e-05,0.00165596443425088,0.004076399240070519,0.009978232203092857,0.0010492705631265187,0.008379874123379316,3.2,0.004722347147193892
849,prob,prob[247],"(247,)",2000,0.004284182226321873,6.41522774893053e-06,0.0025328299881615685,0.9996351519732641,2054.9648406841147,1341.0871616488685,5.3808392173522495e-05,7.965687160265912e-05,0.0014507813729384591,0.003658532138131711,0.009234983024516075,0.0008288583078990497,0.007654136124332011,3.2333333333333334,0.004284182226321873
850,prob,prob[248],"(248,)",2000,0.003879911214971432,5.737690045358749e-06,0.0023953475834122173,0.99984997454081,1999.3928065064006,1360.1805866467384,5.1987364093607174e-05,8.338112678812218e-05,0.001283176270193753,0.003296727001434903,0.008590825111531081,0.0007027804702277817,0.007045169700290035,3.2666666666666666,0.003879911214971432
851,prob,prob[249],"(249,)",2000,0.0035066606403252,5.120694713897292e-06,0.002262895206123627,1.000044681542632,1944.3793046579474,1303.3707251971794,5.031430628599677e-05,8.59856189340407e-05,0.0011267053714706305,0.002943156454569741,0.007901117143945691,0.0006153350328285726,0.00643361222186791,3.3000000000000007,0.0035066606403252
852,prob,prob[250],"(250,)",2000,0.0031634002428283224,4.569137008642617e-06,0.002137553977948304,1.000242791335622,1877.8596567419756,1394.8678662100099,4.8869358443698763e-05,9.007227896555887e-05,0.0009822763197196158,0.0026224045408012077,0.007339683152077964,0.0006324373371744167,0.005911437114926636,3.333333333333334,0.0031634002428283224
853,prob,prob[251],"(251,)",2000,0.002851562643295607,4.116079451989094e-06,0.0020288123254724906,1.0003738465768859,1775.0840746329122,1267.4055184254375,4.801249950760197e-05,9.857748391719261e-05,0.0008693768114917572,0.0023477876045452446,0.006651218938586442,0.0005549979939350448,0.005357661891067763,3.366666666666667,0.002851562643295607
854,prob,prob[252],"(252,)",2000,0.0025681771336456996,3.7622043456913196e-06,0.0019396402619277935,1.0005914604275652,1660.7398745340674,1267.0725466454403,4.7779841350018935e-05,0.00011255012294948895,0.0007625329378125854,0.002072669302407992,0.006075900274964692,0.0004845541504795968,0.004860567382155669,3.4000000000000004,0.0025681771336456996
855,prob,prob[253],"(253,)",2000,0.00231027865443558,3.4990701666703034e-06,0.0018705801684692114,1.0006777052975069,1540.2336278850594,1220.6243388632547,4.9171353239914255e-05,0.0001315617758979087,0.0006679719808986164,0.001826640499199506,0.00559110201151048,0.000328646509139498,0.0043253895033915244,3.4333333333333336,0.00231027865443558
856,prob,prob[254],"(254,)",2000,0.00207477013975603,3.3048999771217167e-06,0.0018179383865031611,1.0008645336515383,1430.1182860558063,1176.8310016736411,5.041658208550875e-05,0.00015329510514813105,0.0005888285996218968,0.0016155932813325864,0.0050760692747306175,0.0003717743959920936,0.003980474277403413,3.4666666666666672,0.00207477013975603
857,prob,prob[255],"(255,)",2000,0.0018588020671826758,3.144066380446476e-06,0.0017731515390531278,1.0009824201722488,1341.1294259345373,1277.954165223129,5.055062813454088e-05,0.00017404524780660044,0.0005181766215460362,0.0014243166314243192,0.004569062870312487,0.0003100410702999833,0.0035202437293529306,3.5000000000000004,0.0018588020671826758
858,prob,prob[256],"(256,)",2000,0.0016595745269638769,2.972522438751651e-06,0.0017241004723483058,1.001148872329638,1265.851655157542,1283.8448807010773,5.039708347079954e-05,0.00018993324145604083,0.00045473278912877644,0.0012480111965083272,0.004066505599024331,0.0002487347629713771,0.003092571408198219,3.5333333333333337,0.0016595745269638769
859,prob,prob[257],"(257,)",2000,0.0014745616048223791,2.7478911525208347e-06,0.0016576764317926568,1.0013164939197383,1198.4284292811662,1198.7999216850087,4.957540156277827e-05,0.00019781909603198568,0.00039927911303566654,0.001082006533707165,0.003621060858087341,0.00025922141697680613,0.0027392326488231825,3.566666666666667,0.0014745616048223791
860,prob,prob[258],"(258,)",2000,0.0013015040101377415,2.442044347340716e-06,0.0015627041778086843,1.0014535808468938,1154.6800418693642,1178.3175324215767,4.776243534644515e-05,0.0001958485675721051,0.00034917056116704864,0.0009491210047485615,0.003221995846856575,0.00017574238642846342,0.002335433261450586,3.6,0.0013015040101377415
861,prob,prob[259],"(259,)",2000,0.0011389736039486178,2.053916556641485e-06,0.0014331491745947053,1.001609146530641,1119.1788842101707,1124.331785387889,4.4771953365620805e-05,0.0001837549721458244,0.0003092183968771549,0.0008170584244077182,0.0028307285774768114,0.0001464121375581761,0.002020608247297533,3.6333333333333333,0.0011389736039486178
862,prob,prob[260],"(260,)",2000,0.0009862095083015211,1.6114110121784638e-06,0.001269413648964932,1.001711190426678,1094.007923401463,983.1246596945053,4.059044365850504e-05,0.00016280809392841934,0.00027172578251062645,0.0006982586325665647,0.00245536813752396,0.00013922771632796633,0.001738558825246286,3.6666666666666665,0.0009862095083015211
863,prob,prob[261],"(261,)",2000,0.000843259429333767,1.1636590513231865e-06,0.0010787302959142228,1.001809956618156,1079.2401489035658,903.2114134144406,3.5391142858468335e-05,0.00013558500816575632,0.00023927822287169654,0.0005956840414796698,0.0020961325678970177,0.0001627270254774724,0.001508237710864037,3.6999999999999997,0.000843259429333767
864,prob,prob[262],"(262,)",2000,0.0007107356667135991,7.634048579171821e-07,0.0008737304263428063,1.0019440332304308,1067.5281491606686,911.855848322912,2.9504656806646022e-05,0.00010546438399836359,0.0002117342547704171,0.0005071602156547047,0.00175287382185736,0.00011138930129007804,0.0012113705690883962,3.733333333333333,0.0007107356667135991
865,prob,prob[263],"(263,)",2000,0.0005899430048638651,4.501061392548168e-07,0.0006708995001151937,1.002060330271244,1062.614474300964,920.0986513743562,2.314939577236683e-05,7.611066614177525e-05,0.00018672127606404984,0.00042796357310048174,0.0014130622464533353,0.00013524377285264303,0.0010296699609013116,3.7666666666666666,0.0005899430048638651
866,prob,prob[264],"(264,)",2000,0.0004821683468327905,2.3617276538643128e-07,0.0004859760954886889,1.0020962239632076,1059.7326649515787,912.5785754287378,1.70649480218932e-05,5.051970492782218e-05,0.00016503096288737396,0.00035946716200073014,0.0011272039480460356,0.00011168803091977369,0.0008266984842489313,3.8000000000000007,0.0004821683468327905
867,prob,prob[265],"(265,)",2000,0.000388400045758031,1.0947714033058413e-07,0.0003308732995129467,1.0024016336320198,1059.4582972509804,950.6211706467327,1.1780255931567233e-05,3.0510493038700108e-05,0.00014625674206373518,0.0003035566089415467,0.0008717148089981304,0.00011374180813374098,0.0006720812432164696,3.833333333333334,0.000388400045758031
868,prob,prob[266],"(266,)",2000,0.00030890344090099255,4.462331570074897e-08,0.0002112423151282644,1.0023066090558945,1063.4649238778143,919.9902529380312,7.5714655234358745e-06,1.647988984620949e-05,0.0001293326985685521,0.0002534888987439427,0.0006570340453904387,0.00010406698525728704,0.0005286605327997302,3.866666666666667,0.00030890344090099255
869,prob,prob[267],"(267,)",2000,0.00024330630956711954,1.605146784396109e-08,0.0001266943875787759,1.0023223430821642,1071.736216413701,857.9451472692087,4.482031391706578e-06,7.690492779250232e-06,0.00011391427222746513,0.00021167868535115384,0.0004755863028550908,9.563506261119894e-05,0.0004035673399358639,3.9000000000000004,0.00024330630956711954
870,prob,prob[268],"(268,)",2000,0.0001860783424830011,4.3099144928345325e-09,6.564993901622859e-05,1.0023349327067512,1076.4864957957366,858.6413098629793,2.194162978139128e-06,2.5244229304435648e-06,0.00010267895379132021,0.00017274450050559523,0.00031399764261490833,9.429122552759822e-05,0.00028873614670508156,3.9333333333333336,0.0001860783424830011
871,prob,prob[269],"(269,)",2000,0.00014259425759980153,9.899187352983554e-10,3.146297403772179e-05,1.0023501831262456,1094.2547466544206,981.7204577629724,9.333282356225321e-07,6.784186531401537e-07,9.281446685790232e-05,0.0001399327509904242,0.00020002487629741566,8.802628767248105e-05,0.00019424587071910156,3.966666666666667,0.00014259425759980153
872,prob,prob[270],"(270,)",2000,0.00011095970817193165,2.1448505615975953e-10,1.464530833269684e-05,1.0018991676373252,1715.3225869974726,1265.0972493137235,3.697830803737367e-07,3.437617531663529e-07,8.354158656274918e-05,0.00011282623822120124,0.00012965464672081887,9.084196257473339e-05,0.00013018933241802714,4.0,0.00011095970817193165
873,prob,prob[271],"(271,)",2000,8.742855266859846e-05,7.236569967584657e-11,8.506803140771895e-06,1.0017588004974445,1264.1124081558282,1082.2470107898273,2.709819155936515e-07,4.630953659509496e-07,7.199104080001789e-05,9.023583149664475e-05,9.428644664979552e-05,7.724886450510359e-05,9.433400775252194e-05,4.033333333333333,8.742855266859846e-05
874,prob,prob[272],"(272,)",2000,6.960124410643431e-05,7.405640911185893e-11,8.605603355480598e-06,1.0015413940746332,880.7826793593566,865.8625071238009,3.2123937055008514e-07,6.25081015463353e-07,5.2888633394150584e-05,7.288188434734783e-05,7.447928954107897e-05,6.129127733696156e-05,7.449254603895313e-05,4.066666666666666,6.960124410643431e-05
875,prob,prob[273],"(273,)",2000,5.5889054315002663e-05,9.462439166789175e-11,9.727506960567633e-06,1.003049173220115,1138.4209758231573,858.6413098629793,3.514381839890705e-07,5.447017276657365e-07,3.446870508844301e-05,5.9991539273931746e-05,6.22375157293974e-05,4.395172496166729e-05,6.226175504462935e-05,4.1000000000000005,5.5889054315002663e-05
876,prob,prob[274],"(274,)",2000,4.520786190008683e-05,1.0643609379322465e-10,1.0316786989815417e-05,1.0026176070452746,1030.9542265987864,858.6413098629793,3.529949493671651e-07,4.34269788776874e-07,2.241054328573383e-05,4.898405401906717e-05,5.424816614403464e-05,3.081277374596598e-05,5.432582478135526e-05,4.133333333333334,4.520786190008683e-05
877,prob,prob[275],"(275,)",2000,3.6798159105060855e-05,1.0732863283515907e-10,1.035995332205503e-05,1.0023126242086888,1053.2313358784581,858.6413098629793,3.390610854061163e-07,3.4158035940151405e-07,1.4650759481124978e-05,3.978401746766664e-05,4.843771188781104e-05,2.1687001066234108e-05,4.914622949482649e-05,4.166666666666667,3.6798159105060855e-05
878,prob,prob[276],"(276,)",2000,3.0115792995176288e-05,1.0065363186746973e-10,1.0032628362870307e-05,1.002259492356551,1081.47473783275,858.6413098629793,3.1780751650612664e-07,2.7224988472962716e-07,9.636811179188831e-06,3.23197852853331e-05,4.318270955854234e-05,1.5330513564484393e-05,4.596479748950276e-05,4.2,3.0115792995176288e-05
879,prob,prob[277],"(277,)",2000,2.476343620134028e-05,8.992527635660226e-11,9.482893880910102e-06,1.0023349327067512,1076.4864957957373,858.6413098629793,2.9168403423581365e-07,2.242816784510042e-07,6.381761325621857e-06,2.6275444283739804e-05,3.8380705664568366e-05,8.85803763071992e-06,3.959805074659127e-05,4.233333333333333,2.476343620134028e-05
880,prob,prob[278],"(278,)",2000,2.044625497631364e-05,7.767819309995127e-11,8.813523307959835e-06,1.0023349327067512,1076.4864957957373,858.6413098629793,2.6548204522531624e-07,1.914134970827511e-07,4.257287159419604e-06,2.137900084724709e-05,3.4037239169838414e-05,5.898843773241427e-06,3.515599674460384e-05,4.266666666666667,2.044625497631364e-05
881,prob,prob[279],"(279,)",2000,1.694242203979102e-05,6.547986314683691e-11,8.091962873545386e-06,1.0023349327067512,1076.4864957957373,858.6413098629793,2.395102083330959e-07,1.6945379871426028e-07,2.8624861390600287e-06,1.7410600329963242e-05,3.0117818069077977e-05,2.0417466998647643e-06,2.9096742238554043e-05,4.300000000000001,1.694242203979102e-05
882,prob,prob[280],"(280,)",2000,1.4083020014420919e-05,5.41877895156162e-11,7.361235597073103e-06,1.0023349327067512,1076.4864957957373,858.6413098629793,2.1492944959309532e-07,1.544033052591749e-07,1.94082032438454e-06,1.4192590127010916e-05,2.6589481570451294e-05,3.853349709099589e-09,2.3785527164472092e-05,4.333333333333334,1.4083020014420919e-05
883,prob,prob[281],"(281,)",2000,1.1738053314716903e-05,4.4196769594954815e-11,6.648065101588192e-06,1.0023349327067512,1076.4864957957373,858.6413098629793,1.922156419953624e-07,1.4342962713821056e-07,1.327551346993006e-06,1.1581451804028963e-05,2.3420850916031524e-05,1.6478947492562098e-09,2.0626193035831903e-05,4.366666666666667,1.1738053314716903e-05
884,prob,prob[282],"(282,)",2000,9.806532948730378e-06,3.5622235560788744e-11,5.9684366094303745e-06,1.0023349327067512,1076.4864957957373,858.6413098629793,1.7130961645078831e-07,1.346016108777176e-07,9.164553747361593e-07,9.461258537526033e-06,2.0582163823401578e-05,7.302607008284013e-10,1.785862777679491e-05,4.4,9.806532948730378e-06
885,prob,prob[283],"(283,)",2000,8.209336350975062e-06,2.842283736657733e-11,5.331307284951537e-06,1.0023349327067512,1076.4864957957373,858.6413098629793,1.5219229767857e-07,1.2673597729580736e-07,6.387198722565805e-07,7.738375135553592e-06,1.8045293648820135e-05,3.360376343311957e-10,1.543815348567684e-05,4.433333333333334,8.209336350975062e-06
886,prob,prob[284],"(284,)",2000,6.883993939436204e-06,2.2477677788808033e-11,4.741062938709845e-06,1.0023349327067512,1076.4864957957373,858.6413098629793,1.347996688061791e-07,1.1917880086114969e-07,4.495377130621343e-07,6.337168685441609e-06,1.5783754441190216e-05,1.608313113571917e-10,1.3324668728807614e-05,4.466666666666667,6.883993939436204e-06
887,prob,prob[285],"(285,)",2000,5.78083567002353e-06,1.7632793828021078e-11,4.199142034751989e-06,1.0023349327067512,1076.4864957957373,858.6413098629793,1.1903944279887918e-07,1.1161418479797934e-07,3.1956904538699424e-07,5.196539975839245e-06,1.3772693106194469e-05,8.015051935117917e-11,1.1482244911804244e-05,4.5,5.78083567002353e-06
888,prob,prob[286],"(286,)",2000,4.860111617146065e-06,1.3727834603943795e-11,3.705109256681076e-06,1.0023349327067512,1076.4864957957373,858.6413098629793,1.0480749744183806e-07,1.0392780225105539e-07,2.2948618233818436e-07,4.267120629594069e-06,1.1988869931948617e-05,4.16089233798591e-11,9.878750518343646e-06,4.533333333333333,4.860111617146065e-06
889,prob,prob[287],"(287,)",2000,4.089819210850966e-06,1.0610426964291058e-11,3.2573650339332643e-06,1.0023349327067512,1076.4864957957373,858.6413098629793,9.199648461477566e-08,9.611909569746355e-08,1.6647537249913676e-07,3.5090095436996198e-06,1.041062874219213e-05,2.2491586350627414e-11,8.485502171874082e-06,4.566666666666666,4.089819210850966e-06
890,prob,prob[288],"(288,)",2000,3.4440491068203586e-06,8.143111830948851e-12,2.853613819518831e-06,1.0023349327067512,1076.4864957957373,858.6413098629793,8.050022558923277e-08,8.82476058621183e-08,1.219840727762757e-07,2.8899457766474403e-06,9.017857941363416e-06,1.2637954223846618e-11,7.276941411048155e-06,4.6000000000000005,3.4440491068203586e-06
891,prob,prob[289],"(289,)",2000,2.9017156722761973e-06,6.205938923631586e-12,2.491172198711198e-06,1.0023349327067512,1076.4864957957373,858.6413098629793,7.021587687619738e-08,8.04008877670099e-08,9.026355382077733e-08,2.3838343158248377e-06,7.79194369911071e-06,7.355370370239424e-12,6.230336020624456e-06,4.633333333333334,2.9017156722761973e-06
892,prob,prob[290],"(290,)",2000,2.4455754010175517e-06,4.696628296137851e-12,2.1671705738445813e-06,1.0023349327067512,1076.4864957957373,858.6413098629793,6.104494221752905e-08,7.267545700741195e-08,6.742128989403806e-08,1.969556929202315e-06,6.715716491217671e-06,4.40433633765249e-12,5.325504724970175e-06,4.666666666666667,2.4455754010175517e-06
893,prob,prob[291],"(291,)",2000,2.062964212220192e-06,3.5165734923269077e-12,1.8752529142296801e-06,1.0023349327067512,1076.4864957957373,858.6413098629793,5.279923353510426e-08,6.498583212710311e-08,5.137571641307099e-08,1.633984999040782e-06,5.767259494254314e-06,2.76698592130771e-12,4.54280462386697e-06,4.7,2.062964212220192e-06
894,prob,prob[292],"(292,)",2000,1.747800747070042e-06,2.5569535822276764e-12,1.5990477110542e-06,1.0023349327067512,1076.4864957957373,858.6413098629793,4.501791413777172e-08,5.5858876765682815e-08,4.238989412017696e-08,1.3783936812409701e-06,4.908298876016576e-06,2.166922143155916e-12,3.859611693356074e-06,4.733333333333333,1.747800747070042e-06
895,prob,prob[293],"(293,)",2000,1.4791111627643958e-06,1.854906553998002e-12,1.3619495416490298e-06,1.0023349327067512,1076.4864957957373,858.6413098629793,3.833918194342e-08,4.7957980183432646e-08,3.4935305074014437e-08,1.1614385820949672e-06,4.172441669656326e-06,1.6950301693467129e-12,3.275374282217523e-06,4.766666666666667,1.4791111627643958e-06
896,prob,prob[294],"(294,)",2000,1.2503118174620615e-06,1.3425100368387722e-12,1.1586673538331751e-06,1.0023349327067512,1076.4864957957373,858.6413098629793,3.261370016718928e-08,4.112677990945442e-08,2.8758386482121544e-08,9.77500506277266e-07,3.542805538359474e-06,1.3243699690423743e-12,2.7763615595841696e-06,4.800000000000001,1.2503118174620615e-06
897,prob,prob[295],"(295,)",2000,1.0557095370005674e-06,9.694147485364896e-13,9.845886189350808e-07,1.0023349327067512,1076.4864957957373,858.6413098629793,2.7711312767550343e-08,3.522764746112414e-08,2.3646249034090494e-08,8.217420288543495e-07,3.004706958056953e-06,1.0335678289179686e-12,2.3506549140036976e-06,4.833333333333334,1.0557095370005674e-06
898,prob,prob[296],"(296,)",2000,8.903875978021026e-07,6.983908425526124e-13,8.356978177263672e-07,1.0023349327067512,1076.4864957957373,858.6413098629793,2.3518734715852288e-08,3.013961273931918e-08,1.942038207037313e-08,6.900042660255519e-07,2.5453921317764664e-06,8.056870967274383e-13,1.987922728893504e-06,4.866666666666667,8.903875978021026e-07
899,prob,prob[297],"(297,)",2000,7.501053599446282e-07,5.019778240223671e-13,7.085039336675324e-07,1.0023349327067512,1076.4864957957373,858.6413098629793,1.9937498473744116e-08,2.5756495572874083e-08,1.5931293843656667e-08,5.787164382041891e-07,2.1537983441995457e-06,6.27323563318065e-13,1.6792211197081496e-06,4.9,7.501053599446282e-07
900,prob,prob[298],"(298,)",2000,6.312100521135855e-07,3.5997128095030416e-13,5.999760669812623e-07,1.0023349327067512,1076.4864957957373,858.6413098629793,1.6882131289010703e-08,2.198522671532637e-08,1.3053954471699472e-08,4.848167635130892e-07,1.82034266030067e-06,4.878817352483957e-13,1.4168179262915176e-06,4.933333333333334,6.312100521135855e-07
901,prob,prob[299],"(299,)",2000,5.305593556963445e-07,2.575424011127174e-13,5.074863555926577e-07,1.0023349327067512,1076.4864957957373,858.6413098629793,1.4278540028181286e-08,1.8744341730088268e-08,1.0683926873220937e-08,4.0568336922238893e-07,1.5367351396854141e-06,3.789965754499636e-13,1.1940374968219792e-06,4.966666666666667,5.305593556963445e-07
902,prob,prob[300],"(300,)",2000,4.454535692639538e-07,1.8383467243966891e-13,4.287594575512812e-07,1.0023349327067512,1076.4864957957373,858.6413098629793,1.2062582251689259e-08,1.5962632309417103e-08,8.734086473229418e-09,3.390740452916488e-07,1.2958139891595492e-06,2.9407206998525224e-13,1.005124026185294e-06,5.0,4.454535692639538e-07
